campo,fecha,mes_desde_pico,dias,oil_bpd,agua_bpd
ALBUSKJELL,1981-05-01,0,31,26630.2,0.0
ALBUSKJELL,1981-06-01,1,30,25989.5,0.0
ALBUSKJELL,1981-07-01,2,31,26595.7,0.0
ALBUSKJELL,1981-08-01,3,31,10499.9,0.0
ALBUSKJELL,1981-09-01,4,30,28991.8,0.0
ALBUSKJELL,1981-10-01,5,31,22698.1,0.0
ALBUSKJELL,1981-11-01,6,30,24066.9,0.0
ALBUSKJELL,1981-12-01,7,31,25471.7,0.0
ALBUSKJELL,1982-01-01,8,31,24682.4,0.0
ALBUSKJELL,1982-02-01,9,28,22710.7,0.0
ALBUSKJELL,1982-03-01,10,31,21251.4,0.0
ALBUSKJELL,1982-04-01,11,30,19083.3,0.0
ALBUSKJELL,1982-05-01,12,31,15848.3,0.0
ALBUSKJELL,1982-06-01,13,30,18636.7,0.0
ALBUSKJELL,1982-07-01,14,31,15836.1,0.0
ALBUSKJELL,1982-08-01,15,31,13301.9,0.0
ALBUSKJELL,1982-09-01,16,30,11862.6,0.0
ALBUSKJELL,1982-10-01,17,31,10075.9,0.0
ALBUSKJELL,1982-11-01,18,30,11678.1,0.0
ALBUSKJELL,1982-12-01,19,31,12553.2,0.0
ALBUSKJELL,1983-01-01,20,31,12474.1,0.0
ALBUSKJELL,1983-02-01,21,28,14619.3,0.0
ALBUSKJELL,1983-03-01,22,31,14070.9,0.0
ALBUSKJELL,1983-04-01,23,30,13101.7,0.0
ALBUSKJELL,1983-05-01,24,31,12003.4,0.0
ALBUSKJELL,1983-06-01,25,30,12627.8,0.0
ALBUSKJELL,1983-07-01,26,31,12210.3,0.0
ALBUSKJELL,1983-08-01,27,31,10719.0,0.0
ALBUSKJELL,1983-09-01,28,30,10870.9,0.0
ALBUSKJELL,1983-10-01,29,31,10800.2,0.0
ALBUSKJELL,1983-11-01,30,30,10617.2,0.0
ALBUSKJELL,1983-12-01,31,31,10315.3,0.0
ALBUSKJELL,1984-01-01,32,31,9917.6,0.0
ALBUSKJELL,1984-02-01,33,29,9521.5,0.0
ALBUSKJELL,1984-03-01,34,31,9404.3,0.0
ALBUSKJELL,1984-04-01,35,30,9262.8,0.0
ALBUSKJELL,1984-05-01,36,31,8767.2,0.0
ALBUSKJELL,1984-06-01,37,30,7583.4,0.0
ALBUSKJELL,1984-07-01,38,31,7582.3,0.0
ALBUSKJELL,1984-08-01,39,31,5851.5,0.0
ALBUSKJELL,1984-09-01,40,30,7122.2,0.0
ALBUSKJELL,1984-10-01,41,31,6933.0,0.0
ALBUSKJELL,1984-11-01,42,30,6665.1,0.0
ALBUSKJELL,1984-12-01,43,31,6642.8,0.0
ALBUSKJELL,1985-01-01,44,31,6941.1,0.0
ALBUSKJELL,1985-02-01,45,28,7071.5,0.0
ALBUSKJELL,1985-03-01,46,31,6920.8,0.0
ALBUSKJELL,1985-04-01,47,30,6698.6,0.0
ALBUSKJELL,1985-05-01,48,31,6358.8,0.0
ALBUSKJELL,1985-06-01,49,30,5698.6,0.0
ALBUSKJELL,1985-07-01,50,31,5833.3,0.0
ALBUSKJELL,1985-08-01,51,31,5739.9,0.0
ALBUSKJELL,1985-09-01,52,30,5642.0,0.0
ALBUSKJELL,1985-10-01,53,31,5721.7,0.0
ALBUSKJELL,1985-11-01,54,30,5730.0,0.0
ALBUSKJELL,1985-12-01,55,31,5589.8,0.0
ALBUSKJELL,1986-01-01,56,31,5348.4,0.0
ALBUSKJELL,1986-02-01,57,28,5301.4,0.0
ALBUSKJELL,1986-03-01,58,31,5064.3,0.0
ALBUSKJELL,1986-04-01,59,30,2264.3,0.0
ALBUSKJELL,1986-05-01,60,31,5494.4,0.0
ALBUSKJELL,1986-06-01,61,30,4954.3,0.0
ALBUSKJELL,1986-07-01,62,31,5719.7,0.0
ALBUSKJELL,1986-08-01,63,31,5368.6,0.0
ALBUSKJELL,1986-09-01,64,30,5264.6,0.0
ALBUSKJELL,1986-10-01,65,31,4867.5,0.0
ALBUSKJELL,1986-11-01,66,30,4807.5,0.0
ALBUSKJELL,1986-12-01,67,31,4496.2,0.0
ALBUSKJELL,1987-01-01,68,31,4435.3,0.0
ALBUSKJELL,1987-02-01,69,28,4486.0,0.0
ALBUSKJELL,1987-03-01,70,31,4242.6,0.0
ALBUSKJELL,1987-04-01,71,30,4142.9,0.0
ALBUSKJELL,1987-05-01,72,31,3794.2,0.0
ALBUSKJELL,1987-06-01,73,30,3895.5,0.0
ALBUSKJELL,1987-07-01,74,31,3706.9,0.0
ALBUSKJELL,1987-08-01,75,31,1046.9,0.0
ALBUSKJELL,1987-09-01,76,30,3685.8,0.0
ALBUSKJELL,1987-10-01,77,31,4208.1,0.0
ALBUSKJELL,1987-11-01,78,30,3555.8,0.0
ALBUSKJELL,1987-12-01,79,31,3514.2,0.0
ALBUSKJELL,1988-01-01,80,31,3366.1,0.0
ALBUSKJELL,1988-02-01,81,29,3216.5,0.0
ALBUSKJELL,1988-03-01,82,31,3437.1,0.0
ALBUSKJELL,1988-04-01,83,30,3256.0,0.0
ALBUSKJELL,1988-05-01,84,31,3228.1,0.0
ALBUSKJELL,1988-06-01,85,30,3027.5,0.0
ALBUSKJELL,1988-07-01,86,31,3112.4,0.0
ALBUSKJELL,1988-08-01,87,31,3201.7,0.0
ALBUSKJELL,1988-09-01,88,30,3105.1,0.0
ALBUSKJELL,1988-10-01,89,31,2806.1,0.0
ALBUSKJELL,1988-11-01,90,30,2302.1,0.0
ALBUSKJELL,1988-12-01,91,31,2148.7,0.0
ALBUSKJELL,1989-01-01,92,31,1923.5,0.0
ALBUSKJELL,1989-02-01,93,28,1900.4,0.0
ALBUSKJELL,1989-03-01,94,31,1787.5,0.0
ALBUSKJELL,1989-04-01,95,30,2532.7,0.0
ALBUSKJELL,1989-05-01,96,31,2935.9,0.0
ALBUSKJELL,1989-06-01,97,30,2901.7,0.0
ALBUSKJELL,1989-07-01,98,31,2716.8,0.0
ALBUSKJELL,1989-08-01,99,31,2692.4,0.0
ALBUSKJELL,1989-09-01,100,30,2564.1,0.0
ALBUSKJELL,1989-10-01,101,31,2442.9,0.0
ALBUSKJELL,1989-11-01,102,30,2482.4,0.0
ALBUSKJELL,1989-12-01,103,31,2351.6,0.0
ALBUSKJELL,1990-01-01,104,31,2467.2,0.0
ALBUSKJELL,1990-02-01,105,28,2266.6,0.0
ALBUSKJELL,1990-03-01,106,31,2146.6,0.0
ALBUSKJELL,1990-04-01,107,30,2260.1,0.0
ALBUSKJELL,1990-05-01,108,31,1753.0,0.0
ALBUSKJELL,1990-06-01,109,30,1551.5,0.0
ALBUSKJELL,1990-07-01,110,31,1604.9,0.0
ALBUSKJELL,1990-08-01,111,31,1726.7,0.0
ALBUSKJELL,1990-09-01,112,30,1639.5,0.0
ALBUSKJELL,1990-10-01,113,31,1645.5,0.0
ALBUSKJELL,1990-11-01,114,30,1754.9,0.0
ALBUSKJELL,1990-12-01,115,31,1740.9,0.0
ALBUSKJELL,1991-01-01,116,31,1692.2,0.0
ALBUSKJELL,1991-02-01,117,28,1635.3,0.0
ALBUSKJELL,1991-03-01,118,31,1602.9,0.0
ALBUSKJELL,1991-04-01,119,30,1595.5,0.0
ALBUSKJELL,1991-05-01,120,31,1623.2,0.0
ALBUSKJELL,1991-06-01,121,30,1725.5,0.0
ALBUSKJELL,1991-07-01,122,31,1578.5,0.0
ALBUSKJELL,1991-08-01,123,31,783.2,0.0
ALBUSKJELL,1991-09-01,124,30,1679.4,0.0
ALBUSKJELL,1991-10-01,125,31,1720.6,0.0
ALBUSKJELL,1991-11-01,126,30,1551.5,0.0
ALBUSKJELL,1991-12-01,127,31,1615.1,0.0
ALBUSKJELL,1992-01-01,128,31,1548.1,0.0
ALBUSKJELL,1992-02-01,129,29,1461.8,0.0
ALBUSKJELL,1992-03-01,130,31,1223.5,0.0
ALBUSKJELL,1992-04-01,131,30,1733.9,0.0
ALBUSKJELL,1992-05-01,132,31,1113.9,0.0
ALBUSKJELL,1992-06-01,133,30,1536.8,0.0
ALBUSKJELL,1992-07-01,134,31,1548.1,0.0
ALBUSKJELL,1992-08-01,135,31,1568.4,0.0
ALBUSKJELL,1992-09-01,136,30,1455.0,0.0
ALBUSKJELL,1992-10-01,137,31,1464.9,0.0
ALBUSKJELL,1992-11-01,138,30,1436.2,0.0
ALBUSKJELL,1992-12-01,139,31,1813.9,0.0
ALBUSKJELL,1993-01-01,140,31,1690.1,0.0
ALBUSKJELL,1993-02-01,141,28,1763.4,0.0
ALBUSKJELL,1993-03-01,142,31,1678.0,0.0
ALBUSKJELL,1993-04-01,143,30,1742.3,0.0
ALBUSKJELL,1993-05-01,144,31,1700.3,0.0
ALBUSKJELL,1993-06-01,145,30,1666.8,0.0
ALBUSKJELL,1993-07-01,146,31,1647.5,0.0
ALBUSKJELL,1993-08-01,147,31,1661.7,0.0
ALBUSKJELL,1993-09-01,148,30,1675.2,0.0
ALBUSKJELL,1993-10-01,149,31,1533.9,0.0
ALBUSKJELL,1993-11-01,150,30,1557.8,0.0
ALBUSKJELL,1993-12-01,151,31,1564.3,0.0
ALBUSKJELL,1994-01-01,152,31,1503.5,0.0
ALBUSKJELL,1994-02-01,153,28,1523.0,0.0
ALBUSKJELL,1994-03-01,154,31,1444.6,0.0
ALBUSKJELL,1994-04-01,155,30,1482.3,0.0
ALBUSKJELL,1994-05-01,156,31,1428.4,0.0
ALBUSKJELL,1994-06-01,157,30,1413.1,0.0
ALBUSKJELL,1994-07-01,158,31,1393.9,0.0
ALBUSKJELL,1994-08-01,159,31,1099.7,0.0
ALBUSKJELL,1994-09-01,160,30,1343.9,0.0
ALBUSKJELL,1994-10-01,161,31,1308.7,0.0
ALBUSKJELL,1994-11-01,162,30,1494.9,0.0
ALBUSKJELL,1994-12-01,163,31,1335.1,0.0
ALBUSKJELL,1995-01-01,164,31,1329.0,0.0
ALBUSKJELL,1995-02-01,165,28,1341.1,0.0
ALBUSKJELL,1995-03-01,166,31,1316.8,0.0
ALBUSKJELL,1995-04-01,167,30,1306.2,0.0
ALBUSKJELL,1995-05-01,168,31,1278.2,0.0
ALBUSKJELL,1995-06-01,169,30,1249.6,0.0
ALBUSKJELL,1995-07-01,170,31,1221.4,0.0
ALBUSKJELL,1995-08-01,171,31,1345.2,0.0
ALBUSKJELL,1995-09-01,172,30,1276.8,0.0
ALBUSKJELL,1995-10-01,173,31,1339.1,0.0
ALBUSKJELL,1995-11-01,174,30,1251.7,0.0
ALBUSKJELL,1995-12-01,175,31,1030.7,0.0
ALBUSKJELL,1996-01-01,176,31,955.6,0.0
ALBUSKJELL,1996-02-01,177,29,999.9,0.0
ALBUSKJELL,1996-03-01,178,31,947.5,0.0
ALBUSKJELL,1996-04-01,179,30,912.0,0.0
ALBUSKJELL,1996-05-01,180,31,878.5,0.0
ALBUSKJELL,1996-06-01,181,30,826.1,0.0
ALBUSKJELL,1996-07-01,182,31,988.1,0.0
ALBUSKJELL,1996-08-01,183,31,961.7,0.0
ALBUSKJELL,1996-09-01,184,30,1046.2,0.0
ALBUSKJELL,1996-10-01,185,31,955.6,0.0
ALBUSKJELL,1996-11-01,186,30,897.3,0.0
ALBUSKJELL,1996-12-01,187,31,844.1,0.0
ALBUSKJELL,1997-01-01,188,31,677.7,0.0
ALBUSKJELL,1997-02-01,189,28,822.2,0.0
ALBUSKJELL,1997-03-01,190,31,840.0,0.0
ALBUSKJELL,1997-04-01,191,30,824.0,0.0
ALBUSKJELL,1997-05-01,192,31,744.6,0.0
ALBUSKJELL,1997-06-01,193,30,702.4,0.0
ALBUSKJELL,1997-07-01,194,31,726.4,0.0
ALBUSKJELL,1997-08-01,195,31,852.2,0.0
ALBUSKJELL,1997-09-01,196,30,1069.3,0.0
ALBUSKJELL,1997-10-01,197,31,732.5,0.0
ALBUSKJELL,1997-11-01,198,30,742.2,0.0
ALBUSKJELL,1997-12-01,199,31,817.7,0.0
ALBUSKJELL,1998-01-01,200,31,807.5,0.0
ALBUSKJELL,1998-02-01,201,28,882.8,0.0
ALBUSKJELL,1998-03-01,202,31,904.9,0.0
ALBUSKJELL,1998-04-01,203,30,899.4,0.0
ALBUSKJELL,1998-05-01,204,31,898.8,0.0
ALBUSKJELL,1998-06-01,205,30,895.2,0.0
ALBUSKJELL,1998-07-01,206,31,850.1,0.0
ALVHEIM,2009-09-01,0,30,96313.6,10088.8
ALVHEIM,2009-10-01,1,31,106313.9,15308.6
ALVHEIM,2009-11-01,2,30,93084.8,14734.9
ALVHEIM,2009-12-01,3,31,75704.8,9911.5
ALVHEIM,2010-01-01,4,31,85368.8,12922.5
ALVHEIM,2010-02-01,5,28,89901.5,14127.3
ALVHEIM,2010-03-01,6,31,90615.7,16576.7
ALVHEIM,2010-04-01,7,30,87078.1,17577.9
ALVHEIM,2010-05-01,8,31,80485.1,647.2
ALVHEIM,2010-06-01,9,30,84979.4,1247.5
ALVHEIM,2010-07-01,10,31,82861.0,466.7
ALVHEIM,2010-08-01,11,31,82505.9,931.3
ALVHEIM,2010-09-01,12,30,72374.6,232.7
ALVHEIM,2010-10-01,13,31,70600.0,555.9
ALVHEIM,2010-11-01,14,30,50496.6,725.4
ALVHEIM,2010-12-01,15,31,74152.7,5013.6
ALVHEIM,2011-01-01,16,31,78444.0,8302.5
ALVHEIM,2011-02-01,17,28,79736.7,927.7
ALVHEIM,2011-03-01,18,31,71508.9,1805.8
ALVHEIM,2011-04-01,19,30,69449.9,1541.0
ALVHEIM,2011-05-01,20,31,36637.1,11137.0
ALVHEIM,2011-06-01,21,30,67623.7,21991.2
ALVHEIM,2011-07-01,22,31,64872.2,23400.1
ALVHEIM,2011-08-01,23,31,56508.8,20113.2
ALVHEIM,2011-09-01,24,30,60050.8,26205.4
ALVHEIM,2011-10-01,25,31,71764.6,24087.9
ALVHEIM,2011-11-01,26,30,72093.7,26243.1
ALVHEIM,2011-12-01,27,31,71490.7,26547.0
ALVHEIM,2012-01-01,28,31,73188.9,27662.9
ALVHEIM,2012-02-01,29,29,68975.2,28121.9
ALVHEIM,2012-03-01,30,31,76009.2,31047.3
ALVHEIM,2012-04-01,31,30,74297.2,34325.5
ALVHEIM,2012-05-01,32,31,70218.5,34851.6
ALVHEIM,2012-06-01,33,30,61185.1,31597.9
ALVHEIM,2012-07-01,34,31,66164.6,35746.4
ALVHEIM,2012-08-01,35,31,66826.1,37067.2
ALVHEIM,2012-09-01,36,30,65267.2,39795.6
ALVHEIM,2012-10-01,37,31,65894.8,44004.3
ALVHEIM,2012-11-01,38,30,71982.6,46448.1
ALVHEIM,2012-12-01,39,31,69768.1,44377.6
ALVHEIM,2013-01-01,40,31,68875.3,55658.6
ALVHEIM,2013-02-01,41,28,62165.7,41995.6
ALVHEIM,2013-03-01,42,31,67586.9,47346.0
ALVHEIM,2013-04-01,43,30,65543.9,49460.9
ALVHEIM,2013-05-01,44,31,64208.7,49965.4
ALVHEIM,2013-06-01,45,30,62178.9,50435.8
ALVHEIM,2013-07-01,46,31,56358.6,47360.2
ALVHEIM,2013-08-01,47,31,39337.6,34924.6
ALVHEIM,2013-09-01,48,30,58310.6,49450.4
ALVHEIM,2013-10-01,49,31,59826.1,50361.0
ALVHEIM,2013-11-01,50,30,59987.9,48238.6
ALVHEIM,2013-12-01,51,31,58004.1,47595.5
ALVHEIM,2014-01-01,52,31,50499.0,48157.5
ALVHEIM,2014-02-01,53,28,56457.7,51690.9
ALVHEIM,2014-03-01,54,31,56977.5,53353.7
ALVHEIM,2014-04-01,55,30,55063.0,56643.8
ALVHEIM,2014-05-01,56,31,62484.1,68846.9
ALVHEIM,2014-06-01,57,30,57004.5,68634.3
ALVHEIM,2014-07-01,58,31,57748.5,77942.8
ALVHEIM,2014-08-01,59,31,56693.4,75353.8
ALVHEIM,2014-09-01,60,30,33057.1,44410.2
ALVHEIM,2014-10-01,61,31,57044.4,81700.4
ALVHEIM,2014-11-01,62,30,55241.2,83822.1
ALVHEIM,2014-12-01,63,31,54737.5,85823.3
ALVHEIM,2015-01-01,64,31,51263.9,86586.2
ALVHEIM,2015-02-01,65,28,49813.0,91101.0
ALVHEIM,2015-03-01,66,31,44793.5,80128.0
ALVHEIM,2015-04-01,67,30,42487.6,87195.5
ALVHEIM,2015-05-01,68,31,38627.5,71431.8
ALVHEIM,2015-06-01,69,30,45580.1,86713.3
ALVHEIM,2015-07-01,70,31,45759.3,85328.2
ALVHEIM,2015-08-01,71,31,44259.9,85324.2
ALVHEIM,2015-09-01,72,30,48771.1,74140.0
ALVHEIM,2015-10-01,73,31,46781.9,83912.0
ALVHEIM,2015-11-01,74,30,33472.2,62227.1
ALVHEIM,2015-12-01,75,31,40226.3,70206.3
ALVHEIM,2016-01-01,76,31,51397.8,78243.1
ALVHEIM,2016-02-01,77,29,49973.5,81739.2
ALVHEIM,2016-03-01,78,31,48151.5,81079.6
ALVHEIM,2016-04-01,79,30,45810.7,79855.3
ALVHEIM,2016-05-01,80,31,50533.5,76157.3
ALVHEIM,2016-06-01,81,30,60893.7,77895.0
ALVHEIM,2016-07-01,82,31,63289.6,76875.6
ALVHEIM,2016-08-01,83,31,35121.4,41261.1
ALVHEIM,2016-09-01,84,30,65147.7,76138.0
ALVHEIM,2016-10-01,85,31,64496.8,79531.5
ALVHEIM,2016-11-01,86,30,74861.2,85901.9
ALVHEIM,2016-12-01,87,31,75317.3,81714.6
ALVHEIM,2017-01-01,88,31,85153.7,80761.0
ALVHEIM,2017-02-01,89,28,87852.8,81372.0
ALVHEIM,2017-03-01,90,31,89887.3,89258.3
ALVHEIM,2017-04-01,91,30,85195.3,85790.8
ALVHEIM,2017-05-01,92,31,82976.7,98516.5
ALVHEIM,2017-06-01,93,30,79027.1,104685.3
ALVHEIM,2017-07-01,94,31,69699.1,105171.5
ALVHEIM,2017-08-01,95,31,63624.4,100833.6
ALVHEIM,2017-09-01,96,30,58331.6,97156.4
ALVHEIM,2017-10-01,97,31,56943.0,93953.4
ALVHEIM,2017-11-01,98,30,55847.1,97860.9
ALVHEIM,2017-12-01,99,31,54800.4,102367.5
ALVHEIM,2018-01-01,100,31,49604.2,102899.1
ALVHEIM,2018-02-01,101,28,57452.8,84245.1
ALVHEIM,2018-03-01,102,31,58345.0,71582.0
ALVHEIM,2018-04-01,103,30,48678.9,69657.4
ALVHEIM,2018-05-01,104,31,55256.9,91494.3
ALVHEIM,2018-06-01,105,30,55331.4,95581.9
ALVHEIM,2018-07-01,106,31,53516.1,101529.5
ALVHEIM,2018-08-01,107,31,46205.7,94300.3
ALVHEIM,2018-09-01,108,30,52404.5,110539.0
ALVHEIM,2018-10-01,109,31,50330.6,113551.2
ALVHEIM,2018-11-01,110,30,56419.5,111987.8
ALVHEIM,2018-12-01,111,31,64247.3,105506.3
ALVHEIM,2019-01-01,112,31,61431.1,104591.3
ALVHEIM,2019-02-01,113,28,53256.6,94299.8
ALVHEIM,2019-03-01,114,31,53570.8,103043.2
ALVHEIM,2019-04-01,115,30,52341.6,101961.9
ALVHEIM,2019-05-01,116,31,51032.6,103877.1
ALVHEIM,2019-06-01,117,30,49138.0,95512.7
ALVHEIM,2019-07-01,118,31,48078.4,93261.5
ALVHEIM,2019-08-01,119,31,46126.6,87708.2
ALVHEIM,2019-09-01,120,30,44613.6,91550.1
ALVHEIM,2019-10-01,121,31,42691.5,96335.4
ALVHEIM,2019-11-01,122,30,44877.7,99900.9
ALVHEIM,2019-12-01,123,31,46079.9,108809.5
ALVHEIM,2020-01-01,124,31,46191.5,110148.6
ALVHEIM,2020-02-01,125,29,44952.5,109095.5
ALVHEIM,2020-03-01,126,31,43635.0,108237.3
ALVHEIM,2020-04-01,127,30,44282.3,113178.7
ALVHEIM,2020-05-01,128,31,42519.0,114717.8
ALVHEIM,2020-06-01,129,30,35279.5,97860.9
ALVHEIM,2020-07-01,130,31,37067.2,103662.0
ALVHEIM,2020-08-01,131,31,32445.2,89221.8
ALVHEIM,2020-09-01,132,30,35879.1,108394.2
ALVHEIM,2020-10-01,133,31,37247.8,112656.4
ALVHEIM,2020-11-01,134,30,48041.5,104549.1
ALVHEIM,2020-12-01,135,31,46558.7,108618.8
ALVHEIM,2021-01-01,136,31,43186.6,109572.4
ALVHEIM,2021-02-01,137,28,42278.7,112326.8
ALVHEIM,2021-03-01,138,31,40914.1,104282.9
ALVHEIM,2021-04-01,139,30,38424.4,67820.8
ALVHEIM,2021-05-01,140,31,43908.9,106179.9
ALVHEIM,2021-06-01,141,30,44995.1,107331.2
ALVHEIM,2021-07-01,142,31,43981.9,107446.0
ALVHEIM,2021-08-01,143,31,45877.0,106106.9
ALVHEIM,2021-09-01,144,30,43089.3,102790.0
ALVHEIM,2021-10-01,145,31,39824.6,99354.5
ALVHEIM,2021-11-01,146,30,38531.3,105580.6
ALVHEIM,2021-12-01,147,31,40339.9,114056.4
ALVHEIM,2022-01-01,148,31,40662.5,116050.9
ALVHEIM,2022-02-01,149,28,46025.6,103676.1
ALVHEIM,2022-03-01,150,31,44065.1,105747.8
ALVHEIM,2022-04-01,151,30,41407.8,94198.1
ALVHEIM,2022-05-01,152,31,41646.6,101655.3
ALVHEIM,2022-06-01,153,30,37501.9,101125.3
ALVHEIM,2022-07-01,154,31,37935.6,104855.0
ALVHEIM,2022-08-01,155,31,35961.4,104207.8
ALVHEIM,2022-09-01,156,30,36137.0,105777.7
ALVHEIM,2022-10-01,157,31,33506.4,93598.3
ALVHEIM,2022-11-01,158,30,32396.7,96726.6
ALVHEIM,2022-12-01,159,31,32167.3,90485.9
ALVHEIM,2023-01-01,160,31,30296.5,90159.2
ALVHEIM,2023-02-01,161,28,29955.2,92084.9
ALVHEIM,2023-03-01,162,31,26981.2,86671.4
ALVHEIM,2023-04-01,163,30,28801.0,95510.6
ALVHEIM,2023-05-01,164,31,28338.6,95308.7
ALVHEIM,2023-06-01,165,30,27780.0,95166.8
ALVHEIM,2023-07-01,166,31,26386.7,97918.0
ALVHEIM,2023-08-01,167,31,24189.4,91934.6
ALVHEIM,2023-09-01,168,30,11531.3,43332.5
ALVHEIM,2023-10-01,169,31,23515.7,94653.4
ALVHEIM,2023-11-01,170,30,7675.7,7671.5
ALVHEIM,2023-12-01,171,31,40431.2,70922.6
ALVHEIM,2024-01-01,172,31,45933.8,72695.9
ALVHEIM,2024-02-01,173,29,44961.2,81869.3
ALVHEIM,2024-03-01,174,31,40662.5,73844.3
ALVHEIM,2024-04-01,175,30,39776.7,73552.9
ALVHEIM,2024-05-01,176,31,44779.3,70336.2
ALVHEIM,2024-06-01,177,30,44858.9,71303.3
ALVHEIM,2024-07-01,178,31,43062.8,75942.2
ALVHEIM,2024-08-01,179,31,37434.5,71107.2
ALVHEIM,2024-09-01,180,30,29572.5,53257.8
ALVHEIM,2024-10-01,181,31,35890.4,75443.1
ALVHEIM,2024-11-01,182,30,36145.4,69192.0
ALVHEIM,2024-12-01,183,31,36499.1,72992.1
ALVHEIM,2025-01-01,184,31,33964.9,70553.3
ALVHEIM,2025-02-01,185,28,34980.3,75185.6
ALVHEIM,2025-03-01,186,31,36411.9,78579.9
ALVHEIM,2025-04-01,187,30,33744.8,78341.6
ALVHEIM,2025-05-01,188,31,34194.2,81842.5
ALVHEIM,2025-06-01,189,30,33243.7,83987.7
ALVHEIM,2025-07-01,190,31,35929.0,92691.4
ALVHEIM,2025-08-01,191,31,34184.0,98236.5
ALVHEIM,2025-09-01,192,30,34981.8,96879.7
ALVHEIM,2025-10-01,193,31,32061.7,85147.7
ALVHEIM,2025-11-01,194,30,32423.9,93193.9
ALVHEIM,2025-12-01,195,31,33133.0,98794.5
ALVHEIM,2026-01-01,196,31,29553.9,93470.5
ALVHEIM,2026-02-01,197,28,30577.4,104475.8
ALVHEIM,2026-03-01,198,31,31106.1,100403.5
ALVHEIM,2026-04-01,199,30,30256.0,96906.9
ALVHEIM,2026-05-01,200,31,30556.3,105500.2
BALDER,2006-01-01,0,31,127705.3,57574.0
BALDER,2006-02-01,1,28,121381.9,18415.6
BALDER,2006-03-01,2,31,118982.7,37600.8
BALDER,2006-04-01,3,30,110656.5,59985.8
BALDER,2006-05-01,4,31,110771.5,59811.9
BALDER,2006-06-01,5,30,101112.7,57413.3
BALDER,2006-07-01,6,31,104112.4,48557.3
BALDER,2006-08-01,7,31,107350.7,58984.1
BALDER,2006-09-01,8,30,98357.8,57002.4
BALDER,2006-10-01,9,31,105173.6,58793.4
BALDER,2006-11-01,10,30,104519.7,64399.2
BALDER,2006-12-01,11,31,103862.9,62514.5
BALDER,2007-01-01,12,31,95862.6,57513.1
BALDER,2007-02-01,13,28,97020.2,60892.0
BALDER,2007-03-01,14,31,97560.9,65748.7
BALDER,2007-04-01,15,30,89342.4,61071.9
BALDER,2007-05-01,16,31,98800.6,62244.7
BALDER,2007-06-01,17,30,98225.7,51217.8
BALDER,2007-07-01,18,31,104802.3,57963.6
BALDER,2007-08-01,19,31,98407.0,55433.4
BALDER,2007-09-01,20,30,98584.2,62403.2
BALDER,2007-10-01,21,31,93141.8,50866.2
BALDER,2007-11-01,22,30,96118.6,61646.3
BALDER,2007-12-01,23,31,94974.0,63817.1
BALDER,2008-01-01,24,31,92535.1,66588.7
BALDER,2008-02-01,25,29,86146.4,67990.6
BALDER,2008-03-01,26,31,86083.0,66613.0
BALDER,2008-04-01,27,30,81629.0,68376.4
BALDER,2008-05-01,28,31,79870.3,66665.8
BALDER,2008-06-01,29,30,61784.7,48425.2
BALDER,2008-07-01,30,31,70346.3,53272.6
BALDER,2008-08-01,31,31,64967.5,57044.4
BALDER,2008-09-01,32,30,74683.0,81299.9
BALDER,2008-10-01,33,31,71661.1,80915.2
BALDER,2008-11-01,34,30,68841.9,81014.7
BALDER,2008-12-01,35,31,70871.8,80160.5
BALDER,2009-01-01,36,31,63705.5,74956.2
BALDER,2009-02-01,37,28,63154.1,75297.9
BALDER,2009-03-01,38,31,61017.1,70169.8
BALDER,2009-04-01,39,30,57786.5,74246.9
BALDER,2009-05-01,40,31,61729.3,87472.9
BALDER,2009-06-01,41,30,54132.1,77456.8
BALDER,2009-07-01,42,31,57679.5,83321.6
BALDER,2009-08-01,43,31,54380.4,83106.5
BALDER,2009-09-01,44,30,50955.8,74349.6
BALDER,2009-10-01,45,31,54865.3,79643.1
BALDER,2009-11-01,46,30,54549.3,87308.7
BALDER,2009-12-01,47,31,51414.0,86754.6
BALDER,2010-01-01,48,31,51951.7,88499.5
BALDER,2010-02-01,49,28,50592.5,97896.2
BALDER,2010-03-01,50,31,48104.8,87945.6
BALDER,2010-04-01,51,30,49777.5,90738.8
BALDER,2010-05-01,52,31,48534.9,88592.8
BALDER,2010-06-01,53,30,45972.1,89069.9
BALDER,2010-07-01,54,31,51513.5,94247.6
BALDER,2010-08-01,55,31,30909.3,60670.2
BALDER,2010-09-01,56,30,51679.1,101488.0
BALDER,2010-10-01,57,31,50768.8,104414.7
BALDER,2010-11-01,58,30,42330.4,82633.3
BALDER,2010-12-01,59,31,42040.2,92809.0
BALDER,2011-01-01,60,31,45215.5,101825.8
BALDER,2011-02-01,61,28,44742.9,104891.4
BALDER,2011-03-01,62,31,42622.5,98547.0
BALDER,2011-04-01,63,30,40709.7,103576.2
BALDER,2011-05-01,64,31,33987.2,80941.6
BALDER,2011-06-01,65,30,37155.9,92749.4
BALDER,2011-07-01,66,31,39173.3,94466.7
BALDER,2011-08-01,67,31,35030.1,73440.5
BALDER,2011-09-01,68,30,41150.0,85419.7
BALDER,2011-10-01,69,31,39075.9,85403.3
BALDER,2011-11-01,70,30,35229.2,81163.6
BALDER,2011-12-01,71,31,35864.0,86908.8
BALDER,2012-01-01,72,31,33380.6,78717.9
BALDER,2012-02-01,73,29,33654.8,82058.0
BALDER,2012-03-01,74,31,33924.3,88483.3
BALDER,2012-04-01,75,30,29455.1,77580.5
BALDER,2012-05-01,76,31,35602.3,83727.4
BALDER,2012-06-01,77,30,30713.1,80213.8
BALDER,2012-07-01,78,31,33013.3,85770.6
BALDER,2012-08-01,79,31,34031.9,88578.6
BALDER,2012-09-01,80,30,21039.4,53064.9
BALDER,2012-10-01,81,31,33376.5,86141.9
BALDER,2012-11-01,82,30,32314.9,85245.7
BALDER,2012-12-01,83,31,32161.2,86586.2
BALDER,2013-01-01,84,31,31483.5,88836.3
BALDER,2013-02-01,85,28,31781.5,91801.9
BALDER,2013-03-01,86,31,33571.3,91553.1
BALDER,2013-04-01,87,30,33660.9,90216.7
BALDER,2013-05-01,88,31,29310.5,79103.4
BALDER,2013-06-01,89,30,29576.7,76431.6
BALDER,2013-07-01,90,31,29687.9,81582.8
BALDER,2013-08-01,91,31,29296.3,82863.0
BALDER,2013-09-01,92,30,25775.6,69431.0
BALDER,2013-10-01,93,31,35766.6,74666.0
BALDER,2013-11-01,94,30,46156.6,73311.8
BALDER,2013-12-01,95,31,41944.9,69893.9
BALDER,2014-01-01,96,31,41930.6,62607.9
BALDER,2014-02-01,97,28,43842.2,69160.8
BALDER,2014-03-01,98,31,48496.4,74956.2
BALDER,2014-04-01,99,30,47056.1,76945.2
BALDER,2014-05-01,100,31,46037.3,77644.5
BALDER,2014-06-01,101,30,42609.2,72596.9
BALDER,2014-07-01,102,31,44188.9,80272.1
BALDER,2014-08-01,103,31,37907.2,69482.0
BALDER,2014-09-01,104,30,40290.4,72339.0
BALDER,2014-10-01,105,31,41585.7,80907.1
BALDER,2014-11-01,106,30,41401.6,82461.4
BALDER,2014-12-01,107,31,39140.8,75891.5
BALDER,2015-01-01,108,31,39132.7,79789.2
BALDER,2015-02-01,109,28,37698.4,84377.7
BALDER,2015-03-01,110,31,38422.6,93397.4
BALDER,2015-04-01,111,30,38782.9,92225.2
BALDER,2015-05-01,112,31,35636.8,80272.1
BALDER,2015-06-01,113,30,34294.1,57658.6
BALDER,2015-07-01,114,31,46292.9,68441.1
BALDER,2015-08-01,115,31,57395.4,81055.2
BALDER,2015-09-01,116,30,30740.3,36321.5
BALDER,2015-10-01,117,31,58085.3,80414.1
BALDER,2015-11-01,118,30,56197.3,83113.4
BALDER,2015-12-01,119,31,54788.2,79947.4
BALDER,2016-01-01,120,31,51322.7,83175.5
BALDER,2016-02-01,121,29,48800.2,84734.5
BALDER,2016-03-01,122,31,46871.2,85443.9
BALDER,2016-04-01,123,30,45724.7,87992.2
BALDER,2016-05-01,124,31,48084.5,87980.1
BALDER,2016-06-01,125,30,47116.9,91254.5
BALDER,2016-07-01,126,31,41610.1,84500.4
BALDER,2016-08-01,127,31,38560.5,80907.1
BALDER,2016-09-01,128,30,44330.5,81673.1
BALDER,2016-10-01,129,31,48573.5,90112.5
BALDER,2016-11-01,130,30,46659.8,90097.2
BALDER,2016-12-01,131,31,43401.6,90283.0
BALDER,2017-01-01,132,31,42764.6,96739.2
BALDER,2017-02-01,133,28,40569.2,90310.3
BALDER,2017-03-01,134,31,38335.3,96735.1
BALDER,2017-04-01,135,30,39539.8,100175.5
BALDER,2017-05-01,136,31,38351.5,96006.7
BALDER,2017-06-01,137,30,34162.0,92791.3
BALDER,2017-07-01,138,31,36066.9,103720.8
BALDER,2017-08-01,139,31,36403.7,111333.5
BALDER,2017-09-01,140,30,30360.9,90271.2
BALDER,2017-10-01,141,31,35204.6,111568.9
BALDER,2017-11-01,142,30,32516.2,107884.7
BALDER,2017-12-01,143,31,33969.0,108665.4
BALDER,2018-01-01,144,31,32822.6,107190.4
BALDER,2018-02-01,145,28,32870.9,100735.6
BALDER,2018-03-01,146,31,29728.4,98267.0
BALDER,2018-04-01,147,30,31400.8,97515.0
BALDER,2018-05-01,148,31,30842.3,88262.1
BALDER,2018-06-01,149,30,25062.8,73917.7
BALDER,2018-07-01,150,31,27516.9,85995.8
BALDER,2018-08-01,151,31,23304.7,69137.1
BALDER,2018-09-01,152,30,13739.0,41967.6
BALDER,2018-10-01,153,31,31509.9,96919.7
BALDER,2018-11-01,154,30,28362.8,91143.4
BALDER,2018-12-01,155,31,27622.4,94902.9
BALDER,2019-01-01,156,31,28693.7,102830.1
BALDER,2019-02-01,157,28,26787.8,106362.8
BALDER,2019-03-01,158,31,25974.8,101202.9
BALDER,2019-04-01,159,30,25851.1,102999.7
BALDER,2019-05-01,160,31,23905.3,93683.5
BALDER,2019-06-01,161,30,22894.9,82228.7
BALDER,2019-07-01,162,31,22955.7,86139.8
BALDER,2019-08-01,163,31,14582.2,44813.8
BALDER,2019-09-01,164,30,23779.6,92743.1
BALDER,2019-10-01,165,31,22980.1,94927.3
BALDER,2019-11-01,166,30,23580.5,90719.9
BALDER,2019-12-01,167,31,24219.8,95331.0
BALDER,2020-01-01,168,31,22148.2,86665.3
BALDER,2020-02-01,169,29,18990.9,71467.3
BALDER,2020-03-01,170,31,17436.9,69449.5
BALDER,2020-04-01,171,30,16160.6,58405.0
BALDER,2020-05-01,172,31,17716.9,64038.3
BALDER,2020-06-01,173,30,16919.6,61206.0
BALDER,2020-07-01,174,31,20009.7,86231.1
BALDER,2020-08-01,175,31,19476.1,84851.4
BALDER,2020-09-01,176,30,9474.5,38367.8
BALDER,2020-10-01,177,31,17879.3,71466.3
BALDER,2020-11-01,178,30,21144.2,90325.7
BALDER,2020-12-01,179,31,20823.3,89424.7
BALDER,2021-01-01,180,31,20226.8,86223.0
BALDER,2021-02-01,181,28,20291.3,91548.0
BALDER,2021-03-01,182,31,21525.3,95568.4
BALDER,2021-04-01,183,30,23031.2,91979.9
BALDER,2021-05-01,184,31,24775.7,100841.7
BALDER,2021-06-01,185,30,23043.7,94439.3
BALDER,2021-07-01,186,31,22079.2,95101.8
BALDER,2021-08-01,187,31,4303.4,15970.0
BALDER,2021-09-01,188,30,19789.8,76094.0
BALDER,2021-10-01,189,31,19350.3,81140.4
BALDER,2021-11-01,190,30,22959.9,91002.9
BALDER,2021-12-01,191,31,21024.2,83065.9
BALDER,2022-01-01,192,31,17455.2,64902.6
BALDER,2022-02-01,193,28,17503.6,59020.8
BALDER,2022-03-01,194,31,22959.8,81627.4
BALDER,2022-04-01,195,30,20242.7,69925.8
BALDER,2022-05-01,196,31,20646.8,77691.2
BALDER,2022-06-01,197,30,17659.7,72271.9
BALDER,2022-07-01,198,31,14357.0,59168.8
BALDER,2022-08-01,199,31,12484.2,48957.0
BALDER,2022-09-01,200,30,13221.2,51255.6
BALDER,2022-10-01,201,31,14314.4,59669.9
BALDER,2022-11-01,202,30,15366.0,53853.3
BALDER,2022-12-01,203,31,18765.9,91039.8
BALDER,2023-01-01,204,31,20023.9,94375.4
BALDER,2023-02-01,205,28,17829.3,87891.0
BALDER,2023-03-01,206,31,15109.7,81286.5
BALDER,2023-04-01,207,30,7770.0,46102.1
BALDER,2023-05-01,208,31,19293.5,97390.5
BALDER,2023-06-01,209,30,23360.3,92621.5
BALDER,2023-07-01,210,31,24244.1,102866.6
BALDER,2023-08-01,211,31,9576.7,38694.4
BALDER,2023-09-01,212,30,28111.2,97089.4
BALDER,2023-10-01,213,31,30185.0,106955.0
BALDER,2023-11-01,214,30,28870.2,109897.5
BALDER,2023-12-01,215,31,27545.3,108478.8
BALDER,2024-01-01,216,31,27103.0,112772.1
BALDER,2024-02-01,217,29,26402.0,108746.3
BALDER,2024-03-01,218,31,28645.0,106675.0
BALDER,2024-04-01,219,30,28308.3,107656.2
BALDER,2024-05-01,220,31,25883.5,98942.6
BALDER,2024-06-01,221,30,24544.9,65952.7
BALDER,2024-07-01,222,31,26155.4,89516.0
BALDER,2024-08-01,223,31,29651.3,101848.1
BALDER,2024-09-01,224,30,21192.4,79809.2
BALDER,2024-10-01,225,31,22994.3,87878.7
BALDER,2024-11-01,226,30,29327.2,107851.2
BALDER,2024-12-01,227,31,26370.5,107776.7
BALDER,2025-01-01,228,31,23304.7,97733.3
BALDER,2025-02-01,229,28,28012.1,102166.6
BALDER,2025-03-01,230,31,27675.1,120220.4
BALDER,2025-04-01,231,30,30908.1,109511.7
BALDER,2025-05-01,232,31,25721.2,69583.4
BALDER,2025-06-01,233,30,30402.8,92902.4
BALDER,2025-07-01,234,31,40918.2,102160.6
BALDER,2025-08-01,235,31,65797.4,98536.8
BALDER,2025-09-01,236,30,82807.3,97466.7
BALDER,2025-10-01,237,31,91636.3,97447.3
BALDER,2025-11-01,238,30,85231.0,115547.8
BALDER,2025-12-01,239,31,73787.5,115740.4
BALDER,2026-01-01,240,31,85529.1,132676.2
BALDER,2026-02-01,241,28,81958.3,135760.8
BALDER,2026-03-01,242,31,80237.6,126487.9
BALDER,2026-04-01,243,30,77024.9,134289.3
BALDER,2026-05-01,244,31,74371.8,134534.8
BLANE,2008-01-01,0,31,2706.6,10.1
BLANE,2008-02-01,1,29,2652.6,8.7
BLANE,2008-03-01,2,31,2836.5,8.1
BLANE,2008-04-01,3,30,1589.2,4.2
BLANE,2008-05-01,4,31,2858.8,8.1
BLANE,2008-06-01,5,30,2497.1,8.4
BLANE,2008-07-01,6,31,2290.7,8.1
BLANE,2008-08-01,7,31,2501.7,8.1
BLANE,2008-09-01,8,30,2354.5,8.4
BLANE,2008-10-01,9,31,2225.8,8.1
BLANE,2008-11-01,10,30,2155.3,8.4
BLANE,2008-12-01,11,31,2067.5,6.1
BLANE,2009-01-01,12,31,2012.7,6.1
BLANE,2009-02-01,13,28,2080.1,6.7
BLANE,2009-03-01,14,31,2384.0,8.1
BLANE,2009-04-01,15,30,2270.6,8.4
BLANE,2009-05-01,16,31,2158.8,6.1
BLANE,2009-06-01,17,30,2048.4,6.3
BLANE,2009-07-01,18,31,1609.0,6.1
BLANE,2009-08-01,19,31,1951.9,6.1
BLANE,2009-09-01,20,30,1924.7,6.3
BLANE,2009-10-01,21,31,1901.1,6.1
BLANE,2009-11-01,22,30,1891.1,6.3
BLANE,2009-12-01,23,31,1702.3,6.1
BLANE,2010-01-01,24,31,1811.9,6.1
BLANE,2010-02-01,25,28,1727.4,4.5
BLANE,2010-03-01,26,31,1838.2,6.1
BLANE,2010-04-01,27,30,1840.8,6.3
BLANE,2010-05-01,28,31,1860.6,6.1
BLANE,2010-06-01,29,30,253.7,0.0
BLANE,2010-07-01,30,31,484.9,2.0
BLANE,2010-08-01,31,31,1665.8,6.1
BLANE,2010-09-01,32,30,2033.7,6.3
BLANE,2010-10-01,33,31,2108.1,8.1
BLANE,2010-11-01,34,30,1872.3,6.3
BLANE,2010-12-01,35,31,1941.7,8.1
BLANE,2011-01-01,36,31,1886.9,8.1
BLANE,2011-02-01,37,28,1947.6,6.7
BLANE,2011-03-01,38,31,2124.3,8.1
BLANE,2011-04-01,39,30,1897.4,8.4
BLANE,2011-05-01,40,31,1732.7,18.3
BLANE,2011-06-01,41,30,1782.1,46.1
BLANE,2011-07-01,42,31,1562.3,52.8
BLANE,2011-08-01,43,31,1619.1,105.5
BLANE,2011-09-01,44,30,1442.5,73.4
BLANE,2011-10-01,45,31,1690.1,113.6
BLANE,2011-11-01,46,30,1591.3,115.3
BLANE,2011-12-01,47,31,1570.4,146.1
BLANE,2012-01-01,48,31,1040.9,85.2
BLANE,2012-02-01,49,29,1552.9,177.8
BLANE,2012-03-01,50,31,1436.5,180.6
BLANE,2012-04-01,51,30,1075.6,144.7
BLANE,2012-05-01,52,31,949.6,119.7
BLANE,2012-06-01,53,30,998.0,125.8
BLANE,2012-07-01,54,31,911.0,194.8
BLANE,2012-08-01,55,31,1351.3,259.7
BLANE,2012-09-01,56,30,513.7,104.8
BLANE,2012-10-01,57,31,0.0,0.0
BLANE,2012-11-01,58,30,220.1,67.1
BLANE,2012-12-01,59,31,1051.0,275.9
BLANE,2013-01-01,60,31,1174.8,344.9
BLANE,2013-02-01,61,28,1444.4,408.8
BLANE,2013-03-01,62,31,1162.6,353.0
BLANE,2013-04-01,63,30,1031.5,312.4
BLANE,2013-05-01,64,31,355.1,113.6
BLANE,2013-06-01,65,30,0.0,0.0
BLANE,2013-07-01,66,31,18.3,12.2
BLANE,2013-08-01,67,31,160.3,131.9
BLANE,2013-09-01,68,30,272.6,190.8
BLANE,2013-10-01,69,31,1270.1,801.4
BLANE,2013-11-01,70,30,1260.1,1033.6
BLANE,2013-12-01,71,31,1253.9,973.9
BLANE,2014-01-01,72,31,959.7,752.7
BLANE,2014-02-01,73,28,420.1,231.4
BLANE,2014-03-01,74,31,913.0,460.6
BLANE,2014-04-01,75,30,1033.6,545.1
BLANE,2014-05-01,76,31,616.8,265.8
BLANE,2014-06-01,77,30,962.3,251.6
BLANE,2014-07-01,78,31,949.6,273.9
BLANE,2014-08-01,79,31,882.6,440.3
BLANE,2014-09-01,80,30,480.1,429.8
BLANE,2014-10-01,81,31,0.0,0.0
BLANE,2014-11-01,82,30,482.2,522.1
BLANE,2014-12-01,83,31,708.1,517.4
BLANE,2015-01-01,84,31,549.9,424.1
BLANE,2015-02-01,85,28,498.7,388.6
BLANE,2015-03-01,86,31,596.5,442.3
BLANE,2015-04-01,87,30,335.5,268.4
BLANE,2015-05-01,88,31,391.6,259.7
BLANE,2015-06-01,89,30,616.4,480.1
BLANE,2015-07-01,90,31,0.0,0.0
BLANE,2015-08-01,91,31,361.2,273.9
BLANE,2015-09-01,92,30,681.4,553.5
BLANE,2015-10-01,93,31,476.8,389.6
BLANE,2015-11-01,94,30,595.4,455.0
BLANE,2015-12-01,95,31,695.9,560.0
BLANE,2016-01-01,96,31,604.6,499.1
BLANE,2016-02-01,97,29,637.7,540.1
BLANE,2016-03-01,98,31,290.1,280.0
BLANE,2016-04-01,99,30,580.8,513.7
BLANE,2016-05-01,100,31,689.8,608.7
BLANE,2016-06-01,101,30,0.0,0.0
BLANE,2016-07-01,102,31,517.4,527.5
BLANE,2016-08-01,103,31,549.9,519.4
BLANE,2016-09-01,104,30,666.7,618.5
BLANE,2016-10-01,105,31,407.8,415.9
BLANE,2016-11-01,106,30,547.2,534.6
BLANE,2016-12-01,107,31,501.2,501.2
BLANE,2017-01-01,108,31,515.4,537.7
BLANE,2017-02-01,109,28,426.8,431.3
BLANE,2017-03-01,110,31,604.6,602.6
BLANE,2017-04-01,111,30,511.6,524.2
BLANE,2017-05-01,112,31,454.5,472.7
BLANE,2017-06-01,113,30,65.0,65.0
BLANE,2017-07-01,114,31,4.1,16.2
BLANE,2017-08-01,115,31,0.0,0.0
BLANE,2017-09-01,116,30,96.4,220.1
BLANE,2017-10-01,117,31,458.5,533.6
BLANE,2017-11-01,118,30,532.5,580.8
BLANE,2017-12-01,119,31,466.7,531.6
BLANE,2018-01-01,120,31,385.5,456.5
BLANE,2018-02-01,121,28,408.8,487.5
BLANE,2018-03-01,122,31,430.1,523.5
BLANE,2018-04-01,123,30,431.9,530.4
BLANE,2018-05-01,124,31,426.1,525.5
BLANE,2018-06-01,125,30,86.0,140.5
BLANE,2018-07-01,126,31,107.5,140.0
BLANE,2018-08-01,127,31,294.2,395.6
BLANE,2018-09-01,128,30,140.5,199.2
BLANE,2018-10-01,129,31,363.2,460.6
BLANE,2018-11-01,130,30,421.4,551.4
BLANE,2018-12-01,131,31,371.3,515.4
BLANE,2019-01-01,132,31,271.9,428.1
BLANE,2019-02-01,133,28,307.8,379.6
BLANE,2019-03-01,134,31,202.9,304.3
BLANE,2019-04-01,135,30,287.2,467.5
BLANE,2019-05-01,136,31,263.8,405.8
BLANE,2019-06-01,137,30,0.0,0.0
BLANE,2019-07-01,138,31,259.7,413.9
BLANE,2019-08-01,139,31,280.0,409.9
BLANE,2019-09-01,140,30,239.0,345.9
BLANE,2019-10-01,141,31,261.7,401.7
BLANE,2019-11-01,142,30,283.0,431.9
BLANE,2019-12-01,143,31,233.3,381.4
BLANE,2020-01-01,144,31,292.2,440.3
BLANE,2020-02-01,145,29,229.9,364.4
BLANE,2020-03-01,146,31,286.1,434.2
BLANE,2020-04-01,147,30,253.7,396.3
BLANE,2020-05-01,148,31,257.7,401.7
BLANE,2020-06-01,149,30,253.7,406.7
BLANE,2020-07-01,150,31,265.8,415.9
BLANE,2020-08-01,151,31,265.8,426.1
BLANE,2020-09-01,152,30,264.2,423.5
BLANE,2020-10-01,153,31,202.9,344.9
BLANE,2020-11-01,154,30,236.9,400.5
BLANE,2020-12-01,155,31,182.6,322.6
BLANE,2021-01-01,156,31,255.6,426.1
BLANE,2021-02-01,157,28,253.8,424.6
BLANE,2021-03-01,158,31,182.6,328.7
BLANE,2021-04-01,159,30,249.5,421.4
BLANE,2021-05-01,160,31,213.0,371.3
BLANE,2021-06-01,161,30,67.1,138.4
BLANE,2021-07-01,162,31,16.2,44.6
BLANE,2021-08-01,163,31,0.0,0.0
BLANE,2021-09-01,164,30,56.6,148.9
BLANE,2021-10-01,165,31,133.9,326.7
BLANE,2021-11-01,166,30,37.7,90.2
BLANE,2021-12-01,167,31,14.2,73.0
BLANE,2022-01-01,168,31,0.0,0.0
BLANE,2022-02-01,169,28,0.0,0.0
BLANE,2022-03-01,170,31,0.0,0.0
BLANE,2022-04-01,171,30,12.6,77.6
BLANE,2022-05-01,172,31,75.1,162.3
BLANE,2022-06-01,173,30,0.0,0.0
BLANE,2022-07-01,174,31,158.3,332.8
BLANE,2022-08-01,175,31,119.7,223.2
BLANE,2022-09-01,176,30,27.3,92.3
BLANE,2022-10-01,177,31,97.4,223.2
BLANE,2022-11-01,178,30,48.2,90.2
BLANE,2022-12-01,179,31,204.9,428.1
BLANE,2023-01-01,180,31,54.8,105.5
BLANE,2023-02-01,181,28,98.8,415.6
BLANE,2023-03-01,182,31,26.4,73.0
BLANE,2023-04-01,183,30,106.9,232.7
BLANE,2023-05-01,184,31,249.6,480.9
BLANE,2023-06-01,185,30,155.1,287.2
BLANE,2023-07-01,186,31,158.3,355.1
BLANE,2023-08-01,187,31,0.0,0.0
BLANE,2023-09-01,188,30,0.0,0.0
BLANE,2023-10-01,189,31,0.0,0.0
BLANE,2023-11-01,190,30,0.0,0.0
BLANE,2023-12-01,191,31,127.8,314.5
BLANE,2024-01-01,192,31,282.0,649.3
BLANE,2024-02-01,193,29,58.6,160.5
BLANE,2024-03-01,194,31,79.1,198.8
BLANE,2024-04-01,195,30,180.3,369.0
BLANE,2024-05-01,196,31,227.2,480.9
BLANE,2024-06-01,197,30,180.3,379.5
BLANE,2024-07-01,198,31,223.2,482.9
BLANE,2024-08-01,199,31,219.1,472.7
BLANE,2024-09-01,200,30,236.9,603.8
BLANE,2024-10-01,201,31,217.1,519.4
BLANE,2024-11-01,202,30,211.8,561.9
BLANE,2024-12-01,203,31,217.1,497.1
BLANE,2025-01-01,204,31,207.0,442.3
BLANE,2025-02-01,205,28,114.6,285.3
BLANE,2025-03-01,206,31,174.5,411.9
BLANE,2025-04-01,207,30,8.4,610.1
BLANE,2025-05-01,208,31,67.0,322.6
BLANE,2025-06-01,209,30,18.9,94.3
BLANE,2025-07-01,210,31,221.2,584.3
BLANE,2025-08-01,211,31,140.0,383.5
BLANE,2025-09-01,212,30,174.0,484.3
BLANE,2025-10-01,213,31,207.0,586.4
BLANE,2025-11-01,214,30,192.9,534.6
BLANE,2025-12-01,215,31,129.9,422.0
BLANE,2026-01-01,216,31,138.0,381.4
BLANE,2026-02-01,217,28,159.5,451.5
BLANE,2026-03-01,218,31,87.2,229.3
BLANE,2026-04-01,219,30,148.9,436.1
BLANE,2026-05-01,220,31,180.6,507.2
BRAGE,1995-10-01,0,31,121042.1,0.0
BRAGE,1995-11-01,1,30,119673.9,0.0
BRAGE,1995-12-01,2,31,119299.2,0.0
BRAGE,1996-01-01,3,31,119360.1,0.0
BRAGE,1996-02-01,4,29,117562.9,0.0
BRAGE,1996-03-01,5,31,121186.2,0.0
BRAGE,1996-04-01,6,30,121066.1,0.0
BRAGE,1996-05-01,7,31,121658.9,0.0
BRAGE,1996-06-01,8,30,111914.4,0.0
BRAGE,1996-07-01,9,31,109249.8,0.0
BRAGE,1996-08-01,10,31,98530.7,0.0
BRAGE,1996-09-01,11,30,102607.6,0.0
BRAGE,1996-10-01,12,31,106516.7,0.0
BRAGE,1996-11-01,13,30,112218.4,0.0
BRAGE,1996-12-01,14,31,78273.5,0.0
BRAGE,1997-01-01,15,31,119037.5,0.0
BRAGE,1997-02-01,16,28,118848.0,0.0
BRAGE,1997-03-01,17,31,119394.6,0.0
BRAGE,1997-04-01,18,30,113983.8,0.0
BRAGE,1997-05-01,19,31,104386.3,0.0
BRAGE,1997-06-01,20,30,68106.0,0.0
BRAGE,1997-07-01,21,31,94306.4,0.0
BRAGE,1997-08-01,22,31,98581.5,0.0
BRAGE,1997-09-01,23,30,100718.6,0.0
BRAGE,1997-10-01,24,31,97224.1,0.0
BRAGE,1997-11-01,25,30,96647.0,0.0
BRAGE,1997-12-01,26,31,83242.5,0.0
BRAGE,1998-01-01,27,31,118282.7,0.0
BRAGE,1998-02-01,28,28,118308.9,0.0
BRAGE,1998-03-01,29,31,105962.8,0.0
BRAGE,1998-04-01,30,30,100802.4,0.0
BRAGE,1998-05-01,31,31,98325.8,0.0
BRAGE,1998-06-01,32,30,103012.2,0.0
BRAGE,1998-07-01,33,31,99151.6,0.0
BRAGE,1998-08-01,34,31,92437.7,0.0
BRAGE,1998-09-01,35,30,83832.6,0.0
BRAGE,1998-10-01,36,31,84405.1,0.0
BRAGE,1998-11-01,37,30,74724.9,0.0
BRAGE,1998-12-01,38,31,68218.0,0.0
BRAGE,1999-01-01,39,31,68564.9,0.0
BRAGE,1999-02-01,40,28,71245.5,0.0
BRAGE,1999-03-01,41,31,65689.9,0.0
BRAGE,1999-04-01,42,30,81872.2,0.0
BRAGE,1999-05-01,43,31,74907.5,0.0
BRAGE,1999-06-01,44,30,46064.4,0.0
BRAGE,1999-07-01,45,31,73002.3,0.0
BRAGE,1999-08-01,46,31,67682.3,0.0
BRAGE,1999-09-01,47,30,62021.6,0.0
BRAGE,1999-10-01,48,31,58489.1,0.0
BRAGE,1999-11-01,49,30,53488.5,0.0
BRAGE,1999-12-01,50,31,62394.8,0.0
BRAGE,2000-01-01,51,31,47311.5,83157.2
BRAGE,2000-02-01,52,29,51641.4,98736.8
BRAGE,2000-03-01,53,31,43665.4,85232.9
BRAGE,2000-04-01,54,30,44565.3,87925.1
BRAGE,2000-05-01,55,31,49178.1,91181.8
BRAGE,2000-06-01,56,30,47618.0,90214.6
BRAGE,2000-07-01,57,31,46848.9,85030.0
BRAGE,2000-08-01,58,31,46025.1,87357.2
BRAGE,2000-09-01,59,30,42147.9,81597.6
BRAGE,2000-10-01,60,31,39388.4,80063.1
BRAGE,2000-11-01,61,30,43496.1,83744.5
BRAGE,2000-12-01,62,31,41352.4,82309.1
BRAGE,2001-01-01,63,31,46822.5,108856.1
BRAGE,2001-02-01,64,28,43961.2,104543.2
BRAGE,2001-03-01,65,31,41131.2,86310.3
BRAGE,2001-04-01,66,30,42980.3,103882.3
BRAGE,2001-05-01,67,31,43391.5,109162.5
BRAGE,2001-06-01,68,30,23142.3,64424.3
BRAGE,2001-07-01,69,31,36714.2,105212.1
BRAGE,2001-08-01,70,31,39897.6,114590.0
BRAGE,2001-09-01,71,30,39325.9,118202.1
BRAGE,2001-10-01,72,31,37629.2,120595.8
BRAGE,2001-11-01,73,30,34906.3,122445.6
BRAGE,2001-12-01,74,31,31106.1,120263.0
BRAGE,2002-01-01,75,31,40822.8,109351.2
BRAGE,2002-02-01,76,28,42364.0,102189.0
BRAGE,2002-03-01,77,31,14553.8,32280.9
BRAGE,2002-04-01,78,30,43039.0,112591.6
BRAGE,2002-05-01,79,31,46041.3,101624.9
BRAGE,2002-06-01,80,30,39300.8,86323.3
BRAGE,2002-07-01,81,31,31856.8,68416.8
BRAGE,2002-08-01,82,31,38215.6,99086.7
BRAGE,2002-09-01,83,30,38428.6,111558.0
BRAGE,2002-10-01,84,31,36081.1,111992.9
BRAGE,2002-11-01,85,30,36615.0,126238.4
BRAGE,2002-12-01,86,31,36592.4,125623.5
BRAGE,2003-01-01,87,31,32662.3,116192.9
BRAGE,2003-02-01,88,28,34555.7,124499.9
BRAGE,2003-03-01,89,31,33226.4,99985.5
BRAGE,2003-04-01,90,30,36277.5,99311.7
BRAGE,2003-05-01,91,31,27474.3,92314.0
BRAGE,2003-06-01,92,30,29847.2,102102.3
BRAGE,2003-07-01,93,31,34855.6,126483.8
BRAGE,2003-08-01,94,31,33898.0,125114.3
BRAGE,2003-09-01,95,30,33187.1,132077.4
BRAGE,2003-10-01,96,31,30375.7,132154.8
BRAGE,2003-11-01,97,30,31233.1,144585.7
BRAGE,2003-12-01,98,31,31008.7,147747.4
BRAGE,2004-01-01,99,31,29452.5,141457.6
BRAGE,2004-02-01,100,29,32440.2,145526.5
BRAGE,2004-03-01,101,31,19330.0,96812.2
BRAGE,2004-04-01,102,30,30591.5,150290.6
BRAGE,2004-05-01,103,31,29093.4,144561.9
BRAGE,2004-06-01,104,30,30880.8,158704.2
BRAGE,2004-07-01,105,31,25794.3,147562.8
BRAGE,2004-08-01,106,31,24554.6,156009.4
BRAGE,2004-09-01,107,30,25436.0,146954.9
BRAGE,2004-10-01,108,31,26301.5,151340.7
BRAGE,2004-11-01,109,30,25362.6,151368.2
BRAGE,2004-12-01,110,31,27326.1,143109.2
BRAGE,2005-01-01,111,31,26348.2,160676.0
BRAGE,2005-02-01,112,28,23535.1,148468.5
BRAGE,2005-03-01,113,31,25437.2,161491.6
BRAGE,2005-04-01,114,30,24310.1,155020.5
BRAGE,2005-05-01,115,31,30602.9,154205.6
BRAGE,2005-06-01,116,30,10063.7,69588.3
BRAGE,2005-07-01,117,31,31197.4,161369.9
BRAGE,2005-08-01,118,31,29667.6,162270.8
BRAGE,2005-09-01,119,30,26442.3,152030.8
BRAGE,2005-10-01,120,31,27727.9,163964.9
BRAGE,2005-11-01,121,30,25448.5,163880.7
BRAGE,2005-12-01,122,31,24769.6,163506.4
BRAGE,2006-01-01,123,31,22558.1,159864.4
BRAGE,2006-02-01,124,28,22832.0,160273.1
BRAGE,2006-03-01,125,31,22134.0,164441.7
BRAGE,2006-04-01,126,30,21272.1,162606.0
BRAGE,2006-05-01,127,31,18163.3,150230.9
BRAGE,2006-06-01,128,30,17083.1,140359.0
BRAGE,2006-07-01,129,31,19183.9,159233.4
BRAGE,2006-08-01,130,31,11952.6,102383.7
BRAGE,2006-09-01,131,30,19334.8,163461.4
BRAGE,2006-10-01,132,31,18847.1,159129.9
BRAGE,2006-11-01,133,30,17844.2,162819.9
BRAGE,2006-12-01,134,31,19259.0,165145.8
BRAGE,2007-01-01,135,31,16653.8,145213.2
BRAGE,2007-02-01,136,28,18128.1,165666.6
BRAGE,2007-03-01,137,31,18244.5,171431.5
BRAGE,2007-04-01,138,30,26656.2,146422.4
BRAGE,2007-05-01,139,31,23158.6,127372.5
BRAGE,2007-06-01,140,30,16185.8,101913.6
BRAGE,2007-07-01,141,31,22947.6,162715.1
BRAGE,2007-08-01,142,31,21673.4,168471.3
BRAGE,2007-09-01,143,30,24293.3,167769.9
BRAGE,2007-10-01,144,31,22140.1,171200.2
BRAGE,2007-11-01,145,30,20743.8,164480.4
BRAGE,2007-12-01,146,31,16205.4,134707.2
BRAGE,2008-01-01,147,31,18398.7,152414.0
BRAGE,2008-02-01,148,29,21214.0,151924.7
BRAGE,2008-03-01,149,31,24652.0,155134.9
BRAGE,2008-04-01,150,30,27543.0,150355.6
BRAGE,2008-05-01,151,31,27981.5,148453.5
BRAGE,2008-06-01,152,30,21595.0,117975.7
BRAGE,2008-07-01,153,31,27861.8,130476.8
BRAGE,2008-08-01,154,31,29444.4,140086.0
BRAGE,2008-09-01,155,30,29434.2,143912.7
BRAGE,2008-10-01,156,31,30503.5,148879.6
BRAGE,2008-11-01,157,30,28469.7,123284.3
BRAGE,2008-12-01,158,31,41804.9,119329.7
BRAGE,2009-01-01,159,31,32013.1,99368.7
BRAGE,2009-02-01,160,28,35827.2,112097.7
BRAGE,2009-03-01,161,31,32410.7,125781.8
BRAGE,2009-04-01,162,30,29832.5,127177.7
BRAGE,2009-05-01,163,31,29527.6,136003.7
BRAGE,2009-06-01,164,30,14344.9,66667.7
BRAGE,2009-07-01,165,31,26683.0,129421.8
BRAGE,2009-08-01,166,31,27938.9,144979.9
BRAGE,2009-09-01,167,30,32392.5,164901.8
BRAGE,2009-10-01,168,31,33380.6,164198.3
BRAGE,2009-11-01,169,30,32109.4,156123.3
BRAGE,2009-12-01,170,31,20654.9,102280.3
BRAGE,2010-01-01,171,31,31658.0,157520.9
BRAGE,2010-02-01,172,28,32776.6,155400.7
BRAGE,2010-03-01,173,31,31651.9,139499.6
BRAGE,2010-04-01,174,30,29622.9,140187.1
BRAGE,2010-05-01,175,31,34249.0,142328.0
BRAGE,2010-06-01,176,30,33013.1,139686.0
BRAGE,2010-07-01,177,31,25812.5,132016.8
BRAGE,2010-08-01,178,31,20900.4,117205.4
BRAGE,2010-09-01,179,30,13734.8,82733.9
BRAGE,2010-10-01,180,31,18571.1,134433.3
BRAGE,2010-11-01,181,30,25085.8,151898.7
BRAGE,2010-12-01,182,31,23087.6,151931.1
BRAGE,2011-01-01,183,31,21910.8,149254.9
BRAGE,2011-02-01,184,28,22962.3,151790.8
BRAGE,2011-03-01,185,31,14896.7,107703.7
BRAGE,2011-04-01,186,30,24192.7,161452.9
BRAGE,2011-05-01,187,31,12703.4,85437.8
BRAGE,2011-06-01,188,30,21796.3,137820.0
BRAGE,2011-07-01,189,31,23065.3,152071.1
BRAGE,2011-08-01,190,31,20109.1,157380.9
BRAGE,2011-09-01,191,30,19582.2,144556.4
BRAGE,2011-10-01,192,31,18812.6,159255.7
BRAGE,2011-11-01,193,30,19068.6,161916.2
BRAGE,2011-12-01,194,31,15787.4,148686.8
BRAGE,2012-01-01,195,31,19823.0,163384.7
BRAGE,2012-02-01,196,29,20513.4,172373.1
BRAGE,2012-03-01,197,31,19802.7,175434.7
BRAGE,2012-04-01,198,30,15487.6,175827.2
BRAGE,2012-05-01,199,31,14799.3,150922.7
BRAGE,2012-06-01,200,30,2232.9,29817.8
BRAGE,2012-07-01,201,31,9921.7,109765.1
BRAGE,2012-08-01,202,31,14521.3,162250.5
BRAGE,2012-09-01,203,30,13726.4,174533.6
BRAGE,2012-10-01,204,31,13565.7,182984.5
BRAGE,2012-11-01,205,30,10931.7,146940.2
BRAGE,2012-12-01,206,31,7231.2,101616.8
BRAGE,2013-01-01,207,31,11991.2,155869.4
BRAGE,2013-02-01,208,28,12195.5,164608.6
BRAGE,2013-03-01,209,31,10010.9,124688.2
BRAGE,2013-04-01,210,30,12078.5,162427.8
BRAGE,2013-05-01,211,31,10863.1,154773.7
BRAGE,2013-06-01,212,30,9271.2,133616.3
BRAGE,2013-07-01,213,31,10848.9,149768.3
BRAGE,2013-08-01,214,31,10934.1,148473.8
BRAGE,2013-09-01,215,30,5514.1,106939.2
BRAGE,2013-10-01,216,31,10465.4,135535.0
BRAGE,2013-11-01,217,30,9671.6,240171.8
BRAGE,2013-12-01,218,31,8945.7,221086.5
BRAGE,2014-01-01,219,31,11201.9,246481.0
BRAGE,2014-02-01,220,28,9398.8,219543.2
BRAGE,2014-03-01,221,31,9877.0,236944.9
BRAGE,2014-04-01,222,30,8363.3,192040.2
BRAGE,2014-05-01,223,31,1410.1,54918.1
BRAGE,2014-06-01,224,30,8290.0,216478.1
BRAGE,2014-07-01,225,31,9621.4,216695.8
BRAGE,2014-08-01,226,31,9676.1,209584.3
BRAGE,2014-09-01,227,30,10814.3,221143.1
BRAGE,2014-10-01,228,31,9832.4,184102.4
BRAGE,2014-11-01,229,30,9677.9,242251.6
BRAGE,2014-12-01,230,31,9463.1,202821.7
BRAGE,2015-01-01,231,31,10708.9,247515.8
BRAGE,2015-02-01,232,28,10261.4,219226.5
BRAGE,2015-03-01,233,31,9365.7,205230.1
BRAGE,2015-04-01,234,30,8644.3,202137.4
BRAGE,2015-05-01,235,31,8615.0,220656.3
BRAGE,2015-06-01,236,30,11801.8,250719.8
BRAGE,2015-07-01,237,31,15931.5,286267.1
BRAGE,2015-08-01,238,31,14428.0,263335.7
BRAGE,2015-09-01,239,30,13871.1,257630.2
BRAGE,2015-10-01,240,31,12003.4,221869.7
BRAGE,2015-11-01,241,30,10868.8,174736.9
BRAGE,2015-12-01,242,31,9584.8,205086.0
BRAGE,2016-01-01,243,31,13732.1,210351.2
BRAGE,2016-02-01,244,29,14902.5,173676.6
BRAGE,2016-03-01,245,31,15061.0,213161.3
BRAGE,2016-04-01,246,30,14112.2,217681.6
BRAGE,2016-05-01,247,31,13460.2,208801.1
BRAGE,2016-06-01,248,30,13822.9,207500.5
BRAGE,2016-07-01,249,31,12788.6,215945.1
BRAGE,2016-08-01,250,31,11867.4,209904.8
BRAGE,2016-09-01,251,30,7952.4,159612.1
BRAGE,2016-10-01,252,31,10043.4,180898.7
BRAGE,2016-11-01,253,30,9963.0,188578.7
BRAGE,2016-12-01,254,31,10142.8,178918.4
BRAGE,2017-01-01,255,31,9453.0,179987.7
BRAGE,2017-02-01,256,28,9324.6,176163.8
BRAGE,2017-03-01,257,31,8466.9,153227.6
BRAGE,2017-04-01,258,30,7853.9,161090.2
BRAGE,2017-05-01,259,31,9304.8,189199.2
BRAGE,2017-06-01,260,30,8556.2,169319.3
BRAGE,2017-07-01,261,31,8195.0,188298.4
BRAGE,2017-08-01,262,31,7967.8,191254.6
BRAGE,2017-09-01,263,30,9046.8,194465.9
BRAGE,2017-10-01,264,31,9457.0,195683.8
BRAGE,2017-11-01,265,30,8822.5,221505.8
BRAGE,2017-12-01,266,31,9101.9,245543.6
BRAGE,2018-01-01,267,31,8570.4,238310.4
BRAGE,2018-02-01,268,28,8421.6,249449.0
BRAGE,2018-03-01,269,31,9006.6,203840.2
BRAGE,2018-04-01,270,30,11099.4,209601.3
BRAGE,2018-05-01,271,31,2327.2,49068.6
BRAGE,2018-06-01,272,30,8960.9,208701.9
BRAGE,2018-07-01,273,31,8349.2,222608.2
BRAGE,2018-08-01,274,31,8523.7,218361.6
BRAGE,2018-09-01,275,30,7828.7,269782.1
BRAGE,2018-10-01,276,31,8237.6,297495.4
BRAGE,2018-11-01,277,30,8807.8,312619.8
BRAGE,2018-12-01,278,31,8316.7,336885.7
BRAGE,2019-01-01,279,31,7951.5,285025.3
BRAGE,2019-02-01,280,28,8322.8,336326.8
BRAGE,2019-03-01,281,31,7742.5,278053.8
BRAGE,2019-04-01,282,30,8329.8,212869.9
BRAGE,2019-05-01,283,31,7813.6,224541.8
BRAGE,2019-06-01,284,30,11164.4,316922.1
BRAGE,2019-07-01,285,31,10090.1,289332.8
BRAGE,2019-08-01,286,31,9694.4,315043.9
BRAGE,2019-09-01,287,30,9533.2,296998.1
BRAGE,2019-10-01,288,31,8245.7,285463.6
BRAGE,2019-11-01,289,30,9371.8,296245.4
BRAGE,2019-12-01,290,31,8840.2,291899.5
BRAGE,2020-01-01,291,31,8763.1,316620.4
BRAGE,2020-02-01,292,29,8933.7,238372.6
BRAGE,2020-03-01,293,31,8491.2,250293.5
BRAGE,2020-04-01,294,30,8195.6,260131.5
BRAGE,2020-05-01,295,31,6539.4,150230.9
BRAGE,2020-06-01,296,30,7451.3,80486.4
BRAGE,2020-07-01,297,31,7355.0,122760.7
BRAGE,2020-08-01,298,31,7815.6,190499.8
BRAGE,2020-09-01,299,30,6780.4,145491.5
BRAGE,2020-10-01,300,31,7403.7,250179.8
BRAGE,2020-11-01,301,30,8193.5,274451.2
BRAGE,2020-12-01,302,31,7643.1,265902.3
BRAGE,2021-01-01,303,31,7148.1,303874.4
BRAGE,2021-02-01,304,28,6211.2,224518.9
BRAGE,2021-03-01,305,31,7460.5,293504.4
BRAGE,2021-04-01,306,30,6050.8,236880.2
BRAGE,2021-05-01,307,31,7359.1,290083.5
BRAGE,2021-06-01,308,30,7134.7,310422.6
BRAGE,2021-07-01,309,31,7182.5,302444.0
BRAGE,2021-08-01,310,31,6592.1,280705.7
BRAGE,2021-09-01,311,30,3033.8,130934.8
BRAGE,2021-10-01,312,31,4553.0,85784.8
BRAGE,2021-11-01,313,30,8197.7,251086.7
BRAGE,2021-12-01,314,31,7456.5,295768.7
BRAGE,2022-01-01,315,31,6425.7,259720.0
BRAGE,2022-02-01,316,28,6691.9,301135.4
BRAGE,2022-03-01,317,31,7823.7,292629.9
BRAGE,2022-04-01,318,30,7149.4,259202.7
BRAGE,2022-05-01,319,31,6839.7,243354.4
BRAGE,2022-06-01,320,30,7598.1,290362.3
BRAGE,2022-07-01,321,31,7093.3,298844.6
BRAGE,2022-08-01,322,31,6644.9,288866.2
BRAGE,2022-09-01,323,30,350.1,10883.5
BRAGE,2022-10-01,324,31,3731.3,157997.7
BRAGE,2022-11-01,325,30,5784.5,270346.1
BRAGE,2022-12-01,326,31,6054.4,275688.0
BRAGE,2023-01-01,327,31,5405.2,260902.9
BRAGE,2023-02-01,328,28,5391.3,261419.8
BRAGE,2023-03-01,329,31,5808.9,295649.0
BRAGE,2023-04-01,330,30,3947.9,211823.7
BRAGE,2023-05-01,331,31,9071.5,280916.7
BRAGE,2023-06-01,332,30,9074.1,267689.7
BRAGE,2023-07-01,333,31,10081.9,279031.8
BRAGE,2023-08-01,334,31,11041.6,236930.7
BRAGE,2023-09-01,335,30,11321.6,190222.4
BRAGE,2023-10-01,336,31,11609.8,169031.3
BRAGE,2023-11-01,337,30,21592.9,188033.6
BRAGE,2023-12-01,338,31,15460.7,191400.6
BRAGE,2024-01-01,339,31,16245.9,145675.8
BRAGE,2024-02-01,340,29,12813.8,213519.2
BRAGE,2024-03-01,341,31,14239.3,253675.7
BRAGE,2024-04-01,342,30,13087.0,235355.9
BRAGE,2024-05-01,343,31,13303.9,254493.4
BRAGE,2024-06-01,344,30,13592.3,216073.5
BRAGE,2024-07-01,345,31,15044.8,272370.7
BRAGE,2024-08-01,346,31,13965.4,188470.8
BRAGE,2024-09-01,347,30,13994.8,218369.3
BRAGE,2024-10-01,348,31,12595.8,178784.5
BRAGE,2024-11-01,349,30,12648.8,192826.4
BRAGE,2024-12-01,350,31,15343.1,188140.1
BRAGE,2025-01-01,351,31,13003.7,154029.1
BRAGE,2025-02-01,352,28,13689.3,199964.0
BRAGE,2025-03-01,353,31,13594.1,216785.1
BRAGE,2025-04-01,354,30,12602.7,223178.9
BRAGE,2025-05-01,355,31,12920.5,275126.0
BRAGE,2025-06-01,356,30,11699.0,246176.5
BRAGE,2025-07-01,357,31,20602.1,213372.3
BRAGE,2025-08-01,358,31,16998.7,174744.8
BRAGE,2025-09-01,359,30,15422.6,160218.0
BRAGE,2025-10-01,360,31,10828.6,125240.1
BRAGE,2025-11-01,361,30,14357.5,199751.5
BRAGE,2025-12-01,362,31,11796.4,223287.9
BRAGE,2026-01-01,363,31,18372.3,142461.9
BRAGE,2026-02-01,364,28,21171.9,130843.6
BRAGE,2026-03-01,365,31,20439.8,138097.6
BRAGE,2026-04-01,366,30,17621.9,125542.3
BRAGE,2026-05-01,367,31,-71.0,0.0
COD,1980-03-01,0,31,8870.6,0.0
COD,1980-04-01,1,30,6388.3,0.0
COD,1980-05-01,2,31,9806.0,0.0
COD,1980-06-01,3,30,9239.7,0.0
COD,1980-07-01,4,31,2761.4,0.0
COD,1980-08-01,5,31,6752.4,0.0
COD,1980-09-01,6,30,8338.2,0.0
COD,1980-10-01,7,31,7397.6,0.0
COD,1980-11-01,8,30,8132.7,0.0
COD,1980-12-01,9,31,7746.6,0.0
COD,1981-01-01,10,31,7667.5,0.0
COD,1981-02-01,11,28,7671.3,0.0
COD,1981-03-01,12,31,7036.5,0.0
COD,1981-04-01,13,30,6088.5,0.0
COD,1981-05-01,14,31,7123.7,0.0
COD,1981-06-01,15,30,6874.8,0.0
COD,1981-07-01,16,31,5675.0,0.0
COD,1981-08-01,17,31,1404.0,0.0
COD,1981-09-01,18,30,5063.3,0.0
COD,1981-10-01,19,31,4822.9,0.0
COD,1981-11-01,20,30,5690.2,0.0
COD,1981-12-01,21,31,5851.5,0.0
COD,1982-01-01,22,31,6480.5,0.0
COD,1982-02-01,23,28,6269.6,0.0
COD,1982-03-01,24,31,5821.1,0.0
COD,1982-04-01,25,30,6363.2,0.0
COD,1982-05-01,26,31,5111.0,0.0
COD,1982-06-01,27,30,5346.3,0.0
COD,1982-07-01,28,31,4760.0,0.0
COD,1982-08-01,29,31,5188.1,0.0
COD,1982-09-01,30,30,5482.6,0.0
COD,1982-10-01,31,31,4408.9,0.0
COD,1982-11-01,32,30,6407.2,0.0
COD,1982-12-01,33,31,5143.4,0.0
COD,1983-01-01,34,31,4398.8,0.0
COD,1983-02-01,35,28,6424.6,0.0
COD,1983-03-01,36,31,5778.5,0.0
COD,1983-04-01,37,30,5447.0,0.0
COD,1983-05-01,38,31,5046.0,0.0
COD,1983-06-01,39,30,4929.1,0.0
COD,1983-07-01,40,31,5060.2,0.0
COD,1983-08-01,41,31,4776.2,0.0
COD,1983-09-01,42,30,3235.1,0.0
COD,1983-10-01,43,31,4372.4,0.0
COD,1983-11-01,44,30,4652.4,0.0
COD,1983-12-01,45,31,4563.1,0.0
COD,1984-01-01,46,31,4358.2,0.0
COD,1984-02-01,47,29,4123.1,0.0
COD,1984-03-01,48,31,3796.2,0.0
COD,1984-04-01,49,30,3851.5,0.0
COD,1984-05-01,50,31,3621.7,0.0
COD,1984-06-01,51,30,3597.8,0.0
COD,1984-07-01,52,31,2440.8,0.0
COD,1984-08-01,53,31,1763.2,0.0
COD,1984-09-01,54,30,3224.6,0.0
COD,1984-10-01,55,31,3053.6,0.0
COD,1984-11-01,56,30,3002.3,0.0
COD,1984-12-01,57,31,2692.4,0.0
COD,1985-01-01,58,31,2485.5,0.0
COD,1985-02-01,59,28,2545.1,0.0
COD,1985-03-01,60,31,2617.4,0.0
COD,1985-04-01,61,30,2463.5,0.0
COD,1985-05-01,62,31,2704.6,0.0
COD,1985-06-01,63,30,2524.3,0.0
COD,1985-07-01,64,31,2530.1,0.0
COD,1985-08-01,65,31,2430.7,0.0
COD,1985-09-01,66,30,3079.9,0.0
COD,1985-10-01,67,31,2789.8,0.0
COD,1985-11-01,68,30,2775.9,0.0
COD,1985-12-01,69,31,2785.8,0.0
COD,1986-01-01,70,31,2797.9,0.0
COD,1986-02-01,71,28,2529.4,0.0
COD,1986-03-01,72,31,2532.2,0.0
COD,1986-04-01,73,30,626.9,0.0
COD,1986-05-01,74,31,2424.6,0.0
COD,1986-06-01,75,30,2515.9,0.0
COD,1986-07-01,76,31,2266.4,0.0
COD,1986-08-01,77,31,2244.0,0.0
COD,1986-09-01,78,30,2146.9,0.0
COD,1986-10-01,79,31,1984.3,0.0
COD,1986-11-01,80,30,2000.2,0.0
COD,1986-12-01,81,31,1939.7,0.0
COD,1987-01-01,82,31,1629.3,0.0
COD,1987-02-01,83,28,1103.0,0.0
COD,1987-03-01,84,31,1517.7,0.0
COD,1987-04-01,85,30,1484.4,0.0
COD,1987-05-01,86,31,1519.7,0.0
COD,1987-06-01,87,30,1505.4,0.0
COD,1987-07-01,88,31,1519.7,0.0
COD,1987-08-01,89,31,407.8,0.0
COD,1987-09-01,90,30,1142.6,0.0
COD,1987-10-01,91,31,1460.9,0.0
COD,1987-11-01,92,30,1438.3,0.0
COD,1987-12-01,93,31,2075.6,0.0
COD,1988-01-01,94,31,1980.3,0.0
COD,1988-02-01,95,29,1913.0,0.0
COD,1988-03-01,96,31,1903.2,0.0
COD,1988-04-01,97,30,2027.4,0.0
COD,1988-05-01,98,31,1785.5,0.0
COD,1988-06-01,99,30,1748.6,0.0
COD,1988-07-01,100,31,1519.7,0.0
COD,1988-08-01,101,31,1684.0,0.0
COD,1988-09-01,102,30,1612.3,0.0
COD,1988-10-01,103,31,1507.5,0.0
COD,1988-11-01,104,30,1446.7,0.0
COD,1988-12-01,105,31,1531.9,0.0
COD,1989-01-01,106,31,1613.0,0.0
COD,1989-02-01,107,28,1482.6,0.0
COD,1989-03-01,108,31,1122.0,0.0
COD,1989-04-01,109,30,1023.1,0.0
COD,1989-05-01,110,31,864.3,0.0
COD,1989-06-01,111,30,1193.0,0.0
COD,1989-07-01,112,31,1322.9,0.0
COD,1989-08-01,113,31,1215.4,0.0
COD,1989-09-01,114,30,1232.8,0.0
COD,1989-10-01,115,31,1189.0,0.0
COD,1989-11-01,116,30,1186.7,0.0
COD,1989-12-01,117,31,1249.8,0.0
COD,1990-01-01,118,31,1174.8,0.0
COD,1990-02-01,119,28,1035.6,0.0
COD,1990-03-01,120,31,967.8,0.0
COD,1990-04-01,121,30,1249.6,0.0
COD,1990-05-01,122,31,1197.1,0.0
COD,1990-06-01,123,30,1132.2,0.0
COD,1990-07-01,124,31,848.1,0.0
COD,1990-08-01,125,31,787.2,0.0
COD,1990-09-01,126,30,926.7,0.0
COD,1990-10-01,127,31,882.6,0.0
COD,1990-11-01,128,30,838.6,0.0
COD,1990-12-01,129,31,795.4,0.0
COD,1991-01-01,130,31,813.6,0.0
COD,1991-02-01,131,28,691.9,0.0
COD,1991-03-01,132,31,754.8,0.0
COD,1991-04-01,133,30,735.9,0.0
COD,1991-05-01,134,31,722.3,0.0
COD,1991-06-01,135,30,1132.2,0.0
COD,1991-07-01,136,31,1193.0,0.0
COD,1991-08-01,137,31,409.9,0.0
COD,1991-09-01,138,30,1052.5,0.0
COD,1991-10-01,139,31,1055.1,0.0
COD,1991-11-01,140,30,1058.8,0.0
COD,1991-12-01,141,31,988.1,0.0
COD,1992-01-01,142,31,1004.3,0.0
COD,1992-02-01,143,29,880.6,0.0
COD,1992-03-01,144,31,685.8,0.0
COD,1992-04-01,145,30,920.4,0.0
COD,1992-05-01,146,31,704.1,0.0
COD,1992-06-01,147,30,649.9,0.0
COD,1992-07-01,148,31,838.0,0.0
COD,1992-08-01,149,31,854.2,0.0
COD,1992-09-01,150,30,851.2,0.0
COD,1992-10-01,151,31,896.8,0.0
COD,1992-11-01,152,30,933.0,0.0
COD,1992-12-01,153,31,872.5,0.0
COD,1993-01-01,154,31,724.3,0.0
COD,1993-02-01,155,28,858.1,0.0
COD,1993-03-01,156,31,712.2,0.0
COD,1993-04-01,157,30,834.4,0.0
COD,1993-05-01,158,31,789.3,0.0
COD,1993-06-01,159,30,763.2,0.0
COD,1993-07-01,160,31,805.5,0.0
COD,1993-08-01,161,31,941.4,0.0
COD,1993-09-01,162,30,765.3,0.0
COD,1993-10-01,163,31,771.0,0.0
COD,1993-11-01,164,30,863.8,0.0
COD,1993-12-01,165,31,598.5,0.0
COD,1994-01-01,166,31,793.3,0.0
COD,1994-02-01,167,28,851.4,0.0
COD,1994-03-01,168,31,878.5,0.0
COD,1994-04-01,169,30,851.2,0.0
COD,1994-05-01,170,31,842.0,0.0
COD,1994-06-01,171,30,851.2,0.0
COD,1994-07-01,172,31,835.9,0.0
COD,1994-08-01,173,31,497.1,0.0
COD,1994-09-01,174,30,826.1,0.0
COD,1994-10-01,175,31,769.0,0.0
COD,1994-11-01,176,30,790.4,0.0
COD,1994-12-01,177,31,799.4,0.0
COD,1995-01-01,178,31,766.9,0.0
COD,1995-02-01,179,28,730.1,0.0
COD,1995-03-01,180,31,848.1,0.0
COD,1995-04-01,181,30,907.8,0.0
COD,1995-05-01,182,31,890.7,0.0
COD,1995-06-01,183,30,964.4,0.0
COD,1995-07-01,184,31,779.1,0.0
COD,1995-08-01,185,31,564.1,0.0
COD,1995-09-01,186,30,851.2,0.0
COD,1995-10-01,187,31,898.8,0.0
COD,1995-11-01,188,30,654.1,0.0
COD,1995-12-01,189,31,842.0,0.0
COD,1996-01-01,190,31,716.2,0.0
COD,1996-02-01,191,29,407.8,0.0
COD,1996-03-01,192,31,754.8,0.0
COD,1996-04-01,193,30,767.4,0.0
COD,1996-05-01,194,31,799.4,0.0
COD,1996-06-01,195,30,694.0,0.0
COD,1996-07-01,196,31,756.8,0.0
COD,1996-08-01,197,31,815.6,0.0
COD,1996-09-01,198,30,786.2,0.0
COD,1996-10-01,199,31,777.1,0.0
COD,1996-11-01,200,30,530.4,0.0
COD,1996-12-01,201,31,777.1,0.0
COD,1997-01-01,202,31,491.0,0.0
COD,1997-02-01,203,28,676.2,0.0
COD,1997-03-01,204,31,653.3,0.0
COD,1997-04-01,205,30,744.3,0.0
COD,1997-05-01,206,31,691.9,0.0
COD,1997-06-01,207,30,572.4,0.0
COD,1997-07-01,208,31,452.5,0.0
COD,1997-08-01,209,31,513.3,0.0
COD,1997-09-01,210,30,513.7,0.0
COD,1997-10-01,211,31,454.5,0.0
COD,1997-11-01,212,30,526.2,0.0
COD,1997-12-01,213,31,503.2,0.0
COD,1998-01-01,214,31,566.1,0.0
COD,1998-02-01,215,28,617.7,0.0
COD,1998-03-01,216,31,543.8,0.0
COD,1998-04-01,217,30,505.3,0.0
COD,1998-05-01,218,31,513.3,0.0
COD,1998-06-01,219,30,486.4,0.0
COD,1998-07-01,220,31,470.7,0.0
DRAUGEN,2001-10-01,0,31,221017.5,5474.2
DRAUGEN,2001-11-01,1,30,206097.9,4094.7
DRAUGEN,2001-12-01,2,31,221910.2,2280.6
DRAUGEN,2002-01-01,3,31,182043.0,3532.4
DRAUGEN,2002-02-01,4,28,208909.0,4670.2
DRAUGEN,2002-03-01,5,31,210022.5,5892.1
DRAUGEN,2002-04-01,6,30,210905.4,9267.0
DRAUGEN,2002-05-01,7,31,206824.9,8081.4
DRAUGEN,2002-06-01,8,30,209165.2,8667.3
DRAUGEN,2002-07-01,9,31,205840.8,12823.1
DRAUGEN,2002-08-01,10,31,194009.9,17631.7
DRAUGEN,2002-09-01,11,30,195338.1,21790.0
DRAUGEN,2002-10-01,12,31,187078.9,29186.7
DRAUGEN,2002-11-01,13,30,188807.2,29880.7
DRAUGEN,2002-12-01,14,31,92709.6,19200.1
DRAUGEN,2003-01-01,15,31,141548.9,10812.4
DRAUGEN,2003-02-01,16,28,157532.5,28304.1
DRAUGEN,2003-03-01,17,31,157204.4,38384.0
DRAUGEN,2003-04-01,18,30,162207.7,48660.0
DRAUGEN,2003-05-01,19,31,66483.2,9672.1
DRAUGEN,2003-06-01,20,30,130098.2,37397.1
DRAUGEN,2003-07-01,21,31,124077.5,40027.5
DRAUGEN,2003-08-01,22,31,125449.0,42955.3
DRAUGEN,2003-09-01,23,30,124940.6,43647.0
DRAUGEN,2003-10-01,24,31,122610.5,42267.5
DRAUGEN,2003-11-01,25,30,111459.4,43632.3
DRAUGEN,2003-12-01,26,31,117063.3,58957.7
DRAUGEN,2004-01-01,27,31,114977.5,63433.6
DRAUGEN,2004-02-01,28,29,109540.1,61605.3
DRAUGEN,2004-03-01,29,31,114738.1,70042.0
DRAUGEN,2004-04-01,30,30,141040.4,57792.8
DRAUGEN,2004-05-01,31,31,147061.6,64537.4
DRAUGEN,2004-06-01,32,30,158851.0,82981.3
DRAUGEN,2004-07-01,33,31,152373.4,96085.8
DRAUGEN,2004-08-01,34,31,147248.3,97540.6
DRAUGEN,2004-09-01,35,30,136937.3,95045.2
DRAUGEN,2004-10-01,36,31,140932.1,104855.0
DRAUGEN,2004-11-01,37,30,133316.5,98745.7
DRAUGEN,2004-12-01,38,31,112520.5,87527.6
DRAUGEN,2005-01-01,39,31,104851.0,57955.4
DRAUGEN,2005-02-01,40,28,127786.3,104356.8
DRAUGEN,2005-03-01,41,31,94842.1,69169.5
DRAUGEN,2005-04-01,42,30,119397.2,108180.4
DRAUGEN,2005-05-01,43,31,74990.6,52179.0
DRAUGEN,2005-06-01,44,30,123267.5,131081.5
DRAUGEN,2005-07-01,45,31,110850.6,120129.1
DRAUGEN,2005-08-01,46,31,101428.1,120823.0
DRAUGEN,2005-09-01,47,30,100439.7,118395.0
DRAUGEN,2005-10-01,48,31,99070.4,118885.3
DRAUGEN,2005-11-01,49,30,96753.9,119523.0
DRAUGEN,2005-12-01,50,31,93969.6,115417.8
DRAUGEN,2006-01-01,51,31,87140.1,103063.4
DRAUGEN,2006-02-01,52,28,90463.0,107416.3
DRAUGEN,2006-03-01,53,31,86036.3,101150.1
DRAUGEN,2006-04-01,54,30,83994.0,104396.0
DRAUGEN,2006-05-01,55,31,82171.2,100539.4
DRAUGEN,2006-06-01,56,30,64428.5,70401.7
DRAUGEN,2006-07-01,57,31,74528.0,87288.2
DRAUGEN,2006-08-01,58,31,71689.5,85036.1
DRAUGEN,2006-09-01,59,30,70244.5,77219.9
DRAUGEN,2006-10-01,60,31,73943.7,90599.5
DRAUGEN,2006-11-01,61,30,78010.3,96317.8
DRAUGEN,2006-12-01,62,31,78742.2,106127.2
DRAUGEN,2007-01-01,63,31,79219.0,115139.9
DRAUGEN,2007-02-01,64,28,80109.6,117873.1
DRAUGEN,2007-03-01,65,31,78677.3,111968.6
DRAUGEN,2007-04-01,66,30,67730.7,104213.6
DRAUGEN,2007-05-01,67,31,32562.9,23481.2
DRAUGEN,2007-06-01,68,30,78157.1,116472.4
DRAUGEN,2007-07-01,69,31,71283.7,118240.1
DRAUGEN,2007-08-01,70,31,74643.7,124045.0
DRAUGEN,2007-09-01,71,30,77593.1,137348.3
DRAUGEN,2007-10-01,72,31,71080.8,130560.0
DRAUGEN,2007-11-01,73,30,71244.6,120472.7
DRAUGEN,2007-12-01,74,31,71685.5,121032.0
DRAUGEN,2008-01-01,75,31,71131.6,131122.0
DRAUGEN,2008-02-01,76,29,64344.7,118222.2
DRAUGEN,2008-03-01,77,31,63537.1,119863.3
DRAUGEN,2008-04-01,78,30,68412.1,131857.3
DRAUGEN,2008-05-01,79,31,62011.3,111165.1
DRAUGEN,2008-06-01,80,30,56123.9,86698.6
DRAUGEN,2008-07-01,81,31,76948.6,110797.9
DRAUGEN,2008-08-01,82,31,75120.5,141891.8
DRAUGEN,2008-09-01,83,30,68405.8,126267.7
DRAUGEN,2008-10-01,84,31,85303.9,116939.6
DRAUGEN,2008-11-01,85,30,73903.1,102259.6
DRAUGEN,2008-12-01,86,31,67254.2,124318.9
DRAUGEN,2009-01-01,87,31,70559.4,124284.4
DRAUGEN,2009-02-01,88,28,72045.2,154515.7
DRAUGEN,2009-03-01,89,31,70224.6,150870.0
DRAUGEN,2009-04-01,90,30,57847.3,128016.3
DRAUGEN,2009-05-01,91,31,20730.0,29541.8
DRAUGEN,2009-06-01,92,30,72269.8,154871.6
DRAUGEN,2009-07-01,93,31,61136.9,151340.7
DRAUGEN,2009-08-01,94,31,55437.5,146862.8
DRAUGEN,2009-09-01,95,30,60294.0,160867.9
DRAUGEN,2009-10-01,96,31,53948.2,147536.4
DRAUGEN,2009-11-01,97,30,55998.1,149598.7
DRAUGEN,2009-12-01,98,31,53962.4,162640.0
DRAUGEN,2010-01-01,99,31,50109.4,155035.5
DRAUGEN,2010-02-01,100,28,34066.0,107733.0
DRAUGEN,2010-03-01,101,31,43996.1,111021.1
DRAUGEN,2010-04-01,102,30,42619.7,128704.0
DRAUGEN,2010-05-01,103,31,29127.9,83502.2
DRAUGEN,2010-06-01,104,30,43328.3,139721.6
DRAUGEN,2010-07-01,105,31,40315.6,136070.7
DRAUGEN,2010-08-01,106,31,42715.9,133729.3
DRAUGEN,2010-09-01,107,30,43252.9,136113.4
DRAUGEN,2010-10-01,108,31,44245.7,136894.5
DRAUGEN,2010-11-01,109,30,41908.9,139402.9
DRAUGEN,2010-12-01,110,31,41843.4,147230.0
DRAUGEN,2011-01-01,111,31,40954.7,153655.8
DRAUGEN,2011-02-01,112,28,40602.9,161362.6
DRAUGEN,2011-03-01,113,31,37915.3,138239.7
DRAUGEN,2011-04-01,114,30,40877.4,151376.6
DRAUGEN,2011-05-01,115,31,14852.0,41668.9
DRAUGEN,2011-06-01,116,30,35231.3,129416.8
DRAUGEN,2011-07-01,117,31,39015.0,131546.1
DRAUGEN,2011-08-01,118,31,43312.4,161824.4
DRAUGEN,2011-09-01,119,30,39883.6,165757.2
DRAUGEN,2011-10-01,120,31,41926.6,172490.7
DRAUGEN,2011-11-01,121,30,36967.3,153861.1
DRAUGEN,2011-12-01,122,31,38162.9,160051.1
DRAUGEN,2012-01-01,123,31,33784.3,153379.8
DRAUGEN,2012-02-01,124,29,37164.0,155091.3
DRAUGEN,2012-03-01,125,31,34238.8,147978.7
DRAUGEN,2012-04-01,126,30,37021.8,159716.9
DRAUGEN,2012-05-01,127,31,36537.7,165452.2
DRAUGEN,2012-06-01,128,30,30176.4,143512.3
DRAUGEN,2012-07-01,129,31,36588.4,179379.0
DRAUGEN,2012-08-01,130,31,35405.5,179805.1
DRAUGEN,2012-09-01,131,30,35390.6,168510.0
DRAUGEN,2012-10-01,132,31,34488.4,184195.8
DRAUGEN,2012-11-01,133,30,35271.1,162773.7
DRAUGEN,2012-12-01,134,31,31540.3,171204.3
DRAUGEN,2013-01-01,135,31,31635.7,176134.7
DRAUGEN,2013-02-01,136,28,30734.7,169002.4
DRAUGEN,2013-03-01,137,31,32287.0,181036.7
DRAUGEN,2013-04-01,138,30,33363.2,192264.5
DRAUGEN,2013-05-01,139,31,32702.9,194691.6
DRAUGEN,2013-06-01,140,30,30887.1,192438.5
DRAUGEN,2013-07-01,141,31,32191.6,193640.6
DRAUGEN,2013-08-01,142,31,30069.3,189454.9
DRAUGEN,2013-09-01,143,30,79.7,234.8
DRAUGEN,2013-10-01,144,31,0.0,0.0
DRAUGEN,2013-11-01,145,30,22479.7,90839.4
DRAUGEN,2013-12-01,146,31,27382.9,105646.3
DRAUGEN,2014-01-01,147,31,29647.3,161254.2
DRAUGEN,2014-02-01,148,28,26432.9,143450.1
DRAUGEN,2014-03-01,149,31,28872.2,133755.6
DRAUGEN,2014-04-01,150,30,30293.8,156337.2
DRAUGEN,2014-05-01,151,31,28683.5,158346.7
DRAUGEN,2014-06-01,152,30,29671.1,182410.5
DRAUGEN,2014-07-01,153,31,27378.9,179510.9
DRAUGEN,2014-08-01,154,31,25944.4,173813.6
DRAUGEN,2014-09-01,155,30,19582.2,125567.5
DRAUGEN,2014-10-01,156,31,40238.5,129068.7
DRAUGEN,2014-11-01,157,30,47399.9,179590.6
DRAUGEN,2014-12-01,158,31,38797.9,192729.6
DRAUGEN,2015-01-01,159,31,35553.6,202486.9
DRAUGEN,2015-02-01,160,28,31617.5,193844.9
DRAUGEN,2015-03-01,161,31,34372.7,221179.8
DRAUGEN,2015-04-01,162,30,34619.1,225814.3
DRAUGEN,2015-05-01,163,31,25782.1,183292.9
DRAUGEN,2015-06-01,164,30,30266.5,185475.7
DRAUGEN,2015-07-01,165,31,29959.7,159353.1
DRAUGEN,2015-08-01,166,31,28442.1,171001.4
DRAUGEN,2015-09-01,167,30,23888.7,148085.0
DRAUGEN,2015-10-01,168,31,27395.1,172527.2
DRAUGEN,2015-11-01,169,30,26752.6,176600.8
DRAUGEN,2015-12-01,170,31,27350.5,187819.5
DRAUGEN,2016-01-01,171,31,23095.7,173702.0
DRAUGEN,2016-02-01,172,29,25022.6,169757.4
DRAUGEN,2016-03-01,173,31,25845.0,186803.0
DRAUGEN,2016-04-01,174,30,23823.7,176479.2
DRAUGEN,2016-05-01,175,31,22880.7,169784.0
DRAUGEN,2016-06-01,176,30,19622.1,147881.6
DRAUGEN,2016-07-01,177,31,23751.1,174714.4
DRAUGEN,2016-08-01,178,31,20813.2,155516.3
DRAUGEN,2016-09-01,179,30,4667.0,23546.9
DRAUGEN,2016-10-01,180,31,24465.3,176402.5
DRAUGEN,2016-11-01,181,30,23211.5,179865.2
DRAUGEN,2016-12-01,182,31,25824.7,181134.1
DRAUGEN,2017-01-01,183,31,28129.6,215163.9
DRAUGEN,2017-02-01,184,28,22537.7,186883.4
DRAUGEN,2017-03-01,185,31,26883.8,208620.5
DRAUGEN,2017-04-01,186,30,25102.6,212479.9
DRAUGEN,2017-05-01,187,31,22113.7,191072.0
DRAUGEN,2017-06-01,188,30,24243.0,189752.8
DRAUGEN,2017-07-01,189,31,22716.3,181383.6
DRAUGEN,2017-08-01,190,31,23103.9,198633.9
DRAUGEN,2017-09-01,191,30,19555.0,172793.4
DRAUGEN,2017-10-01,192,31,22166.5,191816.6
DRAUGEN,2017-11-01,193,30,11778.7,91963.2
DRAUGEN,2017-12-01,194,31,28109.3,189091.7
DRAUGEN,2018-01-01,195,31,25266.7,193456.0
DRAUGEN,2018-02-01,196,28,23225.1,203124.6
DRAUGEN,2018-03-01,197,31,19954.9,156226.5
DRAUGEN,2018-04-01,198,30,12269.3,109849.3
DRAUGEN,2018-05-01,199,31,16629.4,105634.1
DRAUGEN,2018-06-01,200,30,17995.1,140008.9
DRAUGEN,2018-07-01,201,31,21730.2,191331.7
DRAUGEN,2018-08-01,202,31,21056.6,199589.6
DRAUGEN,2018-09-01,203,30,19209.0,183911.7
DRAUGEN,2018-10-01,204,31,12161.6,116852.3
DRAUGEN,2018-11-01,205,30,25981.1,208079.2
DRAUGEN,2018-12-01,206,31,24465.3,232684.0
DRAUGEN,2019-01-01,207,31,10826.6,110860.8
DRAUGEN,2019-02-01,208,28,23229.6,197870.4
DRAUGEN,2019-03-01,209,31,23276.3,215622.5
DRAUGEN,2019-04-01,210,30,20942.9,203110.2
DRAUGEN,2019-05-01,211,31,19593.7,182418.4
DRAUGEN,2019-06-01,212,30,16965.7,164664.9
DRAUGEN,2019-07-01,213,31,22050.8,223243.3
DRAUGEN,2019-08-01,214,31,21156.0,217771.1
DRAUGEN,2019-09-01,215,30,19307.6,216503.3
DRAUGEN,2019-10-01,216,31,19762.1,215448.0
DRAUGEN,2019-11-01,217,30,18336.9,218230.9
DRAUGEN,2019-12-01,218,31,18559.0,216894.6
DRAUGEN,2020-01-01,219,31,19798.7,214425.4
DRAUGEN,2020-02-01,220,29,19227.3,214568.9
DRAUGEN,2020-03-01,221,31,18439.3,217742.7
DRAUGEN,2020-04-01,222,30,18907.1,223684.2
DRAUGEN,2020-05-01,223,31,18891.7,223302.1
DRAUGEN,2020-06-01,224,30,13644.7,168321.3
DRAUGEN,2020-07-01,225,31,6220.8,68112.4
DRAUGEN,2020-08-01,226,31,18435.2,204958.2
DRAUGEN,2020-09-01,227,30,18731.0,206120.9
DRAUGEN,2020-10-01,228,31,17353.8,205207.8
DRAUGEN,2020-11-01,229,30,16145.9,204674.3
DRAUGEN,2020-12-01,230,31,17587.1,209036.4
DRAUGEN,2021-01-01,231,31,16262.2,204877.0
DRAUGEN,2021-02-01,232,28,17137.5,210252.3
DRAUGEN,2021-03-01,233,31,15998.4,200930.7
DRAUGEN,2021-04-01,234,30,16210.9,202779.0
DRAUGEN,2021-05-01,235,31,16408.3,202131.9
DRAUGEN,2021-06-01,236,30,15353.4,191283.3
DRAUGEN,2021-07-01,237,31,15462.8,196690.2
DRAUGEN,2021-08-01,238,31,14906.8,193366.7
DRAUGEN,2021-09-01,239,30,14965.5,191553.8
DRAUGEN,2021-10-01,240,31,16288.6,209787.1
DRAUGEN,2021-11-01,241,30,15284.2,191465.7
DRAUGEN,2021-12-01,242,31,16546.2,212684.5
DRAUGEN,2022-01-01,243,31,15905.1,189635.4
DRAUGEN,2022-02-01,244,28,16128.8,191108.8
DRAUGEN,2022-03-01,245,31,14330.6,177003.1
DRAUGEN,2022-04-01,246,30,16548.5,208450.3
DRAUGEN,2022-05-01,247,31,15667.7,211741.0
DRAUGEN,2022-06-01,248,30,15286.3,208452.4
DRAUGEN,2022-07-01,249,31,13819.3,191717.2
DRAUGEN,2022-08-01,250,31,15791.5,210339.0
DRAUGEN,2022-09-01,251,30,13019.9,173611.1
DRAUGEN,2022-10-01,252,31,14348.9,178670.9
DRAUGEN,2022-11-01,253,30,16045.3,203592.4
DRAUGEN,2022-12-01,254,31,15391.7,207102.8
DRAUGEN,2023-01-01,255,31,15809.7,212530.3
DRAUGEN,2023-02-01,256,28,14662.0,210265.8
DRAUGEN,2023-03-01,257,31,13839.6,196818.0
DRAUGEN,2023-04-01,258,30,13160.4,178907.1
DRAUGEN,2023-05-01,259,31,4394.7,53749.4
DRAUGEN,2023-06-01,260,30,14508.5,205970.0
DRAUGEN,2023-07-01,261,31,8172.7,115188.6
DRAUGEN,2023-08-01,262,31,16160.7,224389.6
DRAUGEN,2023-09-01,263,30,14980.2,218759.2
DRAUGEN,2023-10-01,264,31,14693.8,204047.2
DRAUGEN,2023-11-01,265,30,16257.0,236026.8
DRAUGEN,2023-12-01,266,31,15337.0,232923.5
DRAUGEN,2024-01-01,267,31,11652.4,168990.7
DRAUGEN,2024-02-01,268,29,16292.8,244039.9
DRAUGEN,2024-03-01,269,31,16649.7,235323.7
DRAUGEN,2024-04-01,270,30,16234.0,235412.5
DRAUGEN,2024-05-01,271,31,13973.5,215821.3
DRAUGEN,2024-06-01,272,30,14653.1,225317.4
DRAUGEN,2024-07-01,273,31,14334.7,227569.0
DRAUGEN,2024-08-01,274,31,12372.6,202351.0
DRAUGEN,2024-09-01,275,30,11814.3,191189.0
DRAUGEN,2024-10-01,276,31,15028.6,212124.5
DRAUGEN,2024-11-01,277,30,13562.9,189247.5
DRAUGEN,2024-12-01,278,31,13715.8,186677.2
DRAUGEN,2025-01-01,279,31,13068.6,193111.1
DRAUGEN,2025-02-01,280,28,12240.4,194759.2
DRAUGEN,2025-03-01,281,31,12727.7,183305.1
DRAUGEN,2025-04-01,282,30,11587.9,165832.7
DRAUGEN,2025-05-01,283,31,12506.6,194529.3
DRAUGEN,2025-06-01,284,30,11434.9,197063.6
DRAUGEN,2025-07-01,285,31,12877.9,212029.2
DRAUGEN,2025-08-01,286,31,12321.9,192656.6
DRAUGEN,2025-09-01,287,30,10520.7,178902.9
DRAUGEN,2025-10-01,288,31,9304.8,136036.2
DRAUGEN,2025-11-01,289,30,12212.7,182318.2
DRAUGEN,2025-12-01,290,31,12654.7,192222.4
DRAUGEN,2026-01-01,291,31,11952.6,186951.1
DRAUGEN,2026-02-01,292,28,11413.7,182220.0
DRAUGEN,2026-03-01,293,31,12001.3,184910.0
DRAUGEN,2026-04-01,294,30,11581.6,208567.7
DRAUGEN,2026-05-01,295,31,11680.8,199997.4
EDDA,1980-04-01,0,30,18146.1,0.0
EDDA,1980-05-01,1,31,24146.7,0.0
EDDA,1980-06-01,2,30,24052.2,0.0
EDDA,1980-07-01,3,31,12504.5,0.0
EDDA,1980-08-01,4,31,21513.1,0.0
EDDA,1980-09-01,5,30,16714.1,0.0
EDDA,1980-10-01,6,31,18335.8,0.0
EDDA,1980-11-01,7,30,18011.9,0.0
EDDA,1980-12-01,8,31,18650.3,0.0
EDDA,1981-01-01,9,31,17485.6,0.0
EDDA,1981-02-01,10,28,16185.0,0.0
EDDA,1981-03-01,11,31,14582.2,0.0
EDDA,1981-04-01,12,30,14430.9,0.0
EDDA,1981-05-01,13,31,13409.4,0.0
EDDA,1981-06-01,14,30,12512.5,0.0
EDDA,1981-07-01,15,31,11904.0,0.0
EDDA,1981-08-01,16,31,6259.4,0.0
EDDA,1981-09-01,17,30,12619.4,0.0
EDDA,1981-10-01,18,31,9274.4,0.0
EDDA,1981-11-01,19,30,11036.5,0.0
EDDA,1981-12-01,20,31,9138.5,0.0
EDDA,1982-01-01,21,31,9191.2,0.0
EDDA,1982-02-01,22,28,8574.3,0.0
EDDA,1982-03-01,23,31,8213.3,0.0
EDDA,1982-04-01,24,30,8048.8,0.0
EDDA,1982-05-01,25,31,6502.8,0.0
EDDA,1982-06-01,26,30,7923.1,0.0
EDDA,1982-07-01,27,31,6821.4,0.0
EDDA,1982-08-01,28,31,7192.7,0.0
EDDA,1982-09-01,29,30,6891.5,0.0
EDDA,1982-10-01,30,31,5993.6,0.0
EDDA,1982-11-01,31,30,6264.6,0.0
EDDA,1982-12-01,32,31,6105.2,0.0
EDDA,1983-01-01,33,31,5894.2,0.0
EDDA,1983-02-01,34,28,5723.7,0.0
EDDA,1983-03-01,35,31,5429.5,0.0
EDDA,1983-04-01,36,30,5254.1,0.0
EDDA,1983-05-01,37,31,4940.5,0.0
EDDA,1983-06-01,38,30,4958.5,0.0
EDDA,1983-07-01,39,31,4926.3,0.0
EDDA,1983-08-01,40,31,4780.2,0.0
EDDA,1983-09-01,41,30,4438.5,0.0
EDDA,1983-10-01,42,31,4762.0,0.0
EDDA,1983-11-01,43,30,4635.6,0.0
EDDA,1983-12-01,44,31,4488.1,0.0
EDDA,1984-01-01,45,31,4372.4,0.0
EDDA,1984-02-01,46,29,4316.1,0.0
EDDA,1984-03-01,47,31,4234.5,0.0
EDDA,1984-04-01,48,30,4260.3,0.0
EDDA,1984-05-01,49,31,4092.4,0.0
EDDA,1984-06-01,50,30,4119.8,0.0
EDDA,1984-07-01,51,31,3968.7,0.0
EDDA,1984-08-01,52,31,3260.6,0.0
EDDA,1984-09-01,53,30,4059.0,0.0
EDDA,1984-10-01,54,31,3788.1,0.0
EDDA,1984-11-01,55,30,3679.5,0.0
EDDA,1984-12-01,56,31,3702.9,0.0
EDDA,1985-01-01,57,31,3562.9,0.0
EDDA,1985-02-01,58,28,3587.4,0.0
EDDA,1985-03-01,59,31,3495.9,0.0
EDDA,1985-04-01,60,30,3534.9,0.0
EDDA,1985-05-01,61,31,3374.2,0.0
EDDA,1985-06-01,62,30,3371.3,0.0
EDDA,1985-07-01,63,31,3317.4,0.0
EDDA,1985-08-01,64,31,3230.1,0.0
EDDA,1985-09-01,65,30,3165.9,0.0
EDDA,1985-10-01,66,31,3110.4,0.0
EDDA,1985-11-01,67,30,3023.3,0.0
EDDA,1985-12-01,68,31,2950.1,0.0
EDDA,1986-01-01,69,31,2954.2,0.0
EDDA,1986-02-01,70,28,2711.4,0.0
EDDA,1986-03-01,71,31,2390.1,0.0
EDDA,1986-04-01,72,30,1102.8,0.0
EDDA,1986-05-01,73,31,2970.4,0.0
EDDA,1986-06-01,74,30,2524.3,0.0
EDDA,1986-07-01,75,31,2556.5,0.0
EDDA,1986-08-01,76,31,2520.0,0.0
EDDA,1986-09-01,77,30,2440.4,0.0
EDDA,1986-10-01,78,31,2286.6,0.0
EDDA,1986-11-01,79,30,2297.9,0.0
EDDA,1986-12-01,80,31,2069.5,0.0
EDDA,1987-01-01,81,31,2195.3,0.0
EDDA,1987-02-01,82,28,2185.7,0.0
EDDA,1987-03-01,83,31,371.3,0.0
EDDA,1987-04-01,84,30,23.1,0.0
EDDA,1987-05-01,85,31,0.0,0.0
EDDA,1987-06-01,86,30,253.7,0.0
EDDA,1987-07-01,87,31,4526.6,0.0
EDDA,1987-08-01,88,31,752.7,0.0
EDDA,1987-09-01,89,30,50.3,0.0
EDDA,1987-10-01,90,31,0.0,0.0
EDDA,1987-11-01,91,30,2.1,0.0
EDDA,1987-12-01,92,31,0.0,0.0
EDDA,1988-01-01,93,31,12.2,0.0
EDDA,1988-02-01,94,29,0.0,0.0
EDDA,1988-03-01,95,31,0.0,0.0
EDDA,1988-04-01,96,30,0.0,0.0
EDDA,1988-05-01,97,31,0.0,0.0
EDDA,1988-06-01,98,30,622.7,0.0
EDDA,1988-07-01,99,31,2980.6,0.0
EDDA,1988-08-01,100,31,2946.1,0.0
EDDA,1988-09-01,101,30,1977.1,0.0
EDDA,1988-10-01,102,31,2785.8,0.0
EDDA,1988-11-01,103,30,2518.0,0.0
EDDA,1988-12-01,104,31,2410.4,0.0
EDDA,1989-01-01,105,31,2633.6,0.0
EDDA,1989-02-01,106,28,2468.7,0.0
EDDA,1989-03-01,107,31,2388.1,0.0
EDDA,1989-04-01,108,30,2335.6,0.0
EDDA,1989-05-01,109,31,2491.6,0.0
EDDA,1989-06-01,110,30,3396.5,0.0
EDDA,1989-07-01,111,31,3270.7,0.0
EDDA,1989-08-01,112,31,2879.1,0.0
EDDA,1989-09-01,113,30,3474.1,0.0
EDDA,1989-10-01,114,31,3232.1,0.0
EDDA,1989-11-01,115,30,2643.8,0.0
EDDA,1989-12-01,116,31,4088.4,0.0
EDDA,1990-01-01,117,31,3149.0,0.0
EDDA,1990-02-01,118,28,3542.5,0.0
EDDA,1990-03-01,119,31,3810.4,0.0
EDDA,1990-04-01,120,30,3427.9,0.0
EDDA,1990-05-01,121,31,2822.3,0.0
EDDA,1990-06-01,122,30,3564.2,0.0
EDDA,1990-07-01,123,31,2818.2,0.0
EDDA,1990-08-01,124,31,2830.4,0.0
EDDA,1990-09-01,125,30,2719.3,0.0
EDDA,1990-10-01,126,31,2824.3,0.0
EDDA,1990-11-01,127,30,2767.5,0.0
EDDA,1990-12-01,128,31,2706.6,0.0
EDDA,1991-01-01,129,31,2603.2,0.0
EDDA,1991-02-01,130,28,2529.4,0.0
EDDA,1991-03-01,131,31,2544.3,0.0
EDDA,1991-04-01,132,30,2593.5,0.0
EDDA,1991-05-01,133,31,2623.5,0.0
EDDA,1991-06-01,134,30,2509.6,0.0
EDDA,1991-07-01,135,31,2497.7,0.0
EDDA,1991-08-01,136,31,495.1,0.0
EDDA,1991-09-01,137,30,3583.1,0.0
EDDA,1991-10-01,138,31,2787.8,0.0
EDDA,1991-11-01,139,30,2664.8,0.0
EDDA,1991-12-01,140,31,2414.5,0.0
EDDA,1992-01-01,141,31,2710.7,0.0
EDDA,1992-02-01,142,29,2479.0,0.0
EDDA,1992-03-01,143,31,3613.6,0.0
EDDA,1992-04-01,144,30,3184.7,0.0
EDDA,1992-05-01,145,31,2369.8,0.0
EDDA,1992-06-01,146,30,2599.8,0.0
EDDA,1992-07-01,147,31,3439.1,0.0
EDDA,1992-08-01,148,31,3167.2,0.0
EDDA,1992-09-01,149,30,3033.8,0.0
EDDA,1992-10-01,150,31,2802.0,0.0
EDDA,1992-11-01,151,30,2757.0,0.0
EDDA,1992-12-01,152,31,2641.7,0.0
EDDA,1993-01-01,153,31,2473.3,0.0
EDDA,1993-02-01,154,28,2527.2,0.0
EDDA,1993-03-01,155,31,2446.9,0.0
EDDA,1993-04-01,156,30,2421.6,0.0
EDDA,1993-05-01,157,31,2341.4,0.0
EDDA,1993-06-01,158,30,2239.2,0.0
EDDA,1993-07-01,159,31,2211.6,0.0
EDDA,1993-08-01,160,31,2351.6,0.0
EDDA,1993-09-01,161,30,2276.9,0.0
EDDA,1993-10-01,162,31,2384.0,0.0
EDDA,1993-11-01,163,30,2266.4,0.0
EDDA,1993-12-01,164,31,2266.4,0.0
EDDA,1994-01-01,165,31,2248.1,0.0
EDDA,1994-02-01,166,28,3066.3,0.0
EDDA,1994-03-01,167,31,2631.6,0.0
EDDA,1994-04-01,168,30,2469.8,0.0
EDDA,1994-05-01,169,31,2440.8,0.0
EDDA,1994-06-01,170,30,2291.6,0.0
EDDA,1994-07-01,171,31,2242.0,0.0
EDDA,1994-08-01,172,31,1785.5,0.0
EDDA,1994-09-01,173,30,2413.2,0.0
EDDA,1994-10-01,174,31,2219.7,0.0
EDDA,1994-11-01,175,30,2245.5,0.0
EDDA,1994-12-01,176,31,2329.3,0.0
EDDA,1995-01-01,177,31,2112.2,0.0
EDDA,1995-02-01,178,28,2201.4,0.0
EDDA,1995-03-01,179,31,2120.3,0.0
EDDA,1995-04-01,180,30,2308.4,0.0
EDDA,1995-05-01,181,31,2826.4,0.0
EDDA,1995-06-01,182,30,2954.1,0.0
EDDA,1995-07-01,183,31,2720.8,0.0
EDDA,1995-08-01,184,31,2854.8,0.0
EDDA,1995-09-01,185,30,2509.6,0.0
EDDA,1995-10-01,186,31,2586.9,0.0
EDDA,1995-11-01,187,30,2419.5,0.0
EDDA,1995-12-01,188,31,2520.0,0.0
EDDA,1996-01-01,189,31,2373.9,0.0
EDDA,1996-02-01,190,29,2531.1,0.0
EDDA,1996-03-01,191,31,2507.8,0.0
EDDA,1996-04-01,192,30,2430.0,0.0
EDDA,1996-05-01,193,31,2432.7,0.0
EDDA,1996-06-01,194,30,2295.8,0.0
EDDA,1996-07-01,195,31,2225.8,0.0
EDDA,1996-08-01,196,31,2410.4,0.0
EDDA,1996-09-01,197,30,2312.5,0.0
EDDA,1996-10-01,198,31,2345.5,0.0
EDDA,1996-11-01,199,30,2293.7,0.0
EDDA,1996-12-01,200,31,2329.3,0.0
EDDA,1997-01-01,201,31,1815.9,0.0
EDDA,1997-02-01,202,28,2188.0,0.0
EDDA,1997-03-01,203,31,2132.4,0.0
EDDA,1997-04-01,204,30,2102.9,0.0
EDDA,1997-05-01,205,31,1911.3,0.0
EDDA,1997-06-01,206,30,1591.3,0.0
EDDA,1997-07-01,207,31,1515.6,0.0
EDDA,1997-08-01,208,31,868.4,0.0
EDDA,1997-09-01,209,30,1746.5,0.0
EDDA,1997-10-01,210,31,1962.0,0.0
EDDA,1997-11-01,211,30,1893.2,0.0
EDDA,1997-12-01,212,31,1759.1,0.0
EDDA,1998-01-01,213,31,1696.2,0.0
EDDA,1998-02-01,214,28,1716.2,0.0
EDDA,1998-03-01,215,31,1818.0,0.0
EDDA,1998-04-01,216,30,1775.8,0.0
EDDA,1998-05-01,217,31,1759.1,0.0
EDDA,1998-06-01,218,30,1807.3,0.0
EDDA,1998-07-01,219,31,1791.6,0.0
EKOFISK,1977-01-01,0,31,344869.7,0.0
EKOFISK,1977-02-01,1,28,335641.7,0.0
EKOFISK,1977-03-01,2,31,318732.6,0.0
EKOFISK,1977-04-01,3,30,236444.1,0.0
EKOFISK,1977-05-01,4,31,156991.4,0.0
EKOFISK,1977-06-01,5,30,149516.9,0.0
EKOFISK,1977-07-01,6,31,239454.7,0.0
EKOFISK,1977-08-01,7,31,281273.8,0.0
EKOFISK,1977-09-01,8,30,270448.8,0.0
EKOFISK,1977-10-01,9,31,313895.5,0.0
EKOFISK,1977-11-01,10,30,331650.7,0.0
EKOFISK,1977-12-01,11,31,309117.3,0.0
EKOFISK,1978-01-01,12,31,308141.4,0.0
EKOFISK,1978-02-01,13,28,297516.5,0.0
EKOFISK,1978-03-01,14,31,286512.6,0.0
EKOFISK,1978-04-01,15,30,293016.6,0.0
EKOFISK,1978-05-01,16,31,275795.6,0.0
EKOFISK,1978-06-01,17,30,208534.1,0.0
EKOFISK,1978-07-01,18,31,263978.8,0.0
EKOFISK,1978-08-01,19,31,272222.5,0.0
EKOFISK,1978-09-01,20,30,263670.5,0.0
EKOFISK,1978-10-01,21,31,248122.5,0.0
EKOFISK,1978-11-01,22,30,255156.2,0.0
EKOFISK,1978-12-01,23,31,238446.3,0.0
EKOFISK,1979-01-01,24,31,228198.0,0.0
EKOFISK,1979-02-01,25,28,231316.4,0.0
EKOFISK,1979-03-01,26,31,232120.0,0.0
EKOFISK,1979-04-01,27,30,253369.9,0.0
EKOFISK,1979-05-01,28,31,239128.1,0.0
EKOFISK,1979-06-01,29,30,223132.8,0.0
EKOFISK,1979-07-01,30,31,219518.1,0.0
EKOFISK,1979-08-01,31,31,220165.3,0.0
EKOFISK,1979-09-01,32,30,224218.8,0.0
EKOFISK,1979-10-01,33,31,186454.0,0.0
EKOFISK,1979-11-01,34,30,223673.7,0.0
EKOFISK,1979-12-01,35,31,204183.1,0.0
EKOFISK,1980-01-01,36,31,195050.8,0.0
EKOFISK,1980-02-01,37,29,218160.6,0.0
EKOFISK,1980-03-01,38,31,203365.5,0.0
EKOFISK,1980-04-01,39,30,204187.9,0.0
EKOFISK,1980-05-01,40,31,195160.3,0.0
EKOFISK,1980-06-01,41,30,185146.6,0.0
EKOFISK,1980-07-01,42,31,98762.0,0.0
EKOFISK,1980-08-01,43,31,194590.2,0.0
EKOFISK,1980-09-01,44,30,178290.7,0.0
EKOFISK,1980-10-01,45,31,199496.2,0.0
EKOFISK,1980-11-01,46,30,194065.5,0.0
EKOFISK,1980-12-01,47,31,203968.1,0.0
EKOFISK,1981-01-01,48,31,190179.2,0.0
EKOFISK,1981-02-01,49,28,180474.6,0.0
EKOFISK,1981-03-01,50,31,174868.6,0.0
EKOFISK,1981-04-01,51,30,172663.4,0.0
EKOFISK,1981-05-01,52,31,180486.8,0.0
EKOFISK,1981-06-01,53,30,163274.8,0.0
EKOFISK,1981-07-01,54,31,159937.4,0.0
EKOFISK,1981-08-01,55,31,86231.1,0.0
EKOFISK,1981-09-01,56,30,161568.2,0.0
EKOFISK,1981-10-01,57,31,120074.3,0.0
EKOFISK,1981-11-01,58,30,141799.3,0.0
EKOFISK,1981-12-01,59,31,129827.6,0.0
EKOFISK,1982-01-01,60,31,156577.5,0.0
EKOFISK,1982-02-01,61,28,151617.9,0.0
EKOFISK,1982-03-01,62,31,142815.0,0.0
EKOFISK,1982-04-01,63,30,149638.5,0.0
EKOFISK,1982-05-01,64,31,124982.4,0.0
EKOFISK,1982-06-01,65,30,137629.2,0.0
EKOFISK,1982-07-01,66,31,132798.0,0.0
EKOFISK,1982-08-01,67,31,140680.5,0.0
EKOFISK,1982-09-01,68,30,139952.2,0.0
EKOFISK,1982-10-01,69,31,123649.4,0.0
EKOFISK,1982-11-01,70,30,140476.4,0.0
EKOFISK,1982-12-01,71,31,141179.6,0.0
EKOFISK,1983-01-01,72,31,146371.8,0.0
EKOFISK,1983-02-01,73,28,133700.9,0.0
EKOFISK,1983-03-01,74,31,138243.7,0.0
EKOFISK,1983-04-01,75,30,140421.9,0.0
EKOFISK,1983-05-01,76,31,141226.3,0.0
EKOFISK,1983-06-01,77,30,139564.4,0.0
EKOFISK,1983-07-01,78,31,145886.8,0.0
EKOFISK,1983-08-01,79,31,144164.2,0.0
EKOFISK,1983-09-01,80,30,139296.0,0.0
EKOFISK,1983-10-01,81,31,138781.4,0.0
EKOFISK,1983-11-01,82,30,137044.3,0.0
EKOFISK,1983-12-01,83,31,131546.1,0.0
EKOFISK,1984-01-01,84,31,108803.4,0.0
EKOFISK,1984-02-01,85,29,161849.6,0.0
EKOFISK,1984-03-01,86,31,133997.1,0.0
EKOFISK,1984-04-01,87,30,128452.4,0.0
EKOFISK,1984-05-01,88,31,125556.6,0.0
EKOFISK,1984-06-01,89,30,121275.7,0.0
EKOFISK,1984-07-01,90,31,127547.0,0.0
EKOFISK,1984-08-01,91,31,94154.2,0.0
EKOFISK,1984-09-01,92,30,138293.8,0.0
EKOFISK,1984-10-01,93,31,136046.3,0.0
EKOFISK,1984-11-01,94,30,131247.2,0.0
EKOFISK,1984-12-01,95,31,125250.2,0.0
EKOFISK,1985-01-01,96,31,123882.7,0.0
EKOFISK,1985-02-01,97,28,118778.4,0.0
EKOFISK,1985-03-01,98,31,113370.6,0.0
EKOFISK,1985-04-01,99,30,113067.5,0.0
EKOFISK,1985-05-01,100,31,108844.0,0.0
EKOFISK,1985-06-01,101,30,102530.0,0.0
EKOFISK,1985-07-01,102,31,108251.5,0.0
EKOFISK,1985-08-01,103,31,103237.9,0.0
EKOFISK,1985-09-01,104,30,100846.5,0.0
EKOFISK,1985-10-01,105,31,102095.6,0.0
EKOFISK,1985-11-01,106,30,99443.8,0.0
EKOFISK,1985-12-01,107,31,95353.4,0.0
EKOFISK,1986-01-01,108,31,92417.5,0.0
EKOFISK,1986-02-01,109,28,90141.8,0.0
EKOFISK,1986-03-01,110,31,84413.2,0.0
EKOFISK,1986-04-01,111,30,29260.1,0.0
EKOFISK,1986-05-01,112,31,94304.4,0.0
EKOFISK,1986-06-01,113,30,93336.4,0.0
EKOFISK,1986-07-01,114,31,91240.7,0.0
EKOFISK,1986-08-01,115,31,82418.7,0.0
EKOFISK,1986-09-01,116,30,78941.2,0.0
EKOFISK,1986-10-01,117,31,77778.4,0.0
EKOFISK,1986-11-01,118,30,77251.3,0.0
EKOFISK,1986-12-01,119,31,79192.6,0.0
EKOFISK,1987-01-01,120,31,79635.0,0.0
EKOFISK,1987-02-01,121,28,77387.0,0.0
EKOFISK,1987-03-01,122,31,76323.7,0.0
EKOFISK,1987-04-01,123,30,80383.6,0.0
EKOFISK,1987-05-01,124,31,67426.7,0.0
EKOFISK,1987-06-01,125,30,60143.1,0.0
EKOFISK,1987-07-01,126,31,72768.9,0.0
EKOFISK,1987-08-01,127,31,18161.3,0.0
EKOFISK,1987-09-01,128,30,70481.4,0.0
EKOFISK,1987-10-01,129,31,79582.2,0.0
EKOFISK,1987-11-01,130,30,73121.0,0.0
EKOFISK,1987-12-01,131,31,72166.3,0.0
EKOFISK,1988-01-01,132,31,75725.1,0.0
EKOFISK,1988-02-01,133,29,77952.3,0.0
EKOFISK,1988-03-01,134,31,83112.6,0.0
EKOFISK,1988-04-01,135,30,86967.0,0.0
EKOFISK,1988-05-01,136,31,88645.6,0.0
EKOFISK,1988-06-01,137,30,93638.3,0.0
EKOFISK,1988-07-01,138,31,99512.8,0.0
EKOFISK,1988-08-01,139,31,97124.7,0.0
EKOFISK,1988-09-01,140,30,106725.3,0.0
EKOFISK,1988-10-01,141,31,100336.5,0.0
EKOFISK,1988-11-01,142,30,101272.1,0.0
EKOFISK,1988-12-01,143,31,94681.8,0.0
EKOFISK,1989-01-01,144,31,124777.5,0.0
EKOFISK,1989-02-01,145,28,108838.2,0.0
EKOFISK,1989-03-01,146,31,105143.1,0.0
EKOFISK,1989-04-01,147,30,110998.2,0.0
EKOFISK,1989-05-01,148,31,113319.9,0.0
EKOFISK,1989-06-01,149,30,113973.3,0.0
EKOFISK,1989-07-01,150,31,129860.0,0.0
EKOFISK,1989-08-01,151,31,116121.9,0.0
EKOFISK,1989-09-01,152,30,87048.7,0.0
EKOFISK,1989-10-01,153,31,99145.5,0.0
EKOFISK,1989-11-01,154,30,126244.7,0.0
EKOFISK,1989-12-01,155,31,135999.7,0.0
EKOFISK,1990-01-01,156,31,122594.3,0.0
EKOFISK,1990-02-01,157,28,109485.2,0.0
EKOFISK,1990-03-01,158,31,114504.8,0.0
EKOFISK,1990-04-01,159,30,131863.6,0.0
EKOFISK,1990-05-01,160,31,137373.3,0.0
EKOFISK,1990-06-01,161,30,125521.3,0.0
EKOFISK,1990-07-01,162,31,109456.7,0.0
EKOFISK,1990-08-01,163,31,138866.6,0.0
EKOFISK,1990-09-01,164,30,134759.0,0.0
EKOFISK,1990-10-01,165,31,141883.7,0.0
EKOFISK,1990-11-01,166,30,140421.9,0.0
EKOFISK,1990-12-01,167,31,141820.8,0.0
EKOFISK,1991-01-01,168,31,145107.7,0.0
EKOFISK,1991-02-01,169,28,150427.3,0.0
EKOFISK,1991-03-01,170,31,152432.3,0.0
EKOFISK,1991-04-01,171,30,147388.9,0.0
EKOFISK,1991-05-01,172,31,154499.8,0.0
EKOFISK,1991-06-01,173,30,159320.6,0.0
EKOFISK,1991-07-01,174,31,148648.3,0.0
EKOFISK,1991-08-01,175,31,69435.3,0.0
EKOFISK,1991-09-01,176,30,171560.6,0.0
EKOFISK,1991-10-01,177,31,162368.1,0.0
EKOFISK,1991-11-01,178,30,158903.4,0.0
EKOFISK,1991-12-01,179,31,160091.6,0.0
EKOFISK,1992-01-01,180,31,160497.4,0.0
EKOFISK,1992-02-01,181,29,156314.5,0.0
EKOFISK,1992-03-01,182,31,148922.2,0.0
EKOFISK,1992-04-01,183,30,160274.6,0.0
EKOFISK,1992-05-01,184,31,138065.2,0.0
EKOFISK,1992-06-01,185,30,163706.7,0.0
EKOFISK,1992-07-01,186,31,160341.2,0.0
EKOFISK,1992-08-01,187,31,156967.0,0.0
EKOFISK,1992-09-01,188,30,151582.1,0.0
EKOFISK,1992-10-01,189,31,155398.6,0.0
EKOFISK,1992-11-01,190,30,149212.9,0.0
EKOFISK,1992-12-01,191,31,154238.1,0.0
EKOFISK,1993-01-01,192,31,146008.6,0.0
EKOFISK,1993-02-01,193,28,145334.8,0.0
EKOFISK,1993-03-01,194,31,145868.6,0.0
EKOFISK,1993-04-01,195,30,151540.2,0.0
EKOFISK,1993-05-01,196,31,150423.6,0.0
EKOFISK,1993-06-01,197,30,146892.0,0.0
EKOFISK,1993-07-01,198,31,144466.6,0.0
EKOFISK,1993-08-01,199,31,141526.6,0.0
EKOFISK,1993-09-01,200,30,150777.0,0.0
EKOFISK,1993-10-01,201,31,155759.8,0.0
EKOFISK,1993-11-01,202,30,161568.2,0.0
EKOFISK,1993-12-01,203,31,172352.7,0.0
EKOFISK,1994-01-01,204,31,164770.4,0.0
EKOFISK,1994-02-01,205,28,162539.7,0.0
EKOFISK,1994-03-01,206,31,160552.2,0.0
EKOFISK,1994-04-01,207,30,161752.7,0.0
EKOFISK,1994-05-01,208,31,166864.3,0.0
EKOFISK,1994-06-01,209,30,168459.7,0.0
EKOFISK,1994-07-01,210,31,170524.6,0.0
EKOFISK,1994-08-01,211,31,113701.3,0.0
EKOFISK,1994-09-01,212,30,199114.1,0.0
EKOFISK,1994-10-01,213,31,206122.8,0.0
EKOFISK,1994-11-01,214,30,211591.0,0.0
EKOFISK,1994-12-01,215,31,203124.0,0.0
EKOFISK,1995-01-01,216,31,199579.4,0.0
EKOFISK,1995-02-01,217,28,210528.6,0.0
EKOFISK,1995-03-01,218,31,217533.7,0.0
EKOFISK,1995-04-01,219,30,225785.0,0.0
EKOFISK,1995-05-01,220,31,224515.4,0.0
EKOFISK,1995-06-01,221,30,221291.9,0.0
EKOFISK,1995-07-01,222,31,220930.2,0.0
EKOFISK,1995-08-01,223,31,225347.3,0.0
EKOFISK,1995-09-01,224,30,212270.3,0.0
EKOFISK,1995-10-01,225,31,229796.8,0.0
EKOFISK,1995-11-01,226,30,237842.5,0.0
EKOFISK,1995-12-01,227,31,226528.2,0.0
EKOFISK,1996-01-01,228,31,228120.9,0.0
EKOFISK,1996-02-01,229,29,221405.3,0.0
EKOFISK,1996-03-01,230,31,214677.0,0.0
EKOFISK,1996-04-01,231,30,241763.1,0.0
EKOFISK,1996-05-01,232,31,239738.8,0.0
EKOFISK,1996-06-01,233,30,235339.2,0.0
EKOFISK,1996-07-01,234,31,222241.0,0.0
EKOFISK,1996-08-01,235,31,220195.8,0.0
EKOFISK,1996-09-01,236,30,232624.1,0.0
EKOFISK,1996-10-01,237,31,239759.1,0.0
EKOFISK,1996-11-01,238,30,241758.9,0.0
EKOFISK,1996-12-01,239,31,235447.5,0.0
EKOFISK,1997-01-01,240,31,167527.8,0.0
EKOFISK,1997-02-01,241,28,212215.6,0.0
EKOFISK,1997-03-01,242,31,221364.4,0.0
EKOFISK,1997-04-01,243,30,259619.9,0.0
EKOFISK,1997-05-01,244,31,260533.7,0.0
EKOFISK,1997-06-01,245,30,267113.1,0.0
EKOFISK,1997-07-01,246,31,267700.0,0.0
EKOFISK,1997-08-01,247,31,259129.6,0.0
EKOFISK,1997-09-01,248,30,266448.5,0.0
EKOFISK,1997-10-01,249,31,259208.7,0.0
EKOFISK,1997-11-01,250,30,262557.2,0.0
EKOFISK,1997-12-01,251,31,246868.6,0.0
EKOFISK,1998-01-01,252,31,282631.1,0.0
EKOFISK,1998-02-01,253,28,282434.5,0.0
EKOFISK,1998-03-01,254,31,297580.6,0.0
EKOFISK,1998-04-01,255,30,288286.7,0.0
EKOFISK,1998-05-01,256,31,300374.5,0.0
EKOFISK,1998-06-01,257,30,316852.9,0.0
EKOFISK,1998-07-01,258,31,305747.2,0.0
EKOFISK,1998-08-01,259,31,106362.5,0.0
EKOFISK,1998-09-01,260,30,189092.4,0.0
EKOFISK,1998-10-01,261,31,197187.3,0.0
EKOFISK,1998-11-01,262,30,217868.2,0.0
EKOFISK,1998-12-01,263,31,224517.5,0.0
EKOFISK,1999-01-01,264,31,236873.9,0.0
EKOFISK,1999-02-01,265,28,251675.1,0.0
EKOFISK,1999-03-01,266,31,264727.5,0.0
EKOFISK,1999-04-01,267,30,187322.8,0.0
EKOFISK,1999-05-01,268,31,254850.5,0.0
EKOFISK,1999-06-01,269,30,247547.7,0.0
EKOFISK,1999-07-01,270,31,276491.5,0.0
EKOFISK,1999-08-01,271,31,153532.0,0.0
EKOFISK,1999-09-01,272,30,286844.2,0.0
EKOFISK,1999-10-01,273,31,221932.5,0.0
EKOFISK,1999-11-01,274,30,287854.8,0.0
EKOFISK,1999-12-01,275,31,283410.3,0.0
EKOFISK,2000-01-01,276,31,278471.8,53254.3
EKOFISK,2000-02-01,277,29,281323.2,60581.6
EKOFISK,2000-03-01,278,31,276325.1,62707.3
EKOFISK,2000-04-01,279,30,286695.4,59667.1
EKOFISK,2000-05-01,280,31,294876.0,68443.2
EKOFISK,2000-06-01,281,30,296922.6,67447.6
EKOFISK,2000-07-01,282,31,296797.4,71437.9
EKOFISK,2000-08-01,283,31,283712.6,60518.0
EKOFISK,2000-09-01,284,30,255797.8,60874.8
EKOFISK,2000-10-01,285,31,299218.0,70849.5
EKOFISK,2000-11-01,286,30,292022.8,74852.8
EKOFISK,2000-12-01,287,31,294486.4,77433.5
EKOFISK,2001-01-01,288,31,299761.7,78407.4
EKOFISK,2001-02-01,289,28,303552.5,78103.6
EKOFISK,2001-03-01,290,31,300429.3,78655.0
EKOFISK,2001-04-01,291,30,306023.9,87579.2
EKOFISK,2001-05-01,292,31,300153.3,98453.6
EKOFISK,2001-06-01,293,30,293939.1,93137.3
EKOFISK,2001-07-01,294,31,301251.0,93697.7
EKOFISK,2001-08-01,295,31,147510.0,48934.6
EKOFISK,2001-09-01,296,30,269903.7,44649.2
EKOFISK,2001-10-01,297,31,304270.1,76804.5
EKOFISK,2001-11-01,298,30,302556.2,79893.0
EKOFISK,2001-12-01,299,31,298743.2,82077.8
EKOFISK,2002-01-01,300,31,288746.5,82053.5
EKOFISK,2002-02-01,301,28,288138.0,83789.1
EKOFISK,2002-03-01,302,31,278216.1,82522.2
EKOFISK,2002-04-01,303,30,290909.5,88734.4
EKOFISK,2002-05-01,304,31,274174.4,82867.1
EKOFISK,2002-06-01,305,30,293691.7,87315.0
EKOFISK,2002-07-01,306,31,307837.0,87623.0
EKOFISK,2002-08-01,307,31,302462.3,89674.3
EKOFISK,2002-09-01,308,30,319762.9,109323.0
EKOFISK,2002-10-01,309,31,314490.0,112763.9
EKOFISK,2002-11-01,310,30,295704.5,116409.5
EKOFISK,2002-12-01,311,31,308971.2,122985.9
EKOFISK,2003-01-01,312,31,308664.8,117083.6
EKOFISK,2003-02-01,313,28,306183.0,105590.0
EKOFISK,2003-03-01,314,31,306905.7,99744.1
EKOFISK,2003-04-01,315,30,306210.5,108979.2
EKOFISK,2003-05-01,316,31,292562.9,104124.6
EKOFISK,2003-06-01,317,30,263165.2,111654.4
EKOFISK,2003-07-01,318,31,279023.6,104938.2
EKOFISK,2003-08-01,319,31,292558.9,100111.3
EKOFISK,2003-09-01,320,30,303021.6,106813.4
EKOFISK,2003-10-01,321,31,296951.6,104177.3
EKOFISK,2003-11-01,322,30,295230.6,105712.7
EKOFISK,2003-12-01,323,31,301098.8,114070.6
EKOFISK,2004-01-01,324,31,288819.5,112924.2
EKOFISK,2004-02-01,325,29,298704.8,114851.7
EKOFISK,2004-03-01,326,31,299213.9,111940.2
EKOFISK,2004-04-01,327,30,298943.7,120527.2
EKOFISK,2004-05-01,328,31,300413.0,126745.6
EKOFISK,2004-06-01,329,30,298526.5,130190.5
EKOFISK,2004-07-01,330,31,303359.1,127709.3
EKOFISK,2004-08-01,331,31,211832.3,89755.4
EKOFISK,2004-09-01,332,30,218497.2,89635.9
EKOFISK,2004-10-01,333,31,304233.6,113017.6
EKOFISK,2004-11-01,334,30,292559.6,130712.5
EKOFISK,2004-12-01,335,31,292017.2,134796.5
EKOFISK,2005-01-01,336,31,279825.1,129200.6
EKOFISK,2005-02-01,337,28,272573.0,128183.9
EKOFISK,2005-03-01,338,31,278682.8,130511.3
EKOFISK,2005-04-01,339,30,277520.7,144856.2
EKOFISK,2005-05-01,340,31,284595.2,135366.6
EKOFISK,2005-06-01,341,30,278927.5,135096.5
EKOFISK,2005-07-01,342,31,276718.7,131529.9
EKOFISK,2005-08-01,343,31,256705.0,124862.7
EKOFISK,2005-09-01,344,30,266605.8,129982.9
EKOFISK,2005-10-01,345,31,259332.5,123044.7
EKOFISK,2005-11-01,346,30,267356.3,122225.5
EKOFISK,2005-12-01,347,31,272182.0,128472.2
EKOFISK,2006-01-01,348,31,271475.9,132296.8
EKOFISK,2006-02-01,349,28,280037.6,139098.9
EKOFISK,2006-03-01,350,31,264924.3,134701.1
EKOFISK,2006-04-01,351,30,289246.9,153506.8
EKOFISK,2006-05-01,352,31,277804.2,155548.8
EKOFISK,2006-06-01,353,30,277636.0,147839.7
EKOFISK,2006-07-01,354,31,262392.2,144164.2
EKOFISK,2006-08-01,355,31,265171.9,128606.1
EKOFISK,2006-09-01,356,30,275642.1,137159.6
EKOFISK,2006-10-01,357,31,272748.0,136592.1
EKOFISK,2006-11-01,358,30,265622.4,137304.2
EKOFISK,2006-12-01,359,31,263926.1,141540.8
EKOFISK,2007-01-01,360,31,258608.2,142944.8
EKOFISK,2007-02-01,361,28,251731.3,137447.9
EKOFISK,2007-03-01,362,31,243831.2,149723.6
EKOFISK,2007-04-01,363,30,240549.2,158681.2
EKOFISK,2007-05-01,364,31,228366.4,152270.0
EKOFISK,2007-06-01,365,30,99204.8,52486.3
EKOFISK,2007-07-01,366,31,237326.3,134599.7
EKOFISK,2007-08-01,367,31,247507.7,150490.6
EKOFISK,2007-09-01,368,30,233406.1,144640.2
EKOFISK,2007-10-01,369,31,235839.1,154966.5
EKOFISK,2007-11-01,370,30,222656.8,152001.4
EKOFISK,2007-12-01,371,31,225720.6,168706.6
EKOFISK,2008-01-01,372,31,217637.2,165350.7
EKOFISK,2008-02-01,373,29,217765.9,160051.6
EKOFISK,2008-03-01,374,31,210848.3,157021.8
EKOFISK,2008-04-01,375,30,209249.1,142092.9
EKOFISK,2008-05-01,376,31,209160.2,128285.5
EKOFISK,2008-06-01,377,30,180414.5,111792.8
EKOFISK,2008-07-01,378,31,209208.9,155321.5
EKOFISK,2008-08-01,379,31,211375.8,172736.2
EKOFISK,2008-09-01,380,30,214649.9,177322.0
EKOFISK,2008-10-01,381,31,211467.1,160814.0
EKOFISK,2008-11-01,382,30,214350.1,157551.1
EKOFISK,2008-12-01,383,31,207437.6,166365.2
EKOFISK,2009-01-01,384,31,205516.2,198560.9
EKOFISK,2009-02-01,385,28,200588.5,195248.9
EKOFISK,2009-03-01,386,31,208981.6,192749.9
EKOFISK,2009-04-01,387,30,202290.5,178953.2
EKOFISK,2009-05-01,388,31,193340.3,170912.1
EKOFISK,2009-06-01,389,30,186421.3,165067.4
EKOFISK,2009-07-01,390,31,189828.2,160207.3
EKOFISK,2009-08-01,391,31,180158.1,177252.7
EKOFISK,2009-09-01,392,30,179152.4,163109.2
EKOFISK,2009-10-01,393,31,197296.8,193589.9
EKOFISK,2009-11-01,394,30,195013.2,207819.2
EKOFISK,2009-12-01,395,31,187438.1,194695.7
EKOFISK,2010-01-01,396,31,187097.2,201157.9
EKOFISK,2010-02-01,397,28,184241.7,201558.9
EKOFISK,2010-03-01,398,31,178181.9,200455.9
EKOFISK,2010-04-01,399,30,172497.8,201879.5
EKOFISK,2010-05-01,400,31,166973.9,207480.2
EKOFISK,2010-06-01,401,30,54268.4,70049.5
EKOFISK,2010-07-01,402,31,180628.9,214999.6
EKOFISK,2010-08-01,403,31,172281.7,218657.8
EKOFISK,2010-09-01,404,30,168969.2,219736.3
EKOFISK,2010-10-01,405,31,164029.9,210781.3
EKOFISK,2010-11-01,406,30,157228.2,205724.7
EKOFISK,2010-12-01,407,31,153978.4,206727.5
EKOFISK,2011-01-01,408,31,157811.1,218609.1
EKOFISK,2011-02-01,409,28,156155.5,228290.5
EKOFISK,2011-03-01,410,31,145091.5,220885.6
EKOFISK,2011-04-01,411,30,142820.4,220547.6
EKOFISK,2011-05-01,412,31,149581.6,232667.8
EKOFISK,2011-06-01,413,30,141879.0,220210.1
EKOFISK,2011-07-01,414,31,143612.4,232292.5
EKOFISK,2011-08-01,415,31,142360.5,235220.3
EKOFISK,2011-09-01,416,30,142279.5,231647.0
EKOFISK,2011-10-01,417,31,144610.6,221664.7
EKOFISK,2011-11-01,418,30,138606.2,201810.3
EKOFISK,2011-12-01,419,31,135184.0,216419.8
EKOFISK,2012-01-01,420,31,133157.1,224182.7
EKOFISK,2012-02-01,421,29,136467.0,222849.8
EKOFISK,2012-03-01,422,31,132621.4,223127.6
EKOFISK,2012-04-01,423,30,128886.4,225908.6
EKOFISK,2012-05-01,424,31,128151.6,227138.9
EKOFISK,2012-06-01,425,30,119650.9,228841.8
EKOFISK,2012-07-01,426,31,130572.2,237458.2
EKOFISK,2012-08-01,427,31,137450.4,236506.6
EKOFISK,2012-09-01,428,30,132886.7,243843.0
EKOFISK,2012-10-01,429,31,130158.3,242782.2
EKOFISK,2012-11-01,430,30,125022.4,243274.8
EKOFISK,2012-12-01,431,31,127062.1,241792.1
EKOFISK,2013-01-01,432,31,121362.7,226662.1
EKOFISK,2013-02-01,433,28,116727.5,220091.3
EKOFISK,2013-03-01,434,31,115683.6,213161.3
EKOFISK,2013-04-01,435,30,113621.0,199722.1
EKOFISK,2013-05-01,436,31,115594.4,191327.6
EKOFISK,2013-06-01,437,30,20202.8,29430.0
EKOFISK,2013-07-01,438,31,129955.4,213023.4
EKOFISK,2013-08-01,439,31,127080.3,223780.9
EKOFISK,2013-09-01,440,30,102920.0,190398.5
EKOFISK,2013-10-01,441,31,121427.6,207953.0
EKOFISK,2013-11-01,442,30,118424.4,205787.6
EKOFISK,2013-12-01,443,31,116750.9,197552.5
EKOFISK,2014-01-01,444,31,116383.6,203369.5
EKOFISK,2014-02-01,445,28,123945.0,208870.8
EKOFISK,2014-03-01,446,31,120394.9,201295.9
EKOFISK,2014-04-01,447,30,122588.2,210138.0
EKOFISK,2014-05-01,448,31,119690.8,209691.8
EKOFISK,2014-06-01,449,30,119671.8,212440.1
EKOFISK,2014-07-01,450,31,116278.1,211513.8
EKOFISK,2014-08-01,451,31,113307.7,211170.9
EKOFISK,2014-09-01,452,30,106775.6,211721.0
EKOFISK,2014-10-01,453,31,114523.1,220341.8
EKOFISK,2014-11-01,454,30,114361.1,222199.8
EKOFISK,2014-12-01,455,31,115925.1,218625.3
EKOFISK,2015-01-01,456,31,111921.9,221100.7
EKOFISK,2015-02-01,457,28,110610.6,216598.2
EKOFISK,2015-03-01,458,31,113672.9,212086.0
EKOFISK,2015-04-01,459,30,114262.6,217792.7
EKOFISK,2015-05-01,460,31,117329.1,213293.2
EKOFISK,2015-06-01,461,30,106327.0,199520.8
EKOFISK,2015-07-01,462,31,113587.7,218889.1
EKOFISK,2015-08-01,463,31,109681.9,218848.5
EKOFISK,2015-09-01,464,30,105528.2,204921.7
EKOFISK,2015-10-01,465,31,109495.3,213930.3
EKOFISK,2015-11-01,466,30,113686.0,221057.1
EKOFISK,2015-12-01,467,31,113455.8,214634.4
EKOFISK,2016-01-01,468,31,111656.1,215975.5
EKOFISK,2016-02-01,469,29,106837.7,197751.3
EKOFISK,2016-03-01,470,31,112258.7,218452.9
EKOFISK,2016-04-01,471,30,109453.0,216490.7
EKOFISK,2016-05-01,472,31,105751.8,211684.2
EKOFISK,2016-06-01,473,30,17812.7,32495.2
EKOFISK,2016-07-01,474,31,120624.2,232795.6
EKOFISK,2016-08-01,475,31,122874.3,252584.2
EKOFISK,2016-09-01,476,30,116952.5,240935.0
EKOFISK,2016-10-01,477,31,113476.1,239308.6
EKOFISK,2016-11-01,478,30,112969.0,242008.4
EKOFISK,2016-12-01,479,31,110564.5,243364.5
EKOFISK,2017-01-01,480,31,112530.6,249613.8
EKOFISK,2017-02-01,481,28,113849.9,258227.7
EKOFISK,2017-03-01,482,31,116018.4,257407.0
EKOFISK,2017-04-01,483,30,112400.8,251818.4
EKOFISK,2017-05-01,484,31,109452.7,247785.7
EKOFISK,2017-06-01,485,30,109811.5,244457.3
EKOFISK,2017-07-01,486,31,109061.1,244350.6
EKOFISK,2017-08-01,487,31,109205.1,245332.6
EKOFISK,2017-09-01,488,30,104175.9,206764.6
EKOFISK,2017-10-01,489,31,105486.0,224077.2
EKOFISK,2017-11-01,490,30,101917.8,228254.7
EKOFISK,2017-12-01,491,31,98670.7,233209.6
EKOFISK,2018-01-01,492,31,101892.7,239509.5
EKOFISK,2018-02-01,493,28,98635.3,228079.4
EKOFISK,2018-03-01,494,31,103357.6,230951.3
EKOFISK,2018-04-01,495,30,103152.7,244306.3
EKOFISK,2018-05-01,496,31,100782.9,247424.5
EKOFISK,2018-06-01,497,30,97118.7,247518.3
EKOFISK,2018-07-01,498,31,101582.3,238559.9
EKOFISK,2018-08-01,499,31,100981.7,237886.3
EKOFISK,2018-09-01,500,30,103073.0,243136.4
EKOFISK,2018-10-01,501,31,99567.5,240639.6
EKOFISK,2018-11-01,502,30,89667.4,211008.1
EKOFISK,2018-12-01,503,31,103183.2,240702.5
EKOFISK,2019-01-01,504,31,103467.2,240379.9
EKOFISK,2019-02-01,505,28,101852.1,244060.0
EKOFISK,2019-03-01,506,31,101742.6,248088.0
EKOFISK,2019-04-01,507,30,108675.2,256168.9
EKOFISK,2019-05-01,508,31,106370.7,230511.0
EKOFISK,2019-06-01,509,30,10176.9,20605.4
EKOFISK,2019-07-01,510,31,116582.5,242563.1
EKOFISK,2019-08-01,511,31,113461.9,238066.9
EKOFISK,2019-09-01,512,30,105612.0,236588.7
EKOFISK,2019-10-01,513,31,105013.3,247231.7
EKOFISK,2019-11-01,514,30,99739.5,240626.8
EKOFISK,2019-12-01,515,31,83451.4,187521.3
EKOFISK,2020-01-01,516,31,99328.1,240590.9
EKOFISK,2020-02-01,517,29,95923.8,239211.9
EKOFISK,2020-03-01,518,31,93054.5,244985.7
EKOFISK,2020-04-01,519,30,87247.9,245186.9
EKOFISK,2020-05-01,520,31,87014.3,243005.4
EKOFISK,2020-06-01,521,30,79241.0,201701.3
EKOFISK,2020-07-01,522,31,88215.5,249567.1
EKOFISK,2020-08-01,523,31,83601.6,243228.6
EKOFISK,2020-09-01,524,30,82983.4,251621.4
EKOFISK,2020-10-01,525,31,81335.2,247519.9
EKOFISK,2020-11-01,526,30,83069.4,243557.8
EKOFISK,2020-12-01,527,31,86432.0,251663.0
EKOFISK,2021-01-01,528,31,83479.8,255112.3
EKOFISK,2021-02-01,529,28,83153.4,241222.8
EKOFISK,2021-03-01,530,31,83646.2,250303.6
EKOFISK,2021-04-01,531,30,79159.2,229925.7
EKOFISK,2021-05-01,532,31,78600.2,219619.5
EKOFISK,2021-06-01,533,30,83627.1,237324.6
EKOFISK,2021-07-01,534,31,80996.4,240844.6
EKOFISK,2021-08-01,535,31,78989.7,230235.1
EKOFISK,2021-09-01,536,30,82176.2,240067.0
EKOFISK,2021-10-01,537,31,82664.2,238174.4
EKOFISK,2021-11-01,538,30,81255.8,235628.5
EKOFISK,2021-12-01,539,31,79322.5,225527.9
EKOFISK,2022-01-01,540,31,75656.1,204836.5
EKOFISK,2022-02-01,541,28,74749.8,203025.8
EKOFISK,2022-03-01,542,31,73529.8,204037.1
EKOFISK,2022-04-01,543,30,73079.1,196531.1
EKOFISK,2022-05-01,544,31,61236.3,161148.7
EKOFISK,2022-06-01,545,30,18655.5,46884.2
EKOFISK,2022-07-01,546,31,80763.1,213735.5
EKOFISK,2022-08-01,547,31,82025.1,211862.8
EKOFISK,2022-09-01,548,30,79863.7,224466.2
EKOFISK,2022-10-01,549,31,80539.9,243664.8
EKOFISK,2022-11-01,550,30,78060.6,244084.1
EKOFISK,2022-12-01,551,31,76161.4,247278.4
EKOFISK,2023-01-01,552,31,76246.6,261574.5
EKOFISK,2023-02-01,553,28,74698.1,257241.6
EKOFISK,2023-03-01,554,31,72831.8,258100.9
EKOFISK,2023-04-01,555,30,70345.1,257997.1
EKOFISK,2023-05-01,556,31,69027.5,247773.5
EKOFISK,2023-06-01,557,30,66466.4,238104.6
EKOFISK,2023-07-01,558,31,65866.4,243112.9
EKOFISK,2023-08-01,559,31,60264.4,231253.6
EKOFISK,2023-09-01,560,30,63371.8,243805.2
EKOFISK,2023-10-01,561,31,65614.8,244247.1
EKOFISK,2023-11-01,562,30,62554.2,239943.3
EKOFISK,2023-12-01,563,31,62112.8,238137.9
EKOFISK,2024-01-01,564,31,61173.4,223649.1
EKOFISK,2024-02-01,565,29,61139.0,225318.0
EKOFISK,2024-03-01,566,31,59960.1,237908.6
EKOFISK,2024-04-01,567,30,61648.4,240360.5
EKOFISK,2024-05-01,568,31,59073.4,237362.8
EKOFISK,2024-06-01,569,30,56467.7,225887.7
EKOFISK,2024-07-01,570,31,60315.1,241313.2
EKOFISK,2024-08-01,571,31,58192.8,240144.6
EKOFISK,2024-09-01,572,30,55689.9,229806.2
EKOFISK,2024-10-01,573,31,56817.2,238911.0
EKOFISK,2024-11-01,574,30,59356.8,253625.7
EKOFISK,2024-12-01,575,31,60254.3,256230.2
EKOFISK,2025-01-01,576,31,57900.7,254566.5
EKOFISK,2025-02-01,577,28,55505.2,241359.8
EKOFISK,2025-03-01,578,31,49805.1,212457.3
EKOFISK,2025-04-01,579,30,54002.1,219203.7
EKOFISK,2025-05-01,580,31,48374.6,193456.0
EKOFISK,2025-06-01,581,30,9359.2,34843.4
EKOFISK,2025-07-01,582,31,55904.1,203274.2
EKOFISK,2025-08-01,583,31,51767.1,200880.0
EKOFISK,2025-09-01,584,30,52008.3,204173.2
EKOFISK,2025-10-01,585,31,53992.9,206216.2
EKOFISK,2025-11-01,586,30,51383.5,199057.5
EKOFISK,2025-12-01,587,31,49352.6,194087.0
EKOFISK,2026-01-01,588,31,48683.1,192431.4
EKOFISK,2026-02-01,589,28,46497.3,195693.6
EKOFISK,2026-03-01,590,31,40096.5,159458.6
EKOFISK,2026-04-01,591,30,46056.0,185188.5
EKOFISK,2026-05-01,592,31,45663.9,195959.7
ELDFISK,1980-03-01,0,31,105354.2,0.0
ELDFISK,1980-04-01,1,30,104895.0,0.0
ELDFISK,1980-05-01,2,31,117870.9,0.0
ELDFISK,1980-06-01,3,30,109643.8,0.0
ELDFISK,1980-07-01,4,31,59456.9,0.0
ELDFISK,1980-08-01,5,31,105445.5,0.0
ELDFISK,1980-09-01,6,30,88774.2,0.0
ELDFISK,1980-10-01,7,31,99776.5,0.0
ELDFISK,1980-11-01,8,30,102314.1,0.0
ELDFISK,1980-12-01,9,31,74544.3,0.0
ELDFISK,1981-01-01,10,31,81081.6,0.0
ELDFISK,1981-02-01,11,28,89281.5,0.0
ELDFISK,1981-03-01,12,31,84246.8,0.0
ELDFISK,1981-04-01,13,30,84958.4,0.0
ELDFISK,1981-05-01,14,31,98173.6,0.0
ELDFISK,1981-06-01,15,30,94319.7,0.0
ELDFISK,1981-07-01,16,31,97508.1,0.0
ELDFISK,1981-08-01,17,31,38621.4,0.0
ELDFISK,1981-09-01,18,30,99448.0,0.0
ELDFISK,1981-10-01,19,31,78237.0,0.0
ELDFISK,1981-11-01,20,30,89061.5,0.0
ELDFISK,1981-12-01,21,31,86503.0,0.0
ELDFISK,1982-01-01,22,31,88680.1,0.0
ELDFISK,1982-02-01,23,28,74013.0,0.0
ELDFISK,1982-03-01,24,31,82029.1,0.0
ELDFISK,1982-04-01,25,30,77182.1,0.0
ELDFISK,1982-05-01,26,31,57474.6,0.0
ELDFISK,1982-06-01,27,30,77356.2,0.0
ELDFISK,1982-07-01,28,31,71872.1,0.0
ELDFISK,1982-08-01,29,31,74154.7,0.0
ELDFISK,1982-09-01,30,30,63225.1,0.0
ELDFISK,1982-10-01,31,31,58132.0,0.0
ELDFISK,1982-11-01,32,30,65133.0,0.0
ELDFISK,1982-12-01,33,31,61897.7,0.0
ELDFISK,1983-01-01,34,31,60972.5,0.0
ELDFISK,1983-02-01,35,28,67869.2,0.0
ELDFISK,1983-03-01,36,31,65284.1,0.0
ELDFISK,1983-04-01,37,30,63308.9,0.0
ELDFISK,1983-05-01,38,31,64066.7,0.0
ELDFISK,1983-06-01,39,30,65133.0,0.0
ELDFISK,1983-07-01,40,31,67538.2,0.0
ELDFISK,1983-08-01,41,31,65219.1,0.0
ELDFISK,1983-09-01,42,30,61644.2,0.0
ELDFISK,1983-10-01,43,31,63029.9,0.0
ELDFISK,1983-11-01,44,30,61422.0,0.0
ELDFISK,1983-12-01,45,31,62946.7,0.0
ELDFISK,1984-01-01,46,31,58742.7,0.0
ELDFISK,1984-02-01,47,29,59957.0,0.0
ELDFISK,1984-03-01,48,31,58312.5,0.0
ELDFISK,1984-04-01,49,30,57971.0,0.0
ELDFISK,1984-05-01,50,31,56563.6,0.0
ELDFISK,1984-06-01,51,30,54421.4,0.0
ELDFISK,1984-07-01,52,31,52582.7,0.0
ELDFISK,1984-08-01,53,31,48068.3,0.0
ELDFISK,1984-09-01,54,30,61287.8,0.0
ELDFISK,1984-10-01,55,31,61788.2,0.0
ELDFISK,1984-11-01,56,30,62422.1,0.0
ELDFISK,1984-12-01,57,31,65249.6,0.0
ELDFISK,1985-01-01,58,31,61149.0,0.0
ELDFISK,1985-02-01,59,28,53887.9,0.0
ELDFISK,1985-03-01,60,31,57348.8,0.0
ELDFISK,1985-04-01,61,30,60237.4,0.0
ELDFISK,1985-05-01,62,31,57992.0,0.0
ELDFISK,1985-06-01,63,30,56811.6,0.0
ELDFISK,1985-07-01,64,31,57718.0,0.0
ELDFISK,1985-08-01,65,31,56038.1,0.0
ELDFISK,1985-09-01,66,30,58505.6,0.0
ELDFISK,1985-10-01,67,31,59927.6,0.0
ELDFISK,1985-11-01,68,30,58461.6,0.0
ELDFISK,1985-12-01,69,31,59972.2,0.0
ELDFISK,1986-01-01,70,31,58990.2,0.0
ELDFISK,1986-02-01,71,28,61950.0,0.0
ELDFISK,1986-03-01,72,31,61479.8,0.0
ELDFISK,1986-04-01,73,30,21037.3,0.0
ELDFISK,1986-05-01,74,31,70660.8,0.0
ELDFISK,1986-06-01,75,30,65065.9,0.0
ELDFISK,1986-07-01,76,31,59379.8,0.0
ELDFISK,1986-08-01,77,31,58616.9,0.0
ELDFISK,1986-09-01,78,30,59509.9,0.0
ELDFISK,1986-10-01,79,31,59832.2,0.0
ELDFISK,1986-11-01,80,30,57809.6,0.0
ELDFISK,1986-12-01,81,31,59469.0,0.0
ELDFISK,1987-01-01,82,31,58276.0,0.0
ELDFISK,1987-02-01,83,28,61460.3,0.0
ELDFISK,1987-03-01,84,31,53272.6,0.0
ELDFISK,1987-04-01,85,30,62841.4,0.0
ELDFISK,1987-05-01,86,31,60725.0,0.0
ELDFISK,1987-06-01,87,30,58470.0,0.0
ELDFISK,1987-07-01,88,31,64722.0,0.0
ELDFISK,1987-08-01,89,31,17873.2,0.0
ELDFISK,1987-09-01,90,30,58042.3,0.0
ELDFISK,1987-10-01,91,31,64813.3,0.0
ELDFISK,1987-11-01,92,30,51119.3,0.0
ELDFISK,1987-12-01,93,31,39869.2,0.0
ELDFISK,1988-01-01,94,31,69053.9,0.0
ELDFISK,1988-02-01,95,29,63654.9,0.0
ELDFISK,1988-03-01,96,31,67095.9,0.0
ELDFISK,1988-04-01,97,30,68890.1,0.0
ELDFISK,1988-05-01,98,31,65965.8,0.0
ELDFISK,1988-06-01,99,30,45215.3,0.0
ELDFISK,1988-07-01,100,31,72799.4,0.0
ELDFISK,1988-08-01,101,31,65606.7,0.0
ELDFISK,1988-09-01,102,30,67850.2,0.0
ELDFISK,1988-10-01,103,31,67455.1,0.0
ELDFISK,1988-11-01,104,30,68338.7,0.0
ELDFISK,1988-12-01,105,31,65647.3,0.0
ELDFISK,1989-01-01,106,31,78204.5,0.0
ELDFISK,1989-02-01,107,28,74536.4,0.0
ELDFISK,1989-03-01,108,31,71959.4,0.0
ELDFISK,1989-04-01,109,30,73456.5,0.0
ELDFISK,1989-05-01,110,31,74684.3,0.0
ELDFISK,1989-06-01,111,30,74003.7,0.0
ELDFISK,1989-07-01,112,31,77319.9,0.0
ELDFISK,1989-08-01,113,31,75895.6,0.0
ELDFISK,1989-09-01,114,30,71496.2,0.0
ELDFISK,1989-10-01,115,31,64787.0,0.0
ELDFISK,1989-11-01,116,30,65984.2,0.0
ELDFISK,1989-12-01,117,31,67347.5,0.0
ELDFISK,1990-01-01,118,31,64843.8,0.0
ELDFISK,1990-02-01,119,28,64111.0,0.0
ELDFISK,1990-03-01,120,31,63778.6,0.0
ELDFISK,1990-04-01,121,30,68305.1,0.0
ELDFISK,1990-05-01,122,31,64511.0,0.0
ELDFISK,1990-06-01,123,30,61392.6,0.0
ELDFISK,1990-07-01,124,31,58556.0,0.0
ELDFISK,1990-08-01,125,31,65044.6,0.0
ELDFISK,1990-09-01,126,30,64491.4,0.0
ELDFISK,1990-10-01,127,31,62220.3,0.0
ELDFISK,1990-11-01,128,30,63355.1,0.0
ELDFISK,1990-12-01,129,31,60773.7,0.0
ELDFISK,1991-01-01,130,31,58310.5,0.0
ELDFISK,1991-02-01,131,28,56298.2,0.0
ELDFISK,1991-03-01,132,31,55620.1,0.0
ELDFISK,1991-04-01,133,30,54278.9,0.0
ELDFISK,1991-05-01,134,31,53964.5,0.0
ELDFISK,1991-06-01,135,30,53337.5,0.0
ELDFISK,1991-07-01,136,31,49957.2,0.0
ELDFISK,1991-08-01,137,31,26218.3,0.0
ELDFISK,1991-09-01,138,30,57453.1,0.0
ELDFISK,1991-10-01,139,31,51442.4,0.0
ELDFISK,1991-11-01,140,30,49557.3,0.0
ELDFISK,1991-12-01,141,31,50661.3,0.0
ELDFISK,1992-01-01,142,31,50939.3,0.0
ELDFISK,1992-02-01,143,29,51528.6,0.0
ELDFISK,1992-03-01,144,31,49855.8,0.0
ELDFISK,1992-04-01,145,30,51056.4,0.0
ELDFISK,1992-05-01,146,31,40143.1,0.0
ELDFISK,1992-06-01,147,30,54201.3,0.0
ELDFISK,1992-07-01,148,31,48948.8,0.0
ELDFISK,1992-08-01,149,31,47701.0,0.0
ELDFISK,1992-09-01,150,30,47163.0,0.0
ELDFISK,1992-10-01,151,31,44740.8,0.0
ELDFISK,1992-11-01,152,30,45043.4,0.0
ELDFISK,1992-12-01,153,31,43401.6,0.0
ELDFISK,1993-01-01,154,31,44440.5,0.0
ELDFISK,1993-02-01,155,28,44078.0,0.0
ELDFISK,1993-03-01,156,31,43900.8,0.0
ELDFISK,1993-04-01,157,30,42695.2,0.0
ELDFISK,1993-05-01,158,31,42588.0,0.0
ELDFISK,1993-06-01,159,30,42449.9,0.0
ELDFISK,1993-07-01,160,31,43649.2,0.0
ELDFISK,1993-08-01,161,31,41303.7,0.0
ELDFISK,1993-09-01,162,30,39575.4,0.0
ELDFISK,1993-10-01,163,31,41291.5,0.0
ELDFISK,1993-11-01,164,30,39848.0,0.0
ELDFISK,1993-12-01,165,31,41033.8,0.0
ELDFISK,1994-01-01,166,31,39211.8,0.0
ELDFISK,1994-02-01,167,28,38334.1,0.0
ELDFISK,1994-03-01,168,31,37558.2,0.0
ELDFISK,1994-04-01,169,30,39617.4,0.0
ELDFISK,1994-05-01,170,31,40725.4,0.0
ELDFISK,1994-06-01,171,30,39277.7,0.0
ELDFISK,1994-07-01,172,31,38106.0,0.0
ELDFISK,1994-08-01,173,31,27577.7,0.0
ELDFISK,1994-09-01,174,30,39764.1,0.0
ELDFISK,1994-10-01,175,31,40232.4,0.0
ELDFISK,1994-11-01,176,30,38891.9,0.0
ELDFISK,1994-12-01,177,31,41914.4,0.0
ELDFISK,1995-01-01,178,31,48948.8,0.0
ELDFISK,1995-02-01,179,28,45792.0,0.0
ELDFISK,1995-03-01,180,31,48703.3,0.0
ELDFISK,1995-04-01,181,30,45919.7,0.0
ELDFISK,1995-05-01,182,31,40688.9,0.0
ELDFISK,1995-06-01,183,30,45611.5,0.0
ELDFISK,1995-07-01,184,31,52057.2,0.0
ELDFISK,1995-08-01,185,31,45266.3,0.0
ELDFISK,1995-09-01,186,30,45173.3,0.0
ELDFISK,1995-10-01,187,31,45994.7,0.0
ELDFISK,1995-11-01,188,30,45513.0,0.0
ELDFISK,1995-12-01,189,31,46885.4,0.0
ELDFISK,1996-01-01,190,31,42535.3,0.0
ELDFISK,1996-02-01,191,29,41102.8,0.0
ELDFISK,1996-03-01,192,31,39757.6,0.0
ELDFISK,1996-04-01,193,30,40925.6,0.0
ELDFISK,1996-05-01,194,31,40571.2,0.0
ELDFISK,1996-06-01,195,30,39323.8,0.0
ELDFISK,1996-07-01,196,31,39272.7,0.0
ELDFISK,1996-08-01,197,31,39769.8,0.0
ELDFISK,1996-09-01,198,30,36183.1,0.0
ELDFISK,1996-10-01,199,31,41062.2,0.0
ELDFISK,1996-11-01,200,30,41774.8,0.0
ELDFISK,1996-12-01,201,31,39057.6,0.0
ELDFISK,1997-01-01,202,31,32282.9,0.0
ELDFISK,1997-02-01,203,28,38725.0,0.0
ELDFISK,1997-03-01,204,31,44008.3,0.0
ELDFISK,1997-04-01,205,30,45297.0,0.0
ELDFISK,1997-05-01,206,31,42387.2,0.0
ELDFISK,1997-06-01,207,30,45014.0,0.0
ELDFISK,1997-07-01,208,31,44846.3,0.0
ELDFISK,1997-08-01,209,31,39968.6,0.0
ELDFISK,1997-09-01,210,30,40728.6,0.0
ELDFISK,1997-10-01,211,31,39153.0,0.0
ELDFISK,1997-11-01,212,30,37395.0,0.0
ELDFISK,1997-12-01,213,31,36807.5,0.0
ELDFISK,1998-01-01,214,31,39587.2,0.0
ELDFISK,1998-02-01,215,28,41353.2,0.0
ELDFISK,1998-03-01,216,31,42874.1,0.0
ELDFISK,1998-04-01,217,30,45842.2,0.0
ELDFISK,1998-05-01,218,31,39938.2,0.0
ELDFISK,1998-06-01,219,30,35990.2,0.0
ELDFISK,1998-07-01,220,31,36381.4,0.0
ELDFISK,1998-08-01,221,31,4155.3,0.0
ELDFISK,1998-09-01,222,30,8097.1,0.0
ELDFISK,1998-10-01,223,31,1452.7,0.0
ELDFISK,1998-11-01,224,30,8858.1,0.0
ELDFISK,1998-12-01,225,31,10536.4,0.0
ELDFISK,1999-01-01,226,31,27096.9,0.0
ELDFISK,1999-02-01,227,28,27547.1,0.0
ELDFISK,1999-03-01,228,31,22355.2,0.0
ELDFISK,1999-04-01,229,30,15263.2,0.0
ELDFISK,1999-05-01,230,31,22923.3,0.0
ELDFISK,1999-06-01,231,30,16548.5,0.0
ELDFISK,1999-07-01,232,31,19417.2,0.0
ELDFISK,1999-08-01,233,31,14742.5,0.0
ELDFISK,1999-09-01,234,30,17909.2,0.0
ELDFISK,1999-10-01,235,31,19859.5,0.0
ELDFISK,1999-11-01,236,30,25213.7,0.0
ELDFISK,1999-12-01,237,31,12405.1,0.0
ELDFISK,2000-01-01,238,31,19786.5,2323.2
ELDFISK,2000-02-01,239,29,23283.1,2797.9
ELDFISK,2000-03-01,240,31,23109.9,2286.6
ELDFISK,2000-04-01,241,30,18563.3,2461.4
ELDFISK,2000-05-01,242,31,16986.5,2325.2
ELDFISK,2000-06-01,243,30,17347.3,2209.8
ELDFISK,2000-07-01,244,31,20592.0,2956.2
ELDFISK,2000-08-01,245,31,16672.0,2653.9
ELDFISK,2000-09-01,246,30,19072.8,2486.6
ELDFISK,2000-10-01,247,31,26011.4,2869.0
ELDFISK,2000-11-01,248,30,29742.4,2784.3
ELDFISK,2000-12-01,249,31,31325.2,2335.3
ELDFISK,2001-01-01,250,31,30844.4,2808.1
ELDFISK,2001-02-01,251,28,33432.5,4380.4
ELDFISK,2001-03-01,252,31,31552.5,4317.6
ELDFISK,2001-04-01,253,30,33042.4,4549.6
ELDFISK,2001-05-01,254,31,32820.6,4516.5
ELDFISK,2001-06-01,255,30,35742.8,3448.9
ELDFISK,2001-07-01,256,31,36969.8,3002.9
ELDFISK,2001-08-01,257,31,18595.5,1909.3
ELDFISK,2001-09-01,258,30,34539.4,2241.3
ELDFISK,2001-10-01,259,31,41451.8,4678.8
ELDFISK,2001-11-01,260,30,42181.5,4331.6
ELDFISK,2001-12-01,261,31,41729.8,5597.9
ELDFISK,2002-01-01,262,31,40374.4,7738.5
ELDFISK,2002-02-01,263,28,42368.5,8286.8
ELDFISK,2002-03-01,264,31,36943.4,2852.7
ELDFISK,2002-04-01,265,30,39671.9,4178.5
ELDFISK,2002-05-01,266,31,39950.4,8213.3
ELDFISK,2002-06-01,267,30,43902.8,11428.6
ELDFISK,2002-07-01,268,31,43819.6,10656.1
ELDFISK,2002-08-01,269,31,40169.5,9810.1
ELDFISK,2002-09-01,270,30,44148.1,10791.2
ELDFISK,2002-10-01,271,31,42545.4,8750.9
ELDFISK,2002-11-01,272,30,40458.1,11501.9
ELDFISK,2002-12-01,273,31,40597.6,10049.5
ELDFISK,2003-01-01,274,31,41863.7,9507.7
ELDFISK,2003-02-01,275,28,43799.5,14118.4
ELDFISK,2003-03-01,276,31,42669.2,14068.9
ELDFISK,2003-04-01,277,30,42043.1,7518.4
ELDFISK,2003-05-01,278,31,47966.8,18181.6
ELDFISK,2003-06-01,279,30,44942.7,16265.4
ELDFISK,2003-07-01,280,31,43712.1,17353.8
ELDFISK,2003-08-01,281,31,29377.4,11348.0
ELDFISK,2003-09-01,282,30,42240.2,8547.8
ELDFISK,2003-10-01,283,31,43115.6,12549.2
ELDFISK,2003-11-01,284,30,40785.2,12627.8
ELDFISK,2003-12-01,285,31,37931.6,11632.1
ELDFISK,2004-01-01,286,31,50547.7,15134.1
ELDFISK,2004-02-01,287,29,52424.4,17459.6
ELDFISK,2004-03-01,288,31,50543.6,14113.5
ELDFISK,2004-04-01,289,30,55996.0,18643.0
ELDFISK,2004-05-01,290,31,52229.7,14468.6
ELDFISK,2004-06-01,291,30,58350.5,15940.4
ELDFISK,2004-07-01,292,31,60595.1,17788.0
ELDFISK,2004-08-01,293,31,42506.9,11137.0
ELDFISK,2004-09-01,294,30,41430.9,8040.5
ELDFISK,2004-10-01,295,31,61293.1,15797.5
ELDFISK,2004-11-01,296,30,61050.9,16118.7
ELDFISK,2004-12-01,297,31,65227.3,17719.0
ELDFISK,2005-01-01,298,31,65501.2,17727.1
ELDFISK,2005-02-01,299,28,63259.7,19192.9
ELDFISK,2005-03-01,300,31,66887.0,22951.7
ELDFISK,2005-04-01,301,30,66003.1,18179.6
ELDFISK,2005-05-01,302,31,65671.6,26920.3
ELDFISK,2005-06-01,303,30,59352.6,19825.4
ELDFISK,2005-07-01,304,31,60678.3,13965.4
ELDFISK,2005-08-01,305,31,48031.8,10790.1
ELDFISK,2005-09-01,306,30,63072.0,15221.3
ELDFISK,2005-10-01,307,31,58261.8,17570.9
ELDFISK,2005-11-01,308,30,55752.8,17860.9
ELDFISK,2005-12-01,309,31,53863.0,16231.7
ELDFISK,2006-01-01,310,31,44192.9,13697.6
ELDFISK,2006-02-01,311,28,51832.4,16405.1
ELDFISK,2006-03-01,312,31,49308.0,15639.3
ELDFISK,2006-04-01,313,30,53004.1,15810.5
ELDFISK,2006-05-01,314,31,53010.8,17445.1
ELDFISK,2006-06-01,315,30,54551.4,19347.4
ELDFISK,2006-07-01,316,31,53879.2,19047.9
ELDFISK,2006-08-01,317,31,51580.4,12603.9
ELDFISK,2006-09-01,318,30,55230.7,14837.6
ELDFISK,2006-10-01,319,31,56470.2,18664.5
ELDFISK,2006-11-01,320,30,46305.5,18796.0
ELDFISK,2006-12-01,321,31,53568.8,21649.1
ELDFISK,2007-01-01,322,31,52215.5,18658.4
ELDFISK,2007-02-01,323,28,53382.4,17741.7
ELDFISK,2007-03-01,324,31,51040.7,18191.7
ELDFISK,2007-04-01,325,30,53423.5,21337.1
ELDFISK,2007-05-01,326,31,48727.7,17907.7
ELDFISK,2007-06-01,327,30,12260.9,4828.5
ELDFISK,2007-07-01,328,31,52272.3,16302.8
ELDFISK,2007-08-01,329,31,55512.6,20590.0
ELDFISK,2007-09-01,330,30,39841.7,13533.6
ELDFISK,2007-10-01,331,31,23682.1,7783.1
ELDFISK,2007-11-01,332,30,47502.7,14678.3
ELDFISK,2007-12-01,333,31,56725.9,20553.4
ELDFISK,2008-01-01,334,31,52724.8,19407.1
ELDFISK,2008-02-01,335,29,45486.1,16095.4
ELDFISK,2008-03-01,336,31,53104.2,19875.8
ELDFISK,2008-04-01,337,30,54417.3,20324.4
ELDFISK,2008-05-01,338,31,53844.7,20786.8
ELDFISK,2008-06-01,339,30,46404.0,16760.2
ELDFISK,2008-07-01,340,31,57190.5,21123.6
ELDFISK,2008-08-01,341,31,54086.2,17999.0
ELDFISK,2008-09-01,342,30,42179.4,13539.8
ELDFISK,2008-10-01,343,31,59499.5,20782.7
ELDFISK,2008-11-01,344,30,52654.0,19825.4
ELDFISK,2008-12-01,345,31,50900.7,19143.3
ELDFISK,2009-01-01,346,31,51077.2,15830.0
ELDFISK,2009-02-01,347,28,51780.8,17346.4
ELDFISK,2009-03-01,348,31,51886.8,20618.4
ELDFISK,2009-04-01,349,30,48429.4,14980.2
ELDFISK,2009-05-01,350,31,41015.6,10621.6
ELDFISK,2009-06-01,351,30,46689.2,16649.1
ELDFISK,2009-07-01,352,31,50326.5,17382.2
ELDFISK,2009-08-01,353,31,46297.0,17203.6
ELDFISK,2009-09-01,354,30,44393.4,16389.1
ELDFISK,2009-10-01,355,31,52079.5,16077.5
ELDFISK,2009-11-01,356,30,54746.4,16611.4
ELDFISK,2009-12-01,357,31,52440.7,16834.3
ELDFISK,2010-01-01,358,31,53520.1,20545.3
ELDFISK,2010-02-01,359,28,53240.9,19069.3
ELDFISK,2010-03-01,360,31,53309.1,18516.4
ELDFISK,2010-04-01,361,30,53211.7,19131.5
ELDFISK,2010-05-01,362,31,54530.5,19370.6
ELDFISK,2010-06-01,363,30,6075.9,954.0
ELDFISK,2010-07-01,364,31,55944.7,18224.2
ELDFISK,2010-08-01,365,31,52692.3,17826.5
ELDFISK,2010-09-01,366,30,53006.2,17584.2
ELDFISK,2010-10-01,367,31,52239.8,19236.6
ELDFISK,2010-11-01,368,30,53316.5,21003.7
ELDFISK,2010-12-01,369,31,52534.0,20370.8
ELDFISK,2011-01-01,370,31,50734.3,20419.5
ELDFISK,2011-02-01,371,28,53997.9,21225.8
ELDFISK,2011-03-01,372,31,53568.8,19334.0
ELDFISK,2011-04-01,373,30,51677.0,19215.3
ELDFISK,2011-05-01,374,31,53487.6,21302.1
ELDFISK,2011-06-01,375,30,48282.6,19045.5
ELDFISK,2011-07-01,376,31,47264.8,18804.5
ELDFISK,2011-08-01,377,31,50442.2,21415.8
ELDFISK,2011-09-01,378,30,49871.8,19207.0
ELDFISK,2011-10-01,379,31,50622.7,20336.3
ELDFISK,2011-11-01,380,30,44588.4,19207.0
ELDFISK,2011-12-01,381,31,44113.8,19668.8
ELDFISK,2012-01-01,382,31,29945.5,10205.7
ELDFISK,2012-02-01,383,29,51402.8,24471.7
ELDFISK,2012-03-01,384,31,51864.5,23053.1
ELDFISK,2012-04-01,385,30,47267.8,24836.3
ELDFISK,2012-05-01,386,31,47983.1,25009.1
ELDFISK,2012-06-01,387,30,45429.1,24742.0
ELDFISK,2012-07-01,388,31,46954.4,24132.5
ELDFISK,2012-08-01,389,31,46889.4,22929.4
ELDFISK,2012-09-01,390,30,43951.0,23014.4
ELDFISK,2012-10-01,391,31,47544.8,24465.3
ELDFISK,2012-11-01,392,30,43384.9,26188.6
ELDFISK,2012-12-01,393,31,43160.2,24727.0
ELDFISK,2013-01-01,394,31,39942.3,23903.3
ELDFISK,2013-02-01,395,28,42489.8,26608.1
ELDFISK,2013-03-01,396,31,40475.9,25619.8
ELDFISK,2013-04-01,397,30,35902.2,22844.6
ELDFISK,2013-05-01,398,31,28395.4,17327.4
ELDFISK,2013-06-01,399,30,0.0,0.0
ELDFISK,2013-07-01,400,31,20535.2,8704.3
ELDFISK,2013-08-01,401,31,43340.8,23055.2
ELDFISK,2013-09-01,402,30,39686.5,24373.0
ELDFISK,2013-10-01,403,31,39100.2,23876.9
ELDFISK,2013-11-01,404,30,35772.2,25417.1
ELDFISK,2013-12-01,405,31,33646.4,23923.6
ELDFISK,2014-01-01,406,31,38207.5,27153.7
ELDFISK,2014-02-01,407,28,36748.2,24678.5
ELDFISK,2014-03-01,408,31,32911.9,23404.1
ELDFISK,2014-04-01,409,30,34849.7,24561.7
ELDFISK,2014-05-01,410,31,32400.6,22450.5
ELDFISK,2014-06-01,411,30,33778.3,24668.6
ELDFISK,2014-07-01,412,31,30925.5,23081.5
ELDFISK,2014-08-01,413,31,34547.2,26760.1
ELDFISK,2014-09-01,414,30,33409.3,24697.9
ELDFISK,2014-10-01,415,31,32987.0,24637.8
ELDFISK,2014-11-01,416,30,31895.6,24817.5
ELDFISK,2014-12-01,417,31,31862.9,24004.7
ELDFISK,2015-01-01,418,31,34642.6,24163.0
ELDFISK,2015-02-01,419,28,24775.1,16807.2
ELDFISK,2015-03-01,420,31,33585.5,23146.5
ELDFISK,2015-04-01,421,30,35753.3,25484.2
ELDFISK,2015-05-01,422,31,40686.9,27510.8
ELDFISK,2015-06-01,423,30,41070.3,24924.4
ELDFISK,2015-07-01,424,31,42916.7,25157.2
ELDFISK,2015-08-01,425,31,47368.3,29787.3
ELDFISK,2015-09-01,426,30,49301.5,30069.4
ELDFISK,2015-10-01,427,31,47441.3,28502.9
ELDFISK,2015-11-01,428,30,49203.0,29692.0
ELDFISK,2015-12-01,429,31,44393.8,26924.4
ELDFISK,2016-01-01,430,31,47390.6,27577.7
ELDFISK,2016-02-01,431,29,46787.4,25471.5
ELDFISK,2016-03-01,432,31,46152.9,28257.4
ELDFISK,2016-04-01,433,30,45336.9,32512.0
ELDFISK,2016-05-01,434,31,42482.5,32307.3
ELDFISK,2016-06-01,435,30,7908.4,5249.9
ELDFISK,2016-07-01,436,31,46370.0,32599.4
ELDFISK,2016-08-01,437,31,43253.5,30079.4
ELDFISK,2016-09-01,438,30,46659.8,30434.2
ELDFISK,2016-10-01,439,31,45501.6,30966.1
ELDFISK,2016-11-01,440,30,46334.9,31090.5
ELDFISK,2016-12-01,441,31,42243.1,28890.5
ELDFISK,2017-01-01,442,31,44612.9,33680.9
ELDFISK,2017-02-01,443,28,47005.0,32354.3
ELDFISK,2017-03-01,444,31,44836.1,32530.4
ELDFISK,2017-04-01,445,30,45710.1,33895.7
ELDFISK,2017-05-01,446,31,43886.6,34486.4
ELDFISK,2017-06-01,447,30,48634.8,40869.0
ELDFISK,2017-07-01,448,31,46128.6,36992.1
ELDFISK,2017-08-01,449,31,43805.4,40195.9
ELDFISK,2017-09-01,450,30,41881.7,36107.6
ELDFISK,2017-10-01,451,31,38481.4,35239.1
ELDFISK,2017-11-01,452,30,40430.8,35245.9
ELDFISK,2017-12-01,453,31,38676.2,37191.0
ELDFISK,2018-01-01,454,31,42320.2,38175.0
ELDFISK,2018-02-01,455,28,41818.2,37368.2
ELDFISK,2018-03-01,456,31,43545.7,40490.1
ELDFISK,2018-04-01,457,30,42217.1,44303.3
ELDFISK,2018-05-01,458,31,37623.1,39205.7
ELDFISK,2018-06-01,459,30,39665.6,37367.7
ELDFISK,2018-07-01,460,31,42715.9,39386.3
ELDFISK,2018-08-01,461,31,45144.5,42306.0
ELDFISK,2018-09-01,462,30,42129.1,40902.6
ELDFISK,2018-10-01,463,31,41159.6,40384.6
ELDFISK,2018-11-01,464,30,41609.1,42877.6
ELDFISK,2018-12-01,465,31,42358.8,44562.2
ELDFISK,2019-01-01,466,31,40764.0,44649.5
ELDFISK,2019-02-01,467,28,39870.6,42624.6
ELDFISK,2019-03-01,468,31,38842.6,38511.8
ELDFISK,2019-04-01,469,30,38237.8,41636.4
ELDFISK,2019-05-01,470,31,40546.9,39842.8
ELDFISK,2019-06-01,471,30,9604.5,7155.7
ELDFISK,2019-07-01,472,31,49352.6,49458.1
ELDFISK,2019-08-01,473,31,45209.5,45158.7
ELDFISK,2019-09-01,474,30,44949.0,46238.4
ELDFISK,2019-10-01,475,31,45672.1,46191.5
ELDFISK,2019-11-01,476,30,44206.8,45974.2
ELDFISK,2019-12-01,477,31,42797.0,45996.7
ELDFISK,2020-01-01,478,31,44026.6,47962.8
ELDFISK,2020-02-01,479,29,44108.8,47045.5
ELDFISK,2020-03-01,480,31,42608.3,47528.6
ELDFISK,2020-04-01,481,30,42426.8,48001.7
ELDFISK,2020-05-01,482,31,41360.5,48672.9
ELDFISK,2020-06-01,483,30,33908.3,37183.2
ELDFISK,2020-07-01,484,31,45925.7,47709.1
ELDFISK,2020-08-01,485,31,43245.4,45968.3
ELDFISK,2020-09-01,486,30,45655.6,49431.5
ELDFISK,2020-10-01,487,31,45323.1,48630.3
ELDFISK,2020-11-01,488,30,41680.4,43431.1
ELDFISK,2020-12-01,489,31,41204.3,45941.9
ELDFISK,2021-01-01,490,31,43048.6,50066.8
ELDFISK,2021-02-01,491,28,43152.5,51392.2
ELDFISK,2021-03-01,492,31,43823.7,52793.7
ELDFISK,2021-04-01,493,30,39191.7,41558.8
ELDFISK,2021-05-01,494,31,46844.8,50963.6
ELDFISK,2021-06-01,495,30,48257.4,52303.9
ELDFISK,2021-07-01,496,31,46863.1,56825.3
ELDFISK,2021-08-01,497,31,48220.4,55932.6
ELDFISK,2021-09-01,498,30,46563.4,56555.8
ELDFISK,2021-10-01,499,31,46893.5,58127.9
ELDFISK,2021-11-01,500,30,43150.1,53408.8
ELDFISK,2021-12-01,501,31,43223.1,54861.3
ELDFISK,2022-01-01,502,31,40983.1,51752.9
ELDFISK,2022-02-01,503,28,40769.1,53198.2
ELDFISK,2022-03-01,504,31,40344.0,54461.6
ELDFISK,2022-04-01,505,30,40875.3,55486.5
ELDFISK,2022-05-01,506,31,34192.2,46130.6
ELDFISK,2022-06-01,507,30,13898.4,16263.3
ELDFISK,2022-07-01,508,31,48319.9,66268.1
ELDFISK,2022-08-01,509,31,43306.3,58499.2
ELDFISK,2022-09-01,510,30,45133.5,58847.4
ELDFISK,2022-10-01,511,31,43868.3,58661.5
ELDFISK,2022-11-01,512,30,42498.1,53675.1
ELDFISK,2022-12-01,513,31,41035.9,52720.7
ELDFISK,2023-01-01,514,31,40697.0,50085.1
ELDFISK,2023-02-01,515,28,39913.3,53649.7
ELDFISK,2023-03-01,516,31,40482.0,55709.4
ELDFISK,2023-04-01,517,30,38992.6,53928.7
ELDFISK,2023-05-01,518,31,33768.1,41484.3
ELDFISK,2023-06-01,519,30,38571.2,48068.7
ELDFISK,2023-07-01,520,31,40609.8,51073.2
ELDFISK,2023-08-01,521,31,37580.5,47632.0
ELDFISK,2023-09-01,522,30,38172.8,50653.9
ELDFISK,2023-10-01,523,31,39972.7,53181.3
ELDFISK,2023-11-01,524,30,38814.4,52123.6
ELDFISK,2023-12-01,525,31,36797.4,46930.0
ELDFISK,2024-01-01,526,31,33768.1,41013.6
ELDFISK,2024-02-01,527,29,38252.8,54254.9
ELDFISK,2024-03-01,528,31,36290.1,53331.4
ELDFISK,2024-04-01,529,30,34671.5,50603.5
ELDFISK,2024-05-01,530,31,41569.5,50610.6
ELDFISK,2024-06-01,531,30,36478.7,43357.7
ELDFISK,2024-07-01,532,31,43328.6,53447.1
ELDFISK,2024-08-01,533,31,39536.5,51000.1
ELDFISK,2024-09-01,534,30,44754.0,53576.5
ELDFISK,2024-10-01,535,31,44140.2,54445.3
ELDFISK,2024-11-01,536,30,45609.4,55023.2
ELDFISK,2024-12-01,537,31,41825.1,50409.7
ELDFISK,2025-01-01,538,31,38227.8,46593.2
ELDFISK,2025-02-01,539,28,40429.9,52423.2
ELDFISK,2025-03-01,540,31,44610.9,53822.4
ELDFISK,2025-04-01,541,30,43909.1,49194.6
ELDFISK,2025-05-01,542,31,40475.9,44797.6
ELDFISK,2025-06-01,543,30,3209.9,1450.8
ELDFISK,2025-07-01,544,31,44990.3,62425.3
ELDFISK,2025-08-01,545,31,42228.9,49975.5
ELDFISK,2025-09-01,546,30,34625.3,40055.5
ELDFISK,2025-10-01,547,31,46859.0,57608.5
ELDFISK,2025-11-01,548,30,39812.3,46892.6
ELDFISK,2025-12-01,549,31,43097.3,55396.9
ELDFISK,2026-01-01,550,31,34930.7,47565.1
ELDFISK,2026-02-01,551,28,36456.1,48507.8
ELDFISK,2026-03-01,552,31,34066.4,44485.1
ELDFISK,2026-04-01,553,30,36942.1,51312.2
ELDFISK,2026-05-01,554,31,35048.4,52601.0
EMBLA,1994-02-01,0,28,29712.6,0.0
EMBLA,1994-03-01,1,31,28225.0,0.0
EMBLA,1994-04-01,2,30,26717.0,0.0
EMBLA,1994-05-01,3,31,24652.0,0.0
EMBLA,1994-06-01,4,30,24318.5,0.0
EMBLA,1994-07-01,5,31,23369.7,0.0
EMBLA,1994-08-01,6,31,5084.6,0.0
EMBLA,1994-09-01,7,30,24700.0,0.0
EMBLA,1994-10-01,8,31,25000.9,0.0
EMBLA,1994-11-01,9,30,26603.8,0.0
EMBLA,1994-12-01,10,31,25138.9,0.0
EMBLA,1995-01-01,11,31,25086.2,0.0
EMBLA,1995-02-01,12,28,24606.6,0.0
EMBLA,1995-03-01,13,31,22896.9,0.0
EMBLA,1995-04-01,14,30,22303.6,0.0
EMBLA,1995-05-01,15,31,21131.7,0.0
EMBLA,1995-06-01,16,30,24467.3,0.0
EMBLA,1995-07-01,17,31,23101.8,0.0
EMBLA,1995-08-01,18,31,13898.4,0.0
EMBLA,1995-09-01,19,30,21599.2,0.0
EMBLA,1995-10-01,20,31,22162.4,0.0
EMBLA,1995-11-01,21,30,20448.1,0.0
EMBLA,1995-12-01,22,31,21750.5,0.0
EMBLA,1996-01-01,23,31,19674.9,0.0
EMBLA,1996-02-01,24,29,19489.7,0.0
EMBLA,1996-03-01,25,31,18796.4,0.0
EMBLA,1996-04-01,26,30,17827.4,0.0
EMBLA,1996-05-01,27,31,17067.7,0.0
EMBLA,1996-06-01,28,30,17378.7,0.0
EMBLA,1996-07-01,29,31,16832.3,0.0
EMBLA,1996-08-01,30,31,12705.4,0.0
EMBLA,1996-09-01,31,30,17909.2,0.0
EMBLA,1996-10-01,32,31,17455.2,0.0
EMBLA,1996-11-01,33,30,16655.4,0.0
EMBLA,1996-12-01,34,31,14322.5,0.0
EMBLA,1997-01-01,35,31,12557.3,0.0
EMBLA,1997-02-01,36,28,16158.0,0.0
EMBLA,1997-03-01,37,31,15874.6,0.0
EMBLA,1997-04-01,38,30,13969.6,0.0
EMBLA,1997-05-01,39,31,13040.2,0.0
EMBLA,1997-06-01,40,30,13508.4,0.0
EMBLA,1997-07-01,41,31,12622.2,0.0
EMBLA,1997-08-01,42,31,13431.8,0.0
EMBLA,1997-09-01,43,30,11917.1,0.0
EMBLA,1997-10-01,44,31,10382.2,0.0
EMBLA,1997-11-01,45,30,9753.4,0.0
EMBLA,1997-12-01,46,31,9284.6,0.0
EMBLA,1998-01-01,47,31,9173.0,0.0
EMBLA,1998-02-01,48,28,7844.3,0.0
EMBLA,1998-03-01,49,31,7992.1,0.0
EMBLA,1998-04-01,50,30,6969.1,0.0
EMBLA,1998-05-01,51,31,11124.8,0.0
EMBLA,1998-06-01,52,30,10828.9,0.0
EMBLA,1998-07-01,53,31,12433.5,0.0
EMBLA,1998-08-01,54,31,1314.8,0.0
EMBLA,1998-09-01,55,30,0.0,0.0
EMBLA,1998-10-01,56,31,7373.3,0.0
EMBLA,1998-11-01,57,30,13495.8,0.0
EMBLA,1998-12-01,58,31,11601.6,0.0
EMBLA,1999-01-01,59,31,12342.2,0.0
EMBLA,1999-02-01,60,28,11366.6,0.0
EMBLA,1999-03-01,61,31,11504.2,0.0
EMBLA,1999-04-01,62,30,7061.3,0.0
EMBLA,1999-05-01,63,31,10674.4,0.0
EMBLA,1999-06-01,64,30,7969.2,0.0
EMBLA,1999-07-01,65,31,12054.1,0.0
EMBLA,1999-08-01,66,31,7089.2,0.0
EMBLA,1999-09-01,67,30,19146.2,0.0
EMBLA,1999-10-01,68,31,13405.4,0.0
EMBLA,1999-11-01,69,30,14206.6,0.0
EMBLA,1999-12-01,70,31,18055.8,0.0
EMBLA,2000-01-01,71,31,17538.4,83.2
EMBLA,2000-02-01,72,29,12334.5,54.2
EMBLA,2000-03-01,73,31,9607.2,52.8
EMBLA,2000-04-01,74,30,8189.3,50.3
EMBLA,2000-05-01,75,31,11979.0,79.1
EMBLA,2000-06-01,76,30,11499.9,136.3
EMBLA,2000-07-01,77,31,11565.1,93.3
EMBLA,2000-08-01,78,31,10806.3,67.0
EMBLA,2000-09-01,79,30,9812.1,69.2
EMBLA,2000-10-01,80,31,10577.0,113.6
EMBLA,2000-11-01,81,30,9153.8,138.4
EMBLA,2000-12-01,82,31,8197.0,123.8
EMBLA,2001-01-01,83,31,11453.5,156.2
EMBLA,2001-02-01,84,28,9603.2,148.3
EMBLA,2001-03-01,85,31,10924.0,172.5
EMBLA,2001-04-01,86,30,13091.2,182.4
EMBLA,2001-05-01,87,31,11159.3,140.0
EMBLA,2001-06-01,88,30,7006.8,117.4
EMBLA,2001-07-01,89,31,6470.4,97.4
EMBLA,2001-08-01,90,31,2862.9,62.9
EMBLA,2001-09-01,91,30,7835.0,111.1
EMBLA,2001-10-01,92,31,7620.8,148.1
EMBLA,2001-11-01,93,30,7046.7,249.5
EMBLA,2001-12-01,94,31,7442.3,164.3
EMBLA,2002-01-01,95,31,7612.7,154.2
EMBLA,2002-02-01,96,28,6988.4,128.0
EMBLA,2002-03-01,97,31,5451.8,113.6
EMBLA,2002-04-01,98,30,6902.0,123.7
EMBLA,2002-05-01,99,31,7513.3,140.0
EMBLA,2002-06-01,100,30,6964.9,148.9
EMBLA,2002-07-01,101,31,6655.0,121.7
EMBLA,2002-08-01,102,31,6920.8,152.2
EMBLA,2002-09-01,103,30,6881.0,134.2
EMBLA,2002-10-01,104,31,6145.7,142.0
EMBLA,2002-11-01,105,30,5939.7,138.4
EMBLA,2002-12-01,106,31,6091.0,314.5
EMBLA,2003-01-01,107,31,6026.0,180.6
EMBLA,2003-02-01,108,28,4569.1,188.7
EMBLA,2003-03-01,109,31,6080.8,99.4
EMBLA,2003-04-01,110,30,6577.0,113.2
EMBLA,2003-05-01,111,31,6442.0,259.7
EMBLA,2003-06-01,112,30,6229.0,146.8
EMBLA,2003-07-01,113,31,6845.7,131.9
EMBLA,2003-08-01,114,31,5111.0,105.5
EMBLA,2003-09-01,115,30,8864.4,113.2
EMBLA,2003-10-01,116,31,11447.4,184.6
EMBLA,2003-11-01,117,30,8130.6,171.9
EMBLA,2003-12-01,118,31,6892.4,87.2
EMBLA,2004-01-01,119,31,11094.4,158.3
EMBLA,2004-02-01,120,29,9282.9,84.6
EMBLA,2004-03-01,121,31,7318.5,56.8
EMBLA,2004-04-01,122,30,7914.7,220.1
EMBLA,2004-05-01,123,31,6241.1,196.8
EMBLA,2004-06-01,124,30,5625.2,119.5
EMBLA,2004-07-01,125,31,4664.6,349.0
EMBLA,2004-08-01,126,31,3857.1,44.6
EMBLA,2004-09-01,127,30,4654.5,46.1
EMBLA,2004-10-01,128,31,6742.3,50.7
EMBLA,2004-11-01,129,30,7820.3,56.6
EMBLA,2004-12-01,130,31,7454.4,60.9
EMBLA,2005-01-01,131,31,5748.1,54.8
EMBLA,2005-02-01,132,28,4991.4,49.4
EMBLA,2005-03-01,133,31,5052.1,54.8
EMBLA,2005-04-01,134,30,4121.9,44.0
EMBLA,2005-05-01,135,31,4741.7,52.8
EMBLA,2005-06-01,136,30,4340.0,44.0
EMBLA,2005-07-01,137,31,4461.7,48.7
EMBLA,2005-08-01,138,31,3528.4,38.6
EMBLA,2005-09-01,139,30,5671.3,77.6
EMBLA,2005-10-01,140,31,4755.9,127.8
EMBLA,2005-11-01,141,30,4857.8,52.4
EMBLA,2005-12-01,142,31,5977.3,44.6
EMBLA,2006-01-01,143,31,5616.2,87.2
EMBLA,2006-02-01,144,28,7264.7,141.5
EMBLA,2006-03-01,145,31,6908.6,123.8
EMBLA,2006-04-01,146,30,6916.7,140.5
EMBLA,2006-05-01,147,31,6159.9,298.3
EMBLA,2006-06-01,148,30,5853.7,130.0
EMBLA,2006-07-01,149,31,5265.2,123.8
EMBLA,2006-08-01,150,31,5514.7,121.7
EMBLA,2006-09-01,151,30,5595.8,203.4
EMBLA,2006-10-01,152,31,5015.6,140.0
EMBLA,2006-11-01,153,30,4008.7,88.1
EMBLA,2006-12-01,154,31,4246.6,105.5
EMBLA,2007-01-01,155,31,4575.3,133.9
EMBLA,2007-02-01,156,28,3800.8,119.1
EMBLA,2007-03-01,157,31,3682.6,101.4
EMBLA,2007-04-01,158,30,3935.3,111.1
EMBLA,2007-05-01,159,31,3500.0,101.4
EMBLA,2007-06-01,160,30,710.7,23.1
EMBLA,2007-07-01,161,31,2611.3,184.6
EMBLA,2007-08-01,162,31,2899.4,290.1
EMBLA,2007-09-01,163,30,3375.5,67.1
EMBLA,2007-10-01,164,31,2270.4,60.9
EMBLA,2007-11-01,165,30,4989.9,295.6
EMBLA,2007-12-01,166,31,4396.8,312.5
EMBLA,2008-01-01,167,31,3544.6,231.3
EMBLA,2008-02-01,168,29,3138.4,245.1
EMBLA,2008-03-01,169,31,3982.9,261.7
EMBLA,2008-04-01,170,30,3497.1,186.6
EMBLA,2008-05-01,171,31,3818.5,273.9
EMBLA,2008-06-01,172,30,3186.8,123.7
EMBLA,2008-07-01,173,31,2440.8,69.0
EMBLA,2008-08-01,174,31,3558.8,138.0
EMBLA,2008-09-01,175,30,2681.6,102.7
EMBLA,2008-10-01,176,31,5346.3,415.9
EMBLA,2008-11-01,177,30,4849.4,161.4
EMBLA,2008-12-01,178,31,5040.0,144.1
EMBLA,2009-01-01,179,31,4273.0,119.7
EMBLA,2009-02-01,180,28,4346.7,101.1
EMBLA,2009-03-01,181,31,4473.9,123.8
EMBLA,2009-04-01,182,30,3708.9,151.0
EMBLA,2009-05-01,183,31,2988.7,64.9
EMBLA,2009-06-01,184,30,4360.9,115.3
EMBLA,2009-07-01,185,31,4350.1,135.9
EMBLA,2009-08-01,186,31,4094.5,135.9
EMBLA,2009-09-01,187,30,3583.1,104.8
EMBLA,2009-10-01,188,31,3284.9,87.2
EMBLA,2009-11-01,189,30,3516.0,92.3
EMBLA,2009-12-01,190,31,3475.6,46.7
EMBLA,2010-01-01,191,31,2822.3,67.0
EMBLA,2010-02-01,192,28,3135.9,105.6
EMBLA,2010-03-01,193,31,3248.4,239.4
EMBLA,2010-04-01,194,30,2847.2,285.1
EMBLA,2010-05-01,195,31,2645.8,278.0
EMBLA,2010-06-01,196,30,207.6,12.6
EMBLA,2010-07-01,197,31,5488.4,32.5
EMBLA,2010-08-01,198,31,3108.4,36.5
EMBLA,2010-09-01,199,30,2822.0,333.4
EMBLA,2010-10-01,200,31,3238.2,332.8
EMBLA,2010-11-01,201,30,2922.7,325.0
EMBLA,2010-12-01,202,31,3025.2,245.5
EMBLA,2011-01-01,203,31,2907.5,142.0
EMBLA,2011-02-01,204,28,3005.6,249.3
EMBLA,2011-03-01,205,31,2986.6,217.1
EMBLA,2011-04-01,206,30,2478.2,266.3
EMBLA,2011-05-01,207,31,2795.9,314.5
EMBLA,2011-06-01,208,30,2543.2,278.8
EMBLA,2011-07-01,209,31,2424.6,196.8
EMBLA,2011-08-01,210,31,2722.9,284.1
EMBLA,2011-09-01,211,30,2337.7,396.3
EMBLA,2011-10-01,212,31,2207.5,347.0
EMBLA,2011-11-01,213,30,1962.4,270.5
EMBLA,2011-12-01,214,31,2246.1,273.9
EMBLA,2012-01-01,215,31,2262.3,280.0
EMBLA,2012-02-01,216,29,2186.2,190.9
EMBLA,2012-03-01,217,31,2053.3,192.8
EMBLA,2012-04-01,218,30,2012.7,178.2
EMBLA,2012-05-01,219,31,2102.0,245.5
EMBLA,2012-06-01,220,30,2067.2,251.6
EMBLA,2012-07-01,221,31,1982.3,233.3
EMBLA,2012-08-01,222,31,2004.6,200.9
EMBLA,2012-09-01,223,30,2126.0,230.6
EMBLA,2012-10-01,224,31,2436.8,286.1
EMBLA,2012-11-01,225,30,1394.2,58.7
EMBLA,2012-12-01,226,31,2203.5,158.3
EMBLA,2013-01-01,227,31,3116.5,273.9
EMBLA,2013-02-01,228,28,2724.8,247.1
EMBLA,2013-03-01,229,31,2653.9,249.6
EMBLA,2013-04-01,230,30,2226.6,205.5
EMBLA,2013-05-01,231,31,1720.6,164.3
EMBLA,2013-06-01,232,30,0.0,0.0
EMBLA,2013-07-01,233,31,1838.2,146.1
EMBLA,2013-08-01,234,31,2826.4,200.9
EMBLA,2013-09-01,235,30,2834.6,184.5
EMBLA,2013-10-01,236,31,2414.5,176.5
EMBLA,2013-11-01,237,30,2635.4,186.6
EMBLA,2013-12-01,238,31,921.2,101.4
EMBLA,2014-01-01,239,31,2189.3,123.8
EMBLA,2014-02-01,240,28,4834.2,35.9
EMBLA,2014-03-01,241,31,3924.0,91.3
EMBLA,2014-04-01,242,30,5358.9,153.1
EMBLA,2014-05-01,243,31,5165.8,231.3
EMBLA,2014-06-01,244,30,4484.6,211.8
EMBLA,2014-07-01,245,31,3780.0,32.5
EMBLA,2014-08-01,246,31,2313.0,32.5
EMBLA,2014-09-01,247,30,2023.2,21.0
EMBLA,2014-10-01,248,31,1866.7,16.2
EMBLA,2014-11-01,249,30,2000.2,27.3
EMBLA,2014-12-01,250,31,1933.6,22.3
EMBLA,2015-01-01,251,31,3378.2,20.3
EMBLA,2015-02-01,252,28,1740.9,2.2
EMBLA,2015-03-01,253,31,2024.9,36.5
EMBLA,2015-04-01,254,30,1782.1,10.5
EMBLA,2015-05-01,255,31,2193.3,20.3
EMBLA,2015-06-01,256,30,1668.9,18.9
EMBLA,2015-07-01,257,31,1053.0,24.3
EMBLA,2015-08-01,258,31,1710.4,22.3
EMBLA,2015-09-01,259,30,1715.0,16.8
EMBLA,2015-10-01,260,31,3092.1,18.3
EMBLA,2015-11-01,261,30,3109.3,4.2
EMBLA,2015-12-01,262,31,3183.5,0.0
EMBLA,2016-01-01,263,31,3295.0,0.0
EMBLA,2016-02-01,264,29,3470.2,0.0
EMBLA,2016-03-01,265,31,2866.9,0.0
EMBLA,2016-04-01,266,30,1805.2,0.0
EMBLA,2016-05-01,267,31,1795.6,0.0
EMBLA,2016-06-01,268,30,404.6,0.0
EMBLA,2016-07-01,269,31,2112.2,0.0
EMBLA,2016-08-01,270,31,2408.4,0.0
EMBLA,2016-09-01,271,30,2239.2,0.0
EMBLA,2016-10-01,272,31,2018.8,0.0
EMBLA,2016-11-01,273,30,2371.3,0.0
EMBLA,2016-12-01,274,31,6977.6,0.0
EMBLA,2017-01-01,275,31,4126.9,0.0
EMBLA,2017-02-01,276,28,2511.4,0.0
EMBLA,2017-03-01,277,31,2227.8,0.0
EMBLA,2017-04-01,278,30,2121.8,0.0
EMBLA,2017-05-01,279,31,2154.8,0.0
EMBLA,2017-06-01,280,30,2035.8,0.0
EMBLA,2017-07-01,281,31,2256.2,0.0
EMBLA,2017-08-01,282,31,4039.7,0.0
EMBLA,2017-09-01,283,30,4442.7,0.0
EMBLA,2017-10-01,284,31,4873.6,0.0
EMBLA,2017-11-01,285,30,3964.7,4.2
EMBLA,2017-12-01,286,31,3410.7,10.1
EMBLA,2018-01-01,287,31,2657.9,16.2
EMBLA,2018-02-01,288,28,1731.9,6.7
EMBLA,2018-03-01,289,31,1519.7,2.0
EMBLA,2018-04-01,290,30,1895.3,21.0
EMBLA,2018-05-01,291,31,3234.2,69.0
EMBLA,2018-06-01,292,30,3325.2,289.3
EMBLA,2018-07-01,293,31,3015.0,142.0
EMBLA,2018-08-01,294,31,3424.9,109.6
EMBLA,2018-09-01,295,30,3159.6,234.8
EMBLA,2018-10-01,296,31,2128.4,180.6
EMBLA,2018-11-01,297,30,1958.2,186.6
EMBLA,2018-12-01,298,31,2227.8,196.8
EMBLA,2019-01-01,299,31,2126.4,188.7
EMBLA,2019-02-01,300,28,2170.0,208.9
EMBLA,2019-03-01,301,31,2087.8,200.9
EMBLA,2019-04-01,302,30,2123.9,209.7
EMBLA,2019-05-01,303,31,1767.2,190.7
EMBLA,2019-06-01,304,30,199.2,21.0
EMBLA,2019-07-01,305,31,1300.6,168.4
EMBLA,2019-08-01,306,31,1312.7,178.5
EMBLA,2019-09-01,307,30,1392.1,192.9
EMBLA,2019-10-01,308,31,1268.1,174.5
EMBLA,2019-11-01,309,30,1186.7,176.1
EMBLA,2019-12-01,310,31,1105.8,168.4
EMBLA,2020-01-01,311,31,1381.7,186.7
EMBLA,2020-02-01,312,29,1398.9,193.0
EMBLA,2020-03-01,313,31,1424.3,182.6
EMBLA,2020-04-01,314,30,1497.0,188.7
EMBLA,2020-05-01,315,31,1353.3,182.6
EMBLA,2020-06-01,316,30,1237.0,174.0
EMBLA,2020-07-01,317,31,1491.3,221.2
EMBLA,2020-08-01,318,31,1460.9,217.1
EMBLA,2020-09-01,319,30,1092.3,136.3
EMBLA,2020-10-01,320,31,1146.4,164.3
EMBLA,2020-11-01,321,30,1706.6,220.1
EMBLA,2020-12-01,322,31,1426.4,217.1
EMBLA,2021-01-01,323,31,1406.1,202.9
EMBLA,2021-02-01,324,28,1345.6,197.7
EMBLA,2021-03-01,325,31,1410.1,202.9
EMBLA,2021-04-01,326,30,1033.6,169.8
EMBLA,2021-05-01,327,31,1156.5,172.5
EMBLA,2021-06-01,328,30,1056.7,159.3
EMBLA,2021-07-01,329,31,1272.2,196.8
EMBLA,2021-08-01,330,31,1124.0,170.4
EMBLA,2021-09-01,331,30,1211.8,188.7
EMBLA,2021-10-01,332,31,1201.1,190.7
EMBLA,2021-11-01,333,30,1136.4,186.6
EMBLA,2021-12-01,334,31,1255.9,180.6
EMBLA,2022-01-01,335,31,1184.9,146.1
EMBLA,2022-02-01,336,28,961.4,94.3
EMBLA,2022-03-01,337,31,290.1,12.2
EMBLA,2022-04-01,338,30,503.2,8.4
EMBLA,2022-05-01,339,31,679.7,32.5
EMBLA,2022-06-01,340,30,484.3,52.4
EMBLA,2022-07-01,341,31,1533.9,158.3
EMBLA,2022-08-01,342,31,1440.6,158.3
EMBLA,2022-09-01,343,30,1444.6,169.8
EMBLA,2022-10-01,344,31,1408.1,166.4
EMBLA,2022-11-01,345,30,1643.7,192.9
EMBLA,2022-12-01,346,31,3224.0,213.0
EMBLA,2023-01-01,347,31,3037.4,211.0
EMBLA,2023-02-01,348,28,3969.3,258.3
EMBLA,2023-03-01,349,31,3023.2,217.1
EMBLA,2023-04-01,350,30,3908.1,245.3
EMBLA,2023-05-01,351,31,3615.6,229.3
EMBLA,2023-06-01,352,30,2639.6,180.3
EMBLA,2023-07-01,353,31,2605.2,213.0
EMBLA,2023-08-01,354,31,2223.7,170.4
EMBLA,2023-09-01,355,30,2618.7,211.8
EMBLA,2023-10-01,356,31,2473.3,235.4
EMBLA,2023-11-01,357,30,2365.0,226.4
EMBLA,2023-12-01,358,31,2402.3,221.2
EMBLA,2024-01-01,359,31,2098.0,198.8
EMBLA,2024-02-01,360,29,2296.9,225.6
EMBLA,2024-03-01,361,31,2272.4,229.3
EMBLA,2024-04-01,362,30,1899.5,182.4
EMBLA,2024-05-01,363,31,2201.4,227.2
EMBLA,2024-06-01,364,30,2065.2,211.8
EMBLA,2024-07-01,365,31,2065.5,227.2
EMBLA,2024-08-01,366,31,2110.1,227.2
EMBLA,2024-09-01,367,30,1541.0,169.8
EMBLA,2024-10-01,368,31,2102.0,231.3
EMBLA,2024-11-01,369,30,1966.6,230.6
EMBLA,2024-12-01,370,31,1927.5,200.9
EMBLA,2025-01-01,371,31,1590.7,105.5
EMBLA,2025-02-01,372,28,1624.1,85.4
EMBLA,2025-03-01,373,31,1584.6,73.0
EMBLA,2025-04-01,374,30,1371.2,46.1
EMBLA,2025-05-01,375,31,1051.0,22.3
EMBLA,2025-06-01,376,30,230.6,0.0
EMBLA,2025-07-01,377,31,1430.4,4.1
EMBLA,2025-08-01,378,31,1205.2,18.3
EMBLA,2025-09-01,379,30,1406.8,21.0
EMBLA,2025-10-01,380,31,1099.7,0.0
EMBLA,2025-11-01,381,30,1285.2,12.6
EMBLA,2025-12-01,382,31,811.6,6.1
EMBLA,2026-01-01,383,31,1191.0,10.1
EMBLA,2026-02-01,384,28,1183.8,20.2
EMBLA,2026-03-01,385,31,598.5,8.1
EMBLA,2026-04-01,386,30,570.3,4.2
EMBLA,2026-05-01,387,31,850.1,14.2
ENOCH,2007-09-01,0,30,1794.7,31.4
ENOCH,2007-10-01,1,31,1641.4,38.6
ENOCH,2007-11-01,2,30,1497.0,31.4
ENOCH,2007-12-01,3,31,1389.8,32.5
ENOCH,2008-01-01,4,31,1351.3,38.6
ENOCH,2008-02-01,5,29,1383.8,34.7
ENOCH,2008-03-01,6,31,1416.2,38.6
ENOCH,2008-04-01,7,30,1209.7,27.3
ENOCH,2008-05-01,8,31,783.2,18.3
ENOCH,2008-06-01,9,30,1501.2,35.6
ENOCH,2008-07-01,10,31,1282.3,24.3
ENOCH,2008-08-01,11,31,180.6,4.1
ENOCH,2008-09-01,12,30,1063.0,18.9
ENOCH,2008-10-01,13,31,1034.8,16.2
ENOCH,2008-11-01,14,30,1509.6,33.5
ENOCH,2008-12-01,15,31,1432.5,36.5
ENOCH,2009-01-01,16,31,1408.1,28.4
ENOCH,2009-02-01,17,28,1426.4,27.0
ENOCH,2009-03-01,18,31,1324.9,26.4
ENOCH,2009-04-01,19,30,1037.8,25.2
ENOCH,2009-05-01,20,31,1089.6,28.4
ENOCH,2009-06-01,21,30,933.0,16.8
ENOCH,2009-07-01,22,31,1036.8,32.5
ENOCH,2009-08-01,23,31,1217.4,16.2
ENOCH,2009-09-01,24,30,1526.3,16.8
ENOCH,2009-10-01,25,31,1036.8,0.0
ENOCH,2009-11-01,26,30,1541.0,0.0
ENOCH,2009-12-01,27,31,1391.9,0.0
ENOCH,2010-01-01,28,31,1296.5,16.2
ENOCH,2010-02-01,29,28,986.2,18.0
ENOCH,2010-03-01,30,31,1057.1,24.3
ENOCH,2010-04-01,31,30,815.6,14.7
ENOCH,2010-05-01,32,31,988.1,6.1
ENOCH,2010-06-01,33,30,752.7,6.3
ENOCH,2010-07-01,34,31,649.3,4.1
ENOCH,2010-08-01,35,31,764.9,6.1
ENOCH,2010-09-01,36,30,555.6,0.0
ENOCH,2010-10-01,37,31,450.4,6.1
ENOCH,2010-11-01,38,30,733.8,8.4
ENOCH,2010-12-01,39,31,661.4,6.1
ENOCH,2011-01-01,40,31,551.9,10.1
ENOCH,2011-02-01,41,28,514.4,4.5
ENOCH,2011-03-01,42,31,572.2,6.1
ENOCH,2011-04-01,43,30,631.1,8.4
ENOCH,2011-05-01,44,31,584.3,8.1
ENOCH,2011-06-01,45,30,188.7,2.1
ENOCH,2011-07-01,46,31,450.4,12.2
ENOCH,2011-08-01,47,31,353.0,4.1
ENOCH,2011-09-01,48,30,605.9,0.0
ENOCH,2011-10-01,49,31,586.4,0.0
ENOCH,2011-11-01,50,30,515.8,0.0
ENOCH,2011-12-01,51,31,489.0,0.0
ENOCH,2012-01-01,52,31,342.9,0.0
ENOCH,2012-02-01,53,29,69.4,0.0
ENOCH,2012-03-01,54,31,4.1,0.0
ENOCH,2012-04-01,55,30,2.1,0.0
ENOCH,2012-05-01,56,31,0.0,0.0
ENOCH,2012-06-01,57,30,0.0,0.0
ENOCH,2012-07-01,58,31,0.0,0.0
ENOCH,2012-08-01,59,31,0.0,0.0
ENOCH,2012-09-01,60,30,0.0,0.0
ENOCH,2012-10-01,61,31,0.0,0.0
ENOCH,2012-11-01,62,30,0.0,0.0
ENOCH,2012-12-01,63,31,0.0,0.0
ENOCH,2013-01-01,64,31,0.0,0.0
ENOCH,2013-02-01,65,28,0.0,0.0
ENOCH,2013-03-01,66,31,0.0,0.0
ENOCH,2013-04-01,67,30,0.0,0.0
ENOCH,2013-05-01,68,31,0.0,0.0
ENOCH,2013-06-01,69,30,0.0,0.0
ENOCH,2013-07-01,70,31,0.0,0.0
ENOCH,2013-08-01,71,31,0.0,0.0
ENOCH,2013-09-01,72,30,0.0,0.0
ENOCH,2013-10-01,73,31,0.0,0.0
ENOCH,2013-11-01,74,30,0.0,0.0
ENOCH,2013-12-01,75,31,0.0,0.0
ENOCH,2014-01-01,76,31,0.0,0.0
ENOCH,2014-02-01,77,28,0.0,0.0
ENOCH,2014-03-01,78,31,0.0,0.0
ENOCH,2014-04-01,79,30,0.0,0.0
ENOCH,2014-05-01,80,31,0.0,0.0
ENOCH,2014-06-01,81,30,0.0,0.0
ENOCH,2014-07-01,82,31,0.0,0.0
ENOCH,2014-08-01,83,31,0.0,0.0
ENOCH,2014-09-01,84,30,0.0,0.0
ENOCH,2014-10-01,85,31,0.0,0.0
ENOCH,2014-11-01,86,30,0.0,0.0
ENOCH,2014-12-01,87,31,0.0,0.0
ENOCH,2015-01-01,88,31,0.0,0.0
ENOCH,2015-02-01,89,28,0.0,0.0
ENOCH,2015-03-01,90,31,0.0,0.0
ENOCH,2015-04-01,91,30,0.0,0.0
ENOCH,2015-05-01,92,31,0.0,0.0
ENOCH,2015-06-01,93,30,0.0,0.0
ENOCH,2015-07-01,94,31,0.0,0.0
ENOCH,2015-08-01,95,31,0.0,0.0
ENOCH,2015-09-01,96,30,0.0,0.0
ENOCH,2015-10-01,97,31,0.0,0.0
ENOCH,2015-11-01,98,30,0.0,0.0
ENOCH,2015-12-01,99,31,89.3,2.0
ENOCH,2016-01-01,100,31,0.0,0.0
ENOCH,2016-02-01,101,29,0.0,0.0
ENOCH,2016-03-01,102,31,0.0,0.0
ENOCH,2016-04-01,103,30,0.0,0.0
ENOCH,2016-05-01,104,31,91.3,456.5
ENOCH,2016-06-01,105,30,335.5,1130.1
ENOCH,2016-07-01,106,31,413.9,651.3
ENOCH,2016-08-01,107,31,280.0,0.0
ENOCH,2016-09-01,108,30,285.1,0.0
ENOCH,2016-10-01,109,31,367.2,740.6
ENOCH,2016-11-01,110,30,341.7,471.7
ENOCH,2016-12-01,111,31,0.0,0.0
ENOCH,2017-01-01,112,31,0.0,0.0
ENOCH,2017-02-01,113,28,0.0,0.0
ENOCH,2017-03-01,114,31,0.0,162.3
ENOCH,2017-04-01,115,30,0.0,0.0
ENOCH,2017-05-01,116,31,178.5,645.2
ENOCH,2017-06-01,117,30,335.5,998.0
ENOCH,2017-07-01,118,31,353.0,990.1
ENOCH,2017-08-01,119,31,273.9,0.0
ENOCH,2017-09-01,120,30,220.1,132.1
ENOCH,2017-10-01,121,31,0.0,0.0
ENOCH,2017-11-01,122,30,142.6,794.6
ENOCH,2017-12-01,123,31,154.2,249.6
ENOCH,2018-01-01,124,31,211.0,771.0
ENOCH,2018-02-01,125,28,276.3,837.9
ENOCH,2018-03-01,126,31,253.6,773.0
ENOCH,2018-04-01,127,30,702.4,773.6
ENOCH,2018-05-01,128,31,369.3,969.8
ENOCH,2018-06-01,129,30,446.6,991.7
ENOCH,2018-07-01,130,31,383.5,1030.7
ENOCH,2018-08-01,131,31,245.5,578.3
ENOCH,2018-09-01,132,30,188.7,800.9
ENOCH,2018-10-01,133,31,318.5,931.3
ENOCH,2018-11-01,134,30,291.4,868.0
ENOCH,2018-12-01,135,31,146.1,300.3
ENOCH,2019-01-01,136,31,215.1,955.6
ENOCH,2019-02-01,137,28,258.3,932.2
ENOCH,2019-03-01,138,31,275.9,892.7
ENOCH,2019-04-01,139,30,283.0,972.8
ENOCH,2019-05-01,140,31,304.3,996.2
ENOCH,2019-06-01,141,30,316.6,968.6
ENOCH,2019-07-01,142,31,231.3,280.0
ENOCH,2019-08-01,143,31,28.4,275.9
ENOCH,2019-09-01,144,30,201.3,689.8
ENOCH,2019-10-01,145,31,93.3,353.0
ENOCH,2019-11-01,146,30,203.4,792.5
ENOCH,2019-12-01,147,31,194.8,978.0
ENOCH,2020-01-01,148,31,225.2,1124.0
ENOCH,2020-02-01,149,29,221.2,798.2
ENOCH,2020-03-01,150,31,178.5,288.1
ENOCH,2020-04-01,151,30,6.3,304.0
ENOCH,2020-05-01,152,31,182.6,915.1
ENOCH,2020-06-01,153,30,262.1,1083.9
ENOCH,2020-07-01,154,31,219.1,551.9
ENOCH,2020-08-01,155,31,44.6,8.1
ENOCH,2020-09-01,156,30,0.0,0.0
ENOCH,2020-10-01,157,31,24.3,627.0
ENOCH,2020-11-01,158,30,232.7,727.5
ENOCH,2020-12-01,159,31,184.6,748.7
ENOCH,2021-01-01,160,31,204.9,941.4
ENOCH,2021-02-01,161,28,249.3,889.6
ENOCH,2021-03-01,162,31,237.4,1103.8
ENOCH,2021-04-01,163,30,285.1,949.8
ENOCH,2021-05-01,164,31,142.0,430.1
ENOCH,2021-06-01,165,30,4.2,0.0
ENOCH,2021-07-01,166,31,77.1,42.6
ENOCH,2021-08-01,167,31,18.3,363.2
ENOCH,2021-09-01,168,30,132.1,547.2
ENOCH,2021-10-01,169,31,160.3,1057.1
ENOCH,2021-11-01,170,30,236.9,1209.7
ENOCH,2021-12-01,171,31,198.8,915.1
ENOCH,2022-01-01,172,31,200.9,789.3
ENOCH,2022-02-01,173,28,182.0,1064.8
ENOCH,2022-03-01,174,31,213.0,592.5
ENOCH,2022-04-01,175,30,121.6,700.3
ENOCH,2022-05-01,176,31,103.5,286.1
ENOCH,2022-06-01,177,30,60.8,331.3
ENOCH,2022-07-01,178,31,97.4,838.0
ENOCH,2022-08-01,179,31,138.0,785.2
ENOCH,2022-09-01,180,30,121.6,620.6
ENOCH,2022-10-01,181,31,158.3,1046.9
ENOCH,2022-11-01,182,30,199.2,574.5
ENOCH,2022-12-01,183,31,135.9,1162.6
ENOCH,2023-01-01,184,31,213.0,476.8
ENOCH,2023-02-01,185,28,125.8,1073.8
ENOCH,2023-03-01,186,31,219.1,722.3
ENOCH,2023-04-01,187,30,125.8,278.8
ENOCH,2023-05-01,188,31,12.2,529.6
ENOCH,2023-06-01,189,30,140.5,949.8
ENOCH,2023-07-01,190,31,12.2,188.7
ENOCH,2023-08-01,191,31,30.4,0.0
ENOCH,2023-09-01,192,30,10.5,308.2
ENOCH,2023-10-01,193,31,95.4,835.9
ENOCH,2023-11-01,194,30,94.3,0.0
ENOCH,2023-12-01,195,31,0.0,0.0
ENOCH,2024-01-01,196,31,0.0,0.0
ENOCH,2024-02-01,197,29,0.0,0.0
ENOCH,2024-03-01,198,31,6.1,549.9
ENOCH,2024-04-01,199,30,71.3,635.3
ENOCH,2024-05-01,200,31,87.2,1008.4
ENOCH,2024-06-01,201,30,75.5,415.1
ENOCH,2024-07-01,202,31,71.0,785.2
ENOCH,2024-08-01,203,31,77.1,1105.8
ENOCH,2024-09-01,204,30,96.4,666.7
ENOCH,2024-10-01,205,31,81.2,38.6
ENOCH,2024-11-01,206,30,14.7,75.5
ENOCH,2024-12-01,207,31,0.0,85.2
ENOCH,2025-01-01,208,31,14.2,273.9
ENOCH,2025-02-01,209,28,42.7,972.7
ENOCH,2025-03-01,210,31,77.1,111.6
ENOCH,2025-04-01,211,30,39.8,960.2
ENOCH,2025-05-01,212,31,113.6,665.5
ENOCH,2025-06-01,213,30,106.9,800.9
ENOCH,2025-07-01,214,31,105.5,862.3
ENOCH,2025-08-01,215,31,148.1,744.6
ENOCH,2025-09-01,216,30,123.7,44.0
ENOCH,2025-10-01,217,31,75.1,355.1
ENOCH,2025-11-01,218,30,37.7,754.8
ENOCH,2025-12-01,219,31,133.9,704.1
ENOCH,2026-01-01,220,31,109.6,752.7
ENOCH,2026-02-01,221,28,509.9,566.1
ENOCH,2026-03-01,222,31,121.7,766.9
ENOCH,2026-04-01,223,30,146.8,815.6
ENOCH,2026-05-01,224,31,129.9,835.9
FRAM,2009-01-01,0,31,66036.8,3197.7
FRAM,2009-02-01,1,28,63895.4,3178.6
FRAM,2009-03-01,2,31,65164.4,5606.0
FRAM,2009-04-01,3,30,51731.5,3683.7
FRAM,2009-05-01,4,31,58357.2,4784.3
FRAM,2009-06-01,5,30,59006.7,5553.9
FRAM,2009-07-01,6,31,59649.6,6271.5
FRAM,2009-08-01,7,31,48421.3,5173.9
FRAM,2009-09-01,8,30,57641.8,5417.6
FRAM,2009-10-01,9,31,55405.0,5957.0
FRAM,2009-11-01,10,30,53668.8,5438.6
FRAM,2009-12-01,11,31,60284.7,6592.1
FRAM,2010-01-01,12,31,49902.5,5595.9
FRAM,2010-02-01,13,28,61015.6,6779.5
FRAM,2010-03-01,14,31,52034.9,5510.7
FRAM,2010-04-01,15,30,56673.2,7377.9
FRAM,2010-05-01,16,31,54009.1,7115.6
FRAM,2010-06-01,17,30,55924.7,6883.1
FRAM,2010-07-01,18,31,48853.5,5117.1
FRAM,2010-08-01,19,31,59972.2,7706.0
FRAM,2010-09-01,20,30,29163.7,4147.1
FRAM,2010-10-01,21,31,58771.1,7967.8
FRAM,2010-11-01,22,30,57998.2,9646.5
FRAM,2010-12-01,23,31,55228.5,9434.7
FRAM,2011-01-01,24,31,57060.7,9586.9
FRAM,2011-02-01,25,28,53234.2,9506.6
FRAM,2011-03-01,26,31,39548.6,6334.4
FRAM,2011-04-01,27,30,50498.7,9889.7
FRAM,2011-05-01,28,31,52692.3,11258.7
FRAM,2011-06-01,29,30,53872.1,12093.2
FRAM,2011-07-01,30,31,54425.0,12326.0
FRAM,2011-08-01,31,31,47587.4,10518.2
FRAM,2011-09-01,32,30,38476.8,9768.1
FRAM,2011-10-01,33,31,28458.3,5104.9
FRAM,2011-11-01,34,30,52681.3,12929.7
FRAM,2011-12-01,35,31,51351.1,14087.1
FRAM,2012-01-01,36,31,52450.8,15351.2
FRAM,2012-02-01,37,29,50064.6,15739.7
FRAM,2012-03-01,38,31,50371.2,15836.1
FRAM,2012-04-01,39,30,47488.0,15319.9
FRAM,2012-05-01,40,31,45055.3,14456.4
FRAM,2012-06-01,41,30,47599.1,16244.5
FRAM,2012-07-01,42,31,41017.6,13930.9
FRAM,2012-08-01,43,31,44507.4,16842.5
FRAM,2012-09-01,44,30,11581.6,4325.3
FRAM,2012-10-01,45,31,37347.2,11465.7
FRAM,2012-11-01,46,30,29149.0,11298.6
FRAM,2012-12-01,47,31,46392.3,17325.4
FRAM,2013-01-01,48,31,47376.4,19080.4
FRAM,2013-02-01,49,28,45401.1,19222.1
FRAM,2013-03-01,50,31,42847.7,15385.7
FRAM,2013-04-01,51,30,41451.9,17852.5
FRAM,2013-05-01,52,31,45688.3,20514.9
FRAM,2013-06-01,53,30,44712.1,20812.9
FRAM,2013-07-01,54,31,44365.4,21458.4
FRAM,2013-08-01,55,31,39524.3,20415.5
FRAM,2013-09-01,56,30,43282.2,21311.9
FRAM,2013-10-01,57,31,26228.5,13928.9
FRAM,2013-11-01,58,30,40342.8,22104.5
FRAM,2013-12-01,59,31,41204.3,23694.3
FRAM,2014-01-01,60,31,39794.1,23990.5
FRAM,2014-02-01,61,28,38774.4,21592.0
FRAM,2014-03-01,62,31,38866.9,21669.4
FRAM,2014-04-01,63,30,39053.4,23125.5
FRAM,2014-05-01,64,31,36253.6,21811.4
FRAM,2014-06-01,65,30,34602.3,22743.9
FRAM,2014-07-01,66,31,33374.5,22888.8
FRAM,2014-08-01,67,31,24329.4,19074.3
FRAM,2014-09-01,68,30,35514.3,20840.2
FRAM,2014-10-01,69,31,32554.8,23217.5
FRAM,2014-11-01,70,30,32642.0,24356.2
FRAM,2014-12-01,71,31,29509.3,23947.9
FRAM,2015-01-01,72,31,28326.4,24562.7
FRAM,2015-02-01,73,28,26143.1,19916.2
FRAM,2015-03-01,74,31,27393.1,21594.3
FRAM,2015-04-01,75,30,26901.5,20798.3
FRAM,2015-05-01,76,31,25230.2,20766.5
FRAM,2015-06-01,77,30,24515.5,18118.8
FRAM,2015-07-01,78,31,24690.5,18218.1
FRAM,2015-08-01,79,31,23292.5,16489.4
FRAM,2015-09-01,80,30,23295.3,17125.0
FRAM,2015-10-01,81,31,25944.4,19149.4
FRAM,2015-11-01,82,30,25226.3,18441.7
FRAM,2015-12-01,83,31,23623.3,15671.7
FRAM,2016-01-01,84,31,24207.6,16140.4
FRAM,2016-02-01,85,29,24061.7,16585.6
FRAM,2016-03-01,86,31,23720.7,16059.3
FRAM,2016-04-01,87,30,23706.3,16594.6
FRAM,2016-05-01,88,31,17037.2,13496.7
FRAM,2016-06-01,89,30,13328.1,9585.7
FRAM,2016-07-01,90,31,20336.3,14330.6
FRAM,2016-08-01,91,31,22718.4,12837.3
FRAM,2016-09-01,92,30,32338.0,9931.6
FRAM,2016-10-01,93,31,32355.9,7178.5
FRAM,2016-11-01,94,30,33164.0,8904.3
FRAM,2016-12-01,95,31,31288.7,8645.4
FRAM,2017-01-01,96,31,31668.1,10451.2
FRAM,2017-02-01,97,28,34066.0,11730.5
FRAM,2017-03-01,98,31,31386.1,10915.8
FRAM,2017-04-01,99,30,30983.6,11915.0
FRAM,2017-05-01,100,31,29888.7,11240.5
FRAM,2017-06-01,101,30,28245.4,10420.1
FRAM,2017-07-01,102,31,28379.2,11516.4
FRAM,2017-08-01,103,31,28738.3,10684.5
FRAM,2017-09-01,104,30,28073.5,11504.0
FRAM,2017-10-01,105,31,27589.9,12167.7
FRAM,2017-11-01,106,30,26213.8,12527.2
FRAM,2017-12-01,107,31,28730.2,12283.4
FRAM,2018-01-01,108,31,28389.3,12437.6
FRAM,2018-02-01,109,28,28328.8,13334.4
FRAM,2018-03-01,110,31,27594.0,14348.9
FRAM,2018-04-01,111,30,27947.7,15152.1
FRAM,2018-05-01,112,31,27478.3,16124.2
FRAM,2018-06-01,113,30,27889.0,15009.6
FRAM,2018-07-01,114,31,27630.5,15554.1
FRAM,2018-08-01,115,31,24096.0,20979.5
FRAM,2018-09-01,116,30,14317.7,7598.1
FRAM,2018-10-01,117,31,27693.4,14505.1
FRAM,2018-11-01,118,30,26807.1,12988.4
FRAM,2018-12-01,119,31,28239.2,13991.8
FRAM,2019-01-01,120,31,26080.4,13807.1
FRAM,2019-02-01,121,28,25972.4,14511.5
FRAM,2019-03-01,122,31,25177.5,16381.9
FRAM,2019-04-01,123,30,25668.7,16231.9
FRAM,2019-05-01,124,31,23085.6,17944.2
FRAM,2019-06-01,125,30,22414.8,15368.1
FRAM,2019-07-01,126,31,32165.2,13425.7
FRAM,2019-08-01,127,31,39688.6,12386.8
FRAM,2019-09-01,128,30,37338.3,10803.8
FRAM,2019-10-01,129,31,35265.5,11975.0
FRAM,2019-11-01,130,30,31476.3,11428.6
FRAM,2019-12-01,131,31,30187.0,12449.7
FRAM,2020-01-01,132,31,27470.2,11552.9
FRAM,2020-02-01,133,29,32299.2,8152.9
FRAM,2020-03-01,134,31,30718.6,7221.1
FRAM,2020-04-01,135,30,29501.3,8606.5
FRAM,2020-05-01,136,31,29513.4,8501.4
FRAM,2020-06-01,137,30,22597.2,4623.0
FRAM,2020-07-01,138,31,26049.9,7762.8
FRAM,2020-08-01,139,31,23264.1,9168.9
FRAM,2020-09-01,140,30,17286.5,6793.0
FRAM,2020-10-01,141,31,27721.8,11690.9
FRAM,2020-11-01,142,30,28887.0,13298.7
FRAM,2020-12-01,143,31,27370.8,14639.0
FRAM,2021-01-01,144,31,26338.0,14525.4
FRAM,2021-02-01,145,28,25979.1,15174.1
FRAM,2021-03-01,146,31,24568.8,15018.4
FRAM,2021-04-01,147,30,6805.6,4214.2
FRAM,2021-05-01,148,31,20090.8,10589.2
FRAM,2021-06-01,149,30,23928.5,12743.1
FRAM,2021-07-01,150,31,24505.9,13086.8
FRAM,2021-08-01,151,31,22383.6,12760.2
FRAM,2021-09-01,152,30,22383.3,14288.3
FRAM,2021-10-01,153,31,21227.1,13255.2
FRAM,2021-11-01,154,30,13546.1,7115.9
FRAM,2021-12-01,155,31,22941.5,14334.7
FRAM,2022-01-01,156,31,21190.5,14174.4
FRAM,2022-02-01,157,28,18869.4,14826.0
FRAM,2022-03-01,158,31,20876.0,13928.9
FRAM,2022-04-01,159,30,19848.5,14539.9
FRAM,2022-05-01,160,31,21099.2,14639.0
FRAM,2022-06-01,161,30,19980.6,14472.8
FRAM,2022-07-01,162,31,20590.0,14192.6
FRAM,2022-08-01,163,31,19127.1,14273.8
FRAM,2022-09-01,164,30,16177.4,13193.9
FRAM,2022-10-01,165,31,18577.2,13366.8
FRAM,2022-11-01,166,30,19569.7,11344.7
FRAM,2022-12-01,167,31,20744.2,12526.8
FRAM,2023-01-01,168,31,18867.4,12226.6
FRAM,2023-02-01,169,28,20091.4,13379.3
FRAM,2023-03-01,170,31,19906.2,13326.3
FRAM,2023-04-01,171,30,20016.2,13583.9
FRAM,2023-05-01,172,31,16578.7,12480.2
FRAM,2023-06-01,173,30,17842.1,13135.2
FRAM,2023-07-01,174,31,17278.7,12399.0
FRAM,2023-08-01,175,31,13368.9,9657.9
FRAM,2023-09-01,176,30,1086.0,0.0
FRAM,2023-10-01,177,31,127.8,344.9
FRAM,2023-11-01,178,30,15865.0,10828.9
FRAM,2023-12-01,179,31,20119.2,12922.5
FRAM,2024-01-01,180,31,20332.3,11603.7
FRAM,2024-02-01,181,29,19504.9,11634.0
FRAM,2024-03-01,182,31,20153.7,11729.5
FRAM,2024-04-01,183,30,22366.5,11889.8
FRAM,2024-05-01,184,31,17341.6,11309.5
FRAM,2024-06-01,185,30,17099.9,11778.7
FRAM,2024-07-01,186,31,16919.6,12948.9
FRAM,2024-08-01,187,31,15671.7,12581.6
FRAM,2024-09-01,188,30,14393.2,11833.2
FRAM,2024-10-01,189,31,15318.7,13180.2
FRAM,2024-11-01,190,30,15443.6,13801.9
FRAM,2024-12-01,191,31,15294.4,14050.6
FRAM,2025-01-01,192,31,15270.0,14304.2
FRAM,2025-02-01,193,28,13383.8,12182.0
FRAM,2025-03-01,194,31,16073.5,12977.3
FRAM,2025-04-01,195,30,14244.3,14233.8
FRAM,2025-05-01,196,31,11855.3,11256.7
FRAM,2025-06-01,197,30,13072.3,13152.0
FRAM,2025-07-01,198,31,13212.6,13947.1
FRAM,2025-08-01,199,31,12202.2,9919.6
FRAM,2025-09-01,200,30,12822.8,12045.0
FRAM,2025-10-01,201,31,13086.8,11745.7
FRAM,2025-11-01,202,30,13221.2,12133.0
FRAM,2025-12-01,203,31,12687.1,11526.6
FRAM,2026-01-01,204,31,12441.6,11530.6
FRAM,2026-02-01,205,28,12018.0,11229.5
FRAM,2026-03-01,206,31,14480.7,10881.4
FRAM,2026-04-01,207,30,12183.3,10753.5
FRAM,2026-05-01,208,31,9185.1,9280.5
GIMLE,2008-05-01,0,31,9779.6,6237.0
GIMLE,2008-06-01,1,30,11812.2,7629.5
GIMLE,2008-07-01,2,31,12900.2,15383.6
GIMLE,2008-08-01,3,31,10215.9,15645.4
GIMLE,2008-09-01,4,30,10667.5,16257.0
GIMLE,2008-10-01,5,31,9816.1,16550.3
GIMLE,2008-11-01,6,30,10334.1,17781.3
GIMLE,2008-12-01,7,31,7695.9,9716.7
GIMLE,2009-01-01,8,31,5372.7,6762.5
GIMLE,2009-02-01,9,28,6819.9,9713.2
GIMLE,2009-03-01,10,31,8235.6,16053.2
GIMLE,2009-04-01,11,30,8459.8,17976.2
GIMLE,2009-05-01,12,31,2254.2,6352.7
GIMLE,2009-06-01,13,30,2782.2,9501.8
GIMLE,2009-07-01,14,31,6159.9,17814.3
GIMLE,2009-08-01,15,31,5263.1,14537.6
GIMLE,2009-09-01,16,30,5937.6,15206.6
GIMLE,2009-10-01,17,31,5681.1,15608.8
GIMLE,2009-11-01,18,30,6478.5,18326.4
GIMLE,2009-12-01,19,31,5498.5,16408.3
GIMLE,2010-01-01,20,31,4847.2,16998.7
GIMLE,2010-02-01,21,28,5847.3,19583.7
GIMLE,2010-03-01,22,31,5646.6,21949.4
GIMLE,2010-04-01,23,30,4939.6,22783.8
GIMLE,2010-05-01,24,31,3814.5,14955.5
GIMLE,2010-06-01,25,30,0.0,0.0
GIMLE,2010-07-01,26,31,1903.2,12137.3
GIMLE,2010-08-01,27,31,3650.1,19948.8
GIMLE,2010-09-01,28,30,4660.7,21817.2
GIMLE,2010-10-01,29,31,3660.3,16296.7
GIMLE,2010-11-01,30,30,4214.2,20922.0
GIMLE,2010-12-01,31,31,3832.7,20044.2
GIMLE,2011-01-01,32,31,3709.0,18970.8
GIMLE,2011-02-01,33,28,3439.2,20895.6
GIMLE,2011-03-01,34,31,3031.3,18820.7
GIMLE,2011-04-01,35,30,3268.6,21362.3
GIMLE,2011-05-01,36,31,2507.8,19224.5
GIMLE,2011-06-01,37,30,2165.8,18487.8
GIMLE,2011-07-01,38,31,5180.0,22050.8
GIMLE,2011-08-01,39,31,3282.9,18981.0
GIMLE,2011-09-01,40,30,3291.7,22620.2
GIMLE,2011-10-01,41,31,2325.2,18382.4
GIMLE,2011-11-01,42,30,5214.2,23375.0
GIMLE,2011-12-01,43,31,3871.3,23461.0
GIMLE,2012-01-01,44,31,3230.1,25321.5
GIMLE,2012-02-01,45,29,3891.0,25347.9
GIMLE,2012-03-01,46,31,2942.0,24483.6
GIMLE,2012-04-01,47,30,2251.7,24396.0
GIMLE,2012-05-01,48,31,3136.8,25672.5
GIMLE,2012-06-01,49,30,2624.9,25387.7
GIMLE,2012-07-01,50,31,2217.7,25510.2
GIMLE,2012-08-01,51,31,2509.8,22836.0
GIMLE,2012-09-01,52,30,2570.4,26807.1
GIMLE,2012-10-01,53,31,470.7,4942.6
GIMLE,2012-11-01,54,30,2404.8,27039.9
GIMLE,2012-12-01,55,31,1617.1,15537.8
GIMLE,2013-01-01,56,31,2483.5,25790.2
GIMLE,2013-02-01,57,28,2466.5,27369.6
GIMLE,2013-03-01,58,31,2016.8,22823.9
GIMLE,2013-04-01,59,30,1901.6,24245.1
GIMLE,2013-05-01,60,31,1710.4,22795.5
GIMLE,2013-06-01,61,30,1696.1,23010.2
GIMLE,2013-07-01,62,31,1414.2,19470.0
GIMLE,2013-08-01,63,31,1475.1,24627.6
GIMLE,2013-09-01,64,30,1016.9,19110.5
GIMLE,2013-10-01,65,31,1673.9,27380.9
GIMLE,2013-11-01,66,30,1427.8,25205.3
GIMLE,2013-12-01,67,31,1803.8,31327.3
GIMLE,2014-01-01,68,31,1391.9,25571.1
GIMLE,2014-02-01,69,28,1237.7,23867.5
GIMLE,2014-03-01,70,31,1028.7,21616.6
GIMLE,2014-04-01,71,30,968.6,20817.1
GIMLE,2014-05-01,72,31,961.7,20768.5
GIMLE,2014-06-01,73,30,1125.9,24217.8
GIMLE,2014-07-01,74,31,1014.5,22150.2
GIMLE,2014-08-01,75,31,1073.3,25059.8
GIMLE,2014-09-01,76,30,838.6,19550.8
GIMLE,2014-10-01,77,31,969.8,21764.7
GIMLE,2014-11-01,78,30,844.9,18821.2
GIMLE,2014-12-01,79,31,1152.5,26309.6
GIMLE,2015-01-01,80,31,1353.3,25262.7
GIMLE,2015-02-01,81,28,1682.5,21994.1
GIMLE,2015-03-01,82,31,1966.1,22111.7
GIMLE,2015-04-01,83,30,1209.7,20269.9
GIMLE,2015-05-01,84,31,1598.8,19715.5
GIMLE,2015-06-01,85,30,1102.8,17426.9
GIMLE,2015-07-01,86,31,1527.8,18325.6
GIMLE,2015-08-01,87,31,980.0,12626.3
GIMLE,2015-09-01,88,30,775.7,9654.8
GIMLE,2015-10-01,89,31,1255.9,12597.9
GIMLE,2015-11-01,90,30,1329.2,14122.7
GIMLE,2015-12-01,91,31,1389.8,15286.2
GIMLE,2016-01-01,92,31,1501.4,17670.3
GIMLE,2016-02-01,93,29,1398.9,18869.4
GIMLE,2016-03-01,94,31,357.1,13456.1
GIMLE,2016-04-01,95,30,889.0,8057.2
GIMLE,2016-05-01,96,31,184.6,211.0
GIMLE,2016-06-01,97,30,949.8,5426.0
GIMLE,2016-07-01,98,31,931.3,8302.5
GIMLE,2016-08-01,99,31,316.5,3571.0
GIMLE,2016-09-01,100,30,1052.5,5935.5
GIMLE,2016-10-01,101,31,900.9,15387.7
GIMLE,2016-11-01,102,30,954.0,20519.4
GIMLE,2016-12-01,103,31,1069.3,22284.2
GIMLE,2017-01-01,104,31,326.7,12003.4
GIMLE,2017-02-01,105,28,233.6,9311.2
GIMLE,2017-03-01,106,31,501.2,2108.1
GIMLE,2017-04-01,107,30,0.0,0.0
GIMLE,2017-05-01,108,31,462.6,4.1
GIMLE,2017-06-01,109,30,1859.7,12.6
GIMLE,2017-07-01,110,31,598.5,44.6
GIMLE,2017-08-01,111,31,884.6,2856.8
GIMLE,2017-09-01,112,30,375.3,2484.5
GIMLE,2017-10-01,113,31,635.1,913.0
GIMLE,2017-11-01,114,30,125.8,5386.2
GIMLE,2017-12-01,115,31,267.8,11354.1
GIMLE,2018-01-01,116,31,0.0,0.0
GIMLE,2018-02-01,117,28,103.3,319.0
GIMLE,2018-03-01,118,31,0.0,0.0
GIMLE,2018-04-01,119,30,0.0,0.0
GIMLE,2018-05-01,120,31,0.0,0.0
GIMLE,2018-06-01,121,30,0.0,0.0
GIMLE,2018-07-01,122,31,0.0,0.0
GIMLE,2018-08-01,123,31,0.0,0.0
GIMLE,2018-09-01,124,30,0.0,0.0
GIMLE,2018-10-01,125,31,0.0,0.0
GIMLE,2018-11-01,126,30,0.0,0.0
GIMLE,2018-12-01,127,31,0.0,0.0
GIMLE,2019-01-01,128,31,0.0,0.0
GIMLE,2019-02-01,129,28,0.0,0.0
GIMLE,2019-03-01,130,31,0.0,0.0
GIMLE,2019-04-01,131,30,0.0,0.0
GIMLE,2019-05-01,132,31,54.8,0.0
GIMLE,2019-06-01,133,30,297.7,0.0
GIMLE,2019-07-01,134,31,0.0,0.0
GIMLE,2019-08-01,135,31,0.0,0.0
GIMLE,2019-09-01,136,30,0.0,0.0
GIMLE,2019-10-01,137,31,0.0,0.0
GIMLE,2019-11-01,138,30,0.0,0.0
GIMLE,2019-12-01,139,31,0.0,0.0
GIMLE,2020-01-01,140,31,0.0,0.0
GIMLE,2020-02-01,141,29,0.0,0.0
GIMLE,2020-03-01,142,31,0.0,0.0
GIMLE,2020-04-01,143,30,0.0,0.0
GIMLE,2020-05-01,144,31,0.0,0.0
GIMLE,2020-06-01,145,30,0.0,0.0
GIMLE,2020-07-01,146,31,0.0,0.0
GIMLE,2020-08-01,147,31,0.0,0.0
GIMLE,2020-09-01,148,30,0.0,0.0
GIMLE,2020-10-01,149,31,0.0,0.0
GIMLE,2020-11-01,150,30,0.0,0.0
GIMLE,2020-12-01,151,31,0.0,0.0
GIMLE,2021-01-01,152,31,1184.9,0.0
GIMLE,2021-02-01,153,28,1311.9,0.0
GIMLE,2021-03-01,154,31,1184.9,0.0
GIMLE,2021-04-01,155,30,1224.4,0.0
GIMLE,2021-05-01,156,31,1184.9,0.0
GIMLE,2021-06-01,157,30,1224.4,0.0
GIMLE,2021-07-01,158,31,1207.2,0.0
GIMLE,2021-08-01,159,31,1207.2,0.0
GIMLE,2021-09-01,160,30,1247.5,0.0
GIMLE,2021-10-01,161,31,1207.2,0.0
GIMLE,2021-11-01,162,30,1247.5,0.0
GIMLE,2021-12-01,163,31,1207.2,0.0
GIMLE,2022-01-01,164,31,1083.5,0.0
GIMLE,2022-02-01,165,28,1199.6,0.0
GIMLE,2022-03-01,166,31,1083.5,0.0
GIMLE,2022-04-01,167,30,1119.6,0.0
GIMLE,2022-05-01,168,31,1083.5,0.0
GIMLE,2022-06-01,169,30,1119.6,0.0
GIMLE,2022-07-01,170,31,1083.5,0.0
GIMLE,2022-08-01,171,31,1083.5,0.0
GIMLE,2022-09-01,172,30,1119.6,0.0
GIMLE,2022-10-01,173,31,1083.5,0.0
GIMLE,2022-11-01,174,30,1119.6,0.0
GIMLE,2022-12-01,175,31,1087.5,0.0
GIMLE,2023-01-01,176,31,519.4,0.0
GIMLE,2023-02-01,177,28,575.1,0.0
GIMLE,2023-03-01,178,31,990.1,133.9
GIMLE,2023-04-01,179,30,1012.7,159.3
GIMLE,2023-05-01,180,31,519.4,0.0
GIMLE,2023-06-01,181,30,536.7,0.0
GIMLE,2023-07-01,182,31,854.2,135.9
GIMLE,2023-08-01,183,31,493.0,0.0
GIMLE,2023-09-01,184,30,509.5,0.0
GIMLE,2023-10-01,185,31,493.0,0.0
GIMLE,2023-11-01,186,30,509.5,0.0
GIMLE,2023-12-01,187,31,793.3,107.5
GIMLE,2024-01-01,188,31,407.8,0.0
GIMLE,2024-02-01,189,29,435.9,0.0
GIMLE,2024-03-01,190,31,407.8,0.0
GIMLE,2024-04-01,191,30,421.4,0.0
GIMLE,2024-05-01,192,31,1237.7,255.6
GIMLE,2024-06-01,193,30,503.2,27.3
GIMLE,2024-07-01,194,31,407.8,0.0
GIMLE,2024-08-01,195,31,407.8,0.0
GIMLE,2024-09-01,196,30,421.4,0.0
GIMLE,2024-10-01,197,31,407.8,0.0
GIMLE,2024-11-01,198,30,1369.1,522.1
GIMLE,2024-12-01,199,31,539.7,24.3
GIMLE,2025-01-01,200,31,766.9,196.8
GIMLE,2025-02-01,201,28,970.4,384.1
GIMLE,2025-03-01,202,31,627.0,107.5
GIMLE,2025-04-01,203,30,511.6,0.0
GIMLE,2025-05-01,204,31,495.1,0.0
GIMLE,2025-06-01,205,30,511.6,0.0
GIMLE,2025-07-01,206,31,842.0,0.0
GIMLE,2025-08-01,207,31,-645.2,10.1
GIMLE,2025-09-01,208,30,308.2,146.8
GIMLE,2025-10-01,209,31,2057.4,121.7
GIMLE,2025-11-01,210,30,2488.7,44.0
GIMLE,2025-12-01,211,31,2148.7,245.5
GIMLE,2026-01-01,212,31,1002.3,184.6
GIMLE,2026-02-01,213,28,375.1,6.7
GIMLE,2026-03-01,214,31,-140.0,32.5
GIMLE,2026-04-01,215,30,-1018.9,255.8
GIMLE,2026-05-01,216,31,-26.4,0.0
GRANE,2006-06-01,0,30,226319.6,80429.8
GRANE,2006-07-01,1,31,225619.2,88609.1
GRANE,2006-08-01,2,31,231438.3,91559.2
GRANE,2006-09-01,3,30,204047.4,80406.7
GRANE,2006-10-01,4,31,194647.0,74286.6
GRANE,2006-11-01,5,30,207106.3,80727.5
GRANE,2006-12-01,6,31,217738.7,80160.5
GRANE,2007-01-01,7,31,227065.8,76120.8
GRANE,2007-02-01,8,28,212898.5,70870.3
GRANE,2007-03-01,9,31,224042.7,70855.6
GRANE,2007-04-01,10,30,237913.8,66812.4
GRANE,2007-05-01,11,31,209574.1,58909.0
GRANE,2007-06-01,12,30,188295.6,41070.3
GRANE,2007-07-01,13,31,213906.0,48133.2
GRANE,2007-08-01,14,31,211067.4,47386.5
GRANE,2007-09-01,15,30,203697.3,53513.6
GRANE,2007-10-01,16,31,183710.9,49486.5
GRANE,2007-11-01,17,30,181437.7,48597.1
GRANE,2007-12-01,18,31,186395.2,54686.8
GRANE,2008-01-01,19,31,180133.8,62579.5
GRANE,2008-02-01,20,29,170332.1,58866.0
GRANE,2008-03-01,21,31,170114.7,62589.6
GRANE,2008-04-01,22,30,161404.7,56306.3
GRANE,2008-05-01,23,31,164283.5,52966.2
GRANE,2008-06-01,24,30,152787.6,43542.2
GRANE,2008-07-01,25,31,181203.1,54205.9
GRANE,2008-08-01,26,31,177234.4,59268.2
GRANE,2008-09-01,27,30,179858.9,58392.4
GRANE,2008-10-01,28,31,169585.2,59288.5
GRANE,2008-11-01,29,30,175355.4,57126.1
GRANE,2008-12-01,30,31,186813.1,54427.1
GRANE,2009-01-01,31,31,181562.2,54958.6
GRANE,2009-02-01,32,28,174643.0,51850.4
GRANE,2009-03-01,33,31,180998.1,49778.7
GRANE,2009-04-01,34,30,204829.4,51412.8
GRANE,2009-05-01,35,31,192220.3,47360.2
GRANE,2009-06-01,36,30,122802.1,24807.0
GRANE,2009-07-01,37,31,193981.5,46879.3
GRANE,2009-08-01,38,31,195803.5,49243.0
GRANE,2009-09-01,39,30,185253.5,46100.0
GRANE,2009-10-01,40,31,188367.3,42953.2
GRANE,2009-11-01,41,30,199221.0,47626.4
GRANE,2009-12-01,42,31,196040.9,50557.8
GRANE,2010-01-01,43,31,182755.2,46921.9
GRANE,2010-02-01,44,28,151835.8,36660.5
GRANE,2010-03-01,45,31,170342.0,43732.4
GRANE,2010-04-01,46,30,171835.2,40783.1
GRANE,2010-05-01,47,31,178672.9,43070.9
GRANE,2010-06-01,48,30,171579.5,44460.5
GRANE,2010-07-01,49,31,169291.0,32479.7
GRANE,2010-08-01,50,31,165681.4,37420.3
GRANE,2010-09-01,51,30,155827.7,35690.4
GRANE,2010-10-01,52,31,159637.2,39384.3
GRANE,2010-11-01,53,30,149284.2,36107.6
GRANE,2010-12-01,54,31,167732.7,38292.7
GRANE,2011-01-01,55,31,167176.8,41727.8
GRANE,2011-02-01,56,28,157687.5,46351.3
GRANE,2011-03-01,57,31,157660.9,52874.9
GRANE,2011-04-01,58,30,158123.5,60528.8
GRANE,2011-05-01,59,31,152547.9,65026.4
GRANE,2011-06-01,60,30,140270.9,59147.2
GRANE,2011-07-01,61,31,154156.9,65758.8
GRANE,2011-08-01,62,31,153489.4,69812.7
GRANE,2011-09-01,63,30,21314.0,3652.3
GRANE,2011-10-01,64,31,95779.5,31838.6
GRANE,2011-11-01,65,30,166597.9,77387.6
GRANE,2011-12-01,66,31,149072.3,77399.0
GRANE,2012-01-01,67,31,146655.8,70823.1
GRANE,2012-02-01,68,29,104287.1,41807.6
GRANE,2012-03-01,69,31,112595.5,37809.8
GRANE,2012-04-01,70,30,151395.5,68470.8
GRANE,2012-05-01,71,31,136068.7,62796.6
GRANE,2012-06-01,72,30,122391.1,58086.3
GRANE,2012-07-01,73,31,127989.3,78715.8
GRANE,2012-08-01,74,31,127135.1,84946.8
GRANE,2012-09-01,75,30,98460.5,53888.9
GRANE,2012-10-01,76,31,109955.8,55792.6
GRANE,2012-11-01,77,30,110926.9,62885.4
GRANE,2012-12-01,78,31,116728.5,70200.3
GRANE,2013-01-01,79,31,114273.5,77640.5
GRANE,2013-02-01,80,28,87111.5,53386.9
GRANE,2013-03-01,81,31,103160.8,71470.4
GRANE,2013-04-01,82,30,99378.8,72087.4
GRANE,2013-05-01,83,31,96970.5,84043.9
GRANE,2013-06-01,84,30,94518.9,82075.6
GRANE,2013-07-01,85,31,92928.8,79040.5
GRANE,2013-08-01,86,31,88858.6,79626.8
GRANE,2013-09-01,87,30,89598.2,88208.2
GRANE,2013-10-01,88,31,89010.8,87154.3
GRANE,2013-11-01,89,30,92093.2,83771.7
GRANE,2013-12-01,90,31,89576.9,79279.9
GRANE,2014-01-01,91,31,86590.3,76204.0
GRANE,2014-02-01,92,28,81985.3,78404.6
GRANE,2014-03-01,93,31,79967.7,82331.5
GRANE,2014-04-01,94,30,75955.6,77509.2
GRANE,2014-05-01,95,31,16994.6,17708.8
GRANE,2014-06-01,96,30,71167.0,47077.1
GRANE,2014-07-01,97,31,79574.1,63778.6
GRANE,2014-08-01,98,31,73448.6,69262.9
GRANE,2014-09-01,99,30,70900.7,70074.7
GRANE,2014-10-01,100,31,73832.1,86200.7
GRANE,2014-11-01,101,30,70948.9,72475.3
GRANE,2014-12-01,102,31,64837.7,69857.4
GRANE,2015-01-01,103,31,62853.4,67432.7
GRANE,2015-02-01,104,28,60671.9,65539.7
GRANE,2015-03-01,105,31,63052.2,61631.9
GRANE,2015-04-01,106,30,61101.2,63078.3
GRANE,2015-05-01,107,31,74343.4,66675.9
GRANE,2015-06-01,108,30,73290.8,73030.9
GRANE,2015-07-01,109,31,79726.3,94635.1
GRANE,2015-08-01,110,31,78358.7,95775.4
GRANE,2015-09-01,111,30,82903.8,93435.0
GRANE,2015-10-01,112,31,74256.2,82911.7
GRANE,2015-11-01,113,30,80786.2,90478.8
GRANE,2015-12-01,114,31,79277.9,91747.9
GRANE,2016-01-01,115,31,66984.3,92074.6
GRANE,2016-02-01,116,29,77347.2,99021.0
GRANE,2016-03-01,117,31,71184.3,93738.3
GRANE,2016-04-01,118,30,75265.8,103173.7
GRANE,2016-05-01,119,31,75392.4,96690.5
GRANE,2016-06-01,120,30,75475.5,88927.3
GRANE,2016-07-01,121,31,70090.7,76459.6
GRANE,2016-08-01,122,31,72135.9,90658.3
GRANE,2016-09-01,123,30,71294.9,101827.7
GRANE,2016-10-01,124,31,81536.1,101898.8
GRANE,2016-11-01,125,30,83696.3,110235.0
GRANE,2016-12-01,126,31,85370.8,116349.1
GRANE,2017-01-01,127,31,72014.2,87886.8
GRANE,2017-02-01,128,28,94967.0,112524.5
GRANE,2017-03-01,129,31,96102.1,119354.0
GRANE,2017-04-01,130,30,98297.0,115638.0
GRANE,2017-05-01,131,31,97810.4,110132.4
GRANE,2017-06-01,132,30,88447.2,94103.8
GRANE,2017-07-01,133,31,104284.9,111390.3
GRANE,2017-08-01,134,31,105603.7,107174.1
GRANE,2017-09-01,135,30,114025.7,100110.6
GRANE,2017-10-01,136,31,110546.3,104222.0
GRANE,2017-11-01,137,30,112323.2,110256.0
GRANE,2017-12-01,138,31,111457.3,103747.2
GRANE,2018-01-01,139,31,114009.7,102974.2
GRANE,2018-02-01,140,28,115271.8,99295.7
GRANE,2018-03-01,141,31,108344.8,91887.9
GRANE,2018-04-01,142,30,102087.6,94277.8
GRANE,2018-05-01,143,31,37294.5,29446.4
GRANE,2018-06-01,144,30,120158.2,99563.3
GRANE,2018-07-01,145,31,96808.1,73235.6
GRANE,2018-08-01,146,31,98409.0,95722.6
GRANE,2018-09-01,147,30,93908.8,105316.4
GRANE,2018-10-01,148,31,90792.2,100825.5
GRANE,2018-11-01,149,30,91225.2,97290.6
GRANE,2018-12-01,150,31,97353.9,85892.3
GRANE,2019-01-01,151,31,91792.5,62636.3
GRANE,2019-02-01,152,28,94122.4,82311.0
GRANE,2019-03-01,153,31,90749.6,89031.1
GRANE,2019-04-01,154,30,90258.6,91042.8
GRANE,2019-05-01,155,31,91879.8,74357.6
GRANE,2019-06-01,156,30,68944.6,58979.5
GRANE,2019-07-01,157,31,92433.7,78129.5
GRANE,2019-08-01,158,31,85086.8,74365.7
GRANE,2019-09-01,159,30,95531.6,69424.7
GRANE,2019-10-01,160,31,87692.0,70064.3
GRANE,2019-11-01,161,30,85128.2,69808.4
GRANE,2019-12-01,162,31,84936.6,74820.2
GRANE,2020-01-01,163,31,52432.6,42529.2
GRANE,2020-02-01,164,29,81403.0,71621.3
GRANE,2020-03-01,165,31,82944.2,73339.1
GRANE,2020-04-01,166,30,75427.3,70018.1
GRANE,2020-05-01,167,31,75526.3,74785.7
GRANE,2020-06-01,168,30,62625.4,54629.0
GRANE,2020-07-01,169,31,66251.9,62930.5
GRANE,2020-08-01,170,31,63782.6,73399.9
GRANE,2020-09-01,171,30,65099.4,70647.0
GRANE,2020-10-01,172,31,62727.6,68771.9
GRANE,2020-11-01,173,30,68846.1,60013.1
GRANE,2020-12-01,174,31,65884.6,60323.2
GRANE,2021-01-01,175,31,58898.9,51961.9
GRANE,2021-02-01,176,28,66885.3,58551.3
GRANE,2021-03-01,177,31,56543.3,49190.3
GRANE,2021-04-01,178,30,56438.4,59044.4
GRANE,2021-05-01,179,31,56523.0,62674.8
GRANE,2021-06-01,180,30,52748.4,56549.5
GRANE,2021-07-01,181,31,51566.2,59732.8
GRANE,2021-08-01,182,31,48737.8,51268.0
GRANE,2021-09-01,183,30,45385.1,47588.6
GRANE,2021-10-01,184,31,50085.1,57373.1
GRANE,2021-11-01,185,30,44741.4,54027.3
GRANE,2021-12-01,186,31,46207.7,54122.7
GRANE,2022-01-01,187,31,43275.9,59550.2
GRANE,2022-02-01,188,28,43801.7,62318.4
GRANE,2022-03-01,189,31,48650.6,61351.9
GRANE,2022-04-01,190,30,45466.9,61981.8
GRANE,2022-05-01,191,31,-1284.3,85.2
GRANE,2022-06-01,192,30,398.4,10.5
GRANE,2022-07-01,193,31,46986.8,48417.3
GRANE,2022-08-01,194,31,49628.6,66949.8
GRANE,2022-09-01,195,30,42776.9,66458.0
GRANE,2022-10-01,196,31,44174.7,68144.9
GRANE,2022-11-01,197,30,39332.2,62111.8
GRANE,2022-12-01,198,31,32169.3,53637.8
GRANE,2023-01-01,199,31,35354.8,68209.8
GRANE,2023-02-01,200,28,37640.0,64771.5
GRANE,2023-03-01,201,31,37529.8,60942.1
GRANE,2023-04-01,202,30,36581.5,60233.2
GRANE,2023-05-01,203,31,33741.7,54165.3
GRANE,2023-06-01,204,30,32279.3,35067.7
GRANE,2023-07-01,205,31,32051.6,55340.1
GRANE,2023-08-01,206,31,32449.3,61351.9
GRANE,2023-09-01,207,30,27557.7,68007.4
GRANE,2023-10-01,208,31,32934.2,64486.7
GRANE,2023-11-01,209,30,59417.6,55838.7
GRANE,2023-12-01,210,31,26398.9,37191.0
GRANE,2024-01-01,211,31,25323.5,48881.9
GRANE,2024-02-01,212,29,23519.5,43223.9
GRANE,2024-03-01,213,31,25989.0,51594.6
GRANE,2024-04-01,214,30,26605.9,48425.2
GRANE,2024-05-01,215,31,31244.1,48447.7
GRANE,2024-06-01,216,30,29207.7,49448.3
GRANE,2024-07-01,217,31,30787.6,65529.6
GRANE,2024-08-01,218,31,23785.6,45966.3
GRANE,2024-09-01,219,30,40112.2,65200.1
GRANE,2024-10-01,220,31,29010.2,60128.5
GRANE,2024-11-01,221,30,30950.0,46475.3
GRANE,2024-12-01,222,31,26549.0,37943.7
GRANE,2025-01-01,223,31,32938.3,51172.6
GRANE,2025-02-01,224,28,32585.7,53110.6
GRANE,2025-03-01,225,31,32159.1,50866.2
GRANE,2025-04-01,226,30,28650.0,46007.8
GRANE,2025-05-01,227,31,30767.3,51714.3
GRANE,2025-06-01,228,30,22743.9,33728.0
GRANE,2025-07-01,229,31,33289.3,54983.0
GRANE,2025-08-01,230,31,31132.5,56778.6
GRANE,2025-09-01,231,30,29604.0,54595.5
GRANE,2025-10-01,232,31,27985.6,44345.1
GRANE,2025-11-01,233,30,25085.8,35533.2
GRANE,2025-12-01,234,31,30633.4,44880.8
GRANE,2026-01-01,235,31,31321.2,47759.9
GRANE,2026-02-01,236,28,34717.4,47645.2
GRANE,2026-03-01,237,31,31927.8,47037.6
GRANE,2026-04-01,238,30,28123.8,49559.4
GRANE,2026-05-01,239,31,3581.1,1929.5
GULLFAKS,1994-05-01,0,31,567009.2,0.0
GULLFAKS,1994-06-01,1,30,555605.3,0.0
GULLFAKS,1994-07-01,2,31,551152.9,0.0
GULLFAKS,1994-08-01,3,31,282972.0,0.0
GULLFAKS,1994-09-01,4,30,544881.2,0.0
GULLFAKS,1994-10-01,5,31,569111.2,0.0
GULLFAKS,1994-11-01,6,30,549277.8,0.0
GULLFAKS,1994-12-01,7,31,545703.0,0.0
GULLFAKS,1995-01-01,8,31,523043.5,0.0
GULLFAKS,1995-02-01,9,28,478444.9,0.0
GULLFAKS,1995-03-01,10,31,496725.8,0.0
GULLFAKS,1995-04-01,11,30,514539.2,0.0
GULLFAKS,1995-05-01,12,31,521176.9,0.0
GULLFAKS,1995-06-01,13,30,507022.9,0.0
GULLFAKS,1995-07-01,14,31,523124.7,0.0
GULLFAKS,1995-08-01,15,31,311199.0,0.0
GULLFAKS,1995-09-01,16,30,480691.7,0.0
GULLFAKS,1995-10-01,17,31,503494.4,0.0
GULLFAKS,1995-11-01,18,30,467925.5,0.0
GULLFAKS,1995-12-01,19,31,482032.0,0.0
GULLFAKS,1996-01-01,20,31,463233.6,0.0
GULLFAKS,1996-02-01,21,29,474042.7,0.0
GULLFAKS,1996-03-01,22,31,463964.1,0.0
GULLFAKS,1996-04-01,23,30,479299.5,0.0
GULLFAKS,1996-05-01,24,31,423488.2,0.0
GULLFAKS,1996-06-01,25,30,466430.6,0.0
GULLFAKS,1996-07-01,26,31,459687.0,0.0
GULLFAKS,1996-08-01,27,31,440620.8,0.0
GULLFAKS,1996-09-01,28,30,429748.5,0.0
GULLFAKS,1996-10-01,29,31,224038.6,0.0
GULLFAKS,1996-11-01,30,30,446047.5,0.0
GULLFAKS,1996-12-01,31,31,481451.7,0.0
GULLFAKS,1997-01-01,32,31,474721.6,0.0
GULLFAKS,1997-02-01,33,28,431810.5,0.0
GULLFAKS,1997-03-01,34,31,420497.5,0.0
GULLFAKS,1997-04-01,35,30,477045.7,0.0
GULLFAKS,1997-05-01,36,31,465631.9,0.0
GULLFAKS,1997-06-01,37,30,459633.4,0.0
GULLFAKS,1997-07-01,38,31,456590.8,0.0
GULLFAKS,1997-08-01,39,31,361549.9,0.0
GULLFAKS,1997-09-01,40,30,197896.0,0.0
GULLFAKS,1997-10-01,41,31,425780.9,0.0
GULLFAKS,1997-11-01,42,30,415709.7,0.0
GULLFAKS,1997-12-01,43,31,399063.5,0.0
GULLFAKS,1998-01-01,44,31,383276.1,0.0
GULLFAKS,1998-02-01,45,28,401648.7,0.0
GULLFAKS,1998-03-01,46,31,371473.6,0.0
GULLFAKS,1998-04-01,47,30,357816.2,0.0
GULLFAKS,1998-05-01,48,31,342577.0,0.0
GULLFAKS,1998-06-01,49,30,235527.9,0.0
GULLFAKS,1998-07-01,50,31,360679.5,0.0
GULLFAKS,1998-08-01,51,31,227475.7,0.0
GULLFAKS,1998-09-01,52,30,353738.4,0.0
GULLFAKS,1998-10-01,53,31,357256.6,0.0
GULLFAKS,1998-11-01,54,30,366676.5,0.0
GULLFAKS,1998-12-01,55,31,351587.6,0.0
GULLFAKS,1999-01-01,56,31,349826.5,0.0
GULLFAKS,1999-02-01,57,28,329430.5,0.0
GULLFAKS,1999-03-01,58,31,324722.1,0.0
GULLFAKS,1999-04-01,59,30,330799.5,0.0
GULLFAKS,1999-05-01,60,31,327165.0,0.0
GULLFAKS,1999-06-01,61,30,316102.3,0.0
GULLFAKS,1999-07-01,62,31,292583.2,0.0
GULLFAKS,1999-08-01,63,31,310665.4,0.0
GULLFAKS,1999-09-01,64,30,172520.8,0.0
GULLFAKS,1999-10-01,65,31,232016.5,0.0
GULLFAKS,1999-11-01,66,30,291970.4,0.0
GULLFAKS,1999-12-01,67,31,295415.7,0.0
GULLFAKS,2000-01-01,68,31,267631.0,373644.6
GULLFAKS,2000-02-01,69,29,275452.0,414628.0
GULLFAKS,2000-03-01,70,31,242912.1,398298.5
GULLFAKS,2000-04-01,71,30,195180.9,370750.2
GULLFAKS,2000-05-01,72,31,253949.7,448493.2
GULLFAKS,2000-06-01,73,30,261706.0,462264.7
GULLFAKS,2000-07-01,74,31,252630.8,467431.6
GULLFAKS,2000-08-01,75,31,148234.4,244995.8
GULLFAKS,2000-09-01,76,30,230074.6,446615.6
GULLFAKS,2000-10-01,77,31,173188.6,356923.8
GULLFAKS,2000-11-01,78,30,221166.1,425236.6
GULLFAKS,2000-12-01,79,31,217803.6,443964.5
GULLFAKS,2001-01-01,80,31,199674.8,398809.8
GULLFAKS,2001-02-01,81,28,203964.7,457565.0
GULLFAKS,2001-03-01,82,31,191771.9,465293.0
GULLFAKS,2001-04-01,83,30,201204.4,491027.9
GULLFAKS,2001-05-01,84,31,140915.9,367553.6
GULLFAKS,2001-06-01,85,30,189402.7,437505.9
GULLFAKS,2001-07-01,86,31,179139.6,443144.8
GULLFAKS,2001-08-01,87,31,166306.4,396819.4
GULLFAKS,2001-09-01,88,30,183920.0,451628.6
GULLFAKS,2001-10-01,89,31,187657.2,467293.6
GULLFAKS,2001-11-01,90,30,148961.3,369871.7
GULLFAKS,2001-12-01,91,31,187056.6,484801.6
GULLFAKS,2002-01-01,92,31,173332.7,433095.3
GULLFAKS,2002-02-01,93,28,177433.0,454954.7
GULLFAKS,2002-03-01,94,31,160586.7,427953.9
GULLFAKS,2002-04-01,95,30,166201.7,435147.2
GULLFAKS,2002-05-01,96,31,162721.2,425486.7
GULLFAKS,2002-06-01,97,30,170093.0,455415.1
GULLFAKS,2002-07-01,98,31,160061.2,481145.4
GULLFAKS,2002-08-01,99,31,157533.1,465199.7
GULLFAKS,2002-09-01,100,30,99959.6,229881.7
GULLFAKS,2002-10-01,101,31,149985.4,398692.2
GULLFAKS,2002-11-01,102,30,168059.3,457968.7
GULLFAKS,2002-12-01,103,31,159523.5,431857.7
GULLFAKS,2003-01-01,104,31,152947.6,411507.1
GULLFAKS,2003-02-01,105,28,182678.3,484689.7
GULLFAKS,2003-03-01,106,31,155214.0,417571.7
GULLFAKS,2003-04-01,107,30,122173.1,316341.3
GULLFAKS,2003-05-01,108,31,170126.9,444275.0
GULLFAKS,2003-06-01,109,30,166442.8,460413.4
GULLFAKS,2003-07-01,110,31,162796.3,448097.5
GULLFAKS,2003-08-01,111,31,173551.8,460139.4
GULLFAKS,2003-09-01,112,30,174340.7,457427.8
GULLFAKS,2003-10-01,113,31,139864.9,379536.7
GULLFAKS,2003-11-01,114,30,179387.2,465847.7
GULLFAKS,2003-12-01,115,31,187649.1,483267.7
GULLFAKS,2004-01-01,116,31,180884.5,486319.2
GULLFAKS,2004-02-01,117,29,177541.5,497373.5
GULLFAKS,2004-03-01,118,31,169031.3,500935.9
GULLFAKS,2004-04-01,119,30,169478.7,511157.4
GULLFAKS,2004-05-01,120,31,169368.1,506416.1
GULLFAKS,2004-06-01,121,30,168463.9,510086.0
GULLFAKS,2004-07-01,122,31,166196.8,510908.3
GULLFAKS,2004-08-01,123,31,152933.4,450743.3
GULLFAKS,2004-09-01,124,30,168579.2,528030.8
GULLFAKS,2004-10-01,125,31,172943.1,539650.6
GULLFAKS,2004-11-01,126,30,156905.4,478727.2
GULLFAKS,2004-12-01,127,31,151121.6,478321.0
GULLFAKS,2005-01-01,128,31,163717.4,490884.4
GULLFAKS,2005-02-01,129,28,158545.6,480417.2
GULLFAKS,2005-03-01,130,31,154152.9,459739.7
GULLFAKS,2005-04-01,131,30,152290.7,449785.7
GULLFAKS,2005-05-01,132,31,148887.7,469012.1
GULLFAKS,2005-06-01,133,30,144862.5,405908.0
GULLFAKS,2005-07-01,134,31,112987.1,285433.2
GULLFAKS,2005-08-01,135,31,117351.4,317807.4
GULLFAKS,2005-09-01,136,30,146562.8,413080.5
GULLFAKS,2005-10-01,137,31,149971.2,453478.3
GULLFAKS,2005-11-01,138,30,143107.6,488589.6
GULLFAKS,2005-12-01,139,31,135297.7,492680.0
GULLFAKS,2006-01-01,140,31,142143.4,487623.8
GULLFAKS,2006-02-01,141,28,122145.7,400880.4
GULLFAKS,2006-03-01,142,31,126654.3,496395.1
GULLFAKS,2006-04-01,143,30,118311.1,479888.7
GULLFAKS,2006-05-01,144,31,123937.5,485649.7
GULLFAKS,2006-06-01,145,30,121552.5,474215.3
GULLFAKS,2006-07-01,146,31,116637.2,464268.4
GULLFAKS,2006-08-01,147,31,108081.1,481952.9
GULLFAKS,2006-09-01,148,30,72422.9,412933.8
GULLFAKS,2006-10-01,149,31,88976.3,414994.9
GULLFAKS,2006-11-01,150,30,99435.4,432486.6
GULLFAKS,2006-12-01,151,31,89292.8,387045.9
GULLFAKS,2007-01-01,152,31,98206.1,429650.2
GULLFAKS,2007-02-01,153,28,95384.8,408026.1
GULLFAKS,2007-03-01,154,31,97493.9,438957.0
GULLFAKS,2007-04-01,155,30,99506.7,434006.7
GULLFAKS,2007-05-01,156,31,97918.0,416198.1
GULLFAKS,2007-06-01,157,30,97519.2,416101.7
GULLFAKS,2007-07-01,158,31,96020.9,410515.0
GULLFAKS,2007-08-01,159,31,100381.2,415181.6
GULLFAKS,2007-09-01,160,30,84769.7,326713.2
GULLFAKS,2007-10-01,161,31,90544.7,394666.7
GULLFAKS,2007-11-01,162,30,95426.7,422070.7
GULLFAKS,2007-12-01,163,31,96390.2,415392.6
GULLFAKS,2008-01-01,164,31,94336.9,413803.9
GULLFAKS,2008-02-01,165,29,97077.6,433605.8
GULLFAKS,2008-03-01,166,31,86983.9,350092.3
GULLFAKS,2008-04-01,167,30,94766.3,430195.1
GULLFAKS,2008-05-01,168,31,97009.0,449576.6
GULLFAKS,2008-06-01,169,30,49333.0,134740.1
GULLFAKS,2008-07-01,170,31,99439.7,406110.1
GULLFAKS,2008-08-01,171,31,96284.7,436355.9
GULLFAKS,2008-09-01,172,30,99940.7,458952.0
GULLFAKS,2008-10-01,173,31,90021.2,439437.9
GULLFAKS,2008-11-01,174,30,93996.9,457775.8
GULLFAKS,2008-12-01,175,31,94446.4,463473.0
GULLFAKS,2009-01-01,176,31,91869.6,476401.6
GULLFAKS,2009-02-01,177,28,91098.8,452425.3
GULLFAKS,2009-03-01,178,31,90082.1,437439.4
GULLFAKS,2009-04-01,179,30,83423.7,442393.1
GULLFAKS,2009-05-01,180,31,63768.4,370187.2
GULLFAKS,2009-06-01,181,30,74511.1,415990.6
GULLFAKS,2009-07-01,182,31,84691.1,475417.6
GULLFAKS,2009-08-01,183,31,81582.8,447103.3
GULLFAKS,2009-09-01,184,30,87541.4,482979.1
GULLFAKS,2009-10-01,185,31,75530.4,447261.6
GULLFAKS,2009-11-01,186,30,73959.7,456029.4
GULLFAKS,2009-12-01,187,31,72631.0,438072.4
GULLFAKS,2010-01-01,188,31,76585.4,444439.3
GULLFAKS,2010-02-01,189,28,78341.7,487589.8
GULLFAKS,2010-03-01,190,31,78494.7,483600.4
GULLFAKS,2010-04-01,191,30,75611.8,438864.5
GULLFAKS,2010-05-01,192,31,65992.2,429372.2
GULLFAKS,2010-06-01,193,30,49477.7,322473.9
GULLFAKS,2010-07-01,194,31,63644.7,410423.7
GULLFAKS,2010-08-01,195,31,70618.2,448188.8
GULLFAKS,2010-09-01,196,30,77446.3,489180.8
GULLFAKS,2010-10-01,197,31,71454.2,458656.3
GULLFAKS,2010-11-01,198,30,72607.4,475223.7
GULLFAKS,2010-12-01,199,31,39536.5,196536.0
GULLFAKS,2011-01-01,200,31,40524.6,188815.7
GULLFAKS,2011-02-01,201,28,44751.9,234937.5
GULLFAKS,2011-03-01,202,31,45373.8,251115.2
GULLFAKS,2011-04-01,203,30,51465.2,283076.6
GULLFAKS,2011-05-01,204,31,28545.5,140120.5
GULLFAKS,2011-06-01,205,30,38478.9,205596.8
GULLFAKS,2011-07-01,206,31,45353.5,289720.4
GULLFAKS,2011-08-01,207,31,48326.0,324640.9
GULLFAKS,2011-09-01,208,30,52675.0,328031.9
GULLFAKS,2011-10-01,209,31,48344.2,300200.0
GULLFAKS,2011-11-01,210,30,53297.7,289863.3
GULLFAKS,2011-12-01,211,31,53836.6,290627.3
GULLFAKS,2012-01-01,212,31,48346.2,237736.2
GULLFAKS,2012-02-01,213,29,46915.4,212248.2
GULLFAKS,2012-03-01,214,31,45909.5,244525.1
GULLFAKS,2012-04-01,215,30,46175.5,239333.2
GULLFAKS,2012-05-01,216,31,44089.5,535809.8
GULLFAKS,2012-06-01,217,30,40923.5,273417.6
GULLFAKS,2012-07-01,218,31,42255.3,285885.6
GULLFAKS,2012-08-01,219,31,49882.2,287042.1
GULLFAKS,2012-09-01,220,30,53782.0,281487.4
GULLFAKS,2012-10-01,221,31,32333.6,203270.1
GULLFAKS,2012-11-01,222,30,40141.5,246564.4
GULLFAKS,2012-12-01,223,31,32885.5,208555.6
GULLFAKS,2013-01-01,224,31,44065.1,251934.9
GULLFAKS,2013-02-01,225,28,46182.9,260449.4
GULLFAKS,2013-03-01,226,31,42153.8,220358.1
GULLFAKS,2013-04-01,227,30,44208.9,231967.8
GULLFAKS,2013-05-01,228,31,46629.7,240189.2
GULLFAKS,2013-06-01,229,30,47737.5,233011.9
GULLFAKS,2013-07-01,230,31,45582.8,197451.0
GULLFAKS,2013-08-01,231,31,48064.2,233909.5
GULLFAKS,2013-09-01,232,30,48959.8,246862.1
GULLFAKS,2013-10-01,233,31,42488.6,255639.8
GULLFAKS,2013-11-01,234,30,39919.3,258032.8
GULLFAKS,2013-12-01,235,31,35362.9,234542.6
GULLFAKS,2014-01-01,236,31,31810.2,230052.5
GULLFAKS,2014-02-01,237,28,34063.8,207662.2
GULLFAKS,2014-03-01,238,31,34983.5,215080.7
GULLFAKS,2014-04-01,239,30,40726.5,237970.4
GULLFAKS,2014-05-01,240,31,36805.5,223774.9
GULLFAKS,2014-06-01,241,30,27081.8,153420.8
GULLFAKS,2014-07-01,242,31,38440.8,232953.9
GULLFAKS,2014-08-01,243,31,40266.9,237462.3
GULLFAKS,2014-09-01,244,30,36883.4,217310.5
GULLFAKS,2014-10-01,245,31,40277.0,241869.2
GULLFAKS,2014-11-01,246,30,38894.0,240096.3
GULLFAKS,2014-12-01,247,31,41163.7,265078.5
GULLFAKS,2015-01-01,248,31,39049.5,270988.9
GULLFAKS,2015-02-01,249,28,37444.5,249797.2
GULLFAKS,2015-03-01,250,31,38873.0,288026.2
GULLFAKS,2015-04-01,251,30,36795.3,263299.4
GULLFAKS,2015-05-01,252,31,37913.3,274921.1
GULLFAKS,2015-06-01,253,30,30880.8,269983.4
GULLFAKS,2015-07-01,254,31,36083.2,275763.1
GULLFAKS,2015-08-01,255,31,28533.4,242660.5
GULLFAKS,2015-09-01,256,30,31117.7,259181.7
GULLFAKS,2015-10-01,257,31,38102.0,293928.4
GULLFAKS,2015-11-01,258,30,38147.6,303893.8
GULLFAKS,2015-12-01,259,31,40833.0,288482.7
GULLFAKS,2016-01-01,260,31,39297.0,260742.6
GULLFAKS,2016-02-01,261,29,39495.6,262792.2
GULLFAKS,2016-03-01,262,31,38907.5,235867.5
GULLFAKS,2016-04-01,263,30,47332.8,299648.2
GULLFAKS,2016-05-01,264,31,44915.3,285516.3
GULLFAKS,2016-06-01,265,30,43036.9,299090.5
GULLFAKS,2016-07-01,266,31,37223.4,275726.6
GULLFAKS,2016-08-01,267,31,34529.0,247128.3
GULLFAKS,2016-09-01,268,30,30887.1,303753.3
GULLFAKS,2016-10-01,269,31,39548.6,270633.9
GULLFAKS,2016-11-01,270,30,38428.6,290408.5
GULLFAKS,2016-12-01,271,31,36553.9,302547.5
GULLFAKS,2017-01-01,272,31,36413.9,239832.1
GULLFAKS,2017-02-01,273,28,37242.4,236802.0
GULLFAKS,2017-03-01,274,31,36553.9,245866.3
GULLFAKS,2017-04-01,275,30,35235.5,265016.5
GULLFAKS,2017-05-01,276,31,32108.4,246353.2
GULLFAKS,2017-06-01,277,30,21618.0,191838.9
GULLFAKS,2017-07-01,278,31,33293.3,279080.5
GULLFAKS,2017-08-01,279,31,43521.4,321386.5
GULLFAKS,2017-09-01,280,30,38413.9,299625.1
GULLFAKS,2017-10-01,281,31,38055.3,307652.4
GULLFAKS,2017-11-01,282,30,33646.2,287963.8
GULLFAKS,2017-12-01,283,31,36231.3,318391.7
GULLFAKS,2018-01-01,284,31,35375.1,311700.2
GULLFAKS,2018-02-01,285,28,39704.4,325995.8
GULLFAKS,2018-03-01,286,31,39666.3,284930.0
GULLFAKS,2018-04-01,287,30,46097.9,307512.5
GULLFAKS,2018-05-01,288,31,48058.1,278830.9
GULLFAKS,2018-06-01,289,30,46114.7,293480.0
GULLFAKS,2018-07-01,290,31,46483.7,287916.6
GULLFAKS,2018-08-01,291,31,44446.6,276124.2
GULLFAKS,2018-09-01,292,30,43194.2,269457.1
GULLFAKS,2018-10-01,293,31,55812.8,298455.1
GULLFAKS,2018-11-01,294,30,57623.0,345001.8
GULLFAKS,2018-12-01,295,31,50346.8,297629.3
GULLFAKS,2019-01-01,296,31,53000.7,305049.2
GULLFAKS,2019-02-01,297,28,54067.6,290552.8
GULLFAKS,2019-03-01,298,31,50265.6,262666.1
GULLFAKS,2019-04-01,299,30,50515.5,272027.6
GULLFAKS,2019-05-01,300,31,33333.9,210882.8
GULLFAKS,2019-06-01,301,30,45636.7,276004.8
GULLFAKS,2019-07-01,302,31,45605.1,288511.1
GULLFAKS,2019-08-01,303,31,47697.0,314977.0
GULLFAKS,2019-09-01,304,30,41864.9,297264.3
GULLFAKS,2019-10-01,305,31,47496.1,298469.3
GULLFAKS,2019-11-01,306,30,49848.8,275422.0
GULLFAKS,2019-12-01,307,31,50890.6,291325.3
GULLFAKS,2020-01-01,308,31,48039.9,274267.7
GULLFAKS,2020-02-01,309,29,52250.9,296945.8
GULLFAKS,2020-03-01,310,31,46031.2,262236.0
GULLFAKS,2020-04-01,311,30,45448.0,293779.8
GULLFAKS,2020-05-01,312,31,46704.8,299613.6
GULLFAKS,2020-06-01,313,30,36608.7,256577.7
GULLFAKS,2020-07-01,314,31,41579.6,303135.9
GULLFAKS,2020-08-01,315,31,48287.4,319341.3
GULLFAKS,2020-09-01,316,30,33044.5,196545.8
GULLFAKS,2020-10-01,317,31,21320.4,142675.0
GULLFAKS,2020-11-01,318,30,40202.3,310747.6
GULLFAKS,2020-12-01,319,31,37487.2,287920.7
GULLFAKS,2021-01-01,320,31,35742.3,302845.8
GULLFAKS,2021-02-01,321,28,32113.9,268713.7
GULLFAKS,2021-03-01,322,31,34435.6,277209.7
GULLFAKS,2021-04-01,323,30,30738.3,247239.5
GULLFAKS,2021-05-01,324,31,33019.4,320497.8
GULLFAKS,2021-06-01,325,30,28243.3,279774.5
GULLFAKS,2021-07-01,326,31,30635.4,306433.0
GULLFAKS,2021-08-01,327,31,30182.9,269075.6
GULLFAKS,2021-09-01,328,30,25704.3,264800.6
GULLFAKS,2021-10-01,329,31,24108.2,278908.0
GULLFAKS,2021-11-01,330,30,28000.1,280868.9
GULLFAKS,2021-12-01,331,31,26084.4,270633.9
GULLFAKS,2022-01-01,332,31,28036.3,246582.5
GULLFAKS,2022-02-01,333,28,28036.8,235842.8
GULLFAKS,2022-03-01,334,31,28998.0,213479.9
GULLFAKS,2022-04-01,335,30,27438.2,181446.1
GULLFAKS,2022-05-01,336,31,31369.9,238200.8
GULLFAKS,2022-06-01,337,30,28627.0,199055.4
GULLFAKS,2022-07-01,338,31,29594.5,202194.8
GULLFAKS,2022-08-01,339,31,25638.0,179023.9
GULLFAKS,2022-09-01,340,30,27924.6,234703.9
GULLFAKS,2022-10-01,341,31,28772.8,282610.9
GULLFAKS,2022-11-01,342,30,24620.4,235743.8
GULLFAKS,2022-12-01,343,31,27547.3,243092.7
GULLFAKS,2023-01-01,344,31,24025.0,196980.3
GULLFAKS,2023-02-01,345,28,23948.4,197115.6
GULLFAKS,2023-03-01,346,31,19200.1,131077.4
GULLFAKS,2023-04-01,347,30,24127.7,213974.8
GULLFAKS,2023-05-01,348,31,22692.0,209237.3
GULLFAKS,2023-06-01,349,30,19066.5,221172.4
GULLFAKS,2023-07-01,350,31,21162.1,249043.6
GULLFAKS,2023-08-01,351,31,24501.8,261777.4
GULLFAKS,2023-09-01,352,30,22880.2,249621.2
GULLFAKS,2023-10-01,353,31,23753.1,237054.4
GULLFAKS,2023-11-01,354,30,27153.1,272933.3
GULLFAKS,2023-12-01,355,31,24124.4,267551.9
GULLFAKS,2024-01-01,356,31,22493.1,258618.3
GULLFAKS,2024-02-01,357,29,23413.2,249676.9
GULLFAKS,2024-03-01,358,31,24465.3,263278.9
GULLFAKS,2024-04-01,359,30,23465.1,284305.2
GULLFAKS,2024-05-01,360,31,12524.8,79994.1
GULLFAKS,2024-06-01,361,30,17938.5,165044.4
GULLFAKS,2024-07-01,362,31,21882.4,195890.7
GULLFAKS,2024-08-01,363,31,25408.8,240899.3
GULLFAKS,2024-09-01,364,30,21353.9,209863.4
GULLFAKS,2024-10-01,365,31,26788.5,250861.6
GULLFAKS,2024-11-01,366,30,25731.6,218778.1
GULLFAKS,2024-12-01,367,31,20048.2,199969.0
GULLFAKS,2025-01-01,368,31,19084.5,205043.4
GULLFAKS,2025-02-01,369,28,15553.8,184385.5
GULLFAKS,2025-03-01,370,31,16243.9,156068.2
GULLFAKS,2025-04-01,371,30,28849.2,193275.1
GULLFAKS,2025-05-01,372,31,28955.4,178025.7
GULLFAKS,2025-06-01,373,30,29677.4,193744.7
GULLFAKS,2025-07-01,374,31,25143.0,209330.6
GULLFAKS,2025-08-01,375,31,24877.2,224509.3
GULLFAKS,2025-09-01,376,30,23806.9,216958.3
GULLFAKS,2025-10-01,377,31,20525.0,197814.2
GULLFAKS,2025-11-01,378,30,20328.6,204179.5
GULLFAKS,2025-12-01,379,31,21906.8,169855.0
GULLFAKS,2026-01-01,380,31,19269.1,192965.0
GULLFAKS,2026-02-01,381,28,22245.7,199782.0
GULLFAKS,2026-03-01,382,31,23201.2,207750.1
GULLFAKS,2026-04-01,383,30,26597.5,191845.2
GULLFAKS,2026-05-01,384,31,23408.2,167688.1
GULLFAKS SØR,2004-03-01,0,31,74688.3,1432.5
GULLFAKS SØR,2004-04-01,1,30,67722.3,1859.7
GULLFAKS SØR,2004-05-01,2,31,75021.1,2260.3
GULLFAKS SØR,2004-06-01,3,30,71020.2,2566.2
GULLFAKS SØR,2004-07-01,4,31,72296.2,3055.6
GULLFAKS SØR,2004-08-01,5,31,57701.8,2712.7
GULLFAKS SØR,2004-09-01,6,30,62596.1,4329.5
GULLFAKS SØR,2004-10-01,7,31,69628.1,5411.3
GULLFAKS SØR,2004-11-01,8,30,76681.0,6040.3
GULLFAKS SØR,2004-12-01,9,31,78831.5,6263.4
GULLFAKS SØR,2005-01-01,10,31,77362.5,6608.3
GULLFAKS SØR,2005-02-01,11,28,71885.7,6031.5
GULLFAKS SØR,2005-03-01,12,31,74104.0,6328.4
GULLFAKS SØR,2005-04-01,13,30,69089.3,6837.0
GULLFAKS SØR,2005-05-01,14,31,66822.0,7460.5
GULLFAKS SØR,2005-06-01,15,30,71179.6,7952.4
GULLFAKS SØR,2005-07-01,16,31,51765.1,4749.8
GULLFAKS SØR,2005-08-01,17,31,51937.5,4891.8
GULLFAKS SØR,2005-09-01,18,30,72827.5,6235.3
GULLFAKS SØR,2005-10-01,19,31,70648.7,7988.0
GULLFAKS SØR,2005-11-01,20,30,64623.5,7950.3
GULLFAKS SØR,2005-12-01,21,31,62835.1,8255.9
GULLFAKS SØR,2006-01-01,22,31,59158.6,9246.0
GULLFAKS SØR,2006-02-01,23,28,55336.8,9371.8
GULLFAKS SØR,2006-03-01,24,31,61970.8,10102.2
GULLFAKS SØR,2006-04-01,25,30,56362.9,9715.6
GULLFAKS SØR,2006-05-01,26,31,53846.8,8858.5
GULLFAKS SØR,2006-06-01,27,30,43762.3,8099.2
GULLFAKS SØR,2006-07-01,28,31,47595.5,7162.3
GULLFAKS SØR,2006-08-01,29,31,48926.5,11950.6
GULLFAKS SØR,2006-09-01,30,30,40640.5,12202.2
GULLFAKS SØR,2006-10-01,31,31,46412.6,10919.9
GULLFAKS SØR,2006-11-01,32,30,53438.1,10860.4
GULLFAKS SØR,2006-12-01,33,31,39230.1,7580.2
GULLFAKS SØR,2007-01-01,34,31,51446.5,11837.0
GULLFAKS SØR,2007-02-01,35,28,57969.5,11512.6
GULLFAKS SØR,2007-03-01,36,31,56009.7,12843.4
GULLFAKS SØR,2007-04-01,37,30,52519.8,12598.5
GULLFAKS SØR,2007-05-01,38,31,51828.0,12403.1
GULLFAKS SØR,2007-06-01,39,30,58191.1,11520.8
GULLFAKS SØR,2007-07-01,40,31,64028.1,10317.3
GULLFAKS SØR,2007-08-01,41,31,60085.9,11516.4
GULLFAKS SØR,2007-09-01,42,30,55622.8,11447.4
GULLFAKS SØR,2007-10-01,43,31,54733.4,9077.6
GULLFAKS SØR,2007-11-01,44,30,60755.3,5784.5
GULLFAKS SØR,2007-12-01,45,31,55313.7,5875.9
GULLFAKS SØR,2008-01-01,46,31,52146.5,6746.3
GULLFAKS SØR,2008-02-01,47,29,45802.8,7235.4
GULLFAKS SØR,2008-03-01,48,31,44180.8,6371.0
GULLFAKS SØR,2008-04-01,49,30,50630.8,7587.6
GULLFAKS SØR,2008-05-01,50,31,60272.5,7255.6
GULLFAKS SØR,2008-06-01,51,30,27092.3,228.5
GULLFAKS SØR,2008-07-01,52,31,54905.9,4408.9
GULLFAKS SØR,2008-08-01,53,31,65229.3,7298.2
GULLFAKS SØR,2008-09-01,54,30,61981.8,6539.3
GULLFAKS SØR,2008-10-01,55,31,59329.0,5719.7
GULLFAKS SØR,2008-11-01,56,30,59505.7,6589.6
GULLFAKS SØR,2008-12-01,57,31,58907.0,7336.7
GULLFAKS SØR,2009-01-01,58,31,61709.0,7803.4
GULLFAKS SØR,2009-02-01,59,28,60566.3,7579.2
GULLFAKS SØR,2009-03-01,60,31,57022.1,8006.3
GULLFAKS SØR,2009-04-01,61,30,53379.4,8417.8
GULLFAKS SØR,2009-05-01,62,31,35602.3,8284.3
GULLFAKS SØR,2009-06-01,63,30,49796.3,8522.7
GULLFAKS SØR,2009-07-01,64,31,52805.9,7517.3
GULLFAKS SØR,2009-08-01,65,31,51073.2,2589.0
GULLFAKS SØR,2009-09-01,66,30,51408.6,5769.8
GULLFAKS SØR,2009-10-01,67,31,48599.9,6257.3
GULLFAKS SØR,2009-11-01,68,30,51710.5,9828.9
GULLFAKS SØR,2009-12-01,69,31,49042.2,11500.2
GULLFAKS SØR,2010-01-01,70,31,46359.9,3940.3
GULLFAKS SØR,2010-02-01,71,28,43747.8,2578.8
GULLFAKS SØR,2010-03-01,72,31,41709.5,2603.2
GULLFAKS SØR,2010-04-01,73,30,40428.7,2465.6
GULLFAKS SØR,2010-05-01,74,31,38491.5,2566.6
GULLFAKS SØR,2010-06-01,75,30,30117.7,2639.6
GULLFAKS SØR,2010-07-01,76,31,32418.8,2572.7
GULLFAKS SØR,2010-08-01,77,31,31371.9,2568.7
GULLFAKS SØR,2010-09-01,78,30,31866.2,1941.5
GULLFAKS SØR,2010-10-01,79,31,35044.3,2489.5
GULLFAKS SØR,2010-11-01,80,30,31794.9,2515.9
GULLFAKS SØR,2010-12-01,81,31,28291.9,3252.4
GULLFAKS SØR,2011-01-01,82,31,33220.3,3343.7
GULLFAKS SØR,2011-02-01,83,28,28636.6,3821.1
GULLFAKS SØR,2011-03-01,84,31,30876.8,4993.3
GULLFAKS SØR,2011-04-01,85,30,29021.1,5111.5
GULLFAKS SØR,2011-05-01,86,31,10019.0,2164.9
GULLFAKS SØR,2011-06-01,87,30,31765.6,6231.1
GULLFAKS SØR,2011-07-01,88,31,28026.1,4630.1
GULLFAKS SØR,2011-08-01,89,31,28884.4,5311.8
GULLFAKS SØR,2011-09-01,90,30,29704.6,5585.3
GULLFAKS SØR,2011-10-01,91,31,25400.6,6620.5
GULLFAKS SØR,2011-11-01,92,30,22693.6,6730.1
GULLFAKS SØR,2011-12-01,93,31,31554.5,13833.5
GULLFAKS SØR,2012-01-01,94,31,18970.8,20835.5
GULLFAKS SØR,2012-02-01,95,29,22222.5,27863.8
GULLFAKS SØR,2012-03-01,96,31,27417.4,29395.7
GULLFAKS SØR,2012-04-01,97,30,30484.6,36784.8
GULLFAKS SØR,2012-05-01,98,31,35926.9,30667.8
GULLFAKS SØR,2012-06-01,99,30,39374.1,34933.5
GULLFAKS SØR,2012-07-01,100,31,37460.8,20072.6
GULLFAKS SØR,2012-08-01,101,31,38424.6,24656.0
GULLFAKS SØR,2012-09-01,102,30,38267.1,24662.3
GULLFAKS SØR,2012-10-01,103,31,29793.4,14937.3
GULLFAKS SØR,2012-11-01,104,30,33514.2,16825.2
GULLFAKS SØR,2012-12-01,105,31,36014.2,16268.3
GULLFAKS SØR,2013-01-01,106,31,34529.0,20273.4
GULLFAKS SØR,2013-02-01,107,28,40034.6,29382.4
GULLFAKS SØR,2013-03-01,108,31,38321.1,29192.8
GULLFAKS SØR,2013-04-01,109,30,33011.0,24251.4
GULLFAKS SØR,2013-05-01,110,31,39297.0,22432.3
GULLFAKS SØR,2013-06-01,111,30,41001.1,28675.2
GULLFAKS SØR,2013-07-01,112,31,46374.1,27058.3
GULLFAKS SØR,2013-08-01,113,31,43251.5,31156.8
GULLFAKS SØR,2013-09-01,114,30,44334.7,33235.3
GULLFAKS SØR,2013-10-01,115,31,42930.9,39256.5
GULLFAKS SØR,2013-11-01,116,30,43223.5,41219.2
GULLFAKS SØR,2013-12-01,117,31,45923.7,40640.2
GULLFAKS SØR,2014-01-01,118,31,43874.4,37107.8
GULLFAKS SØR,2014-02-01,119,28,42494.3,39726.8
GULLFAKS SØR,2014-03-01,120,31,49072.6,36762.9
GULLFAKS SØR,2014-04-01,121,30,41839.7,30985.7
GULLFAKS SØR,2014-05-01,122,31,32536.5,27805.0
GULLFAKS SØR,2014-06-01,123,30,18733.1,6331.7
GULLFAKS SØR,2014-07-01,124,31,37304.6,25238.3
GULLFAKS SØR,2014-08-01,125,31,40224.3,26512.5
GULLFAKS SØR,2014-09-01,126,30,40655.2,16902.8
GULLFAKS SØR,2014-10-01,127,31,43117.6,23649.6
GULLFAKS SØR,2014-11-01,128,30,35285.8,28754.9
GULLFAKS SØR,2014-12-01,129,31,36501.1,30611.0
GULLFAKS SØR,2015-01-01,130,31,35789.0,30990.5
GULLFAKS SØR,2015-02-01,131,28,30404.4,28043.5
GULLFAKS SØR,2015-03-01,132,31,30639.4,31244.1
GULLFAKS SØR,2015-04-01,133,30,29094.5,26545.1
GULLFAKS SØR,2015-05-01,134,31,30489.3,28438.0
GULLFAKS SØR,2015-06-01,135,30,32375.7,29616.6
GULLFAKS SØR,2015-07-01,136,31,35786.9,27275.4
GULLFAKS SØR,2015-08-01,137,31,25390.5,15915.2
GULLFAKS SØR,2015-09-01,138,30,27023.1,19336.9
GULLFAKS SØR,2015-10-01,139,31,34393.0,23834.3
GULLFAKS SØR,2015-11-01,140,30,34900.0,26224.3
GULLFAKS SØR,2015-12-01,141,31,34220.6,28839.7
GULLFAKS SØR,2016-01-01,142,31,28005.8,17386.2
GULLFAKS SØR,2016-02-01,143,29,32108.3,32654.9
GULLFAKS SØR,2016-03-01,144,31,28113.4,25974.8
GULLFAKS SØR,2016-04-01,145,30,30513.9,31637.7
GULLFAKS SØR,2016-05-01,146,31,29367.3,32435.1
GULLFAKS SØR,2016-06-01,147,30,29270.6,59203.8
GULLFAKS SØR,2016-07-01,148,31,29606.7,36030.4
GULLFAKS SØR,2016-08-01,149,31,31824.4,33033.6
GULLFAKS SØR,2016-09-01,150,30,28671.0,35013.2
GULLFAKS SØR,2016-10-01,151,31,27993.7,34386.9
GULLFAKS SØR,2016-11-01,152,30,27889.0,27052.4
GULLFAKS SØR,2016-12-01,153,31,26334.0,17280.7
GULLFAKS SØR,2017-01-01,154,31,25830.8,17641.9
GULLFAKS SØR,2017-02-01,155,28,26484.6,30606.6
GULLFAKS SØR,2017-03-01,156,31,27048.2,16473.2
GULLFAKS SØR,2017-04-01,157,30,26383.6,16749.7
GULLFAKS SØR,2017-05-01,158,31,25881.5,12752.1
GULLFAKS SØR,2017-06-01,159,30,15785.3,10394.9
GULLFAKS SØR,2017-07-01,160,31,28750.5,15838.1
GULLFAKS SØR,2017-08-01,161,31,30960.0,21791.1
GULLFAKS SØR,2017-09-01,162,30,20685.1,16764.4
GULLFAKS SØR,2017-10-01,163,31,25280.9,19662.7
GULLFAKS SØR,2017-11-01,164,30,27654.2,19947.1
GULLFAKS SØR,2017-12-01,165,31,26056.0,20494.6
GULLFAKS SØR,2018-01-01,166,31,26212.2,25063.8
GULLFAKS SØR,2018-02-01,167,28,24170.8,26931.6
GULLFAKS SØR,2018-03-01,168,31,21716.0,23576.6
GULLFAKS SØR,2018-04-01,169,30,21418.9,29379.7
GULLFAKS SØR,2018-05-01,170,31,17895.5,14884.5
GULLFAKS SØR,2018-06-01,171,30,17085.2,17628.2
GULLFAKS SØR,2018-07-01,172,31,18092.3,20500.7
GULLFAKS SØR,2018-08-01,173,31,19956.9,19739.8
GULLFAKS SØR,2018-09-01,174,30,18684.9,20223.8
GULLFAKS SØR,2018-10-01,175,31,20346.5,18946.5
GULLFAKS SØR,2018-11-01,176,30,23712.5,23901.2
GULLFAKS SØR,2018-12-01,177,31,19786.5,20350.5
GULLFAKS SØR,2019-01-01,178,31,19478.1,26131.1
GULLFAKS SØR,2019-02-01,179,28,20241.9,26246.4
GULLFAKS SØR,2019-03-01,180,31,17879.3,25690.8
GULLFAKS SØR,2019-04-01,181,30,18921.8,26769.4
GULLFAKS SØR,2019-05-01,182,31,12693.2,16112.0
GULLFAKS SØR,2019-06-01,183,30,31101.0,17382.9
GULLFAKS SØR,2019-07-01,184,31,33508.4,18266.8
GULLFAKS SØR,2019-08-01,185,31,32284.9,16785.7
GULLFAKS SØR,2019-09-01,186,30,28987.6,11627.7
GULLFAKS SØR,2019-10-01,187,31,27167.9,12748.0
GULLFAKS SØR,2019-11-01,188,30,29985.6,14988.6
GULLFAKS SØR,2019-12-01,189,31,30156.5,17587.1
GULLFAKS SØR,2020-01-01,190,31,22756.9,15213.2
GULLFAKS SØR,2020-02-01,191,29,21641.2,16153.9
GULLFAKS SØR,2020-03-01,192,31,23087.6,17940.1
GULLFAKS SØR,2020-04-01,193,30,22171.5,16651.2
GULLFAKS SØR,2020-05-01,194,31,23710.5,19289.4
GULLFAKS SØR,2020-06-01,195,30,25140.3,23492.4
GULLFAKS SØR,2020-07-01,196,31,21174.3,25220.1
GULLFAKS SØR,2020-08-01,197,31,22476.9,21998.1
GULLFAKS SØR,2020-09-01,198,30,21423.1,20475.4
GULLFAKS SØR,2020-10-01,199,31,3893.6,5815.0
GULLFAKS SØR,2020-11-01,200,30,22540.5,14353.3
GULLFAKS SØR,2020-12-01,201,31,23020.7,12776.4
GULLFAKS SØR,2021-01-01,202,31,23203.3,14304.2
GULLFAKS SØR,2021-02-01,203,28,22991.5,13772.4
GULLFAKS SØR,2021-03-01,204,31,24879.2,13815.2
GULLFAKS SØR,2021-04-01,205,30,29235.0,15055.7
GULLFAKS SØR,2021-05-01,206,31,28391.3,7026.3
GULLFAKS SØR,2021-06-01,207,30,25765.1,6038.2
GULLFAKS SØR,2021-07-01,208,31,20038.1,7825.7
GULLFAKS SØR,2021-08-01,209,31,23402.1,8744.9
GULLFAKS SØR,2021-09-01,210,30,18265.6,7862.2
GULLFAKS SØR,2021-10-01,211,31,18193.8,6168.1
GULLFAKS SØR,2021-11-01,212,30,20544.6,5769.8
GULLFAKS SØR,2021-12-01,213,31,18676.6,10402.5
GULLFAKS SØR,2022-01-01,214,31,16116.1,5565.5
GULLFAKS SØR,2022-02-01,215,28,17191.4,10032.2
GULLFAKS SØR,2022-03-01,216,31,16726.8,17808.2
GULLFAKS SØR,2022-04-01,217,30,24427.5,6011.0
GULLFAKS SØR,2022-05-01,218,31,28758.6,7259.6
GULLFAKS SØR,2022-06-01,219,30,24205.2,5398.7
GULLFAKS SØR,2022-07-01,220,31,26275.1,6060.5
GULLFAKS SØR,2022-08-01,221,31,27153.7,6080.8
GULLFAKS SØR,2022-09-01,222,30,24001.9,5730.0
GULLFAKS SØR,2022-10-01,223,31,22990.2,6233.0
GULLFAKS SØR,2022-11-01,224,30,22293.1,5262.5
GULLFAKS SØR,2022-12-01,225,31,17905.6,5587.8
GULLFAKS SØR,2023-01-01,226,31,17092.0,4210.1
GULLFAKS SØR,2023-02-01,227,28,24076.5,4277.1
GULLFAKS SØR,2023-03-01,228,31,22478.9,4818.8
GULLFAKS SØR,2023-04-01,229,30,20286.7,4989.9
GULLFAKS SØR,2023-05-01,230,31,22405.9,5445.7
GULLFAKS SØR,2023-06-01,231,30,26668.8,9577.3
GULLFAKS SØR,2023-07-01,232,31,27764.4,9832.4
GULLFAKS SØR,2023-08-01,233,31,28541.5,9483.4
GULLFAKS SØR,2023-09-01,234,30,25742.1,6382.1
GULLFAKS SØR,2023-10-01,235,31,23099.8,8337.0
GULLFAKS SØR,2023-11-01,236,30,25490.5,8480.7
GULLFAKS SØR,2023-12-01,237,31,23710.5,9761.4
GULLFAKS SØR,2024-01-01,238,31,20387.1,10832.7
GULLFAKS SØR,2024-02-01,239,29,23749.4,12393.1
GULLFAKS SØR,2024-03-01,240,31,19942.7,12668.9
GULLFAKS SØR,2024-04-01,241,30,18689.1,13252.6
GULLFAKS SØR,2024-05-01,242,31,13228.9,4392.7
GULLFAKS SØR,2024-06-01,243,30,20397.8,12508.3
GULLFAKS SØR,2024-07-01,244,31,26090.5,12457.9
GULLFAKS SØR,2024-08-01,245,31,26265.0,13506.8
GULLFAKS SØR,2024-09-01,246,30,22681.0,15621.8
GULLFAKS SØR,2024-10-01,247,31,24627.6,19942.7
GULLFAKS SØR,2024-11-01,248,30,22668.4,18408.1
GULLFAKS SØR,2024-12-01,249,31,19993.4,15511.5
GULLFAKS SØR,2025-01-01,250,31,22276.0,16444.8
GULLFAKS SØR,2025-02-01,251,28,22164.8,15852.5
GULLFAKS SØR,2025-03-01,252,31,21160.1,14494.9
GULLFAKS SØR,2025-04-01,253,30,23171.6,9573.1
GULLFAKS SØR,2025-05-01,254,31,19159.5,9065.4
GULLFAKS SØR,2025-06-01,255,30,19100.0,9885.5
GULLFAKS SØR,2025-07-01,256,31,18705.1,8925.4
GULLFAKS SØR,2025-08-01,257,31,17230.0,8268.0
GULLFAKS SØR,2025-09-01,258,30,21523.7,7923.1
GULLFAKS SØR,2025-10-01,259,31,21843.9,9296.7
GULLFAKS SØR,2025-11-01,260,30,19829.6,10329.9
GULLFAKS SØR,2025-12-01,261,31,25579.2,12078.4
GULLFAKS SØR,2026-01-01,262,31,21878.4,12232.6
GULLFAKS SØR,2026-02-01,263,28,21931.2,12337.0
GULLFAKS SØR,2026-03-01,264,31,19750.0,12567.4
GULLFAKS SØR,2026-04-01,265,30,17496.1,13212.8
GULLFAKS SØR,2026-05-01,266,31,17678.4,8828.0
GYDA,1994-12-01,0,31,75942.2,0.0
GYDA,1995-01-01,1,31,73448.6,0.0
GYDA,1995-02-01,2,28,66366.4,0.0
GYDA,1995-03-01,3,31,60684.4,0.0
GYDA,1995-04-01,4,30,60923.0,0.0
GYDA,1995-05-01,5,31,57141.8,0.0
GYDA,1995-06-01,6,30,56815.8,0.0
GYDA,1995-07-01,7,31,54236.3,0.0
GYDA,1995-08-01,8,31,57949.3,0.0
GYDA,1995-09-01,9,30,55411.0,0.0
GYDA,1995-10-01,10,31,57620.7,0.0
GYDA,1995-11-01,11,30,56253.9,0.0
GYDA,1995-12-01,12,31,56474.3,0.0
GYDA,1996-01-01,13,31,56750.2,0.0
GYDA,1996-02-01,14,29,58412.7,0.0
GYDA,1996-03-01,15,31,59637.4,0.0
GYDA,1996-04-01,16,30,57113.5,0.0
GYDA,1996-05-01,17,31,57852.0,0.0
GYDA,1996-06-01,18,30,54123.7,0.0
GYDA,1996-07-01,19,31,53982.7,0.0
GYDA,1996-08-01,20,31,51801.6,0.0
GYDA,1996-09-01,21,30,50526.0,0.0
GYDA,1996-10-01,22,31,47830.9,0.0
GYDA,1996-11-01,23,30,48150.5,0.0
GYDA,1996-12-01,24,31,48356.4,0.0
GYDA,1997-01-01,25,31,47524.5,0.0
GYDA,1997-02-01,26,28,45953.7,0.0
GYDA,1997-03-01,27,31,46319.3,0.0
GYDA,1997-04-01,28,30,46209.1,0.0
GYDA,1997-05-01,29,31,47230.3,0.0
GYDA,1997-06-01,30,30,40302.9,0.0
GYDA,1997-07-01,31,31,44018.5,0.0
GYDA,1997-08-01,32,31,37038.8,0.0
GYDA,1997-09-01,33,30,38644.5,0.0
GYDA,1997-10-01,34,31,39532.4,0.0
GYDA,1997-11-01,35,30,42663.7,0.0
GYDA,1997-12-01,36,31,42715.9,0.0
GYDA,1998-01-01,37,31,37962.0,0.0
GYDA,1998-02-01,38,28,39104.6,0.0
GYDA,1998-03-01,39,31,38434.7,0.0
GYDA,1998-04-01,40,30,38860.5,0.0
GYDA,1998-05-01,41,31,38534.2,0.0
GYDA,1998-06-01,42,30,37235.6,0.0
GYDA,1998-07-01,43,31,32668.4,0.0
GYDA,1998-08-01,44,31,6908.6,0.0
GYDA,1998-09-01,45,30,31186.9,0.0
GYDA,1998-10-01,46,31,22767.0,0.0
GYDA,1998-11-01,47,30,13003.1,0.0
GYDA,1998-12-01,48,31,24018.9,0.0
GYDA,1999-01-01,49,31,33173.6,0.0
GYDA,1999-02-01,50,28,31098.6,0.0
GYDA,1999-03-01,51,31,32201.7,0.0
GYDA,1999-04-01,52,30,22844.6,0.0
GYDA,1999-05-01,53,31,28801.2,0.0
GYDA,1999-06-01,54,30,24748.3,0.0
GYDA,1999-07-01,55,31,26837.2,0.0
GYDA,1999-08-01,56,31,16290.6,0.0
GYDA,1999-09-01,57,30,23773.3,0.0
GYDA,1999-10-01,58,31,22424.2,0.0
GYDA,1999-11-01,59,30,24576.3,0.0
GYDA,1999-12-01,60,31,24057.5,0.0
GYDA,2000-01-01,61,31,22590.5,16385.9
GYDA,2000-02-01,62,29,22829.8,18453.0
GYDA,2000-03-01,63,31,17863.0,15513.5
GYDA,2000-04-01,64,30,21569.8,16384.9
GYDA,2000-05-01,65,31,19530.8,14247.4
GYDA,2000-06-01,66,30,21049.9,15974.0
GYDA,2000-07-01,67,31,20947.1,15022.5
GYDA,2000-08-01,68,31,17532.3,12488.3
GYDA,2000-09-01,69,30,12514.6,8788.9
GYDA,2000-10-01,70,31,18394.6,16536.1
GYDA,2000-11-01,71,30,18546.5,15883.8
GYDA,2000-12-01,72,31,16828.3,13790.9
GYDA,2001-01-01,73,31,18518.4,16120.1
GYDA,2001-02-01,74,28,20996.7,16546.7
GYDA,2001-03-01,75,31,23826.2,16229.7
GYDA,2001-04-01,76,30,23903.3,15976.1
GYDA,2001-05-01,77,31,22450.5,15136.1
GYDA,2001-06-01,78,30,22395.9,14829.3
GYDA,2001-07-01,79,31,21671.4,15661.6
GYDA,2001-08-01,80,31,9410.4,7085.2
GYDA,2001-09-01,81,30,15007.5,16410.1
GYDA,2001-10-01,82,31,17587.1,20865.9
GYDA,2001-11-01,83,30,18489.9,20647.3
GYDA,2001-12-01,84,31,16761.3,17960.4
GYDA,2002-01-01,85,31,13904.5,13967.4
GYDA,2002-02-01,86,28,15025.9,18718.9
GYDA,2002-03-01,87,31,8077.3,8231.5
GYDA,2002-04-01,88,30,15223.4,24630.9
GYDA,2002-05-01,89,31,13340.5,22428.2
GYDA,2002-06-01,90,30,11801.8,20976.5
GYDA,2002-07-01,91,31,12019.6,20918.7
GYDA,2002-08-01,92,31,11311.5,19918.4
GYDA,2002-09-01,93,30,11076.3,24827.9
GYDA,2002-10-01,94,31,11175.6,26650.5
GYDA,2002-11-01,95,30,10826.8,26568.1
GYDA,2002-12-01,96,31,10924.0,29219.2
GYDA,2003-01-01,97,31,15332.9,31311.0
GYDA,2003-02-01,98,28,19475.9,30550.5
GYDA,2003-03-01,99,31,10808.3,32571.0
GYDA,2003-04-01,100,30,10998.8,33092.7
GYDA,2003-05-01,101,31,10441.1,33936.5
GYDA,2003-06-01,102,30,10678.0,34011.0
GYDA,2003-07-01,103,31,10081.9,35602.3
GYDA,2003-08-01,104,31,7044.6,24603.3
GYDA,2003-09-01,105,30,9233.4,29742.4
GYDA,2003-10-01,106,31,10280.8,34809.0
GYDA,2003-11-01,107,30,9994.5,32499.4
GYDA,2003-12-01,108,31,10646.0,32461.5
GYDA,2004-01-01,109,31,10337.6,28306.1
GYDA,2004-02-01,110,29,9374.0,27252.2
GYDA,2004-03-01,111,31,8546.0,30428.4
GYDA,2004-04-01,112,30,8931.5,27375.3
GYDA,2004-05-01,113,31,10027.2,24889.3
GYDA,2004-06-01,114,30,10424.3,25846.9
GYDA,2004-07-01,115,31,8071.2,28756.6
GYDA,2004-08-01,116,31,5476.2,18425.1
GYDA,2004-09-01,117,30,6191.3,16795.9
GYDA,2004-10-01,118,31,8884.8,18952.6
GYDA,2004-11-01,119,30,10216.7,19404.0
GYDA,2004-12-01,120,31,11589.5,17593.2
GYDA,2005-01-01,121,31,13340.5,17088.0
GYDA,2005-02-01,122,28,13475.9,18029.3
GYDA,2005-03-01,123,31,14525.4,17228.0
GYDA,2005-04-01,124,30,12973.8,12640.4
GYDA,2005-05-01,125,31,10443.1,10023.1
GYDA,2005-06-01,126,30,8942.0,9013.3
GYDA,2005-07-01,127,31,11828.9,12932.6
GYDA,2005-08-01,128,31,12171.8,14986.0
GYDA,2005-09-01,129,30,12879.4,15948.8
GYDA,2005-10-01,130,31,13855.8,19145.3
GYDA,2005-11-01,131,30,15233.9,18850.5
GYDA,2005-12-01,132,31,14342.8,17528.3
GYDA,2006-01-01,133,31,14681.6,18727.4
GYDA,2006-02-01,134,28,13916.2,16899.3
GYDA,2006-03-01,135,31,11268.9,14706.0
GYDA,2006-04-01,136,30,11223.1,17202.6
GYDA,2006-05-01,137,31,12435.5,17648.0
GYDA,2006-06-01,138,30,11187.5,15630.2
GYDA,2006-07-01,139,31,10493.8,16471.2
GYDA,2006-08-01,140,31,7314.4,14947.4
GYDA,2006-09-01,141,30,9302.6,18643.0
GYDA,2006-10-01,142,31,11242.5,23207.3
GYDA,2006-11-01,143,30,11181.2,22639.1
GYDA,2006-12-01,144,31,10396.4,20983.6
GYDA,2007-01-01,145,31,10201.6,23036.9
GYDA,2007-02-01,146,28,9583.0,22980.2
GYDA,2007-03-01,147,31,9633.5,22121.8
GYDA,2007-04-01,148,30,12097.4,22146.4
GYDA,2007-05-01,149,31,11776.1,16550.3
GYDA,2007-06-01,150,30,4031.8,7954.5
GYDA,2007-07-01,151,31,5859.7,19614.0
GYDA,2007-08-01,152,31,7399.6,21624.7
GYDA,2007-09-01,153,30,8797.3,24507.2
GYDA,2007-10-01,154,31,9467.2,24489.6
GYDA,2007-11-01,155,30,8963.0,25167.6
GYDA,2007-12-01,156,31,9879.0,18343.9
GYDA,2008-01-01,157,31,13484.5,22935.5
GYDA,2008-02-01,158,29,13130.5,22580.4
GYDA,2008-03-01,159,31,12423.4,23142.4
GYDA,2008-04-01,160,30,12571.2,25046.0
GYDA,2008-05-01,161,31,11061.9,26224.4
GYDA,2008-06-01,162,30,8269.0,20513.1
GYDA,2008-07-01,163,31,10475.6,25903.8
GYDA,2008-08-01,164,31,10187.4,25569.1
GYDA,2008-09-01,165,30,9663.2,25991.6
GYDA,2008-10-01,166,31,9605.1,26944.7
GYDA,2008-11-01,167,30,9053.1,27262.1
GYDA,2008-12-01,168,31,8517.6,27356.6
GYDA,2009-01-01,169,31,8063.1,27334.3
GYDA,2009-02-01,170,28,6932.3,23593.5
GYDA,2009-03-01,171,31,7428.1,26640.3
GYDA,2009-04-01,172,30,7684.0,28782.1
GYDA,2009-05-01,173,31,7407.8,30028.7
GYDA,2009-06-01,174,30,7046.7,29142.7
GYDA,2009-07-01,175,31,6279.7,26072.2
GYDA,2009-08-01,176,31,7273.8,31006.7
GYDA,2009-09-01,177,30,6340.1,28184.6
GYDA,2009-10-01,178,31,5023.7,29894.8
GYDA,2009-11-01,179,30,4736.2,30260.2
GYDA,2009-12-01,180,31,5184.0,31378.0
GYDA,2010-01-01,181,31,4906.0,29014.2
GYDA,2010-02-01,182,28,4596.0,28241.2
GYDA,2010-03-01,183,31,4979.1,22572.3
GYDA,2010-04-01,184,30,4774.0,29492.9
GYDA,2010-05-01,185,31,4092.4,26863.5
GYDA,2010-06-01,186,30,834.4,4713.2
GYDA,2010-07-01,187,31,2931.9,17027.1
GYDA,2010-08-01,188,31,4137.1,15943.6
GYDA,2010-09-01,189,30,3958.4,16164.8
GYDA,2010-10-01,190,31,3800.3,18354.0
GYDA,2010-11-01,191,30,3539.1,18374.6
GYDA,2010-12-01,192,31,3723.2,21115.5
GYDA,2011-01-01,193,31,3928.1,22568.2
GYDA,2011-02-01,194,28,4845.4,5791.1
GYDA,2011-03-01,195,31,4551.0,27202.4
GYDA,2011-04-01,196,30,4086.3,6728.0
GYDA,2011-05-01,197,31,4301.4,19928.5
GYDA,2011-06-01,198,30,4629.3,18804.4
GYDA,2011-07-01,199,31,4904.0,20139.5
GYDA,2011-08-01,200,31,3666.3,19293.5
GYDA,2011-09-01,201,30,3421.7,16477.2
GYDA,2011-10-01,202,31,3932.1,14442.2
GYDA,2011-11-01,203,30,3581.0,15080.8
GYDA,2011-12-01,204,31,2534.2,11985.1
GYDA,2012-01-01,205,31,2629.5,11830.9
GYDA,2012-02-01,206,29,2392.3,10636.3
GYDA,2012-03-01,207,31,2292.7,10400.5
GYDA,2012-04-01,208,30,2484.5,11212.6
GYDA,2012-05-01,209,31,2459.1,11126.9
GYDA,2012-06-01,210,30,2442.5,11420.2
GYDA,2012-07-01,211,31,2144.6,11157.3
GYDA,2012-08-01,212,31,2647.8,12455.8
GYDA,2012-09-01,213,30,2367.1,11197.9
GYDA,2012-10-01,214,31,2871.0,13228.9
GYDA,2012-11-01,215,30,2459.3,13187.6
GYDA,2012-12-01,216,31,2499.7,11232.4
GYDA,2013-01-01,217,31,2668.1,11064.0
GYDA,2013-02-01,218,28,2228.4,10092.9
GYDA,2013-03-01,219,31,2187.2,8665.7
GYDA,2013-04-01,220,30,2344.0,10093.0
GYDA,2013-05-01,221,31,1667.8,8290.4
GYDA,2013-06-01,222,30,169.8,2832.5
GYDA,2013-07-01,223,31,2104.0,12179.9
GYDA,2013-08-01,224,31,2451.0,11106.6
GYDA,2013-09-01,225,30,2211.9,9059.4
GYDA,2013-10-01,226,31,2556.5,10445.1
GYDA,2013-11-01,227,30,2597.7,13569.2
GYDA,2013-12-01,228,31,2162.9,13896.4
GYDA,2014-01-01,229,31,2321.1,14166.3
GYDA,2014-02-01,230,28,2170.0,13105.2
GYDA,2014-03-01,231,31,2031.0,15458.7
GYDA,2014-04-01,232,30,2245.5,14139.5
GYDA,2014-05-01,233,31,1316.8,11585.4
GYDA,2014-06-01,234,30,2096.6,16032.7
GYDA,2014-07-01,235,31,2306.9,17674.3
GYDA,2014-08-01,236,31,2189.3,16367.7
GYDA,2014-09-01,237,30,2146.9,15133.3
GYDA,2014-10-01,238,31,1629.3,14403.6
GYDA,2014-11-01,239,30,1821.9,14034.6
GYDA,2014-12-01,240,31,2039.1,13721.9
GYDA,2015-01-01,241,31,1886.9,14304.2
GYDA,2015-02-01,242,28,1747.7,13725.2
GYDA,2015-03-01,243,31,1661.7,12119.0
GYDA,2015-04-01,244,30,1840.8,13330.2
GYDA,2015-05-01,245,31,1779.4,13421.6
GYDA,2015-06-01,246,30,1398.4,12749.4
GYDA,2015-07-01,247,31,1716.5,12482.2
GYDA,2015-08-01,248,31,1598.8,11731.5
GYDA,2015-09-01,249,30,1801.0,11730.5
GYDA,2015-10-01,250,31,1726.7,11433.2
GYDA,2015-11-01,251,30,1190.9,8912.6
GYDA,2015-12-01,252,31,1237.7,8399.9
GYDA,2016-01-01,253,31,1653.6,12052.1
GYDA,2016-02-01,254,29,1605.0,11078.7
GYDA,2016-03-01,255,31,1602.9,10887.4
GYDA,2016-04-01,256,30,1587.1,10619.3
GYDA,2016-05-01,257,31,1462.9,9937.9
GYDA,2016-06-01,258,30,287.2,2488.7
GYDA,2016-07-01,259,31,1505.5,9264.3
GYDA,2016-08-01,260,31,1542.0,8726.6
GYDA,2016-09-01,261,30,1450.8,8206.1
GYDA,2016-10-01,262,31,1430.4,7549.8
GYDA,2016-11-01,263,30,1390.0,7998.5
GYDA,2016-12-01,264,31,1170.7,6632.7
GYDA,2017-01-01,265,31,1136.2,6427.8
GYDA,2017-02-01,266,28,1240.0,6932.3
GYDA,2017-03-01,267,31,980.0,5352.4
GYDA,2017-04-01,268,30,1387.9,6952.3
GYDA,2017-05-01,269,31,1201.1,6387.2
GYDA,2017-06-01,270,30,1117.5,5939.7
GYDA,2017-07-01,271,31,1176.8,6119.4
GYDA,2017-08-01,272,31,1134.2,5892.1
GYDA,2017-09-01,273,30,1081.8,4367.2
GYDA,2017-10-01,274,31,975.9,5163.7
GYDA,2017-11-01,275,30,884.8,4459.5
GYDA,2017-12-01,276,31,1199.1,6050.4
GYDA,2018-01-01,277,31,1042.9,4650.4
GYDA,2018-02-01,278,28,1071.5,5793.4
GYDA,2018-03-01,279,31,1138.3,5912.4
GYDA,2018-04-01,280,30,1125.9,5755.2
GYDA,2018-05-01,281,31,963.8,5005.5
GYDA,2018-06-01,282,30,33.5,134.2
GYDA,2018-07-01,283,31,1128.1,4451.6
GYDA,2018-08-01,284,31,1036.8,5234.7
GYDA,2018-09-01,285,30,960.2,4851.5
GYDA,2018-10-01,286,31,1103.8,5482.3
GYDA,2018-11-01,287,30,981.2,2281.1
GYDA,2018-12-01,288,31,1057.1,3284.9
GYDA,2019-01-01,289,31,1010.4,3084.0
GYDA,2019-02-01,290,28,1006.4,2673.2
GYDA,2019-03-01,291,31,941.4,4169.5
GYDA,2019-04-01,292,30,870.1,2790.6
GYDA,2019-05-01,293,31,896.8,2384.0
GYDA,2019-06-01,294,30,178.2,260.0
GYDA,2019-07-01,295,31,943.5,2944.0
GYDA,2019-08-01,296,31,929.3,1639.4
GYDA,2019-09-01,297,30,660.4,3461.5
GYDA,2019-10-01,298,31,911.0,4973.0
GYDA,2019-11-01,299,30,937.2,528.3
GYDA,2019-12-01,300,31,892.7,1818.0
GYDA,2020-01-01,301,31,491.0,87.2
GYDA,2020-02-01,302,29,466.3,2659.1
GYDA,2020-03-01,303,31,0.0,0.0
GYDA,2020-04-01,304,30,0.0,0.0
GYDA,2020-05-01,305,31,0.0,0.0
GYDA,2020-06-01,306,30,0.0,0.0
GYDA,2020-07-01,307,31,0.0,0.0
GYDA,2020-08-01,308,31,848.1,0.0
GYDA,2020-09-01,309,30,0.0,0.0
GYDA,2024-06-01,310,30,0.0,0.0
GYDA,2025-06-01,311,30,0.0,0.0
HEIDRUN,1997-03-01,0,31,239767.2,0.0
HEIDRUN,1997-04-01,1,30,231496.1,0.0
HEIDRUN,1997-05-01,2,31,214640.4,0.0
HEIDRUN,1997-06-01,3,30,213524.0,0.0
HEIDRUN,1997-07-01,4,31,229220.6,0.0
HEIDRUN,1997-08-01,5,31,221311.7,0.0
HEIDRUN,1997-09-01,6,30,222564.6,0.0
HEIDRUN,1997-10-01,7,31,227727.3,0.0
HEIDRUN,1997-11-01,8,30,239060.6,0.0
HEIDRUN,1997-12-01,9,31,246955.8,0.0
HEIDRUN,1998-01-01,10,31,238040.5,0.0
HEIDRUN,1998-02-01,11,28,236552.6,0.0
HEIDRUN,1998-03-01,12,31,227256.6,0.0
HEIDRUN,1998-04-01,13,30,209613.9,0.0
HEIDRUN,1998-05-01,14,31,207762.2,0.0
HEIDRUN,1998-06-01,15,30,196893.8,0.0
HEIDRUN,1998-07-01,16,31,199942.6,0.0
HEIDRUN,1998-08-01,17,31,190558.6,0.0
HEIDRUN,1998-09-01,18,30,83346.1,0.0
HEIDRUN,1998-10-01,19,31,212698.7,0.0
HEIDRUN,1998-11-01,20,30,211689.5,0.0
HEIDRUN,1998-12-01,21,31,203120.0,0.0
HEIDRUN,1999-01-01,22,31,201705.8,0.0
HEIDRUN,1999-02-01,23,28,200525.6,0.0
HEIDRUN,1999-03-01,24,31,206585.4,0.0
HEIDRUN,1999-04-01,25,30,210643.3,0.0
HEIDRUN,1999-05-01,26,31,225081.5,0.0
HEIDRUN,1999-06-01,27,30,228124.8,0.0
HEIDRUN,1999-07-01,28,31,239700.2,35801.1
HEIDRUN,1999-08-01,29,31,245833.8,36663.4
HEIDRUN,1999-09-01,30,30,217136.5,36455.7
HEIDRUN,1999-10-01,31,31,212059.6,32812.5
HEIDRUN,1999-11-01,32,30,204619.8,33086.4
HEIDRUN,1999-12-01,33,31,199441.4,37093.6
HEIDRUN,2000-01-01,34,31,206561.1,38844.6
HEIDRUN,2000-02-01,35,29,198742.5,38105.3
HEIDRUN,2000-03-01,36,31,209030.3,31895.4
HEIDRUN,2000-04-01,37,30,183179.9,28515.9
HEIDRUN,2000-05-01,38,31,88663.9,13334.4
HEIDRUN,2000-06-01,39,30,182412.6,24974.7
HEIDRUN,2000-07-01,40,31,193819.2,30548.1
HEIDRUN,2000-08-01,41,31,182022.8,30229.6
HEIDRUN,2000-09-01,42,30,182867.5,29754.9
HEIDRUN,2000-10-01,43,31,180572.0,27882.1
HEIDRUN,2000-11-01,44,30,192859.9,31004.5
HEIDRUN,2000-12-01,45,31,184788.2,26051.9
HEIDRUN,2001-01-01,46,31,173369.2,36073.0
HEIDRUN,2001-02-01,47,28,172895.4,29416.0
HEIDRUN,2001-03-01,48,31,163814.8,27078.6
HEIDRUN,2001-04-01,49,30,160658.3,21544.7
HEIDRUN,2001-05-01,50,31,164376.8,25999.2
HEIDRUN,2001-06-01,51,30,166151.4,29769.6
HEIDRUN,2001-07-01,52,31,149301.6,20610.3
HEIDRUN,2001-08-01,53,31,194172.2,32911.9
HEIDRUN,2001-09-01,54,30,205884.0,32608.4
HEIDRUN,2001-10-01,55,31,193449.9,25826.7
HEIDRUN,2001-11-01,56,30,186947.5,26419.3
HEIDRUN,2001-12-01,57,31,183733.2,28574.0
HEIDRUN,2002-01-01,58,31,178784.5,36087.2
HEIDRUN,2002-02-01,59,28,176828.7,40452.4
HEIDRUN,2002-03-01,60,31,191958.6,47577.3
HEIDRUN,2002-04-01,61,30,177141.7,46284.5
HEIDRUN,2002-05-01,62,31,139483.4,33569.3
HEIDRUN,2002-06-01,63,30,138639.8,32407.1
HEIDRUN,2002-07-01,64,31,169889.5,37266.1
HEIDRUN,2002-08-01,65,31,169885.5,35734.2
HEIDRUN,2002-09-01,66,30,168853.9,39443.3
HEIDRUN,2002-10-01,67,31,187310.2,47386.5
HEIDRUN,2002-11-01,68,30,197350.9,43431.1
HEIDRUN,2002-12-01,69,31,198635.9,49551.5
HEIDRUN,2003-01-01,70,31,187927.1,47321.6
HEIDRUN,2003-02-01,71,28,185104.3,54330.4
HEIDRUN,2003-03-01,72,31,182948.0,65710.1
HEIDRUN,2003-04-01,73,30,172518.7,72554.9
HEIDRUN,2003-05-01,74,31,164949.0,66329.0
HEIDRUN,2003-06-01,75,30,160847.0,72879.9
HEIDRUN,2003-07-01,76,31,163471.9,77904.2
HEIDRUN,2003-08-01,77,31,141964.8,69141.1
HEIDRUN,2003-09-01,78,30,145707.4,73838.1
HEIDRUN,2003-10-01,79,31,119869.4,61343.8
HEIDRUN,2003-11-01,80,30,113960.7,49647.5
HEIDRUN,2003-12-01,81,31,137998.2,58261.8
HEIDRUN,2004-01-01,82,31,146241.9,56123.3
HEIDRUN,2004-02-01,83,29,149523.7,57671.0
HEIDRUN,2004-03-01,84,31,151352.9,61053.7
HEIDRUN,2004-04-01,85,30,154817.1,62977.7
HEIDRUN,2004-05-01,86,31,146542.2,66917.4
HEIDRUN,2004-06-01,87,30,149791.6,72353.7
HEIDRUN,2004-07-01,88,31,147617.5,64018.0
HEIDRUN,2004-08-01,89,31,144983.9,58535.7
HEIDRUN,2004-09-01,90,30,151181.6,62864.5
HEIDRUN,2004-10-01,91,31,135531.0,58158.3
HEIDRUN,2004-11-01,92,30,143086.7,67491.7
HEIDRUN,2004-12-01,93,31,149733.8,71939.1
HEIDRUN,2005-01-01,94,31,153170.8,73324.9
HEIDRUN,2005-02-01,95,28,149225.5,77449.9
HEIDRUN,2005-03-01,96,31,141774.1,81097.8
HEIDRUN,2005-04-01,97,30,154412.5,79989.5
HEIDRUN,2005-05-01,98,31,143671.2,80661.6
HEIDRUN,2005-06-01,99,30,86868.4,41934.1
HEIDRUN,2005-07-01,100,31,172196.5,95891.0
HEIDRUN,2005-08-01,101,31,163849.3,97936.2
HEIDRUN,2005-09-01,102,30,150739.3,86252.0
HEIDRUN,2005-10-01,103,31,138331.0,80237.6
HEIDRUN,2005-11-01,104,30,138348.3,94246.4
HEIDRUN,2005-12-01,105,31,90256.6,63486.4
HEIDRUN,2006-01-01,106,31,143590.0,95495.4
HEIDRUN,2006-02-01,107,28,120930.4,78499.0
HEIDRUN,2006-03-01,108,31,145996.4,87042.7
HEIDRUN,2006-04-01,109,30,149173.1,88786.8
HEIDRUN,2006-05-01,110,31,143297.9,88136.3
HEIDRUN,2006-06-01,111,30,137230.9,79809.2
HEIDRUN,2006-07-01,112,31,140988.9,76437.3
HEIDRUN,2006-08-01,113,31,145860.5,74349.5
HEIDRUN,2006-09-01,114,30,138608.3,71454.2
HEIDRUN,2006-10-01,115,31,130290.2,68508.1
HEIDRUN,2006-11-01,116,30,133329.1,68546.2
HEIDRUN,2006-12-01,117,31,123696.0,85778.7
HEIDRUN,2007-01-01,118,31,113459.9,80677.8
HEIDRUN,2007-02-01,119,28,118861.5,73500.8
HEIDRUN,2007-03-01,120,31,117832.3,73903.1
HEIDRUN,2007-04-01,121,30,120460.2,78224.1
HEIDRUN,2007-05-01,122,31,86306.2,49705.7
HEIDRUN,2007-06-01,123,30,97429.0,51014.5
HEIDRUN,2007-07-01,124,31,91242.7,58947.6
HEIDRUN,2007-08-01,125,31,105723.4,60964.4
HEIDRUN,2007-09-01,126,30,118158.1,79817.6
HEIDRUN,2007-10-01,127,31,111274.7,79561.9
HEIDRUN,2007-11-01,128,30,101737.5,80964.4
HEIDRUN,2007-12-01,129,31,101708.1,82686.5
HEIDRUN,2008-01-01,130,31,97930.2,73485.2
HEIDRUN,2008-02-01,131,29,97153.6,61230.1
HEIDRUN,2008-03-01,132,31,94947.6,65178.6
HEIDRUN,2008-04-01,133,30,93845.9,70210.9
HEIDRUN,2008-05-01,134,31,91149.3,65123.8
HEIDRUN,2008-06-01,135,30,94305.1,72542.4
HEIDRUN,2008-07-01,136,31,91433.4,88396.0
HEIDRUN,2008-08-01,137,31,94235.4,73923.4
HEIDRUN,2008-09-01,138,30,96575.7,73838.1
HEIDRUN,2008-10-01,139,31,90625.9,78541.3
HEIDRUN,2008-11-01,140,30,90516.5,88770.0
HEIDRUN,2008-12-01,141,31,93511.1,93326.4
HEIDRUN,2009-01-01,142,31,91920.4,97607.6
HEIDRUN,2009-02-01,143,28,90613.6,98008.6
HEIDRUN,2009-03-01,144,31,90216.0,102767.2
HEIDRUN,2009-04-01,145,30,86287.7,94420.4
HEIDRUN,2009-05-01,146,31,80994.4,85200.4
HEIDRUN,2009-06-01,147,30,79545.0,79582.7
HEIDRUN,2009-07-01,148,31,78776.7,76504.3
HEIDRUN,2009-08-01,149,31,75930.1,75499.9
HEIDRUN,2009-09-01,150,30,57119.8,54811.4
HEIDRUN,2009-10-01,151,31,76830.9,65328.7
HEIDRUN,2009-11-01,152,30,71202.6,68758.0
HEIDRUN,2009-12-01,153,31,64395.4,58207.0
HEIDRUN,2010-01-01,154,31,58659.5,69218.2
HEIDRUN,2010-02-01,155,28,60384.3,69549.5
HEIDRUN,2010-03-01,156,31,62808.7,78141.6
HEIDRUN,2010-04-01,157,30,65007.2,84654.4
HEIDRUN,2010-05-01,158,31,54392.6,72012.1
HEIDRUN,2010-06-01,159,30,4134.5,2539.0
HEIDRUN,2010-07-01,160,31,44020.5,64642.9
HEIDRUN,2010-08-01,161,31,63600.0,84265.1
HEIDRUN,2010-09-01,162,30,63097.2,72676.5
HEIDRUN,2010-10-01,163,31,60915.7,85606.2
HEIDRUN,2010-11-01,164,30,63795.3,73074.9
HEIDRUN,2010-12-01,165,31,62656.6,77537.0
HEIDRUN,2011-01-01,166,31,58040.7,80111.8
HEIDRUN,2011-02-01,167,28,57223.7,85437.9
HEIDRUN,2011-03-01,168,31,57249.4,85488.5
HEIDRUN,2011-04-01,169,30,60778.3,88094.9
HEIDRUN,2011-05-01,170,31,64348.7,78561.6
HEIDRUN,2011-06-01,171,30,66625.8,76821.5
HEIDRUN,2011-07-01,172,31,72858.2,77453.8
HEIDRUN,2011-08-01,173,31,69958.8,80702.2
HEIDRUN,2011-09-01,174,30,66550.3,76305.8
HEIDRUN,2011-10-01,175,31,68333.6,82619.6
HEIDRUN,2011-11-01,176,30,61210.2,76710.4
HEIDRUN,2011-12-01,177,31,62287.3,86734.3
HEIDRUN,2012-01-01,178,31,62611.9,88497.5
HEIDRUN,2012-02-01,179,29,59649.0,88523.5
HEIDRUN,2012-03-01,180,31,50267.7,85289.7
HEIDRUN,2012-04-01,181,30,31325.3,45183.8
HEIDRUN,2012-05-01,182,31,54940.4,86509.1
HEIDRUN,2012-06-01,183,30,49301.5,75240.7
HEIDRUN,2012-07-01,184,31,40370.4,59300.6
HEIDRUN,2012-08-01,185,31,53889.4,81085.7
HEIDRUN,2012-09-01,186,30,65003.0,95481.3
HEIDRUN,2012-10-01,187,31,63320.0,86748.5
HEIDRUN,2012-11-01,188,30,64306.9,95699.3
HEIDRUN,2012-12-01,189,31,61002.9,92756.3
HEIDRUN,2013-01-01,190,31,68424.9,100555.6
HEIDRUN,2013-02-01,191,28,66799.9,96579.9
HEIDRUN,2013-03-01,192,31,58888.8,84311.7
HEIDRUN,2013-04-01,193,30,61369.6,75335.0
HEIDRUN,2013-05-01,194,31,58340.9,74682.2
HEIDRUN,2013-06-01,195,30,56276.9,82536.9
HEIDRUN,2013-07-01,196,31,59282.4,87742.7
HEIDRUN,2013-08-01,197,31,61388.4,95590.8
HEIDRUN,2013-09-01,198,30,55851.3,90067.8
HEIDRUN,2013-10-01,199,31,56159.8,93164.1
HEIDRUN,2013-11-01,200,30,56534.8,82052.5
HEIDRUN,2013-12-01,201,31,57048.5,82213.8
HEIDRUN,2014-01-01,202,31,52925.6,88580.7
HEIDRUN,2014-02-01,203,28,55889.4,88838.9
HEIDRUN,2014-03-01,204,31,50880.4,90567.0
HEIDRUN,2014-04-01,205,30,45565.4,79324.9
HEIDRUN,2014-05-01,206,31,19350.3,42370.9
HEIDRUN,2014-06-01,207,30,53364.8,88048.8
HEIDRUN,2014-07-01,208,31,50478.7,87700.1
HEIDRUN,2014-08-01,209,31,54126.8,86399.5
HEIDRUN,2014-09-01,210,30,58080.0,86591.7
HEIDRUN,2014-10-01,211,31,56525.0,86630.8
HEIDRUN,2014-11-01,212,30,57025.4,89132.8
HEIDRUN,2014-12-01,213,31,56243.0,86677.5
HEIDRUN,2015-01-01,214,31,55129.1,78545.4
HEIDRUN,2015-02-01,215,28,56208.3,87846.0
HEIDRUN,2015-03-01,216,31,50517.2,86937.2
HEIDRUN,2015-04-01,217,30,53088.0,87904.1
HEIDRUN,2015-05-01,218,31,52828.2,76112.7
HEIDRUN,2015-06-01,219,30,54589.2,89072.0
HEIDRUN,2015-07-01,220,31,53836.6,87061.0
HEIDRUN,2015-08-01,221,31,51004.2,86137.8
HEIDRUN,2015-09-01,222,30,50165.3,77096.2
HEIDRUN,2015-10-01,223,31,51631.1,92070.5
HEIDRUN,2015-11-01,224,30,52270.3,90090.9
HEIDRUN,2015-12-01,225,31,57184.4,89357.8
HEIDRUN,2016-01-01,226,31,57326.5,83477.8
HEIDRUN,2016-02-01,227,29,57525.6,85814.6
HEIDRUN,2016-03-01,228,31,55889.9,82911.7
HEIDRUN,2016-04-01,229,30,58304.3,82042.1
HEIDRUN,2016-05-01,230,31,57545.6,82392.3
HEIDRUN,2016-06-01,231,30,58966.9,78905.5
HEIDRUN,2016-07-01,232,31,58318.6,87121.8
HEIDRUN,2016-08-01,233,31,61796.3,86647.1
HEIDRUN,2016-09-01,234,30,59820.2,79758.9
HEIDRUN,2016-10-01,235,31,58284.1,83577.2
HEIDRUN,2016-11-01,236,30,58969.0,88614.9
HEIDRUN,2016-12-01,237,31,58312.5,86214.9
HEIDRUN,2017-01-01,238,31,57231.1,77269.2
HEIDRUN,2017-02-01,239,28,61635.5,79788.4
HEIDRUN,2017-03-01,240,31,57750.5,79846.0
HEIDRUN,2017-04-01,241,30,55400.6,79800.8
HEIDRUN,2017-05-01,242,31,54102.4,78342.5
HEIDRUN,2017-06-01,243,30,53383.6,79373.1
HEIDRUN,2017-07-01,244,31,52767.4,76666.6
HEIDRUN,2017-08-01,245,31,51369.4,79677.6
HEIDRUN,2017-09-01,246,30,48712.4,77131.8
HEIDRUN,2017-10-01,247,31,51040.7,80004.2
HEIDRUN,2017-11-01,248,30,51297.5,83482.4
HEIDRUN,2017-12-01,249,31,49999.9,78245.1
HEIDRUN,2018-01-01,250,31,49648.8,78904.5
HEIDRUN,2018-02-01,251,28,48662.8,82562.6
HEIDRUN,2018-03-01,252,31,49847.7,80485.1
HEIDRUN,2018-04-01,253,30,53251.5,84589.4
HEIDRUN,2018-05-01,254,31,27316.0,37286.3
HEIDRUN,2018-06-01,255,30,29182.6,38594.2
HEIDRUN,2018-07-01,256,31,52964.2,67432.7
HEIDRUN,2018-08-01,257,31,59594.8,77999.6
HEIDRUN,2018-09-01,258,30,54153.1,69592.4
HEIDRUN,2018-10-01,259,31,59185.0,77516.7
HEIDRUN,2018-11-01,260,30,53285.1,71682.8
HEIDRUN,2018-12-01,261,31,51629.1,64904.6
HEIDRUN,2019-01-01,262,31,54153.1,67229.8
HEIDRUN,2019-02-01,263,28,55563.6,71607.1
HEIDRUN,2019-03-01,264,31,54642.1,71271.5
HEIDRUN,2019-04-01,265,30,53870.0,73360.0
HEIDRUN,2019-05-01,266,31,49928.8,70453.9
HEIDRUN,2019-06-01,267,30,48052.0,68596.6
HEIDRUN,2019-07-01,268,31,49251.2,68311.3
HEIDRUN,2019-08-01,269,31,51097.5,70287.5
HEIDRUN,2019-09-01,270,30,50484.0,64891.9
HEIDRUN,2019-10-01,271,31,53830.5,64227.0
HEIDRUN,2019-11-01,272,30,50716.8,61482.8
HEIDRUN,2019-12-01,273,31,54382.4,58712.2
HEIDRUN,2020-01-01,274,31,55802.7,59688.2
HEIDRUN,2020-02-01,275,29,52723.7,57809.8
HEIDRUN,2020-03-01,276,31,52913.4,61922.1
HEIDRUN,2020-04-01,277,30,49978.8,59600.0
HEIDRUN,2020-05-01,278,31,50320.4,56782.7
HEIDRUN,2020-06-01,279,30,37130.8,39938.1
HEIDRUN,2020-07-01,280,31,49551.5,56103.0
HEIDRUN,2020-08-01,281,31,49046.2,56086.8
HEIDRUN,2020-09-01,282,30,48704.0,59801.3
HEIDRUN,2020-10-01,283,31,47260.7,58186.7
HEIDRUN,2020-11-01,284,30,45871.5,58319.0
HEIDRUN,2020-12-01,285,31,47479.9,58746.7
HEIDRUN,2021-01-01,286,31,50716.1,59367.6
HEIDRUN,2021-02-01,287,28,54258.5,59139.8
HEIDRUN,2021-03-01,288,31,54045.6,54053.7
HEIDRUN,2021-04-01,289,30,57161.7,51190.6
HEIDRUN,2021-05-01,290,31,53451.1,51176.7
HEIDRUN,2021-06-01,291,30,52972.7,49198.8
HEIDRUN,2021-07-01,292,31,56370.8,43525.4
HEIDRUN,2021-08-01,293,31,58170.5,52183.0
HEIDRUN,2021-09-01,294,30,57084.1,45248.8
HEIDRUN,2021-10-01,295,31,56985.6,42632.7
HEIDRUN,2021-11-01,296,30,57935.3,41498.0
HEIDRUN,2021-12-01,297,31,51860.4,37840.2
HEIDRUN,2022-01-01,298,31,52907.4,44365.4
HEIDRUN,2022-02-01,299,28,51535.9,42249.5
HEIDRUN,2022-03-01,300,31,48037.8,42377.0
HEIDRUN,2022-04-01,301,30,49494.4,39573.3
HEIDRUN,2022-05-01,302,31,41390.9,34938.8
HEIDRUN,2022-06-01,303,30,27889.0,24379.3
HEIDRUN,2022-07-01,304,31,48447.7,37164.6
HEIDRUN,2022-08-01,305,31,50421.9,38588.9
HEIDRUN,2022-09-01,306,30,50603.5,43573.6
HEIDRUN,2022-10-01,307,31,47735.5,41742.0
HEIDRUN,2022-11-01,308,30,48630.6,43267.5
HEIDRUN,2022-12-01,309,31,41946.9,37341.1
HEIDRUN,2023-01-01,310,31,48094.7,36202.9
HEIDRUN,2023-02-01,311,28,44473.4,32484.6
HEIDRUN,2023-03-01,312,31,44925.4,42086.9
HEIDRUN,2023-04-01,313,30,45808.6,48010.0
HEIDRUN,2023-05-01,314,31,44655.6,47214.1
HEIDRUN,2023-06-01,315,30,43330.4,47875.9
HEIDRUN,2023-07-01,316,31,43162.2,50596.4
HEIDRUN,2023-08-01,317,31,44503.4,51318.7
HEIDRUN,2023-09-01,318,30,28014.8,34363.3
HEIDRUN,2023-10-01,319,31,38465.2,46737.3
HEIDRUN,2023-11-01,320,30,42720.3,53712.8
HEIDRUN,2023-12-01,321,31,40291.2,52298.7
HEIDRUN,2024-01-01,322,31,40402.8,52041.0
HEIDRUN,2024-02-01,323,29,41252.4,51222.8
HEIDRUN,2024-03-01,324,31,37280.3,50906.8
HEIDRUN,2024-04-01,325,30,39179.2,51085.8
HEIDRUN,2024-05-01,326,31,41668.9,51825.9
HEIDRUN,2024-06-01,327,30,35782.7,46804.5
HEIDRUN,2024-07-01,328,31,39577.0,49947.1
HEIDRUN,2024-08-01,329,31,37475.0,49381.0
HEIDRUN,2024-09-01,330,30,38055.4,44913.4
HEIDRUN,2024-10-01,331,31,42561.7,53473.4
HEIDRUN,2024-11-01,332,30,33507.9,42888.0
HEIDRUN,2024-12-01,333,31,30286.4,38453.0
HEIDRUN,2025-01-01,334,31,38611.3,49464.2
HEIDRUN,2025-02-01,335,28,36687.5,48534.8
HEIDRUN,2025-03-01,336,31,37935.6,47350.0
HEIDRUN,2025-04-01,337,30,37229.3,49024.8
HEIDRUN,2025-05-01,338,31,35943.2,47528.6
HEIDRUN,2025-06-01,339,30,31839.0,43462.5
HEIDRUN,2025-07-01,340,31,33804.6,41707.5
HEIDRUN,2025-08-01,341,31,32885.5,43470.6
HEIDRUN,2025-09-01,342,30,31606.2,44143.9
HEIDRUN,2025-10-01,343,31,30079.4,44036.7
HEIDRUN,2025-11-01,344,30,32107.3,45705.9
HEIDRUN,2025-12-01,345,31,31236.0,43669.5
HEIDRUN,2026-01-01,346,31,33784.3,45799.9
HEIDRUN,2026-02-01,347,28,32194.8,45544.9
HEIDRUN,2026-03-01,348,31,32211.9,47865.4
HEIDRUN,2026-04-01,349,30,31484.6,48777.4
HEIDRUN,2026-05-01,350,31,32049.6,50896.7
HEIMDAL,1996-02-01,0,29,11380.2,0.0
HEIMDAL,1996-03-01,1,31,11534.7,0.0
HEIMDAL,1996-04-01,2,30,11791.3,0.0
HEIMDAL,1996-05-01,3,31,9530.1,0.0
HEIMDAL,1996-06-01,4,30,9766.0,0.0
HEIMDAL,1996-07-01,5,31,11404.8,0.0
HEIMDAL,1996-08-01,6,31,11333.8,0.0
HEIMDAL,1996-09-01,7,30,10828.9,0.0
HEIMDAL,1996-10-01,8,31,10388.3,0.0
HEIMDAL,1996-11-01,9,30,10034.3,0.0
HEIMDAL,1996-12-01,10,31,9897.3,0.0
HEIMDAL,1997-01-01,11,31,9611.2,0.0
HEIMDAL,1997-02-01,12,28,10371.4,0.0
HEIMDAL,1997-03-01,13,31,10846.9,0.0
HEIMDAL,1997-04-01,14,30,5400.8,0.0
HEIMDAL,1997-05-01,15,31,4867.5,0.0
HEIMDAL,1997-06-01,16,30,5914.5,0.0
HEIMDAL,1997-07-01,17,31,7168.3,0.0
HEIMDAL,1997-08-01,18,31,7399.6,0.0
HEIMDAL,1997-09-01,19,30,6763.6,0.0
HEIMDAL,1997-10-01,20,31,5001.4,0.0
HEIMDAL,1997-11-01,21,30,5375.7,0.0
HEIMDAL,1997-12-01,22,31,5630.4,0.0
HEIMDAL,1998-01-01,23,31,5409.2,0.0
HEIMDAL,1998-02-01,24,28,5485.6,0.0
HEIMDAL,1998-03-01,25,31,4735.6,0.0
HEIMDAL,1998-04-01,26,30,3407.0,0.0
HEIMDAL,1998-05-01,27,31,3197.7,0.0
HEIMDAL,1998-06-01,28,30,3155.4,0.0
HEIMDAL,1998-07-01,29,31,3333.6,0.0
HEIMDAL,1998-08-01,30,31,1454.8,0.0
HEIMDAL,1998-09-01,31,30,2624.9,0.0
HEIMDAL,1998-10-01,32,31,3019.1,0.0
HEIMDAL,1998-11-01,33,30,3365.0,0.0
HEIMDAL,1998-12-01,34,31,3157.1,0.0
HEIMDAL,1999-01-01,35,31,3069.8,0.0
HEIMDAL,1999-02-01,36,28,2900.0,0.0
HEIMDAL,1999-03-01,37,31,2716.8,0.0
HEIMDAL,1999-04-01,38,30,2979.3,0.0
HEIMDAL,1999-05-01,39,31,3092.1,0.0
HEIMDAL,1999-06-01,40,30,2824.1,0.0
HEIMDAL,1999-07-01,41,31,2361.7,0.0
HEIMDAL,1999-08-01,42,31,2380.0,0.0
HEIMDAL,1999-09-01,43,30,2134.3,0.0
HEIMDAL,1999-10-01,44,31,0.0,0.0
HEIMDAL,1999-11-01,45,30,0.0,0.0
HEIMDAL,1999-12-01,46,31,0.0,0.0
HEIMDAL,2000-01-01,47,31,0.0,0.0
HEIMDAL,2000-02-01,48,29,0.0,0.0
HEIMDAL,2000-03-01,49,31,0.0,0.0
HEIMDAL,2000-04-01,50,30,0.0,0.0
HEIMDAL,2000-05-01,51,31,0.0,0.0
HEIMDAL,2000-06-01,52,30,0.0,0.0
HEIMDAL,2000-07-01,53,31,0.0,0.0
HEIMDAL,2000-08-01,54,31,0.0,0.0
HEIMDAL,2000-09-01,55,30,0.0,0.0
HEIMDAL,2000-10-01,56,31,0.0,0.0
HEIMDAL,2000-11-01,57,30,0.0,0.0
HEIMDAL,2000-12-01,58,31,0.0,0.0
HEIMDAL,2001-01-01,59,31,0.0,0.0
HEIMDAL,2001-02-01,60,28,0.0,0.0
HEIMDAL,2001-03-01,61,31,0.0,0.0
HEIMDAL,2001-04-01,62,30,0.0,0.0
HEIMDAL,2001-05-01,63,31,0.0,0.0
HEIMDAL,2001-06-01,64,30,0.0,0.0
HEIMDAL,2001-07-01,65,31,0.0,2.0
HEIMDAL,2001-08-01,66,31,0.0,0.0
HEIMDAL,2001-09-01,67,30,0.0,2.1
HEIMDAL,2001-10-01,68,31,0.0,0.0
HEIMDAL,2001-11-01,69,30,1580.8,0.0
HEIMDAL,2001-12-01,70,31,1042.9,0.0
HEIMDAL,2002-01-01,71,31,1424.3,0.0
HEIMDAL,2002-02-01,72,28,2019.5,0.0
HEIMDAL,2002-03-01,73,31,2935.9,0.0
HEIMDAL,2002-04-01,74,30,2612.4,0.0
HEIMDAL,2002-05-01,75,31,2152.7,0.0
HEIMDAL,2002-06-01,76,30,1740.2,0.0
HEIMDAL,2002-07-01,77,31,2073.6,0.0
HEIMDAL,2002-08-01,78,31,1014.5,0.0
HEIMDAL,2002-09-01,79,30,1071.4,0.0
HEIMDAL,2002-10-01,80,31,1308.7,0.0
HEIMDAL,2002-11-01,81,30,1004.3,0.0
HEIMDAL,2002-12-01,82,31,1215.4,0.0
HEIMDAL,2003-01-01,83,31,1134.2,0.0
HEIMDAL,2003-02-01,84,28,1740.9,0.0
HEIMDAL,2003-03-01,85,31,795.4,0.0
HEIMDAL,2003-04-01,86,30,1358.6,0.0
HEIMDAL,2003-05-01,87,31,1355.4,0.0
HEIMDAL,2003-06-01,88,30,983.3,0.0
HEIMDAL,2003-07-01,89,31,420.0,0.0
HEIMDAL,2003-08-01,90,31,608.7,0.0
HEIMDAL,2003-09-01,91,30,685.6,0.0
HEIMDAL,2003-10-01,92,31,424.1,0.0
HEIMDAL,2003-11-01,93,30,624.8,0.0
HEIMDAL,2003-12-01,94,31,1609.0,0.0
HEIMDAL,2004-01-01,95,31,1655.6,0.0
HEIMDAL,2004-02-01,96,29,1518.2,0.0
HEIMDAL,2004-03-01,97,31,990.1,0.0
HEIMDAL,2004-04-01,98,30,400.5,0.0
HEIMDAL,2004-05-01,99,31,805.5,0.0
HEIMDAL,2004-06-01,100,30,1132.2,0.0
HEIMDAL,2004-07-01,101,31,633.0,0.0
HEIMDAL,2004-08-01,102,31,385.5,0.0
HEIMDAL,2004-09-01,103,30,304.0,0.0
HEIMDAL,2004-10-01,104,31,669.6,0.0
HEIMDAL,2004-11-01,105,30,1079.7,0.0
HEIMDAL,2004-12-01,106,31,969.8,0.0
HEIMDAL,2005-01-01,107,31,1156.5,0.0
HEIMDAL,2005-02-01,108,28,1462.4,0.0
HEIMDAL,2005-03-01,109,31,1469.0,0.0
HEIMDAL,2005-04-01,110,30,1182.5,0.0
HEIMDAL,2005-05-01,111,31,872.5,0.0
HEIMDAL,2005-06-01,112,30,270.5,0.0
HEIMDAL,2005-07-01,113,31,446.4,0.0
HEIMDAL,2005-08-01,114,31,779.1,0.0
HEIMDAL,2005-09-01,115,30,662.5,0.0
HEIMDAL,2005-10-01,116,31,418.0,0.0
HEIMDAL,2005-11-01,117,30,413.0,0.0
HEIMDAL,2005-12-01,118,31,310.4,0.0
HEIMDAL,2006-01-01,119,31,103.5,0.0
HEIMDAL,2006-02-01,120,28,161.7,0.0
HEIMDAL,2006-03-01,121,31,135.9,0.0
HEIMDAL,2006-04-01,122,30,314.5,0.0
HEIMDAL,2006-05-01,123,31,105.5,0.0
HEIMDAL,2006-06-01,124,30,285.1,0.0
HEIMDAL,2006-07-01,125,31,395.6,0.0
HEIMDAL,2006-08-01,126,31,381.4,0.0
HEIMDAL,2006-09-01,127,30,656.2,0.0
HEIMDAL,2006-10-01,128,31,645.2,0.0
HEIMDAL,2006-11-01,129,30,794.6,0.0
HEIMDAL,2006-12-01,130,31,728.4,0.0
HEIMDAL,2007-01-01,131,31,586.4,0.0
HEIMDAL,2007-02-01,132,28,667.2,0.0
HEIMDAL,2007-03-01,133,31,600.6,0.0
HEIMDAL,2007-04-01,134,30,511.6,0.0
HEIMDAL,2007-05-01,135,31,239.4,0.0
HEIMDAL,2007-06-01,136,30,205.5,0.0
HEIMDAL,2007-07-01,137,31,306.4,0.0
HEIMDAL,2007-08-01,138,31,371.3,0.0
HEIMDAL,2007-09-01,139,30,402.5,0.0
HEIMDAL,2007-10-01,140,31,519.4,0.0
HEIMDAL,2007-11-01,141,30,461.3,0.0
HEIMDAL,2007-12-01,142,31,442.3,0.0
HEIMDAL,2008-01-01,143,31,334.8,0.0
HEIMDAL,2008-02-01,144,29,462.0,0.0
HEIMDAL,2008-03-01,145,31,314.5,0.0
HEIMDAL,2008-04-01,146,30,352.2,0.0
HEIMDAL,2008-05-01,147,31,411.9,0.0
HEIMDAL,2008-06-01,148,30,394.2,0.0
HEIMDAL,2008-07-01,149,31,401.7,0.0
HEIMDAL,2008-08-01,150,31,255.6,0.0
HEIMDAL,2008-09-01,151,30,408.8,0.0
HEIMDAL,2008-10-01,152,31,405.8,0.0
HEIMDAL,2008-11-01,153,30,394.2,0.0
HEIMDAL,2008-12-01,154,31,389.6,0.0
HEIMDAL,2009-01-01,155,31,434.2,0.0
HEIMDAL,2009-02-01,156,28,395.4,0.0
HEIMDAL,2009-03-01,157,31,444.3,0.0
HEIMDAL,2009-04-01,158,30,517.9,0.0
HEIMDAL,2009-05-01,159,31,515.4,0.0
HEIMDAL,2009-06-01,160,30,312.4,0.0
HEIMDAL,2009-07-01,161,31,456.5,0.0
HEIMDAL,2009-08-01,162,31,395.6,0.0
HEIMDAL,2009-09-01,163,30,524.2,0.0
HEIMDAL,2009-10-01,164,31,501.2,0.0
HEIMDAL,2009-11-01,165,30,345.9,0.0
HEIMDAL,2009-12-01,166,31,432.2,0.0
HEIMDAL,2010-01-01,167,31,424.1,0.0
HEIMDAL,2010-02-01,168,28,438.0,0.0
HEIMDAL,2010-03-01,169,31,383.5,0.0
HEIMDAL,2010-04-01,170,30,373.2,0.0
HEIMDAL,2010-05-01,171,31,377.4,0.0
HEIMDAL,2010-06-01,172,30,339.6,0.0
HEIMDAL,2010-07-01,173,31,454.5,0.0
HEIMDAL,2010-08-01,174,31,468.7,0.0
HEIMDAL,2010-09-01,175,30,440.3,0.0
HEIMDAL,2010-10-01,176,31,296.2,0.0
HEIMDAL,2010-11-01,177,30,643.7,0.0
HEIMDAL,2010-12-01,178,31,531.6,0.0
HEIMDAL,2011-01-01,179,31,562.0,0.0
HEIMDAL,2011-02-01,180,28,249.3,0.0
HEIMDAL,2011-03-01,181,31,282.0,0.0
HEIMDAL,2011-04-01,182,30,322.9,0.0
HEIMDAL,2011-05-01,183,31,381.4,0.0
HEIMDAL,2011-06-01,184,30,69.2,0.0
HEIMDAL,2011-07-01,185,31,531.6,0.0
HEIMDAL,2011-08-01,186,31,271.9,0.0
HEIMDAL,2011-09-01,187,30,278.8,0.0
HEIMDAL,2011-10-01,188,31,411.9,0.0
HEIMDAL,2011-11-01,189,30,232.7,0.0
HEIMDAL,2011-12-01,190,31,64.9,0.0
HEIMDAL,2012-01-01,191,31,0.0,0.0
HEIMDAL,2012-02-01,192,29,0.0,0.0
HEIMDAL,2012-03-01,193,31,0.0,0.0
HEIMDAL,2012-04-01,194,30,0.0,0.0
HEIMDAL,2012-05-01,195,31,0.0,0.0
HEIMDAL,2012-06-01,196,30,0.0,0.0
HEIMDAL,2012-07-01,197,31,0.0,0.0
HEIMDAL,2012-08-01,198,31,0.0,0.0
HEIMDAL,2012-09-01,199,30,0.0,0.0
HEIMDAL,2012-10-01,200,31,0.0,0.0
HEIMDAL,2012-11-01,201,30,0.0,0.0
HEIMDAL,2012-12-01,202,31,0.0,0.0
HEIMDAL,2013-01-01,203,31,0.0,0.0
HEIMDAL,2013-02-01,204,28,0.0,0.0
HEIMDAL,2013-03-01,205,31,0.0,0.0
HEIMDAL,2013-04-01,206,30,0.0,0.0
HEIMDAL,2013-05-01,207,31,0.0,0.0
HEIMDAL,2013-06-01,208,30,0.0,0.0
HEIMDAL,2013-07-01,209,31,0.0,0.0
HEIMDAL,2013-08-01,210,31,0.0,0.0
HEIMDAL,2013-09-01,211,30,0.0,0.0
HEIMDAL,2013-10-01,212,31,154.2,0.0
HEIMDAL,2013-11-01,213,30,0.0,0.0
HEIMDAL,2013-12-01,214,31,0.0,0.0
HEIMDAL,2014-01-01,215,31,0.0,0.0
HEIMDAL,2014-02-01,216,28,0.0,0.0
HEIMDAL,2014-03-01,217,31,0.0,0.0
HEIMDAL,2014-04-01,218,30,0.0,0.0
HEIMDAL,2014-05-01,219,31,0.0,0.0
HEIMDAL,2014-06-01,220,30,0.0,0.0
HEIMDAL,2014-07-01,221,31,0.0,0.0
HEIMDAL,2014-08-01,222,31,0.0,0.0
HEIMDAL,2014-09-01,223,30,0.0,0.0
HEIMDAL,2014-10-01,224,31,0.0,0.0
HEIMDAL,2014-11-01,225,30,0.0,0.0
HEIMDAL,2014-12-01,226,31,0.0,0.0
HEIMDAL,2015-01-01,227,31,0.0,0.0
HEIMDAL,2015-02-01,228,28,0.0,0.0
HEIMDAL,2015-03-01,229,31,0.0,0.0
HEIMDAL,2015-04-01,230,30,0.0,0.0
HEIMDAL,2015-05-01,231,31,0.0,0.0
HEIMDAL,2015-06-01,232,30,0.0,0.0
HEIMDAL,2015-07-01,233,31,0.0,0.0
HEIMDAL,2015-08-01,234,31,0.0,0.0
HEIMDAL,2015-09-01,235,30,0.0,0.0
HEIMDAL,2015-10-01,236,31,0.0,0.0
HEIMDAL,2015-11-01,237,30,0.0,0.0
HEIMDAL,2015-12-01,238,31,0.0,0.0
HEIMDAL,2016-01-01,239,31,0.0,0.0
HEIMDAL,2016-02-01,240,29,0.0,0.0
HEIMDAL,2016-03-01,241,31,472.7,0.0
HEIMDAL,2016-04-01,242,30,538.8,0.0
HEIMDAL,2016-05-01,243,31,602.6,0.0
HEIMDAL,2016-06-01,244,30,0.0,0.0
HEIMDAL,2016-07-01,245,31,487.0,0.0
HEIMDAL,2016-08-01,246,31,0.0,0.0
HEIMDAL,2016-09-01,247,30,132.1,0.0
HEIMDAL,2016-10-01,248,31,215.1,0.0
HEIMDAL,2016-11-01,249,30,742.2,0.0
HEIMDAL,2016-12-01,250,31,472.7,0.0
HEIMDAL,2017-01-01,251,31,1042.9,0.0
HEIMDAL,2017-02-01,252,28,1347.8,0.0
HEIMDAL,2017-03-01,253,31,1166.7,0.0
HEIMDAL,2017-04-01,254,30,1302.0,0.0
HEIMDAL,2017-05-01,255,31,1274.2,0.0
HEIMDAL,2017-06-01,256,30,1421.5,0.0
HEIMDAL,2017-07-01,257,31,1375.6,0.0
HEIMDAL,2017-08-01,258,31,1081.4,0.0
HEIMDAL,2017-09-01,259,30,962.3,0.0
HEIMDAL,2017-10-01,260,31,1395.9,0.0
HEIMDAL,2017-11-01,261,30,1492.8,0.0
HEIMDAL,2017-12-01,262,31,330.7,0.0
HEIMDAL,2018-01-01,263,31,1247.8,0.0
HEIMDAL,2018-02-01,264,28,1004.1,0.0
HEIMDAL,2018-03-01,265,31,754.8,0.0
HEIMDAL,2018-04-01,266,30,96.4,0.0
HEIMDAL,2018-05-01,267,31,138.0,0.0
HEIMDAL,2018-06-01,268,30,335.5,0.0
HEIMDAL,2018-07-01,269,31,708.1,0.0
HEIMDAL,2018-08-01,270,31,710.1,0.0
HEIMDAL,2018-09-01,271,30,337.6,0.0
HEIMDAL,2018-10-01,272,31,237.4,0.0
HEIMDAL,2018-11-01,273,30,400.5,0.0
HEIMDAL,2018-12-01,274,31,373.3,0.0
HEIMDAL,2019-01-01,275,31,89.3,0.0
HEIMDAL,2019-02-01,276,28,388.6,0.0
HEIMDAL,2019-03-01,277,31,174.5,0.0
HEIMDAL,2019-04-01,278,30,151.0,0.0
HEIMDAL,2019-05-01,279,31,265.8,0.0
HEIMDAL,2019-06-01,280,30,37.7,0.0
HEIMDAL,2019-07-01,281,31,280.0,0.0
HEIMDAL,2019-08-01,282,31,50.7,0.0
HEIMDAL,2019-09-01,283,30,178.2,0.0
HEIMDAL,2019-10-01,284,31,148.1,0.0
HEIMDAL,2019-11-01,285,30,236.9,0.0
HEIMDAL,2019-12-01,286,31,162.3,0.0
HEIMDAL,2020-01-01,287,31,115.7,0.0
HEIMDAL,2020-02-01,288,29,86.8,0.0
HEIMDAL,2020-03-01,289,31,119.7,0.0
HEIMDAL,2020-04-01,290,30,153.1,0.0
HEIMDAL,2020-05-01,291,31,117.7,0.0
HEIMDAL,2020-06-01,292,30,125.8,0.0
HEIMDAL,2020-07-01,293,31,0.0,0.0
HEIMDAL,2020-08-01,294,31,0.0,0.0
HEIMDAL,2020-09-01,295,30,0.0,0.0
HEIMDAL,2020-10-01,296,31,0.0,0.0
HEIMDAL,2020-11-01,297,30,0.0,0.0
HEIMDAL,2020-12-01,298,31,0.0,0.0
HEIMDAL,2021-01-01,299,31,0.0,0.0
HEIMDAL,2021-02-01,300,28,0.0,0.0
HEIMDAL,2021-03-01,301,31,0.0,0.0
HEIMDAL,2021-04-01,302,30,0.0,0.0
HEIMDAL,2021-05-01,303,31,0.0,0.0
HEIMDAL,2021-06-01,304,30,0.0,0.0
HEIMDAL,2021-07-01,305,31,0.0,0.0
HEIMDAL,2021-08-01,306,31,0.0,0.0
HEIMDAL,2021-09-01,307,30,0.0,0.0
HEIMDAL,2021-10-01,308,31,0.0,0.0
HEIMDAL,2021-11-01,309,30,0.0,0.0
HEIMDAL,2021-12-01,310,31,0.0,0.0
HEIMDAL,2022-01-01,311,31,0.0,0.0
HEIMDAL,2022-02-01,312,28,0.0,0.0
HEIMDAL,2022-03-01,313,31,0.0,0.0
HEIMDAL,2022-04-01,314,30,0.0,0.0
HEIMDAL,2022-05-01,315,31,0.0,0.0
HEIMDAL,2022-06-01,316,30,0.0,0.0
HEIMDAL,2022-07-01,317,31,0.0,0.0
HEIMDAL,2022-08-01,318,31,0.0,0.0
HEIMDAL,2022-09-01,319,30,0.0,0.0
HEIMDAL,2022-10-01,320,31,0.0,0.0
HEIMDAL,2022-11-01,321,30,0.0,0.0
HEIMDAL,2022-12-01,322,31,0.0,0.0
HEIMDAL,2023-01-01,323,31,0.0,0.0
HEIMDAL,2023-02-01,324,28,0.0,0.0
HEIMDAL,2023-03-01,325,31,0.0,0.0
HEIMDAL,2023-04-01,326,30,0.0,0.0
HEIMDAL,2023-05-01,327,31,0.0,0.0
HEIMDAL,2023-06-01,328,30,0.0,0.0
HEIMDAL,2023-07-01,329,31,0.0,0.0
HEIMDAL,2023-08-01,330,31,0.0,0.0
HEIMDAL,2023-09-01,331,30,0.0,0.0
HEIMDAL,2023-10-01,332,31,8.1,0.0
HEIMDAL,2023-11-01,333,30,18.9,0.0
HEIMDAL,2023-12-01,334,31,0.0,0.0
HEIMDAL,2024-01-01,335,31,0.0,0.0
HEIMDAL,2024-02-01,336,29,0.0,0.0
HEIMDAL,2024-03-01,337,31,0.0,0.0
HEIMDAL,2024-04-01,338,30,0.0,0.0
HEIMDAL,2024-05-01,339,31,0.0,0.0
HEIMDAL,2024-06-01,340,30,0.0,0.0
HEIMDAL,2024-07-01,341,31,0.0,0.0
HEIMDAL,2024-08-01,342,31,0.0,0.0
HEIMDAL,2024-09-01,343,30,0.0,0.0
HEIMDAL,2024-10-01,344,31,0.0,0.0
HEIMDAL,2024-11-01,345,30,0.0,0.0
HEIMDAL,2024-12-01,346,31,0.0,0.0
HEIMDAL,2025-01-01,347,31,0.0,0.0
HEIMDAL,2025-02-01,348,28,0.0,0.0
HEIMDAL,2025-03-01,349,31,0.0,0.0
HEIMDAL,2025-04-01,350,30,0.0,0.0
HEIMDAL,2025-05-01,351,31,0.0,0.0
HEIMDAL,2025-06-01,352,30,0.0,0.0
HEIMDAL,2025-07-01,353,31,0.0,0.0
HEIMDAL,2025-08-01,354,31,0.0,0.0
HEIMDAL,2025-09-01,355,30,0.0,0.0
HEIMDAL,2025-10-01,356,31,0.0,0.0
HEIMDAL,2025-11-01,357,30,0.0,0.0
HEIMDAL,2025-12-01,358,31,0.0,0.0
HEIMDAL,2026-01-01,359,31,0.0,0.0
HEIMDAL,2026-02-01,360,28,0.0,0.0
HEIMDAL,2026-03-01,361,31,0.0,0.0
HEIMDAL,2026-04-01,362,30,0.0,0.0
HEIMDAL,2026-05-01,363,31,0.0,0.0
HOD,1991-12-01,0,31,26520.6,0.0
HOD,1992-01-01,1,31,25554.8,0.0
HOD,1992-02-01,2,29,23654.0,0.0
HOD,1992-03-01,3,31,21724.2,0.0
HOD,1992-04-01,4,30,24238.8,0.0
HOD,1992-05-01,5,31,19372.6,0.0
HOD,1992-06-01,6,30,24211.5,0.0
HOD,1992-07-01,7,31,23308.8,0.0
HOD,1992-08-01,8,31,22621.0,0.0
HOD,1992-09-01,9,30,21402.1,0.0
HOD,1992-10-01,10,31,21223.0,0.0
HOD,1992-11-01,11,30,19150.3,0.0
HOD,1992-12-01,12,31,19175.8,0.0
HOD,1993-01-01,13,31,17948.2,0.0
HOD,1993-02-01,14,28,16901.6,0.0
HOD,1993-03-01,15,31,16398.1,0.0
HOD,1993-04-01,16,30,14846.0,0.0
HOD,1993-05-01,17,31,13776.7,0.0
HOD,1993-06-01,18,30,15376.5,0.0
HOD,1993-07-01,19,31,15044.8,0.0
HOD,1993-08-01,20,31,14584.2,0.0
HOD,1993-09-01,21,30,13692.9,0.0
HOD,1993-10-01,22,31,14046.5,0.0
HOD,1993-11-01,23,30,13894.2,0.0
HOD,1993-12-01,24,31,13131.5,0.0
HOD,1994-01-01,25,31,12283.4,0.0
HOD,1994-02-01,26,28,10086.1,0.0
HOD,1994-03-01,27,31,11435.3,0.0
HOD,1994-04-01,28,30,11042.8,0.0
HOD,1994-05-01,29,31,10573.0,0.0
HOD,1994-06-01,30,30,10873.0,0.0
HOD,1994-07-01,31,31,11567.1,0.0
HOD,1994-08-01,32,31,6722.0,0.0
HOD,1994-09-01,33,30,11126.7,0.0
HOD,1994-10-01,34,31,11287.1,0.0
HOD,1994-11-01,35,30,10499.8,0.0
HOD,1994-12-01,36,31,9941.9,0.0
HOD,1995-01-01,37,31,9712.7,0.0
HOD,1995-02-01,38,28,9717.7,0.0
HOD,1995-03-01,39,31,9359.6,0.0
HOD,1995-04-01,40,30,9409.5,0.0
HOD,1995-05-01,41,31,8341.1,0.0
HOD,1995-06-01,42,30,8965.1,0.0
HOD,1995-07-01,43,31,8899.1,0.0
HOD,1995-08-01,44,31,8795.6,0.0
HOD,1995-09-01,45,30,7721.8,0.0
HOD,1995-10-01,46,31,8186.9,0.0
HOD,1995-11-01,47,30,8141.1,0.0
HOD,1995-12-01,48,31,11033.5,0.0
HOD,1996-01-01,49,31,11246.6,0.0
HOD,1996-02-01,50,29,11683.8,0.0
HOD,1996-03-01,51,31,10589.2,0.0
HOD,1996-04-01,52,30,9910.6,0.0
HOD,1996-05-01,53,31,9935.9,0.0
HOD,1996-06-01,54,30,9705.2,0.0
HOD,1996-07-01,55,31,9676.1,0.0
HOD,1996-08-01,56,31,8012.4,0.0
HOD,1996-09-01,57,30,9250.2,0.0
HOD,1996-10-01,58,31,8921.4,0.0
HOD,1996-11-01,59,30,8229.2,0.0
HOD,1996-12-01,60,31,8499.3,0.0
HOD,1997-01-01,61,31,8304.6,0.0
HOD,1997-02-01,62,28,8572.1,0.0
HOD,1997-03-01,63,31,8087.5,0.0
HOD,1997-04-01,64,30,7809.8,0.0
HOD,1997-05-01,65,31,7801.4,0.0
HOD,1997-06-01,66,30,8646.4,0.0
HOD,1997-07-01,67,31,8598.8,0.0
HOD,1997-08-01,68,31,7815.6,0.0
HOD,1997-09-01,69,30,9826.8,0.0
HOD,1997-10-01,70,31,6874.1,0.0
HOD,1997-11-01,71,30,7229.1,0.0
HOD,1997-12-01,72,31,7231.2,0.0
HOD,1998-01-01,73,31,7002.0,0.0
HOD,1998-02-01,74,28,8010.5,0.0
HOD,1998-03-01,75,31,6839.7,0.0
HOD,1998-04-01,76,30,6872.7,0.0
HOD,1998-05-01,77,31,7462.5,0.0
HOD,1998-06-01,78,30,6717.5,0.0
HOD,1998-07-01,79,31,7462.5,0.0
HOD,1998-08-01,80,31,708.1,0.0
HOD,1998-09-01,81,30,2230.8,0.0
HOD,1998-10-01,82,31,2469.3,0.0
HOD,1998-11-01,83,30,2784.3,0.0
HOD,1998-12-01,84,31,2388.1,0.0
HOD,1999-01-01,85,31,2402.3,0.0
HOD,1999-02-01,86,28,2736.1,0.0
HOD,1999-03-01,87,31,1193.0,0.0
HOD,1999-04-01,88,30,1335.5,0.0
HOD,1999-05-01,89,31,1974.2,0.0
HOD,1999-06-01,90,30,1312.5,0.0
HOD,1999-07-01,91,31,3329.5,0.0
HOD,1999-08-01,92,31,4047.8,0.0
HOD,1999-09-01,93,30,1274.7,0.0
HOD,1999-10-01,94,31,1684.0,0.0
HOD,1999-11-01,95,30,2461.4,0.0
HOD,1999-12-01,96,31,3256.5,0.0
HOD,2000-01-01,97,31,1306.7,24.3
HOD,2000-02-01,98,29,1845.7,54.2
HOD,2000-03-01,99,31,1797.7,67.0
HOD,2000-04-01,100,30,1348.1,39.8
HOD,2000-05-01,101,31,2181.1,200.9
HOD,2000-06-01,102,30,1497.0,62.9
HOD,2000-07-01,103,31,2106.1,140.0
HOD,2000-08-01,104,31,1300.6,93.3
HOD,2000-09-01,105,30,1367.0,50.3
HOD,2000-10-01,106,31,2787.8,347.0
HOD,2000-11-01,107,30,1052.5,50.3
HOD,2000-12-01,108,31,827.8,48.7
HOD,2001-01-01,109,31,5212.4,992.2
HOD,2001-02-01,110,28,6858.1,579.6
HOD,2001-03-01,111,31,6973.6,742.6
HOD,2001-04-01,112,30,6883.1,593.3
HOD,2001-05-01,113,31,7744.6,604.6
HOD,2001-06-01,114,30,5996.3,580.8
HOD,2001-07-01,115,31,6360.8,551.9
HOD,2001-08-01,116,31,3936.2,369.3
HOD,2001-09-01,117,30,5992.1,480.1
HOD,2001-10-01,118,31,8466.9,1418.2
HOD,2001-11-01,119,30,6897.8,1027.3
HOD,2001-12-01,120,31,6604.3,789.3
HOD,2002-01-01,121,31,6425.7,627.0
HOD,2002-02-01,122,28,6581.8,1017.6
HOD,2002-03-01,123,31,6038.2,653.3
HOD,2002-04-01,124,30,6862.2,960.2
HOD,2002-05-01,125,31,6391.2,969.8
HOD,2002-06-01,126,30,6361.1,750.6
HOD,2002-07-01,127,31,6965.4,1266.1
HOD,2002-08-01,128,31,4664.6,700.0
HOD,2002-09-01,129,30,6560.3,784.1
HOD,2002-10-01,130,31,7606.6,1278.2
HOD,2002-11-01,131,30,5887.3,834.4
HOD,2002-12-01,132,31,6584.0,1227.5
HOD,2003-01-01,133,31,6435.9,959.7
HOD,2003-02-01,134,28,6673.9,943.5
HOD,2003-03-01,135,31,5817.1,951.6
HOD,2003-04-01,136,30,6463.8,1037.8
HOD,2003-05-01,137,31,5772.4,1448.7
HOD,2003-06-01,138,30,6042.4,1247.5
HOD,2003-07-01,139,31,5478.2,1262.0
HOD,2003-08-01,140,31,4161.4,848.1
HOD,2003-09-01,141,30,4222.6,731.7
HOD,2003-10-01,142,31,5953.0,1290.4
HOD,2003-11-01,143,30,5698.6,1375.4
HOD,2003-12-01,144,31,5528.9,955.6
HOD,2004-01-01,145,31,5831.3,1982.3
HOD,2004-02-01,146,29,5313.8,1210.2
HOD,2004-03-01,147,31,5169.8,2641.7
HOD,2004-04-01,148,30,4897.7,928.8
HOD,2004-05-01,149,31,5382.9,1122.0
HOD,2004-06-01,150,30,5723.7,1622.8
HOD,2004-07-01,151,31,5336.2,1452.7
HOD,2004-08-01,152,31,3556.8,1103.8
HOD,2004-09-01,153,30,3696.3,1016.9
HOD,2004-10-01,154,31,5062.3,1365.5
HOD,2004-11-01,155,30,4625.1,1736.0
HOD,2004-12-01,156,31,3516.2,744.6
HOD,2005-01-01,157,31,3516.2,1044.9
HOD,2005-02-01,158,28,5074.5,1657.8
HOD,2005-03-01,159,31,4725.5,1592.7
HOD,2005-04-01,160,30,4583.2,1593.4
HOD,2005-05-01,161,31,4914.2,1574.5
HOD,2005-06-01,162,30,4650.3,1408.9
HOD,2005-07-01,163,31,2420.6,541.7
HOD,2005-08-01,164,31,1813.9,702.0
HOD,2005-09-01,165,30,3035.9,2199.3
HOD,2005-10-01,166,31,2816.2,1322.9
HOD,2005-11-01,167,30,4920.7,1777.9
HOD,2005-12-01,168,31,5535.0,2426.6
HOD,2006-01-01,169,31,6387.2,2339.4
HOD,2006-02-01,170,28,6673.9,2484.5
HOD,2006-03-01,171,31,5804.9,1602.9
HOD,2006-04-01,172,30,6707.0,2046.3
HOD,2006-05-01,173,31,7509.2,1736.8
HOD,2006-06-01,174,30,6799.3,2111.3
HOD,2006-07-01,175,31,6504.9,7503.1
HOD,2006-08-01,176,31,6172.1,2481.4
HOD,2006-09-01,177,30,6721.7,905.7
HOD,2006-10-01,178,31,6348.6,1042.9
HOD,2006-11-01,179,30,5340.0,1597.6
HOD,2006-12-01,180,31,6784.9,1450.7
HOD,2007-01-01,181,31,6596.2,915.1
HOD,2007-02-01,182,28,6896.3,1439.9
HOD,2007-03-01,183,31,4599.7,815.6
HOD,2007-04-01,184,30,4763.5,1088.1
HOD,2007-05-01,185,31,5886.0,1205.2
HOD,2007-06-01,186,30,1851.3,356.4
HOD,2007-07-01,187,31,4510.4,1258.0
HOD,2007-08-01,188,31,5305.8,1274.2
HOD,2007-09-01,189,30,5734.2,1042.0
HOD,2007-10-01,190,31,5111.0,3926.1
HOD,2007-11-01,191,30,5361.0,1243.3
HOD,2007-12-01,192,31,5942.8,3082.0
HOD,2008-01-01,193,31,5194.2,1061.2
HOD,2008-02-01,194,29,1832.7,1097.5
HOD,2008-03-01,195,31,4232.4,5908.4
HOD,2008-04-01,196,30,4044.3,1088.1
HOD,2008-05-01,197,31,4636.2,1126.1
HOD,2008-06-01,198,30,1075.6,299.8
HOD,2008-07-01,199,31,1744.9,695.9
HOD,2008-08-01,200,31,3668.4,3226.1
HOD,2008-09-01,201,30,5027.6,2081.9
HOD,2008-10-01,202,31,4287.2,2049.3
HOD,2008-11-01,203,30,4572.7,1509.6
HOD,2008-12-01,204,31,4250.7,1815.9
HOD,2009-01-01,205,31,5575.6,2513.9
HOD,2009-02-01,206,28,4483.7,2203.7
HOD,2009-03-01,207,31,4293.3,2432.7
HOD,2009-04-01,208,30,148.9,123.7
HOD,2009-05-01,209,31,0.0,0.0
HOD,2009-06-01,210,30,1505.4,821.9
HOD,2009-07-01,211,31,4329.8,1688.1
HOD,2009-08-01,212,31,3566.9,1667.8
HOD,2009-09-01,213,30,4094.7,1859.7
HOD,2009-10-01,214,31,3664.3,1367.5
HOD,2009-11-01,215,30,4681.7,2046.3
HOD,2009-12-01,216,31,3737.4,2128.4
HOD,2010-01-01,217,31,4045.8,1824.0
HOD,2010-02-01,218,28,3919.9,2100.3
HOD,2010-03-01,219,31,249.6,192.8
HOD,2010-04-01,220,30,3383.9,1327.1
HOD,2010-05-01,221,31,3560.8,1682.0
HOD,2010-06-01,222,30,547.2,371.1
HOD,2010-07-01,223,31,2513.9,1990.4
HOD,2010-08-01,224,31,3445.2,1813.9
HOD,2010-09-01,225,30,2474.0,1593.4
HOD,2010-10-01,226,31,4745.8,2664.0
HOD,2010-11-01,227,30,3071.5,2260.1
HOD,2010-12-01,228,31,3895.6,1805.8
HOD,2011-01-01,229,31,2674.2,1339.1
HOD,2011-02-01,230,28,1626.4,543.6
HOD,2011-03-01,231,31,1349.3,1079.4
HOD,2011-04-01,232,30,1683.6,647.8
HOD,2011-05-01,233,31,2349.5,1251.9
HOD,2011-06-01,234,30,2142.7,1352.3
HOD,2011-07-01,235,31,553.9,318.5
HOD,2011-08-01,236,31,0.0,0.0
HOD,2011-09-01,237,30,18.9,8.4
HOD,2011-10-01,238,31,1111.9,478.8
HOD,2011-11-01,239,30,278.8,119.5
HOD,2011-12-01,240,31,724.3,361.2
HOD,2012-01-01,241,31,1034.8,326.7
HOD,2012-02-01,242,29,1915.1,3583.0
HOD,2012-03-01,243,31,2363.7,1219.4
HOD,2012-04-01,244,30,440.3,134.2
HOD,2012-05-01,245,31,1708.4,691.9
HOD,2012-06-01,246,30,1283.1,979.1
HOD,2012-07-01,247,31,462.6,336.8
HOD,2012-08-01,248,31,0.0,0.0
HOD,2012-09-01,249,30,0.0,0.0
HOD,2012-10-01,250,31,0.0,0.0
HOD,2012-11-01,251,30,0.0,0.0
HOD,2012-12-01,252,31,0.0,0.0
HOD,2013-01-01,253,31,0.0,0.0
HOD,2013-02-01,254,28,0.0,0.0
HOD,2013-03-01,255,31,0.0,0.0
HOD,2013-04-01,256,30,0.0,0.0
HOD,2013-05-01,257,31,0.0,0.0
HOD,2013-06-01,258,30,0.0,0.0
HOD,2013-07-01,259,31,249.6,154.2
HOD,2013-08-01,260,31,1759.1,622.9
HOD,2013-09-01,261,30,1484.4,649.9
HOD,2013-10-01,262,31,921.2,340.9
HOD,2013-11-01,263,30,1218.1,1169.9
HOD,2013-12-01,264,31,1669.8,1176.8
HOD,2014-01-01,265,31,1365.5,1111.9
HOD,2014-02-01,266,28,1291.7,936.7
HOD,2014-03-01,267,31,1568.4,953.6
HOD,2014-04-01,268,30,1853.4,1161.5
HOD,2014-05-01,269,31,499.1,253.6
HOD,2014-06-01,270,30,1356.5,1228.6
HOD,2014-07-01,271,31,1462.9,1053.0
HOD,2014-08-01,272,31,992.2,998.3
HOD,2014-09-01,273,30,452.9,492.7
HOD,2014-10-01,274,31,1111.9,900.9
HOD,2014-11-01,275,30,1086.0,821.9
HOD,2014-12-01,276,31,1290.4,821.7
HOD,2015-01-01,277,31,892.7,754.8
HOD,2015-02-01,278,28,1087.2,1179.3
HOD,2015-03-01,279,31,1588.7,1241.7
HOD,2015-04-01,280,30,1331.3,1071.4
HOD,2015-05-01,281,31,1061.2,951.6
HOD,2015-06-01,282,30,1048.3,1104.9
HOD,2015-07-01,283,31,1028.7,965.8
HOD,2015-08-01,284,31,1276.2,1111.9
HOD,2015-09-01,285,30,1021.0,884.8
HOD,2015-10-01,286,31,1128.1,1051.0
HOD,2015-11-01,287,30,1341.8,935.1
HOD,2015-12-01,288,31,1351.3,988.1
HOD,2016-01-01,289,31,1402.0,923.2
HOD,2016-02-01,290,29,1539.9,1166.9
HOD,2016-03-01,291,31,1365.5,982.0
HOD,2016-04-01,292,30,1310.4,1031.5
HOD,2016-05-01,293,31,1412.2,1101.7
HOD,2016-06-01,294,30,0.0,0.0
HOD,2016-07-01,295,31,1410.1,1180.9
HOD,2016-08-01,296,31,1696.2,1412.2
HOD,2016-09-01,297,30,1499.1,1134.3
HOD,2016-10-01,298,31,1298.5,967.8
HOD,2016-11-01,299,30,1553.6,1237.0
HOD,2016-12-01,300,31,1473.0,1690.1
HOD,2017-01-01,301,31,1298.5,1661.7
HOD,2017-02-01,302,28,1199.6,1395.0
HOD,2017-03-01,303,31,1438.5,1221.4
HOD,2017-04-01,304,30,1383.8,1000.1
HOD,2017-05-01,305,31,1306.7,1022.6
HOD,2017-06-01,306,30,1339.7,1096.5
HOD,2017-07-01,307,31,1320.9,801.4
HOD,2017-08-01,308,31,1292.5,878.5
HOD,2017-09-01,309,30,742.2,398.4
HOD,2017-10-01,310,31,1053.0,537.7
HOD,2017-11-01,311,30,1199.3,960.2
HOD,2017-12-01,312,31,1221.4,618.8
HOD,2018-01-01,313,31,1162.6,631.0
HOD,2018-02-01,314,28,1129.9,878.3
HOD,2018-03-01,315,31,691.9,766.9
HOD,2018-04-01,316,30,909.9,1002.2
HOD,2018-05-01,317,31,1166.7,821.7
HOD,2018-06-01,318,30,870.1,712.8
HOD,2018-07-01,319,31,637.1,637.1
HOD,2018-08-01,320,31,1004.3,754.8
HOD,2018-09-01,321,30,985.4,759.0
HOD,2018-10-01,322,31,815.6,752.7
HOD,2018-11-01,323,30,861.7,803.0
HOD,2018-12-01,324,31,801.4,622.9
HOD,2019-01-01,325,31,639.1,493.0
HOD,2019-02-01,326,28,559.3,384.1
HOD,2019-03-01,327,31,913.0,643.2
HOD,2019-04-01,328,30,1088.1,855.4
HOD,2019-05-01,329,31,927.2,669.6
HOD,2019-06-01,330,30,0.0,0.0
HOD,2019-07-01,331,31,578.3,519.4
HOD,2019-08-01,332,31,616.8,430.1
HOD,2019-09-01,333,30,756.9,723.3
HOD,2019-10-01,334,31,553.9,537.7
HOD,2019-11-01,335,30,807.2,807.2
HOD,2019-12-01,336,31,777.1,771.0
HOD,2020-01-01,337,31,787.2,799.4
HOD,2020-02-01,338,29,600.8,535.7
HOD,2020-03-01,339,31,880.6,827.8
HOD,2020-04-01,340,30,859.6,2893.3
HOD,2020-05-01,341,31,827.8,898.8
HOD,2020-06-01,342,30,545.1,597.5
HOD,2020-07-01,343,31,695.9,689.8
HOD,2020-08-01,344,31,655.4,657.4
HOD,2020-09-01,345,30,641.6,643.7
HOD,2020-10-01,346,31,736.5,704.1
HOD,2020-11-01,347,30,694.0,624.8
HOD,2020-12-01,348,31,677.7,742.6
HOD,2021-01-01,349,31,499.1,547.8
HOD,2021-02-01,350,28,426.8,469.5
HOD,2021-03-01,351,31,687.8,671.6
HOD,2021-04-01,352,30,719.1,687.7
HOD,2021-05-01,353,31,610.7,606.7
HOD,2021-06-01,354,30,501.1,450.8
HOD,2021-07-01,355,31,533.6,430.1
HOD,2021-08-01,356,31,328.7,282.0
HOD,2021-09-01,357,30,526.2,656.2
HOD,2021-10-01,358,31,482.9,1351.3
HOD,2021-11-01,359,30,329.2,1203.4
HOD,2021-12-01,360,31,434.2,675.6
HOD,2022-01-01,361,31,537.7,929.3
HOD,2022-02-01,362,28,422.3,714.3
HOD,2022-03-01,363,31,624.9,2363.7
HOD,2022-04-01,364,30,113.2,517.9
HOD,2022-05-01,365,31,4254.7,1160.6
HOD,2022-06-01,366,30,912.0,0.0
HOD,2022-07-01,367,31,7042.5,2041.1
HOD,2022-08-01,368,31,10755.6,2834.5
HOD,2022-09-01,369,30,10223.0,3289.6
HOD,2022-10-01,370,31,11486.0,3514.2
HOD,2022-11-01,371,30,13386.8,4887.2
HOD,2022-12-01,372,31,12644.5,4833.0
HOD,2023-01-01,373,31,12875.8,4502.3
HOD,2023-02-01,374,28,13152.4,4710.6
HOD,2023-03-01,375,31,12932.6,4721.4
HOD,2023-04-01,376,30,10059.5,4111.4
HOD,2023-05-01,377,31,10644.0,4435.3
HOD,2023-06-01,378,30,11093.1,4566.4
HOD,2023-07-01,379,31,10984.8,4741.7
HOD,2023-08-01,380,31,10159.0,4731.6
HOD,2023-09-01,381,30,5828.5,2459.3
HOD,2023-10-01,382,31,10520.2,4447.5
HOD,2023-11-01,383,30,11000.9,5488.9
HOD,2023-12-01,384,31,9757.3,4806.6
HOD,2024-01-01,385,31,7714.1,4378.5
HOD,2024-02-01,386,29,7387.3,4491.8
HOD,2024-03-01,387,31,6409.5,3954.5
HOD,2024-04-01,388,30,7348.6,4402.9
HOD,2024-05-01,389,31,7369.2,4378.5
HOD,2024-06-01,390,30,7359.1,4415.4
HOD,2024-07-01,391,31,8748.9,5127.2
HOD,2024-08-01,392,31,8468.9,5336.2
HOD,2024-09-01,393,30,8218.7,5126.2
HOD,2024-10-01,394,31,8617.0,4887.8
HOD,2024-11-01,395,30,8721.9,4998.3
HOD,2024-12-01,396,31,8671.8,4782.3
HOD,2025-01-01,397,31,8428.3,4747.8
HOD,2025-02-01,398,28,8271.1,4690.4
HOD,2025-03-01,399,31,8320.8,4857.3
HOD,2025-04-01,400,30,8273.2,4262.4
HOD,2025-05-01,401,31,6598.2,3656.2
HOD,2025-06-01,402,30,58.7,10.5
HOD,2025-07-01,403,31,8077.3,4837.1
HOD,2025-08-01,404,31,8489.2,4719.4
HOD,2025-09-01,405,30,8231.3,4434.3
HOD,2025-10-01,406,31,8020.5,4443.4
HOD,2025-11-01,407,30,7690.3,4419.6
HOD,2025-12-01,408,31,7653.3,4544.9
HOD,2026-01-01,409,31,7559.9,4498.2
HOD,2026-02-01,410,28,7386.0,4665.7
HOD,2026-03-01,411,31,6931.0,4212.1
HOD,2026-04-01,412,30,8294.1,5153.4
HOD,2026-05-01,413,31,8436.4,6184.3
HULDRA,2003-02-01,0,28,30083.2,10566.9
HULDRA,2003-03-01,1,31,19336.1,6728.1
HULDRA,2003-04-01,2,30,23303.7,9214.6
HULDRA,2003-05-01,3,31,25214.0,9759.3
HULDRA,2003-06-01,4,30,20242.7,6837.0
HULDRA,2003-07-01,5,31,8852.4,3240.3
HULDRA,2003-08-01,6,31,14101.3,4871.6
HULDRA,2003-09-01,7,30,21710.3,8380.1
HULDRA,2003-10-01,8,31,18488.0,8255.9
HULDRA,2003-11-01,9,30,15722.4,5497.3
HULDRA,2003-12-01,10,31,21253.4,6356.8
HULDRA,2004-01-01,11,31,23527.9,8345.1
HULDRA,2004-02-01,12,29,21840.8,8196.3
HULDRA,2004-03-01,13,31,19415.2,7292.1
HULDRA,2004-04-01,14,30,18995.2,8178.8
HULDRA,2004-05-01,15,31,16566.5,6746.3
HULDRA,2004-06-01,16,30,17301.1,6755.2
HULDRA,2004-07-01,17,31,17633.8,7992.1
HULDRA,2004-08-01,18,31,6788.9,3410.7
HULDRA,2004-09-01,19,30,14105.9,6822.3
HULDRA,2004-10-01,20,31,13963.4,7381.4
HULDRA,2004-11-01,21,30,11908.7,6470.1
HULDRA,2004-12-01,22,31,11918.2,6141.7
HULDRA,2005-01-01,23,31,13194.4,7468.6
HULDRA,2005-02-01,24,28,11730.5,6058.4
HULDRA,2005-03-01,25,31,11593.5,4918.2
HULDRA,2005-04-01,26,30,10690.6,4889.3
HULDRA,2005-05-01,27,31,8290.4,4942.6
HULDRA,2005-06-01,28,30,1266.3,1000.1
HULDRA,2005-07-01,29,31,6050.4,4859.4
HULDRA,2005-08-01,30,31,6452.1,3877.4
HULDRA,2005-09-01,31,30,9204.1,7103.3
HULDRA,2005-10-01,32,31,7979.9,5384.9
HULDRA,2005-11-01,33,30,7082.3,3648.1
HULDRA,2005-12-01,34,31,6892.4,4910.1
HULDRA,2006-01-01,35,31,7941.4,7174.4
HULDRA,2006-02-01,36,28,6155.0,5043.1
HULDRA,2006-03-01,37,31,6326.3,5423.4
HULDRA,2006-04-01,38,30,2040.0,1134.3
HULDRA,2006-05-01,39,31,4496.2,3193.6
HULDRA,2006-06-01,40,30,5518.3,4545.4
HULDRA,2006-07-01,41,31,5299.7,5348.4
HULDRA,2006-08-01,42,31,4465.8,4731.6
HULDRA,2006-09-01,43,30,4822.2,2595.6
HULDRA,2006-10-01,44,31,5918.5,4826.9
HULDRA,2006-11-01,45,30,3453.1,2239.2
HULDRA,2006-12-01,46,31,6269.5,5581.7
HULDRA,2007-01-01,47,31,2921.7,2925.8
HULDRA,2007-02-01,48,28,51.7,0.0
HULDRA,2007-03-01,49,31,0.0,0.0
HULDRA,2007-04-01,50,30,215.9,69.2
HULDRA,2007-05-01,51,31,3372.1,2793.9
HULDRA,2007-06-01,52,30,1281.0,270.5
HULDRA,2007-07-01,53,31,2791.9,3114.5
HULDRA,2007-08-01,54,31,5494.4,5798.8
HULDRA,2007-09-01,55,30,5279.2,6881.0
HULDRA,2007-10-01,56,31,5273.3,8708.3
HULDRA,2007-11-01,57,30,3492.9,4968.9
HULDRA,2007-12-01,58,31,4268.9,6352.7
HULDRA,2008-01-01,59,31,4279.1,7229.2
HULDRA,2008-02-01,60,29,4671.8,7096.6
HULDRA,2008-03-01,61,31,3157.1,4376.5
HULDRA,2008-04-01,62,30,3539.1,3794.8
HULDRA,2008-05-01,63,31,4384.6,6908.6
HULDRA,2008-06-01,64,30,3574.7,5876.8
HULDRA,2008-07-01,65,31,3995.0,6149.8
HULDRA,2008-08-01,66,31,1373.6,1785.5
HULDRA,2008-09-01,67,30,3591.5,5021.4
HULDRA,2008-10-01,68,31,4260.8,7846.0
HULDRA,2008-11-01,69,30,3855.6,8273.2
HULDRA,2008-12-01,70,31,2471.3,3794.2
HULDRA,2009-01-01,71,31,3656.2,6600.2
HULDRA,2009-02-01,72,28,3515.5,5851.8
HULDRA,2009-03-01,73,31,3128.7,5261.1
HULDRA,2009-04-01,74,30,4092.6,8969.3
HULDRA,2009-05-01,75,31,4080.3,7866.3
HULDRA,2009-06-01,76,30,1545.2,2536.9
HULDRA,2009-07-01,77,31,4122.9,7947.5
HULDRA,2009-08-01,78,31,3207.8,7042.5
HULDRA,2009-09-01,79,30,3633.4,8841.4
HULDRA,2009-10-01,80,31,2907.5,6640.8
HULDRA,2009-11-01,81,30,3568.4,8248.0
HULDRA,2009-12-01,82,31,2199.4,4660.5
HULDRA,2010-01-01,83,31,3155.0,6736.2
HULDRA,2010-02-01,84,28,3104.5,6669.4
HULDRA,2010-03-01,85,31,3013.0,7068.9
HULDRA,2010-04-01,86,30,1859.7,5876.8
HULDRA,2010-05-01,87,31,2546.4,7340.8
HULDRA,2010-06-01,88,30,2761.2,5078.0
HULDRA,2010-07-01,89,31,2339.4,4944.6
HULDRA,2010-08-01,90,31,2282.6,4281.1
HULDRA,2010-09-01,91,30,2497.1,5314.9
HULDRA,2010-10-01,92,31,1891.0,3656.2
HULDRA,2010-11-01,93,30,2415.3,4629.3
HULDRA,2010-12-01,94,31,2292.7,5147.5
HULDRA,2011-01-01,95,31,4133.0,4835.0
HULDRA,2011-02-01,96,28,1594.9,3286.4
HULDRA,2011-03-01,97,31,1844.3,3934.2
HULDRA,2011-04-01,98,30,1975.0,5040.2
HULDRA,2011-05-01,99,31,1071.3,2497.7
HULDRA,2011-06-01,100,30,1136.4,2580.9
HULDRA,2011-07-01,101,31,2150.7,5194.2
HULDRA,2011-08-01,102,31,1645.5,4563.1
HULDRA,2011-09-01,103,30,1658.4,4381.9
HULDRA,2011-10-01,104,31,1862.6,5184.0
HULDRA,2011-11-01,105,30,1736.0,5180.7
HULDRA,2011-12-01,106,31,2929.8,4893.9
HULDRA,2012-01-01,107,31,1671.9,4185.8
HULDRA,2012-02-01,108,29,1258.0,3064.7
HULDRA,2012-03-01,109,31,1324.9,3047.5
HULDRA,2012-04-01,110,30,1549.4,3845.2
HULDRA,2012-05-01,111,31,1016.5,2617.4
HULDRA,2012-06-01,112,30,966.5,1717.1
HULDRA,2012-07-01,113,31,742.6,718.3
HULDRA,2012-08-01,114,31,1972.2,3928.1
HULDRA,2012-09-01,115,30,1398.4,3077.8
HULDRA,2012-10-01,116,31,1876.8,2899.4
HULDRA,2012-11-01,117,30,974.9,2578.8
HULDRA,2012-12-01,118,31,1566.4,3400.5
HULDRA,2013-01-01,119,31,1408.1,3585.2
HULDRA,2013-02-01,120,28,390.9,757.0
HULDRA,2013-03-01,121,31,665.5,803.5
HULDRA,2013-04-01,122,30,553.5,419.3
HULDRA,2013-05-01,123,31,1572.4,2726.9
HULDRA,2013-06-01,124,30,1182.5,2063.1
HULDRA,2013-07-01,125,31,1345.2,2905.5
HULDRA,2013-08-01,126,31,142.0,1538.0
HULDRA,2013-09-01,127,30,1482.3,2920.6
HULDRA,2013-10-01,128,31,2089.8,4640.2
HULDRA,2013-11-01,129,30,1245.4,2518.0
HULDRA,2013-12-01,130,31,1414.2,3467.5
HULDRA,2014-01-01,131,31,1505.5,3406.6
HULDRA,2014-02-01,132,28,1428.7,3556.0
HULDRA,2014-03-01,133,31,1558.2,4240.5
HULDRA,2014-04-01,134,30,1125.9,2409.0
HULDRA,2014-05-01,135,31,52.8,0.0
HULDRA,2014-06-01,136,30,687.7,1050.4
HULDRA,2014-07-01,137,31,925.2,1351.3
HULDRA,2014-08-01,138,31,858.3,1085.5
HULDRA,2014-09-01,139,30,253.7,249.5
HULDRA,2014-10-01,140,31,95.4,0.0
HULDRA,2014-11-01,141,30,0.0,0.0
HULDRA,2014-12-01,142,31,0.0,0.0
HULDRA,2015-02-01,143,28,0.0,0.0
HULDRA,2016-01-01,144,31,0.0,0.0
HULDRA,2016-02-01,145,29,0.0,0.0
HULDRA,2016-03-01,146,31,0.0,0.0
HULDRA,2016-04-01,147,30,0.0,0.0
HULDRA,2016-05-01,148,31,0.0,0.0
HULDRA,2016-06-01,149,30,0.0,0.0
HULDRA,2016-07-01,150,31,0.0,0.0
HULDRA,2016-08-01,151,31,0.0,0.0
HULDRA,2017-01-01,152,31,0.0,0.0
HULDRA,2017-02-01,153,28,0.0,0.0
HULDRA,2017-03-01,154,31,0.0,0.0
HULDRA,2017-04-01,155,30,0.0,0.0
HULDRA,2017-05-01,156,31,0.0,0.0
HULDRA,2017-06-01,157,30,0.0,0.0
HULDRA,2017-07-01,158,31,0.0,0.0
HULDRA,2017-08-01,159,31,0.0,0.0
HULDRA,2017-09-01,160,30,0.0,0.0
HULDRA,2017-10-01,161,31,0.0,0.0
HULDRA,2017-11-01,162,30,0.0,0.0
HULDRA,2017-12-01,163,31,0.0,0.0
HULDRA,2018-01-01,164,31,0.0,0.0
HULDRA,2018-02-01,165,28,0.0,0.0
HULDRA,2018-03-01,166,31,0.0,0.0
HULDRA,2018-04-01,167,30,0.0,0.0
HULDRA,2018-05-01,168,31,0.0,0.0
HULDRA,2018-06-01,169,30,0.0,0.0
HULDRA,2018-07-01,170,31,0.0,0.0
HULDRA,2018-08-01,171,31,0.0,0.0
HULDRA,2018-09-01,172,30,0.0,0.0
HULDRA,2018-10-01,173,31,0.0,0.0
HULDRA,2018-11-01,174,30,0.0,0.0
HULDRA,2018-12-01,175,31,0.0,0.0
HULDRA,2019-01-01,176,31,0.0,0.0
HULDRA,2019-02-01,177,28,0.0,0.0
HULDRA,2019-03-01,178,31,0.0,0.0
HULDRA,2019-04-01,179,30,0.0,0.0
HULDRA,2019-05-01,180,31,0.0,0.0
HULDRA,2019-06-01,181,30,0.0,0.0
HULDRA,2019-07-01,182,31,0.0,0.0
HULDRA,2019-08-01,183,31,0.0,0.0
HULDRA,2019-09-01,184,30,0.0,0.0
HULDRA,2019-10-01,185,31,0.0,0.0
HULDRA,2019-11-01,186,30,0.0,0.0
HULDRA,2019-12-01,187,31,0.0,0.0
HULDRA,2020-01-01,188,31,0.0,0.0
HULDRA,2020-02-01,189,29,0.0,0.0
HULDRA,2020-03-01,190,31,0.0,0.0
HULDRA,2020-04-01,191,30,0.0,0.0
HULDRA,2020-05-01,192,31,0.0,0.0
HULDRA,2020-06-01,193,30,0.0,0.0
HULDRA,2020-07-01,194,31,0.0,0.0
HULDRA,2020-08-01,195,31,0.0,0.0
HULDRA,2020-09-01,196,30,0.0,0.0
HULDRA,2020-10-01,197,31,0.0,0.0
HULDRA,2020-11-01,198,30,0.0,0.0
HULDRA,2020-12-01,199,31,0.0,0.0
HULDRA,2021-01-01,200,31,0.0,0.0
HULDRA,2021-02-01,201,28,0.0,0.0
HULDRA,2021-03-01,202,31,0.0,0.0
HULDRA,2021-04-01,203,30,0.0,0.0
HULDRA,2021-05-01,204,31,0.0,0.0
HULDRA,2021-06-01,205,30,0.0,0.0
HULDRA,2021-07-01,206,31,0.0,0.0
HULDRA,2021-08-01,207,31,0.0,0.0
HULDRA,2021-09-01,208,30,0.0,0.0
HULDRA,2021-10-01,209,31,0.0,0.0
HULDRA,2021-11-01,210,30,0.0,0.0
HULDRA,2021-12-01,211,31,0.0,0.0
HULDRA,2022-01-01,212,31,0.0,0.0
HULDRA,2022-02-01,213,28,0.0,0.0
HULDRA,2022-03-01,214,31,0.0,0.0
HULDRA,2022-04-01,215,30,0.0,0.0
HULDRA,2022-05-01,216,31,0.0,0.0
HULDRA,2022-06-01,217,30,0.0,0.0
HULDRA,2022-07-01,218,31,0.0,0.0
HULDRA,2022-08-01,219,31,0.0,0.0
HULDRA,2022-09-01,220,30,0.0,0.0
HULDRA,2022-10-01,221,31,0.0,0.0
HULDRA,2022-11-01,222,30,0.0,0.0
HULDRA,2022-12-01,223,31,0.0,0.0
HULDRA,2023-01-01,224,31,0.0,0.0
HULDRA,2023-02-01,225,28,0.0,0.0
HULDRA,2023-03-01,226,31,0.0,0.0
HULDRA,2023-04-01,227,30,0.0,0.0
HULDRA,2023-05-01,228,31,0.0,0.0
HULDRA,2023-06-01,229,30,0.0,0.0
HULDRA,2023-07-01,230,31,0.0,0.0
HULDRA,2023-08-01,231,31,0.0,0.0
HULDRA,2023-09-01,232,30,0.0,0.0
HULDRA,2023-10-01,233,31,0.0,0.0
HULDRA,2023-11-01,234,30,0.0,0.0
HULDRA,2023-12-01,235,31,0.0,0.0
HULDRA,2024-01-01,236,31,0.0,0.0
HULDRA,2024-02-01,237,29,0.0,0.0
JOTUN,2000-11-01,0,30,140143.0,28090.2
JOTUN,2000-12-01,1,31,133347.8,35438.0
JOTUN,2001-01-01,2,31,131631.3,44503.4
JOTUN,2001-02-01,3,28,124980.6,53133.1
JOTUN,2001-03-01,4,31,121273.4,58476.9
JOTUN,2001-04-01,5,30,115510.1,66420.3
JOTUN,2001-05-01,6,31,105701.1,70145.5
JOTUN,2001-06-01,7,30,89099.2,70395.4
JOTUN,2001-07-01,8,31,91344.1,79943.4
JOTUN,2001-08-01,9,31,83341.9,84679.0
JOTUN,2001-09-01,10,30,75821.4,92227.3
JOTUN,2001-10-01,11,31,70439.7,96621.5
JOTUN,2001-11-01,12,30,64361.4,105079.5
JOTUN,2001-12-01,13,31,61548.7,108884.6
JOTUN,2002-01-01,14,31,56255.2,106961.1
JOTUN,2002-02-01,15,28,54332.6,111349.7
JOTUN,2002-03-01,16,31,50476.7,111479.6
JOTUN,2002-04-01,17,30,48792.1,118235.7
JOTUN,2002-05-01,18,31,45440.8,116418.1
JOTUN,2002-06-01,19,30,40395.2,114126.3
JOTUN,2002-07-01,20,31,39155.0,108310.4
JOTUN,2002-08-01,21,31,45069.5,119106.5
JOTUN,2002-09-01,22,30,41523.2,126232.1
JOTUN,2002-10-01,23,31,40126.9,126447.3
JOTUN,2002-11-01,24,30,37776.5,124523.4
JOTUN,2002-12-01,25,31,36257.7,130961.8
JOTUN,2003-01-01,26,31,40991.2,130359.1
JOTUN,2003-02-01,27,28,45127.1,127806.5
JOTUN,2003-03-01,28,31,49896.4,118982.7
JOTUN,2003-04-01,29,30,51238.8,116940.0
JOTUN,2003-05-01,30,31,44199.0,123079.2
JOTUN,2003-06-01,31,30,44609.4,125915.5
JOTUN,2003-07-01,32,31,40465.7,130982.0
JOTUN,2003-08-01,33,31,36769.0,136273.6
JOTUN,2003-09-01,34,30,23720.9,97324.2
JOTUN,2003-10-01,35,31,27630.5,119504.2
JOTUN,2003-11-01,36,30,29220.3,148374.3
JOTUN,2003-12-01,37,31,28697.7,154319.2
JOTUN,2004-01-01,38,31,26496.3,154384.2
JOTUN,2004-02-01,39,29,25777.3,151490.9
JOTUN,2004-03-01,40,31,23450.8,147609.4
JOTUN,2004-04-01,41,30,21414.7,141742.7
JOTUN,2004-05-01,42,31,20354.6,135650.7
JOTUN,2004-06-01,43,30,18500.4,134557.7
JOTUN,2004-07-01,44,31,17568.8,137844.0
JOTUN,2004-08-01,45,31,16351.5,135346.4
JOTUN,2004-09-01,46,30,17221.5,142262.7
JOTUN,2004-10-01,47,31,16607.1,139463.1
JOTUN,2004-11-01,48,30,7889.5,65682.3
JOTUN,2004-12-01,49,31,15931.5,143338.5
JOTUN,2005-01-01,50,31,16041.0,145201.0
JOTUN,2005-02-01,51,28,15113.5,143827.5
JOTUN,2005-03-01,52,31,15326.8,143766.6
JOTUN,2005-04-01,53,30,13747.4,156890.7
JOTUN,2005-05-01,54,31,12650.6,132727.0
JOTUN,2005-06-01,55,30,13154.1,139285.5
JOTUN,2005-07-01,56,31,13232.9,147678.4
JOTUN,2005-08-01,57,31,14060.7,150255.2
JOTUN,2005-09-01,58,30,6327.5,71200.5
JOTUN,2005-10-01,59,31,13350.6,149892.0
JOTUN,2005-11-01,60,30,12598.5,145141.3
JOTUN,2005-12-01,61,31,12413.2,148337.8
JOTUN,2006-01-01,62,31,12496.4,144866.3
JOTUN,2006-02-01,63,28,13251.3,144049.9
JOTUN,2006-03-01,64,31,12798.7,143460.2
JOTUN,2006-04-01,65,30,12068.0,140870.6
JOTUN,2006-05-01,66,31,11640.2,138162.6
JOTUN,2006-06-01,67,30,8713.5,111790.7
JOTUN,2006-07-01,68,31,11709.2,135054.2
JOTUN,2006-08-01,69,31,10585.1,134981.1
JOTUN,2006-09-01,70,30,10602.5,130905.4
JOTUN,2006-10-01,71,31,9406.3,118274.6
JOTUN,2006-11-01,72,30,12655.1,113312.8
JOTUN,2006-12-01,73,31,11794.4,111840.8
JOTUN,2007-01-01,74,31,10179.3,111203.7
JOTUN,2007-02-01,75,28,10366.9,121260.6
JOTUN,2007-03-01,76,31,10118.5,117450.9
JOTUN,2007-04-01,77,30,8868.6,116617.1
JOTUN,2007-05-01,78,31,8653.5,117136.4
JOTUN,2007-06-01,79,30,9021.7,114652.6
JOTUN,2007-07-01,80,31,8661.7,113082.5
JOTUN,2007-08-01,81,31,8099.6,117913.5
JOTUN,2007-09-01,82,30,8346.6,113614.8
JOTUN,2007-10-01,83,31,8036.7,110444.8
JOTUN,2007-11-01,84,30,8310.9,115677.8
JOTUN,2007-12-01,85,31,7880.5,115565.9
JOTUN,2008-01-01,86,31,6857.9,101558.0
JOTUN,2008-02-01,87,29,7096.6,107445.0
JOTUN,2008-03-01,88,31,7387.5,111836.7
JOTUN,2008-04-01,89,30,7260.5,112600.0
JOTUN,2008-05-01,90,31,6555.6,106752.1
JOTUN,2008-06-01,91,30,4346.3,70609.3
JOTUN,2008-07-01,92,31,6719.9,111382.2
JOTUN,2008-08-01,93,31,6778.8,106640.5
JOTUN,2008-09-01,94,30,6474.3,104926.4
JOTUN,2008-10-01,95,31,6689.5,105814.7
JOTUN,2008-11-01,96,30,6497.4,106008.3
JOTUN,2008-12-01,97,31,6515.0,108618.8
JOTUN,2009-01-01,98,31,6332.4,110605.1
JOTUN,2009-02-01,99,28,6157.3,104093.9
JOTUN,2009-03-01,100,31,5415.3,100653.0
JOTUN,2009-04-01,101,30,6197.5,93422.4
JOTUN,2009-05-01,102,31,6133.6,99529.0
JOTUN,2009-06-01,103,30,5019.3,84933.3
JOTUN,2009-07-01,104,31,5498.5,103964.3
JOTUN,2009-08-01,105,31,5111.0,79474.7
JOTUN,2009-09-01,106,30,4792.8,77773.4
JOTUN,2009-10-01,107,31,4983.1,97268.7
JOTUN,2009-11-01,108,30,4178.5,84618.8
JOTUN,2009-12-01,109,31,4755.9,106940.8
JOTUN,2010-01-01,110,31,4910.1,100162.0
JOTUN,2010-02-01,111,28,5074.5,94836.7
JOTUN,2010-03-01,112,31,5011.6,97745.5
JOTUN,2010-04-01,113,30,4880.9,99452.2
JOTUN,2010-05-01,114,31,4891.8,96010.8
JOTUN,2010-06-01,115,30,4310.6,90927.4
JOTUN,2010-07-01,116,31,4626.0,96684.4
JOTUN,2010-08-01,117,31,2984.6,64178.3
JOTUN,2010-09-01,118,30,3622.9,92116.2
JOTUN,2010-10-01,119,31,4484.0,89416.6
JOTUN,2010-11-01,120,30,3845.2,96399.6
JOTUN,2010-12-01,121,31,3871.3,93614.5
JOTUN,2011-01-01,122,31,4281.1,91301.5
JOTUN,2011-02-01,123,28,4131.1,90159.8
JOTUN,2011-03-01,124,31,4043.7,86385.3
JOTUN,2011-04-01,125,30,4000.3,90648.6
JOTUN,2011-05-01,126,31,3857.1,93533.4
JOTUN,2011-06-01,127,30,3589.4,85199.5
JOTUN,2011-07-01,128,31,3723.2,86545.6
JOTUN,2011-08-01,129,31,3163.2,84175.8
JOTUN,2011-09-01,130,30,3851.5,89390.6
JOTUN,2011-10-01,131,31,3538.5,93137.7
JOTUN,2011-11-01,132,30,3182.6,89526.9
JOTUN,2011-12-01,133,31,2808.1,82672.3
JOTUN,2012-01-01,134,31,3230.1,88919.5
JOTUN,2012-02-01,135,29,3283.7,89835.7
JOTUN,2012-03-01,136,31,3593.3,90173.4
JOTUN,2012-04-01,137,30,3163.8,86147.2
JOTUN,2012-05-01,138,31,3069.8,80485.1
JOTUN,2012-06-01,139,30,2968.8,84721.5
JOTUN,2012-07-01,140,31,3191.6,86411.7
JOTUN,2012-08-01,141,31,3118.5,83479.8
JOTUN,2012-09-01,142,30,1715.0,50599.3
JOTUN,2012-10-01,143,31,2946.1,83607.7
JOTUN,2012-11-01,144,30,3010.7,86174.5
JOTUN,2012-12-01,145,31,2526.1,85135.5
JOTUN,2013-01-01,146,31,3197.7,82704.8
JOTUN,2013-02-01,147,28,2794.5,79954.6
JOTUN,2013-03-01,148,31,2578.8,78782.8
JOTUN,2013-04-01,149,30,2643.8,78905.5
JOTUN,2013-05-01,150,31,2242.0,66974.2
JOTUN,2013-06-01,151,30,2245.5,64476.7
JOTUN,2013-07-01,152,31,2793.9,78811.2
JOTUN,2013-08-01,153,31,2657.9,80679.9
JOTUN,2013-09-01,154,30,2484.5,79272.4
JOTUN,2013-10-01,155,31,2540.3,81343.3
JOTUN,2013-11-01,156,30,2583.0,79408.7
JOTUN,2013-12-01,157,31,2369.8,75258.5
JOTUN,2014-01-01,158,31,2284.6,73755.0
JOTUN,2014-02-01,159,28,2237.4,71454.4
JOTUN,2014-03-01,160,31,2166.9,72002.0
JOTUN,2014-04-01,161,30,2146.9,65646.6
JOTUN,2014-05-01,162,31,2124.3,73856.5
JOTUN,2014-06-01,163,30,2195.1,71408.1
JOTUN,2014-07-01,164,31,2100.0,65702.0
JOTUN,2014-08-01,165,31,1813.9,62027.6
JOTUN,2014-09-01,166,30,1954.0,64059.5
JOTUN,2014-10-01,167,31,1986.4,62877.7
JOTUN,2014-11-01,168,30,1998.1,62629.6
JOTUN,2014-12-01,169,31,1113.9,40914.1
JOTUN,2015-01-01,170,31,2114.2,69331.9
JOTUN,2015-02-01,171,28,2084.6,64975.9
JOTUN,2015-03-01,172,31,2091.9,61636.0
JOTUN,2015-04-01,173,30,1895.3,53786.2
JOTUN,2015-05-01,174,31,1389.8,38536.2
JOTUN,2015-06-01,175,30,1408.9,35944.1
JOTUN,2015-07-01,176,31,1272.2,49419.6
JOTUN,2015-08-01,177,31,1489.3,42259.3
JOTUN,2015-09-01,178,30,620.6,25654.0
JOTUN,2015-10-01,179,31,1625.2,42058.5
JOTUN,2015-11-01,180,30,1599.7,38860.5
JOTUN,2015-12-01,181,31,1442.6,34366.7
JOTUN,2016-01-01,182,31,1432.5,48942.8
JOTUN,2016-02-01,183,29,1262.3,39122.6
JOTUN,2016-03-01,184,31,1221.4,42086.9
JOTUN,2016-04-01,185,30,1115.4,49138.0
JOTUN,2016-05-01,186,31,1144.3,32648.1
JOTUN,2016-06-01,187,30,1253.8,44659.7
JOTUN,2016-07-01,188,31,1241.7,47311.5
JOTUN,2016-08-01,189,31,1223.5,45838.4
JOTUN,2016-09-01,190,30,914.1,37399.2
JOTUN,2016-10-01,191,31,1193.0,45806.0
JOTUN,2016-11-01,192,30,593.3,29780.1
JOTUN,2016-12-01,193,31,121.7,8109.8
JOTUN,2017-01-01,194,31,0.0,0.0
JOTUN,2017-02-01,195,28,0.0,0.0
JOTUN,2017-03-01,196,31,0.0,0.0
JOTUN,2017-04-01,197,30,0.0,0.0
JOTUN,2017-05-01,198,31,0.0,0.0
JOTUN,2017-06-01,199,30,0.0,0.0
JOTUN,2017-07-01,200,31,0.0,0.0
JOTUN,2017-08-01,201,31,0.0,0.0
JOTUN,2017-09-01,202,30,0.0,0.0
JOTUN,2017-10-01,203,31,0.0,0.0
JOTUN,2017-11-01,204,30,0.0,0.0
JOTUN,2017-12-01,205,31,0.0,0.0
JOTUN,2018-01-01,206,31,0.0,0.0
JOTUN,2018-02-01,207,28,0.0,0.0
JOTUN,2018-03-01,208,31,0.0,0.0
JOTUN,2018-04-01,209,30,0.0,0.0
JOTUN,2018-05-01,210,31,0.0,0.0
JOTUN,2018-06-01,211,30,0.0,0.0
JOTUN,2018-07-01,212,31,0.0,0.0
JOTUN,2018-08-01,213,31,0.0,0.0
JOTUN,2018-09-01,214,30,0.0,0.0
JOTUN,2018-10-01,215,31,0.0,0.0
JOTUN,2018-11-01,216,30,0.0,0.0
JOTUN,2018-12-01,217,31,0.0,0.0
JOTUN,2019-01-01,218,31,0.0,0.0
JOTUN,2019-02-01,219,28,0.0,0.0
JOTUN,2019-03-01,220,31,0.0,0.0
JOTUN,2019-04-01,221,30,0.0,0.0
JOTUN,2019-05-01,222,31,0.0,0.0
JOTUN,2019-06-01,223,30,0.0,0.0
JOTUN,2019-07-01,224,31,0.0,0.0
JOTUN,2019-08-01,225,31,0.0,0.0
JOTUN,2019-09-01,226,30,0.0,0.0
JOTUN,2019-10-01,227,31,0.0,0.0
JOTUN,2019-11-01,228,30,0.0,0.0
JOTUN,2019-12-01,229,31,0.0,0.0
JOTUN,2020-01-01,230,31,0.0,0.0
JOTUN,2020-02-01,231,29,0.0,0.0
JOTUN,2020-03-01,232,31,0.0,0.0
JOTUN,2020-04-01,233,30,0.0,0.0
JOTUN,2020-05-01,234,31,0.0,0.0
JOTUN,2020-06-01,235,30,0.0,0.0
JOTUN,2020-07-01,236,31,0.0,0.0
JOTUN,2020-08-01,237,31,0.0,0.0
JOTUN,2025-05-01,238,31,0.0,0.0
JOTUN,2025-06-01,239,30,0.0,0.0
JOTUN,2025-07-01,240,31,0.0,0.0
JOTUN,2025-08-01,241,31,0.0,0.0
JOTUN,2025-09-01,242,30,0.0,0.0
JOTUN,2025-10-01,243,31,0.0,0.0
JOTUN,2025-11-01,244,30,0.0,0.0
JOTUN,2025-12-01,245,31,0.0,0.0
JOTUN,2026-01-01,246,31,0.0,0.0
JOTUN,2026-02-01,247,28,0.0,0.0
JOTUN,2026-03-01,248,31,0.0,0.0
JOTUN,2026-04-01,249,30,0.0,0.0
JOTUN,2026-05-01,250,31,0.0,0.0
KRISTIN,2008-01-01,0,31,87188.8,10246.3
KRISTIN,2008-02-01,1,29,79624.5,8560.6
KRISTIN,2008-03-01,2,31,100864.0,12261.1
KRISTIN,2008-04-01,3,30,89063.6,11650.8
KRISTIN,2008-05-01,4,31,72551.8,9540.2
KRISTIN,2008-06-01,5,30,93594.3,14288.3
KRISTIN,2008-07-01,6,31,89469.4,12397.0
KRISTIN,2008-08-01,7,31,84048.0,14647.1
KRISTIN,2008-09-01,8,30,28861.8,5300.2
KRISTIN,2008-10-01,9,31,57835.7,11376.4
KRISTIN,2008-11-01,10,30,62426.3,13676.1
KRISTIN,2008-12-01,11,31,60779.8,13458.1
KRISTIN,2009-01-01,12,31,34289.6,7075.0
KRISTIN,2009-02-01,13,28,63268.6,14513.7
KRISTIN,2009-03-01,14,31,59682.1,13482.5
KRISTIN,2009-04-01,15,30,51983.1,12177.1
KRISTIN,2009-05-01,16,31,45651.8,12500.5
KRISTIN,2009-06-01,17,30,45127.2,12005.1
KRISTIN,2009-07-01,18,31,52071.4,9465.1
KRISTIN,2009-08-01,19,31,47934.4,3688.7
KRISTIN,2009-09-01,20,30,51289.1,13558.7
KRISTIN,2009-10-01,21,31,48317.8,14817.6
KRISTIN,2009-11-01,22,30,49848.8,17190.0
KRISTIN,2009-12-01,23,31,44071.2,15097.5
KRISTIN,2010-01-01,24,31,42297.9,18124.8
KRISTIN,2010-02-01,25,28,40479.4,18294.3
KRISTIN,2010-03-01,26,31,32989.0,14971.8
KRISTIN,2010-04-01,27,30,33356.9,13458.1
KRISTIN,2010-05-01,28,31,30111.9,10290.9
KRISTIN,2010-06-01,29,30,30073.6,17238.2
KRISTIN,2010-07-01,30,31,30517.7,18542.7
KRISTIN,2010-08-01,31,31,17696.7,9852.7
KRISTIN,2010-09-01,32,30,27536.7,12235.8
KRISTIN,2010-10-01,33,31,30540.0,18885.6
KRISTIN,2010-11-01,34,30,26073.3,18951.2
KRISTIN,2010-12-01,35,31,21129.7,13853.8
KRISTIN,2011-01-01,36,31,23503.6,22016.3
KRISTIN,2011-02-01,37,28,16899.3,20655.3
KRISTIN,2011-03-01,38,31,13600.2,19733.7
KRISTIN,2011-04-01,39,30,27614.3,19584.3
KRISTIN,2011-05-01,40,31,31400.3,24372.0
KRISTIN,2011-06-01,41,30,26882.6,22593.0
KRISTIN,2011-07-01,42,31,28555.7,21744.4
KRISTIN,2011-08-01,43,31,24856.9,19082.4
KRISTIN,2011-09-01,44,30,26511.5,22901.2
KRISTIN,2011-10-01,45,31,26407.0,22568.2
KRISTIN,2011-11-01,46,30,23119.2,20144.1
KRISTIN,2011-12-01,47,31,22002.1,19058.1
KRISTIN,2012-01-01,48,31,22724.4,21610.5
KRISTIN,2012-02-01,49,29,20183.8,21623.9
KRISTIN,2012-03-01,50,31,21590.2,21643.0
KRISTIN,2012-04-01,51,30,23324.7,19114.7
KRISTIN,2012-05-01,52,31,21417.8,18435.2
KRISTIN,2012-06-01,53,30,18626.2,16699.4
KRISTIN,2012-07-01,54,31,19954.9,18991.1
KRISTIN,2012-08-01,55,31,19439.5,19011.4
KRISTIN,2012-09-01,56,30,14261.1,15397.4
KRISTIN,2012-10-01,57,31,14921.0,20732.0
KRISTIN,2012-11-01,58,30,18739.4,20334.9
KRISTIN,2012-12-01,59,31,19685.0,19725.6
KRISTIN,2013-01-01,60,31,18234.3,18905.9
KRISTIN,2013-02-01,61,28,18262.9,17386.8
KRISTIN,2013-03-01,62,31,17029.1,15935.5
KRISTIN,2013-04-01,63,30,16391.2,17611.4
KRISTIN,2013-05-01,64,31,15186.8,13898.4
KRISTIN,2013-06-01,65,30,14472.8,15248.6
KRISTIN,2013-07-01,66,31,16489.4,15594.6
KRISTIN,2013-08-01,67,31,18147.1,12295.5
KRISTIN,2013-09-01,68,30,3092.5,2073.5
KRISTIN,2013-10-01,69,31,0.0,0.0
KRISTIN,2013-11-01,70,30,12533.5,13460.2
KRISTIN,2013-12-01,71,31,15539.9,16140.4
KRISTIN,2014-01-01,72,31,15653.5,16572.6
KRISTIN,2014-02-01,73,28,11654.1,12862.6
KRISTIN,2014-03-01,74,31,16237.8,17347.7
KRISTIN,2014-04-01,75,30,14867.0,4968.9
KRISTIN,2014-05-01,76,31,12981.3,6129.5
KRISTIN,2014-06-01,77,30,13491.6,4371.4
KRISTIN,2014-07-01,78,31,14703.9,9016.7
KRISTIN,2014-08-01,79,31,15375.5,13026.0
KRISTIN,2014-09-01,80,30,15827.2,9394.9
KRISTIN,2014-10-01,81,31,17658.1,11433.2
KRISTIN,2014-11-01,82,30,16911.2,17395.5
KRISTIN,2014-12-01,83,31,17355.8,16475.2
KRISTIN,2015-01-01,84,31,15359.3,15823.9
KRISTIN,2015-02-01,85,28,13392.8,12943.5
KRISTIN,2015-03-01,86,31,13592.1,9980.5
KRISTIN,2015-04-01,87,30,13114.2,9334.1
KRISTIN,2015-05-01,88,31,12995.5,9384.0
KRISTIN,2015-06-01,89,30,13374.2,10038.5
KRISTIN,2015-07-01,90,31,12530.9,9960.2
KRISTIN,2015-08-01,91,31,13021.9,12184.0
KRISTIN,2015-09-01,92,30,13437.1,12785.1
KRISTIN,2015-10-01,93,31,13192.3,12924.5
KRISTIN,2015-11-01,94,30,11676.0,10313.2
KRISTIN,2015-12-01,95,31,12603.9,13673.2
KRISTIN,2016-01-01,96,31,12395.0,14884.5
KRISTIN,2016-02-01,97,29,12020.0,12610.0
KRISTIN,2016-03-01,98,31,12206.3,15765.1
KRISTIN,2016-04-01,99,30,11583.7,15802.1
KRISTIN,2016-05-01,100,31,11086.3,14815.5
KRISTIN,2016-06-01,101,30,11581.6,16219.3
KRISTIN,2016-07-01,102,31,11303.4,14574.1
KRISTIN,2016-08-01,103,31,7718.2,10112.4
KRISTIN,2016-09-01,104,30,2314.6,1585.0
KRISTIN,2016-10-01,105,31,12078.4,13338.4
KRISTIN,2016-11-01,106,30,11153.9,16890.2
KRISTIN,2016-12-01,107,31,9402.2,15209.1
KRISTIN,2017-01-01,108,31,10865.1,15929.4
KRISTIN,2017-02-01,109,28,10070.4,15057.3
KRISTIN,2017-03-01,110,31,9412.4,13174.1
KRISTIN,2017-04-01,111,30,9673.7,15093.4
KRISTIN,2017-05-01,112,31,9477.3,15462.8
KRISTIN,2017-06-01,113,30,8925.2,13667.7
KRISTIN,2017-07-01,114,31,8257.9,14582.2
KRISTIN,2017-08-01,115,31,8974.1,15509.4
KRISTIN,2017-09-01,116,30,8552.0,14479.1
KRISTIN,2017-10-01,117,31,9213.5,16426.5
KRISTIN,2017-11-01,118,30,9082.5,16359.8
KRISTIN,2017-12-01,119,31,15708.3,15107.7
KRISTIN,2018-01-01,120,31,17662.2,14438.1
KRISTIN,2018-02-01,121,28,8432.8,16876.9
KRISTIN,2018-03-01,122,31,8773.3,18055.8
KRISTIN,2018-04-01,123,30,8910.6,17617.7
KRISTIN,2018-05-01,124,31,7338.8,13728.0
KRISTIN,2018-06-01,125,30,8807.8,11451.6
KRISTIN,2018-07-01,126,31,9191.2,18595.5
KRISTIN,2018-08-01,127,31,9246.0,16211.5
KRISTIN,2018-09-01,128,30,7552.0,9430.5
KRISTIN,2018-10-01,129,31,8124.0,9795.9
KRISTIN,2018-11-01,130,30,7904.2,9684.2
KRISTIN,2018-12-01,131,31,8057.0,11066.0
KRISTIN,2019-01-01,132,31,7742.5,12624.2
KRISTIN,2019-02-01,133,28,7442.2,10220.9
KRISTIN,2019-03-01,134,31,7442.3,9317.0
KRISTIN,2019-04-01,135,30,7442.9,9405.3
KRISTIN,2019-05-01,136,31,7513.3,9000.5
KRISTIN,2019-06-01,137,30,7197.6,7828.7
KRISTIN,2019-07-01,138,31,6494.7,7913.0
KRISTIN,2019-08-01,139,31,7332.7,7874.4
KRISTIN,2019-09-01,140,30,6939.7,6149.3
KRISTIN,2019-10-01,141,31,7154.1,6009.8
KRISTIN,2019-11-01,142,30,6801.4,5841.1
KRISTIN,2019-12-01,143,31,6687.5,5879.9
KRISTIN,2020-01-01,144,31,6437.9,6411.5
KRISTIN,2020-02-01,145,29,6426.4,6495.8
KRISTIN,2020-03-01,146,31,6233.0,6636.8
KRISTIN,2020-04-01,147,30,6034.0,6260.4
KRISTIN,2020-05-01,148,31,6149.8,6375.0
KRISTIN,2020-06-01,149,30,5943.9,6034.0
KRISTIN,2020-07-01,150,31,6348.6,6377.0
KRISTIN,2020-08-01,151,31,6245.2,6261.4
KRISTIN,2020-09-01,152,30,5658.7,5293.9
KRISTIN,2020-10-01,153,31,4900.0,5845.5
KRISTIN,2020-11-01,154,30,4939.6,6155.6
KRISTIN,2020-12-01,155,31,4699.1,6415.6
KRISTIN,2021-01-01,156,31,4693.0,6166.0
KRISTIN,2021-02-01,157,28,4357.9,5957.3
KRISTIN,2021-03-01,158,31,4599.7,6293.9
KRISTIN,2021-04-01,159,30,7250.0,6438.7
KRISTIN,2021-05-01,160,31,3177.4,2836.5
KRISTIN,2021-06-01,161,30,3407.0,2589.3
KRISTIN,2021-07-01,162,31,6624.6,6494.7
KRISTIN,2021-08-01,163,31,6119.4,6997.9
KRISTIN,2021-09-01,164,30,5239.4,6786.7
KRISTIN,2021-10-01,165,31,5139.4,6586.0
KRISTIN,2021-11-01,166,30,5130.4,7264.7
KRISTIN,2021-12-01,167,31,5346.3,7257.6
KRISTIN,2022-01-01,168,31,5153.6,7184.6
KRISTIN,2022-02-01,169,28,4854.4,7498.3
KRISTIN,2022-03-01,170,31,4636.2,6030.1
KRISTIN,2022-04-01,171,30,4608.3,4029.7
KRISTIN,2022-05-01,172,31,4770.1,7353.0
KRISTIN,2022-06-01,173,30,4729.9,9355.0
KRISTIN,2022-07-01,174,31,4695.0,8661.7
KRISTIN,2022-08-01,175,31,3869.2,7612.7
KRISTIN,2022-09-01,176,30,2402.7,1882.7
KRISTIN,2022-10-01,177,31,3528.4,428.1
KRISTIN,2022-11-01,178,30,5033.9,572.4
KRISTIN,2022-12-01,179,31,3694.8,472.7
KRISTIN,2023-01-01,180,31,3733.3,558.0
KRISTIN,2023-02-01,181,28,4811.7,613.3
KRISTIN,2023-03-01,182,31,2996.8,604.6
KRISTIN,2023-04-01,183,30,2872.3,8833.0
KRISTIN,2023-05-01,184,31,4195.9,10881.4
KRISTIN,2023-06-01,185,30,4736.2,8877.0
KRISTIN,2023-07-01,186,31,4236.5,7314.4
KRISTIN,2023-08-01,187,31,4126.9,3467.5
KRISTIN,2023-09-01,188,30,3539.1,517.9
KRISTIN,2023-10-01,189,31,3140.8,409.9
KRISTIN,2023-11-01,190,30,3734.0,1520.0
KRISTIN,2023-12-01,191,31,3978.8,8119.9
KRISTIN,2024-01-01,192,31,3540.5,6001.7
KRISTIN,2024-02-01,193,29,3409.5,7098.8
KRISTIN,2024-03-01,194,31,3508.1,8335.0
KRISTIN,2024-04-01,195,30,3648.1,7461.8
KRISTIN,2024-05-01,196,31,3228.1,4244.6
KRISTIN,2024-06-01,197,30,3545.4,641.6
KRISTIN,2024-07-01,198,31,5462.0,1182.9
KRISTIN,2024-08-01,199,31,4699.1,460.6
KRISTIN,2024-09-01,200,30,0.0,0.0
KRISTIN,2024-10-01,201,31,4977.1,2061.4
KRISTIN,2024-11-01,202,30,6384.1,4174.3
KRISTIN,2024-12-01,203,31,5595.9,3702.9
KRISTIN,2025-01-01,204,31,5133.3,2729.0
KRISTIN,2025-02-01,205,28,6934.5,894.1
KRISTIN,2025-03-01,206,31,5843.4,622.9
KRISTIN,2025-04-01,207,30,9520.7,3295.9
KRISTIN,2025-05-01,208,31,6939.1,1602.9
KRISTIN,2025-06-01,209,30,4983.6,1790.5
KRISTIN,2025-07-01,210,31,5705.5,1442.6
KRISTIN,2025-08-01,211,31,7499.1,2154.8
KRISTIN,2025-09-01,212,30,6977.5,1014.8
KRISTIN,2025-10-01,213,31,7312.4,1402.0
KRISTIN,2025-11-01,214,30,7111.7,1151.0
KRISTIN,2025-12-01,215,31,6614.4,1284.3
KRISTIN,2026-01-01,216,31,6626.6,1643.5
KRISTIN,2026-02-01,217,28,6253.9,2668.7
KRISTIN,2026-03-01,218,31,5413.3,3309.2
KRISTIN,2026-04-01,219,30,5570.7,3092.5
KRISTIN,2026-05-01,220,31,5900.2,2907.5
KVITEBJØRN,2010-02-01,0,28,56154.4,4688.1
KVITEBJØRN,2010-03-01,1,31,56188.2,4049.8
KVITEBJØRN,2010-04-01,2,30,53222.2,4275.0
KVITEBJØRN,2010-05-01,3,31,47346.0,4094.5
KVITEBJØRN,2010-06-01,4,30,55425.7,5147.2
KVITEBJØRN,2010-07-01,5,31,50760.7,4325.8
KVITEBJØRN,2010-08-01,6,31,49113.2,4666.6
KVITEBJØRN,2010-09-01,7,30,17320.0,1618.6
KVITEBJØRN,2010-10-01,8,31,36661.4,4344.0
KVITEBJØRN,2010-11-01,9,30,35730.3,4031.8
KVITEBJØRN,2010-12-01,10,31,48490.3,2404.3
KVITEBJØRN,2011-01-01,11,31,57263.6,4169.5
KVITEBJØRN,2011-02-01,12,28,51738.1,4313.0
KVITEBJØRN,2011-03-01,13,31,44270.0,4666.6
KVITEBJØRN,2011-04-01,14,30,30891.3,4694.3
KVITEBJØRN,2011-05-01,15,31,17455.2,2221.7
KVITEBJØRN,2011-06-01,16,30,37359.3,4214.2
KVITEBJØRN,2011-07-01,17,31,51740.7,3293.0
KVITEBJØRN,2011-08-01,18,31,51606.8,2968.4
KVITEBJØRN,2011-09-01,19,30,48500.6,2801.1
KVITEBJØRN,2011-10-01,20,31,53530.3,3080.0
KVITEBJØRN,2011-11-01,21,30,52251.5,2960.4
KVITEBJØRN,2011-12-01,22,31,46990.9,2522.0
KVITEBJØRN,2012-01-01,23,31,53276.6,2639.7
KVITEBJØRN,2012-02-01,24,29,52630.4,2804.4
KVITEBJØRN,2012-03-01,25,31,51614.9,3157.1
KVITEBJØRN,2012-04-01,26,30,46429.2,3222.5
KVITEBJØRN,2012-05-01,27,31,47106.5,2528.1
KVITEBJØRN,2012-06-01,28,30,46412.4,2450.9
KVITEBJØRN,2012-07-01,29,31,46759.6,2582.9
KVITEBJØRN,2012-08-01,30,31,38731.0,2063.5
KVITEBJØRN,2012-09-01,31,30,19427.1,945.6
KVITEBJØRN,2012-10-01,32,31,37288.4,1651.6
KVITEBJØRN,2012-11-01,33,30,36520.7,1937.3
KVITEBJØRN,2012-12-01,34,31,35795.0,1941.7
KVITEBJØRN,2013-01-01,35,31,40918.2,2292.7
KVITEBJØRN,2013-02-01,36,28,42975.1,2632.7
KVITEBJØRN,2013-03-01,37,31,39079.9,2394.2
KVITEBJØRN,2013-04-01,38,30,44284.4,3685.8
KVITEBJØRN,2013-05-01,39,31,39528.3,3589.2
KVITEBJØRN,2013-06-01,40,30,39300.8,3404.9
KVITEBJØRN,2013-07-01,41,31,39422.8,3122.6
KVITEBJØRN,2013-08-01,42,31,5423.4,507.2
KVITEBJØRN,2013-09-01,43,30,33830.7,2553.7
KVITEBJØRN,2013-10-01,44,31,38501.7,3023.2
KVITEBJØRN,2013-11-01,45,30,36441.0,2685.7
KVITEBJØRN,2013-12-01,46,31,35993.9,3037.4
KVITEBJØRN,2014-01-01,47,31,38842.6,3317.4
KVITEBJØRN,2014-02-01,48,28,36907.6,2983.2
KVITEBJØRN,2014-03-01,49,31,35257.4,2946.1
KVITEBJØRN,2014-04-01,50,30,34560.4,3126.0
KVITEBJØRN,2014-05-01,51,31,29767.0,2548.4
KVITEBJØRN,2014-06-01,52,30,31096.8,2467.7
KVITEBJØRN,2014-07-01,53,31,32027.3,2680.3
KVITEBJØRN,2014-08-01,54,31,31933.9,2854.8
KVITEBJØRN,2014-09-01,55,30,29964.6,2511.7
KVITEBJØRN,2014-10-01,56,31,37817.9,3678.5
KVITEBJØRN,2014-11-01,57,30,34960.8,3643.9
KVITEBJØRN,2014-12-01,58,31,36706.1,4248.7
KVITEBJØRN,2015-01-01,59,31,32424.9,3696.8
KVITEBJØRN,2015-02-01,60,28,35148.8,4225.4
KVITEBJØRN,2015-03-01,61,31,37781.4,4421.1
KVITEBJØRN,2015-04-01,62,30,13946.6,878.5
KVITEBJØRN,2015-05-01,63,31,33926.4,3039.4
KVITEBJØRN,2015-06-01,64,30,35258.5,3184.7
KVITEBJØRN,2015-07-01,65,31,36046.6,2899.4
KVITEBJØRN,2015-08-01,66,31,34924.6,3617.6
KVITEBJØRN,2015-09-01,67,30,34097.0,3700.5
KVITEBJØRN,2015-10-01,68,31,31830.4,3846.9
KVITEBJØRN,2015-11-01,69,30,31922.8,4342.1
KVITEBJØRN,2015-12-01,70,31,37677.9,5145.5
KVITEBJØRN,2016-01-01,71,31,37154.5,5230.7
KVITEBJØRN,2016-02-01,72,29,34789.1,5151.1
KVITEBJØRN,2016-03-01,73,31,34084.6,4816.8
KVITEBJØRN,2016-04-01,74,30,32522.5,4199.5
KVITEBJØRN,2016-05-01,75,31,27076.6,3217.9
KVITEBJØRN,2016-06-01,76,30,18789.7,2050.5
KVITEBJØRN,2016-07-01,77,31,32116.5,3122.6
KVITEBJØRN,2016-08-01,78,31,31915.7,2826.4
KVITEBJØRN,2016-09-01,79,30,27375.3,2172.1
KVITEBJØRN,2016-10-01,80,31,30986.4,2095.9
KVITEBJØRN,2016-11-01,81,30,30388.1,1943.5
KVITEBJØRN,2016-12-01,82,31,28649.0,3106.3
KVITEBJØRN,2017-01-01,83,31,28417.7,3940.3
KVITEBJØRN,2017-02-01,84,28,24525.7,3580.7
KVITEBJØRN,2017-03-01,85,31,25792.2,3970.7
KVITEBJØRN,2017-04-01,86,30,20492.2,3285.4
KVITEBJØRN,2017-05-01,87,31,24524.1,3209.8
KVITEBJØRN,2017-06-01,88,30,21974.5,3295.9
KVITEBJØRN,2017-07-01,89,31,22036.6,1984.3
KVITEBJØRN,2017-08-01,90,31,19173.7,2065.5
KVITEBJØRN,2017-09-01,91,30,21565.6,3465.7
KVITEBJØRN,2017-10-01,92,31,20482.4,3138.8
KVITEBJØRN,2017-11-01,93,30,17112.4,2643.8
KVITEBJØRN,2017-12-01,94,31,21389.4,3696.8
KVITEBJØRN,2018-01-01,95,31,20196.3,2497.7
KVITEBJØRN,2018-02-01,96,28,21735.8,3201.1
KVITEBJØRN,2018-03-01,97,31,20541.3,3120.6
KVITEBJØRN,2018-04-01,98,30,15175.2,2186.8
KVITEBJØRN,2018-05-01,99,31,16530.0,2808.1
KVITEBJØRN,2018-06-01,100,30,21236.5,5402.9
KVITEBJØRN,2018-07-01,101,31,21494.9,4281.1
KVITEBJØRN,2018-08-01,102,31,20307.9,4366.3
KVITEBJØRN,2018-09-01,103,30,18586.4,4052.7
KVITEBJØRN,2018-10-01,104,31,17463.3,4161.4
KVITEBJØRN,2018-11-01,105,30,15171.0,4012.9
KVITEBJØRN,2018-12-01,106,31,14681.6,3743.4
KVITEBJØRN,2019-01-01,107,31,15919.3,3997.1
KVITEBJØRN,2019-02-01,108,28,14785.5,4414.1
KVITEBJØRN,2019-03-01,109,31,15387.7,4510.4
KVITEBJØRN,2019-04-01,110,30,15818.8,4776.1
KVITEBJØRN,2019-05-01,111,31,15970.0,5259.1
KVITEBJØRN,2019-06-01,112,30,15133.3,5086.4
KVITEBJØRN,2019-07-01,113,31,15140.2,5309.8
KVITEBJØRN,2019-08-01,114,31,10124.5,4090.4
KVITEBJØRN,2019-09-01,115,30,9916.9,3971.0
KVITEBJØRN,2019-10-01,116,31,8564.3,1832.2
KVITEBJØRN,2019-11-01,117,30,12898.3,4023.4
KVITEBJØRN,2019-12-01,118,31,13835.5,3463.4
KVITEBJØRN,2020-01-01,119,31,13232.9,3122.6
KVITEBJØRN,2020-02-01,120,29,13052.4,3140.6
KVITEBJØRN,2020-03-01,121,31,11607.7,3025.2
KVITEBJØRN,2020-04-01,122,30,10506.1,3203.6
KVITEBJØRN,2020-05-01,123,31,11189.8,2889.3
KVITEBJØRN,2020-06-01,124,30,12866.8,3086.2
KVITEBJØRN,2020-07-01,125,31,12551.2,3128.7
KVITEBJØRN,2020-08-01,126,31,10621.6,2793.9
KVITEBJØRN,2020-09-01,127,30,12420.3,3371.3
KVITEBJØRN,2020-10-01,128,31,9142.5,2274.5
KVITEBJØRN,2020-11-01,129,30,11613.1,3207.8
KVITEBJØRN,2020-12-01,130,31,11366.3,3173.3
KVITEBJØRN,2021-01-01,131,31,11346.0,2785.8
KVITEBJØRN,2021-02-01,132,28,9807.6,2506.9
KVITEBJØRN,2021-03-01,133,31,9765.4,2497.7
KVITEBJØRN,2021-04-01,134,30,8535.3,2696.2
KVITEBJØRN,2021-05-01,135,31,11329.8,4301.4
KVITEBJØRN,2021-06-01,136,30,9797.4,3442.6
KVITEBJØRN,2021-07-01,137,31,12226.6,3408.7
KVITEBJØRN,2021-08-01,138,31,10439.0,3317.4
KVITEBJØRN,2021-09-01,139,30,10135.0,2910.1
KVITEBJØRN,2021-10-01,140,31,10189.5,2862.9
KVITEBJØRN,2021-11-01,141,30,10051.1,3033.8
KVITEBJØRN,2021-12-01,142,31,9759.3,3171.3
KVITEBJØRN,2022-01-01,143,31,8860.5,2954.2
KVITEBJØRN,2022-02-01,144,28,10234.4,3097.7
KVITEBJØRN,2022-03-01,145,31,8757.0,3057.7
KVITEBJØRN,2022-04-01,146,30,6071.8,1905.8
KVITEBJØRN,2022-05-01,147,31,8024.6,2761.4
KVITEBJØRN,2022-06-01,148,30,7157.8,2853.5
KVITEBJØRN,2022-07-01,149,31,6819.4,2694.5
KVITEBJØRN,2022-08-01,150,31,4869.5,2150.7
KVITEBJØRN,2022-09-01,151,30,5044.4,1857.6
KVITEBJØRN,2022-10-01,152,31,6013.9,2375.9
KVITEBJØRN,2022-11-01,153,30,8698.8,3742.4
KVITEBJØRN,2022-12-01,154,31,9248.0,4096.5
KVITEBJØRN,2023-01-01,155,31,9836.4,3932.1
KVITEBJØRN,2023-02-01,156,28,8547.4,3079.8
KVITEBJØRN,2023-03-01,157,31,8178.8,2731.0
KVITEBJØRN,2023-04-01,158,30,8063.5,2725.6
KVITEBJØRN,2023-05-01,159,31,7541.7,2623.5
KVITEBJØRN,2023-06-01,160,30,9489.2,2476.1
KVITEBJØRN,2023-07-01,161,31,7559.9,2724.9
KVITEBJØRN,2023-08-01,162,31,5914.4,2193.3
KVITEBJØRN,2023-09-01,163,30,499.0,113.2
KVITEBJØRN,2023-10-01,164,31,6401.4,1736.8
KVITEBJØRN,2023-11-01,165,30,8260.6,2643.8
KVITEBJØRN,2023-12-01,166,31,9304.8,2881.1
KVITEBJØRN,2024-01-01,167,31,8152.4,3414.8
KVITEBJØRN,2024-02-01,168,29,7888.3,2767.5
KVITEBJØRN,2024-03-01,169,31,8032.7,2591.0
KVITEBJØRN,2024-04-01,170,30,7346.5,4482.5
KVITEBJØRN,2024-05-01,171,31,6663.1,3611.6
KVITEBJØRN,2024-06-01,172,30,7512.1,3864.0
KVITEBJØRN,2024-07-01,173,31,7476.7,4031.6
KVITEBJØRN,2024-08-01,174,31,7282.0,4066.1
KVITEBJØRN,2024-09-01,175,30,7256.3,4067.4
KVITEBJØRN,2024-10-01,176,31,7156.2,4035.6
KVITEBJØRN,2024-11-01,177,30,6197.5,3379.7
KVITEBJØRN,2024-12-01,178,31,5354.4,2292.7
KVITEBJØRN,2025-01-01,179,31,6551.5,3431.0
KVITEBJØRN,2025-02-01,180,28,6734.6,3542.5
KVITEBJØRN,2025-03-01,181,31,6506.9,3481.7
KVITEBJØRN,2025-04-01,182,30,5868.4,3360.8
KVITEBJØRN,2025-05-01,183,31,4652.4,2580.8
KVITEBJØRN,2025-06-01,184,30,5828.5,3629.2
KVITEBJØRN,2025-07-01,185,31,5731.8,3536.5
KVITEBJØRN,2025-08-01,186,31,5746.0,3510.1
KVITEBJØRN,2025-09-01,187,30,5392.5,3505.5
KVITEBJØRN,2025-10-01,188,31,5488.4,3451.3
KVITEBJØRN,2025-11-01,189,30,5046.5,3142.8
KVITEBJØRN,2025-12-01,190,31,5474.2,3526.3
KVITEBJØRN,2026-01-01,191,31,4958.8,3232.1
KVITEBJØRN,2026-02-01,192,28,5097.0,3349.3
KVITEBJØRN,2026-03-01,193,31,5196.2,3382.3
KVITEBJØRN,2026-04-01,194,30,5704.8,3520.2
KVITEBJØRN,2026-05-01,195,31,4344.0,2004.6
MIKKEL,2007-09-01,0,30,12212.7,123.7
MIKKEL,2007-10-01,1,31,13009.7,131.9
MIKKEL,2007-11-01,2,30,13221.2,134.2
MIKKEL,2007-12-01,3,31,13409.4,135.9
MIKKEL,2008-01-01,4,31,12502.5,125.8
MIKKEL,2008-02-01,5,29,0.0,0.0
MIKKEL,2008-03-01,6,31,4423.1,44.6
MIKKEL,2008-04-01,7,30,12927.6,130.0
MIKKEL,2008-05-01,8,31,13772.6,140.0
MIKKEL,2008-06-01,9,30,13554.5,136.3
MIKKEL,2008-07-01,10,31,13228.9,133.9
MIKKEL,2008-08-01,11,31,12890.0,129.9
MIKKEL,2008-09-01,12,30,4839.0,48.2
MIKKEL,2008-10-01,13,31,12952.9,131.9
MIKKEL,2008-11-01,14,30,10818.5,109.0
MIKKEL,2008-12-01,15,31,9217.6,93.3
MIKKEL,2009-01-01,16,31,8012.4,85.2
MIKKEL,2009-02-01,17,28,9425.7,112.3
MIKKEL,2009-03-01,18,31,9339.3,115.7
MIKKEL,2009-04-01,19,30,9231.3,106.9
MIKKEL,2009-05-01,20,31,9597.0,117.7
MIKKEL,2009-06-01,21,30,9061.5,119.5
MIKKEL,2009-07-01,22,31,8962.0,125.8
MIKKEL,2009-08-01,23,31,8826.0,91.3
MIKKEL,2009-09-01,24,30,8654.8,104.8
MIKKEL,2009-10-01,25,31,8998.5,111.6
MIKKEL,2009-11-01,26,30,8304.6,104.8
MIKKEL,2009-12-01,27,31,8156.5,107.5
MIKKEL,2010-01-01,28,31,8270.1,95.4
MIKKEL,2010-02-01,29,28,8859.6,107.8
MIKKEL,2010-03-01,30,31,8720.5,107.5
MIKKEL,2010-04-01,31,30,8308.8,111.1
MIKKEL,2010-05-01,32,31,7951.5,107.5
MIKKEL,2010-06-01,33,30,8459.8,117.4
MIKKEL,2010-07-01,34,31,8495.3,121.7
MIKKEL,2010-08-01,35,31,4749.8,69.0
MIKKEL,2010-09-01,36,30,6455.4,92.3
MIKKEL,2010-10-01,37,31,8164.6,103.5
MIKKEL,2010-11-01,38,30,8055.1,106.9
MIKKEL,2010-12-01,39,31,8235.6,109.6
MIKKEL,2011-01-01,40,31,7718.2,109.6
MIKKEL,2011-02-01,41,28,7545.5,110.1
MIKKEL,2011-03-01,42,31,6953.3,97.4
MIKKEL,2011-04-01,43,30,6740.6,96.4
MIKKEL,2011-05-01,44,31,7227.2,105.5
MIKKEL,2011-06-01,45,30,7340.2,109.0
MIKKEL,2011-07-01,46,31,7273.8,105.5
MIKKEL,2011-08-01,47,31,7194.7,105.5
MIKKEL,2011-09-01,48,30,7084.4,109.0
MIKKEL,2011-10-01,49,31,7026.3,111.6
MIKKEL,2011-11-01,50,30,6595.9,111.1
MIKKEL,2011-12-01,51,31,6953.3,117.7
MIKKEL,2012-01-01,52,31,6953.3,103.5
MIKKEL,2012-02-01,53,29,6704.1,106.3
MIKKEL,2012-03-01,54,31,6533.3,107.5
MIKKEL,2012-04-01,55,30,6742.7,115.3
MIKKEL,2012-05-01,56,31,6715.9,117.7
MIKKEL,2012-06-01,57,30,5847.4,75.5
MIKKEL,2012-07-01,58,31,6689.5,91.3
MIKKEL,2012-08-01,59,31,6529.2,95.4
MIKKEL,2012-09-01,60,30,5922.9,92.3
MIKKEL,2012-10-01,61,31,6352.7,101.4
MIKKEL,2012-11-01,62,30,5767.7,100.6
MIKKEL,2012-12-01,63,31,5632.4,103.5
MIKKEL,2013-01-01,64,31,5145.5,75.1
MIKKEL,2013-02-01,65,28,5562.0,80.9
MIKKEL,2013-03-01,66,31,5549.2,85.2
MIKKEL,2013-04-01,67,30,5530.8,88.1
MIKKEL,2013-05-01,68,31,5167.8,87.2
MIKKEL,2013-06-01,69,30,4979.4,88.1
MIKKEL,2013-07-01,70,31,5322.0,95.4
MIKKEL,2013-08-01,71,31,5202.3,99.4
MIKKEL,2013-09-01,72,30,1335.5,0.0
MIKKEL,2013-10-01,73,31,4597.6,2.0
MIKKEL,2013-11-01,74,30,4161.8,2.1
MIKKEL,2013-12-01,75,31,4494.2,2.0
MIKKEL,2014-01-01,76,31,4275.0,2.0
MIKKEL,2014-02-01,77,28,4380.4,2.2
MIKKEL,2014-03-01,78,31,4366.3,2.0
MIKKEL,2014-04-01,79,30,4344.2,52.4
MIKKEL,2014-05-01,80,31,4331.8,50.7
MIKKEL,2014-06-01,81,30,4291.7,52.4
MIKKEL,2014-07-01,82,31,4039.7,52.8
MIKKEL,2014-08-01,83,31,3855.0,50.7
MIKKEL,2014-09-01,84,30,4249.8,62.9
MIKKEL,2014-10-01,85,31,4214.2,125.8
MIKKEL,2014-11-01,86,30,3721.5,123.7
MIKKEL,2014-12-01,87,31,3735.3,140.0
MIKKEL,2015-01-01,88,31,3733.3,119.7
MIKKEL,2015-02-01,89,28,3879.5,125.8
MIKKEL,2015-03-01,90,31,3725.2,131.9
MIKKEL,2015-04-01,91,30,3465.7,199.2
MIKKEL,2015-05-01,92,31,3887.5,241.4
MIKKEL,2015-06-01,93,30,3371.3,203.4
MIKKEL,2015-07-01,94,31,3676.5,213.0
MIKKEL,2015-08-01,95,31,3459.4,263.8
MIKKEL,2015-09-01,96,30,3681.6,291.4
MIKKEL,2015-10-01,97,31,4027.5,326.7
MIKKEL,2015-11-01,98,30,4893.5,394.2
MIKKEL,2015-12-01,99,31,3788.1,326.7
MIKKEL,2016-01-01,100,31,3867.2,251.6
MIKKEL,2016-02-01,101,29,4676.1,334.0
MIKKEL,2016-03-01,102,31,4285.2,324.6
MIKKEL,2016-04-01,103,30,4614.6,287.2
MIKKEL,2016-05-01,104,31,5088.7,312.5
MIKKEL,2016-06-01,105,30,4839.0,304.0
MIKKEL,2016-07-01,106,31,5212.4,316.5
MIKKEL,2016-08-01,107,31,4684.9,314.5
MIKKEL,2016-09-01,108,30,2476.1,178.2
MIKKEL,2016-10-01,109,31,5969.2,391.6
MIKKEL,2016-11-01,110,30,5528.7,360.6
MIKKEL,2016-12-01,111,31,5013.6,365.2
MIKKEL,2017-01-01,112,31,5744.0,487.0
MIKKEL,2017-02-01,113,28,5654.1,413.3
MIKKEL,2017-03-01,114,31,5620.2,381.4
MIKKEL,2017-04-01,115,30,5650.3,400.5
MIKKEL,2017-05-01,116,31,5604.0,379.4
MIKKEL,2017-06-01,117,30,5642.0,396.3
MIKKEL,2017-07-01,118,31,4640.2,314.5
MIKKEL,2017-08-01,119,31,5766.3,379.4
MIKKEL,2017-09-01,120,30,5524.5,362.7
MIKKEL,2017-10-01,121,31,5778.5,347.0
MIKKEL,2017-11-01,122,30,5979.5,241.1
MIKKEL,2017-12-01,123,31,5965.2,196.8
MIKKEL,2018-01-01,124,31,4743.7,204.9
MIKKEL,2018-02-01,125,28,4490.5,190.9
MIKKEL,2018-03-01,126,31,4548.9,209.0
MIKKEL,2018-04-01,127,30,4495.1,205.5
MIKKEL,2018-05-01,128,31,4853.3,186.7
MIKKEL,2018-06-01,129,30,4927.0,182.4
MIKKEL,2018-07-01,130,31,5113.0,202.9
MIKKEL,2018-08-01,131,31,4954.7,223.2
MIKKEL,2018-09-01,132,30,2396.4,117.4
MIKKEL,2018-10-01,133,31,4228.4,194.8
MIKKEL,2018-11-01,134,30,4375.6,203.4
MIKKEL,2018-12-01,135,31,4112.7,217.1
MIKKEL,2019-01-01,136,31,3248.4,182.6
MIKKEL,2019-02-01,137,28,3533.5,215.7
MIKKEL,2019-03-01,138,31,3497.9,211.0
MIKKEL,2019-04-01,139,30,4117.7,241.1
MIKKEL,2019-05-01,140,31,3913.9,207.0
MIKKEL,2019-06-01,141,30,4507.7,251.6
MIKKEL,2019-07-01,142,31,1897.1,188.7
MIKKEL,2019-08-01,143,31,1858.5,217.1
MIKKEL,2019-09-01,144,30,4084.2,182.4
MIKKEL,2019-10-01,145,31,4185.8,225.2
MIKKEL,2019-11-01,146,30,4186.9,343.8
MIKKEL,2019-12-01,147,31,4009.2,302.3
MIKKEL,2020-01-01,148,31,4100.5,379.4
MIKKEL,2020-02-01,149,29,4166.5,386.1
MIKKEL,2020-03-01,150,31,4151.3,401.7
MIKKEL,2020-04-01,151,30,3817.9,419.3
MIKKEL,2020-05-01,152,31,4092.4,310.4
MIKKEL,2020-06-01,153,30,3755.0,369.0
MIKKEL,2020-07-01,154,31,3599.4,275.9
MIKKEL,2020-08-01,155,31,2848.7,247.5
MIKKEL,2020-09-01,156,30,2406.9,213.9
MIKKEL,2020-10-01,157,31,2927.8,257.7
MIKKEL,2020-11-01,158,30,3214.1,295.6
MIKKEL,2020-12-01,159,31,3420.8,275.9
MIKKEL,2021-01-01,160,31,3810.4,438.3
MIKKEL,2021-02-01,161,28,3711.0,465.0
MIKKEL,2021-03-01,162,31,3775.9,572.2
MIKKEL,2021-04-01,163,30,3578.9,494.8
MIKKEL,2021-05-01,164,31,420.0,52.8
MIKKEL,2021-06-01,165,30,413.0,48.2
MIKKEL,2021-07-01,166,31,3120.6,225.2
MIKKEL,2021-08-01,167,31,3380.3,263.8
MIKKEL,2021-09-01,168,30,3251.8,423.5
MIKKEL,2021-10-01,169,31,3228.1,438.3
MIKKEL,2021-11-01,170,30,3186.8,467.5
MIKKEL,2021-12-01,171,31,3205.8,434.2
MIKKEL,2022-01-01,172,31,3146.9,426.1
MIKKEL,2022-02-01,173,28,3079.8,496.4
MIKKEL,2022-03-01,174,31,2844.6,434.2
MIKKEL,2022-04-01,175,30,2903.8,448.7
MIKKEL,2022-05-01,176,31,2678.2,472.7
MIKKEL,2022-06-01,177,30,2549.5,434.0
MIKKEL,2022-07-01,178,31,2586.9,418.0
MIKKEL,2022-08-01,179,31,2442.9,391.6
MIKKEL,2022-09-01,180,30,2289.5,348.0
MIKKEL,2022-10-01,181,31,2390.1,355.1
MIKKEL,2022-11-01,182,30,2079.8,274.7
MIKKEL,2022-12-01,183,31,2296.8,320.6
MIKKEL,2023-01-01,184,31,2444.9,342.9
MIKKEL,2023-02-01,185,28,2504.7,332.5
MIKKEL,2023-03-01,186,31,2300.8,302.3
MIKKEL,2023-04-01,187,30,2402.7,274.7
MIKKEL,2023-05-01,188,31,2288.7,265.8
MIKKEL,2023-06-01,189,30,2140.6,331.3
MIKKEL,2023-07-01,190,31,2189.3,282.0
MIKKEL,2023-08-01,191,31,2156.8,245.5
MIKKEL,2023-09-01,192,30,1899.5,224.3
MIKKEL,2023-10-01,193,31,1777.4,265.8
MIKKEL,2023-11-01,194,30,1819.8,280.9
MIKKEL,2023-12-01,195,31,1789.5,253.6
MIKKEL,2024-01-01,196,31,1767.2,261.7
MIKKEL,2024-02-01,197,29,1648.4,262.4
MIKKEL,2024-03-01,198,31,1738.8,235.4
MIKKEL,2024-04-01,199,30,1438.3,197.1
MIKKEL,2024-05-01,200,31,1552.2,198.8
MIKKEL,2024-06-01,201,30,1601.8,220.1
MIKKEL,2024-07-01,202,31,1527.8,198.8
MIKKEL,2024-08-01,203,31,1184.9,129.9
MIKKEL,2024-09-01,204,30,81.8,10.5
MIKKEL,2024-10-01,205,31,1377.7,166.4
MIKKEL,2024-11-01,206,30,1362.8,188.7
MIKKEL,2024-12-01,207,31,1505.5,200.9
MIKKEL,2025-01-01,208,31,1840.3,253.6
MIKKEL,2025-02-01,209,28,1630.9,265.1
MIKKEL,2025-03-01,210,31,2252.2,330.7
MIKKEL,2025-04-01,211,30,2276.9,383.7
MIKKEL,2025-05-01,212,31,2256.2,385.5
MIKKEL,2025-06-01,213,30,2058.9,100.6
MIKKEL,2025-07-01,214,31,2010.7,107.5
MIKKEL,2025-08-01,215,31,1761.1,138.0
MIKKEL,2025-09-01,216,30,1773.7,136.3
MIKKEL,2025-10-01,217,31,2031.0,363.2
MIKKEL,2025-11-01,218,30,2100.8,236.9
MIKKEL,2025-12-01,219,31,2085.8,184.6
MIKKEL,2026-01-01,220,31,2158.8,385.5
MIKKEL,2026-02-01,221,28,1842.0,80.9
MIKKEL,2026-03-01,222,31,1820.0,89.3
MIKKEL,2026-04-01,223,30,1733.9,31.4
MIKKEL,2026-05-01,224,31,1694.2,26.4
MURCHISON,1984-04-01,0,30,50972.5,0.0
MURCHISON,1984-05-01,1,31,60313.1,0.0
MURCHISON,1984-06-01,2,30,39927.7,0.0
MURCHISON,1984-07-01,3,31,48808.8,0.0
MURCHISON,1984-08-01,4,31,51860.4,0.0
MURCHISON,1984-09-01,5,30,38506.2,0.0
MURCHISON,1984-10-01,6,31,50527.4,0.0
MURCHISON,1984-11-01,7,30,49010.1,0.0
MURCHISON,1984-12-01,8,31,51645.3,0.0
MURCHISON,1985-01-01,9,31,47879.6,0.0
MURCHISON,1985-02-01,10,28,47986.7,0.0
MURCHISON,1985-03-01,11,31,37211.3,0.0
MURCHISON,1985-04-01,12,30,33298.2,0.0
MURCHISON,1985-05-01,13,31,24067.6,0.0
MURCHISON,1985-06-01,14,30,22196.7,0.0
MURCHISON,1985-07-01,15,31,23018.6,0.0
MURCHISON,1985-08-01,16,31,24065.6,0.0
MURCHISON,1985-09-01,17,30,22605.5,0.0
MURCHISON,1985-10-01,18,31,23858.6,0.0
MURCHISON,1985-11-01,19,30,22980.8,0.0
MURCHISON,1985-12-01,20,31,22884.7,0.0
MURCHISON,1986-01-01,21,31,23406.2,0.0
MURCHISON,1986-02-01,22,28,23054.4,0.0
MURCHISON,1986-03-01,23,31,20504.7,0.0
MURCHISON,1986-04-01,24,30,22278.5,0.0
MURCHISON,1986-05-01,25,31,20346.5,0.0
MURCHISON,1986-06-01,26,30,19414.5,0.0
MURCHISON,1986-07-01,27,31,18609.7,0.0
MURCHISON,1986-08-01,28,31,13028.0,0.0
MURCHISON,1986-09-01,29,30,6419.8,0.0
MURCHISON,1986-10-01,30,31,5985.5,0.0
MURCHISON,1986-11-01,31,30,6050.8,0.0
MURCHISON,1986-12-01,32,31,6099.1,0.0
MURCHISON,1987-01-01,33,31,5912.4,0.0
MURCHISON,1987-02-01,34,28,6202.2,0.0
MURCHISON,1987-03-01,35,31,6121.4,0.0
MURCHISON,1987-04-01,36,30,4163.8,0.0
MURCHISON,1987-05-01,37,31,6375.0,0.0
MURCHISON,1987-06-01,38,30,6115.8,0.0
MURCHISON,1987-07-01,39,31,5884.0,0.0
MURCHISON,1987-08-01,40,31,6584.0,0.0
MURCHISON,1987-09-01,41,30,6191.3,0.0
MURCHISON,1987-10-01,42,31,5987.5,0.0
MURCHISON,1987-11-01,43,30,5901.9,0.0
MURCHISON,1987-12-01,44,31,5640.5,0.0
MURCHISON,1988-01-01,45,31,5384.9,0.0
MURCHISON,1988-02-01,46,29,5489.5,0.0
MURCHISON,1988-03-01,47,31,5449.8,0.0
MURCHISON,1988-04-01,48,30,5568.6,0.0
MURCHISON,1988-05-01,49,31,5559.4,0.0
MURCHISON,1988-06-01,50,30,5321.2,0.0
MURCHISON,1988-07-01,51,31,10650.1,0.0
MURCHISON,1988-08-01,52,31,13498.7,0.0
MURCHISON,1988-09-01,53,30,13632.1,0.0
MURCHISON,1988-10-01,54,31,12756.1,0.0
MURCHISON,1988-11-01,55,30,12414.0,0.0
MURCHISON,1988-12-01,56,31,11934.4,0.0
MURCHISON,1989-01-01,57,31,11394.7,0.0
MURCHISON,1989-02-01,58,28,10802.7,0.0
MURCHISON,1989-03-01,59,31,9712.7,0.0
MURCHISON,1989-04-01,60,30,5449.1,0.0
MURCHISON,1989-05-01,61,31,385.5,0.0
MURCHISON,1989-06-01,62,30,9921.1,0.0
MURCHISON,1989-07-01,63,31,9037.0,0.0
MURCHISON,1989-08-01,64,31,8548.0,0.0
MURCHISON,1989-09-01,65,30,9292.1,0.0
MURCHISON,1989-10-01,66,31,9503.7,0.0
MURCHISON,1989-11-01,67,30,8679.9,0.0
MURCHISON,1989-12-01,68,31,7775.0,0.0
MURCHISON,1990-01-01,69,31,8375.6,0.0
MURCHISON,1990-02-01,70,28,7763.4,0.0
MURCHISON,1990-03-01,71,31,7387.5,0.0
MURCHISON,1990-04-01,72,30,7365.4,0.0
MURCHISON,1990-05-01,73,31,8144.3,0.0
MURCHISON,1990-06-01,74,30,9755.5,0.0
MURCHISON,1990-07-01,75,31,9948.0,0.0
MURCHISON,1990-08-01,76,31,9530.1,0.0
MURCHISON,1990-09-01,77,30,8837.2,0.0
MURCHISON,1990-10-01,78,31,6973.6,0.0
MURCHISON,1990-11-01,79,30,7310.8,0.0
MURCHISON,1990-12-01,80,31,7965.7,0.0
MURCHISON,1991-01-01,81,31,9177.0,0.0
MURCHISON,1991-02-01,82,28,8320.5,0.0
MURCHISON,1991-03-01,83,31,7089.2,0.0
MURCHISON,1991-04-01,84,30,345.9,0.0
MURCHISON,1991-05-01,85,31,1389.8,0.0
MURCHISON,1991-06-01,86,30,8675.7,0.0
MURCHISON,1991-07-01,87,31,418.0,0.0
MURCHISON,1991-08-01,88,31,2733.0,0.0
MURCHISON,1991-09-01,89,30,12783.0,0.0
MURCHISON,1991-10-01,90,31,10763.7,0.0
MURCHISON,1991-11-01,91,30,9390.7,0.0
MURCHISON,1991-12-01,92,31,10674.4,0.0
MURCHISON,1992-01-01,93,31,10422.8,0.0
MURCHISON,1992-02-01,94,29,10658.0,0.0
MURCHISON,1992-03-01,95,31,6109.2,0.0
MURCHISON,1992-04-01,96,30,10225.1,0.0
MURCHISON,1992-05-01,97,31,9572.7,0.0
MURCHISON,1992-06-01,98,30,8403.2,0.0
MURCHISON,1992-07-01,99,31,7056.7,0.0
MURCHISON,1992-08-01,100,31,6253.3,0.0
MURCHISON,1992-09-01,101,30,6707.0,0.0
MURCHISON,1992-10-01,102,31,7269.8,0.0
MURCHISON,1992-11-01,103,30,7233.3,0.0
MURCHISON,1992-12-01,104,31,6914.7,0.0
MURCHISON,1993-01-01,105,31,5630.4,0.0
MURCHISON,1993-02-01,106,28,5402.5,0.0
MURCHISON,1993-03-01,107,31,4461.7,0.0
MURCHISON,1993-04-01,108,30,4440.6,0.0
MURCHISON,1993-05-01,109,31,4463.7,0.0
MURCHISON,1993-06-01,110,30,2207.7,0.0
MURCHISON,1993-07-01,111,31,5604.0,0.0
MURCHISON,1993-08-01,112,31,6275.6,0.0
MURCHISON,1993-09-01,113,30,5522.4,0.0
MURCHISON,1993-10-01,114,31,5575.6,0.0
MURCHISON,1993-11-01,115,30,4820.1,0.0
MURCHISON,1993-12-01,116,31,5350.4,0.0
MURCHISON,1994-01-01,117,31,4942.6,0.0
MURCHISON,1994-02-01,118,28,4989.2,0.0
MURCHISON,1994-03-01,119,31,6249.2,0.0
MURCHISON,1994-04-01,120,30,3906.0,0.0
MURCHISON,1994-05-01,121,31,4185.8,0.0
MURCHISON,1994-06-01,122,30,1886.9,0.0
MURCHISON,1994-07-01,123,31,3668.4,0.0
MURCHISON,1994-08-01,124,31,2209.5,0.0
MURCHISON,1994-09-01,125,30,3463.6,0.0
MURCHISON,1994-10-01,126,31,4112.7,0.0
MURCHISON,1994-11-01,127,30,4006.6,0.0
MURCHISON,1994-12-01,128,31,3946.3,0.0
MURCHISON,1995-01-01,129,31,4417.1,0.0
MURCHISON,1995-02-01,130,28,3942.4,0.0
MURCHISON,1995-03-01,131,31,3997.1,0.0
MURCHISON,1995-04-01,132,30,3752.9,0.0
MURCHISON,1995-05-01,133,31,3481.7,0.0
MURCHISON,1995-06-01,134,30,2849.3,0.0
MURCHISON,1995-07-01,135,31,2765.5,0.0
MURCHISON,1995-08-01,136,31,3633.9,0.0
MURCHISON,1995-09-01,137,30,2985.6,0.0
MURCHISON,1995-10-01,138,31,3530.4,0.0
MURCHISON,1995-11-01,139,30,3423.7,0.0
MURCHISON,1995-12-01,140,31,3185.5,0.0
MURCHISON,1996-01-01,141,31,2966.4,0.0
MURCHISON,1996-02-01,142,29,3782.6,0.0
MURCHISON,1996-03-01,143,31,3546.6,0.0
MURCHISON,1996-04-01,144,30,3442.6,0.0
MURCHISON,1996-05-01,145,31,3355.9,0.0
MURCHISON,1996-06-01,146,30,3906.0,0.0
MURCHISON,1996-07-01,147,31,3970.7,0.0
MURCHISON,1996-08-01,148,31,4423.1,0.0
MURCHISON,1996-09-01,149,30,3281.2,0.0
MURCHISON,1996-10-01,150,31,4013.3,0.0
MURCHISON,1996-11-01,151,30,6040.3,0.0
MURCHISON,1996-12-01,152,31,5845.5,0.0
MURCHISON,1997-01-01,153,31,5167.8,0.0
MURCHISON,1997-02-01,154,28,4445.5,0.0
MURCHISON,1997-03-01,155,31,4465.8,0.0
MURCHISON,1997-04-01,156,30,4350.4,0.0
MURCHISON,1997-05-01,157,31,3962.6,0.0
MURCHISON,1997-06-01,158,30,4165.9,0.0
MURCHISON,1997-07-01,159,31,4303.4,0.0
MURCHISON,1997-08-01,160,31,6022.0,0.0
MURCHISON,1997-09-01,161,30,5157.6,0.0
MURCHISON,1997-10-01,162,31,5086.6,0.0
MURCHISON,1997-11-01,163,30,4922.8,0.0
MURCHISON,1997-12-01,164,31,5796.8,0.0
MURCHISON,1998-01-01,165,31,6200.5,0.0
MURCHISON,1998-02-01,166,28,5375.5,0.0
MURCHISON,1998-03-01,167,31,4871.6,0.0
MURCHISON,1998-04-01,168,30,5122.0,0.0
MURCHISON,1998-05-01,169,31,4114.7,0.0
MURCHISON,1998-06-01,170,30,3968.9,0.0
MURCHISON,1998-07-01,171,31,3706.9,0.0
MURCHISON,1998-08-01,172,31,3642.0,0.0
MURCHISON,1998-09-01,173,30,4994.1,0.0
MURCHISON,1998-10-01,174,31,5346.3,0.0
MURCHISON,1998-11-01,175,30,4008.7,0.0
MURCHISON,1998-12-01,176,31,4303.4,0.0
MURCHISON,1999-01-01,177,31,4329.8,0.0
MURCHISON,1999-02-01,178,28,5265.5,0.0
MURCHISON,1999-03-01,179,31,5281.4,0.0
MURCHISON,1999-04-01,180,30,4595.7,0.0
MURCHISON,1999-05-01,181,31,4173.6,0.0
MURCHISON,1999-06-01,182,30,4455.3,0.0
MURCHISON,1999-07-01,183,31,4212.1,0.0
MURCHISON,1999-08-01,184,31,4143.2,0.0
MURCHISON,1999-09-01,185,30,4352.5,0.0
MURCHISON,1999-10-01,186,31,3826.6,0.0
MURCHISON,1999-11-01,187,30,3910.2,0.0
MURCHISON,1999-12-01,188,31,3589.2,0.0
MURCHISON,2000-01-01,189,31,2213.6,32055.7
MURCHISON,2000-02-01,190,29,3262.0,38079.3
MURCHISON,2000-03-01,191,31,3240.3,39305.2
MURCHISON,2000-04-01,192,30,2960.4,40019.9
MURCHISON,2000-05-01,193,31,2353.6,37876.8
MURCHISON,2000-06-01,194,30,3186.8,42626.0
MURCHISON,2000-07-01,195,31,2889.3,41384.9
MURCHISON,2000-08-01,196,31,3041.4,40051.8
MURCHISON,2000-09-01,197,30,2868.1,37476.7
MURCHISON,2000-10-01,198,31,2812.1,38653.9
MURCHISON,2000-11-01,199,30,2759.1,38392.9
MURCHISON,2000-12-01,200,31,3033.3,38077.6
MURCHISON,2001-01-01,201,31,2552.4,39516.2
MURCHISON,2001-02-01,202,28,2347.4,34978.0
MURCHISON,2001-03-01,203,31,2570.7,34606.1
MURCHISON,2001-04-01,204,30,2717.2,38759.8
MURCHISON,2001-05-01,205,31,2718.8,41559.3
MURCHISON,2001-06-01,206,30,2796.9,42110.2
MURCHISON,2001-07-01,207,31,578.3,39911.8
MURCHISON,2001-08-01,208,31,371.3,28878.3
MURCHISON,2001-09-01,209,30,471.7,35279.5
MURCHISON,2001-10-01,210,31,480.9,38607.2
MURCHISON,2001-11-01,211,30,492.7,35916.9
MURCHISON,2001-12-01,212,31,527.5,36724.3
MURCHISON,2002-01-01,213,31,2177.1,36724.3
MURCHISON,2002-02-01,214,28,2028.5,30781.8
MURCHISON,2002-03-01,215,31,1793.6,28324.4
MURCHISON,2002-04-01,216,30,1627.0,29771.7
MURCHISON,2002-05-01,217,31,1619.1,34413.3
MURCHISON,2002-06-01,218,30,1855.5,38527.1
MURCHISON,2002-07-01,219,31,1678.0,35042.3
MURCHISON,2002-08-01,220,31,1994.5,43001.9
MURCHISON,2002-09-01,221,30,1733.9,37468.3
MURCHISON,2002-10-01,222,31,1688.1,38911.5
MURCHISON,2002-11-01,223,30,1796.8,44905.0
MURCHISON,2002-12-01,224,31,1793.6,43363.1
MURCHISON,2003-01-01,225,31,1704.3,40208.1
MURCHISON,2003-02-01,226,28,1671.3,40149.1
MURCHISON,2003-03-01,227,31,1909.3,36454.5
MURCHISON,2003-04-01,228,30,1928.9,39030.3
MURCHISON,2003-05-01,229,31,2140.6,39303.1
MURCHISON,2003-06-01,230,30,1777.9,35960.9
MURCHISON,2003-07-01,231,31,1913.3,41786.6
MURCHISON,2003-08-01,232,31,1848.4,41622.2
MURCHISON,2003-09-01,233,30,1861.8,43210.9
MURCHISON,2003-10-01,234,31,1850.4,42293.8
MURCHISON,2003-11-01,235,30,2373.4,40007.3
MURCHISON,2003-12-01,236,31,2546.4,43131.8
MURCHISON,2004-01-01,237,31,1661.7,35819.4
MURCHISON,2004-02-01,238,29,1769.8,41519.2
MURCHISON,2004-03-01,239,31,1036.8,24063.6
MURCHISON,2004-04-01,240,30,1180.4,31048.5
MURCHISON,2004-05-01,241,31,1935.6,47494.1
MURCHISON,2004-06-01,242,30,1610.2,43382.8
MURCHISON,2004-07-01,243,31,1592.7,43204.8
MURCHISON,2004-08-01,244,31,965.8,26033.7
MURCHISON,2004-09-01,245,30,1748.6,43735.1
MURCHISON,2004-10-01,246,31,1858.5,45544.2
MURCHISON,2004-11-01,247,30,1834.5,41598.6
MURCHISON,2004-12-01,248,31,1481.1,42577.9
MURCHISON,2005-01-01,249,31,1552.2,40059.9
MURCHISON,2005-02-01,250,28,1284.9,34248.0
MURCHISON,2005-03-01,251,31,1034.8,37884.9
MURCHISON,2005-04-01,252,30,1069.3,36409.6
MURCHISON,2005-05-01,253,31,1036.8,24414.6
MURCHISON,2005-06-01,254,30,1411.0,32901.9
MURCHISON,2005-07-01,255,31,1848.4,36961.7
MURCHISON,2005-08-01,256,31,1493.3,36062.9
MURCHISON,2005-09-01,257,30,1568.3,37317.4
MURCHISON,2005-10-01,258,31,1568.4,39195.6
MURCHISON,2005-11-01,259,30,1719.2,47028.8
MURCHISON,2005-12-01,260,31,1373.6,49943.0
MURCHISON,2006-01-01,261,31,2053.3,45523.9
MURCHISON,2006-02-01,262,28,1538.8,40346.8
MURCHISON,2006-03-01,263,31,1367.5,39017.0
MURCHISON,2006-04-01,264,30,993.8,29264.3
MURCHISON,2006-05-01,265,31,1564.3,38396.2
MURCHISON,2006-06-01,266,30,1627.0,43686.9
MURCHISON,2006-07-01,267,31,1722.6,42330.4
MURCHISON,2006-08-01,268,31,1471.0,37828.1
MURCHISON,2006-09-01,269,30,1562.0,44060.0
MURCHISON,2006-10-01,270,31,1458.8,41804.9
MURCHISON,2006-11-01,271,30,1304.1,44110.4
MURCHISON,2006-12-01,272,31,1568.4,45319.0
MURCHISON,2007-01-01,273,31,1335.1,35764.6
MURCHISON,2007-02-01,274,28,1381.5,37118.8
MURCHISON,2007-03-01,275,31,1645.5,36750.7
MURCHISON,2007-04-01,276,30,1140.6,33090.6
MURCHISON,2007-05-01,277,31,1462.9,34691.3
MURCHISON,2007-06-01,278,30,1580.8,34281.5
MURCHISON,2007-07-01,279,31,1509.6,40958.8
MURCHISON,2007-08-01,280,31,1497.4,39396.5
MURCHISON,2007-09-01,281,30,1107.0,40671.9
MURCHISON,2007-10-01,282,31,1355.4,38595.0
MURCHISON,2007-11-01,283,30,949.8,35162.1
MURCHISON,2007-12-01,284,31,1156.5,40465.7
MURCHISON,2008-01-01,285,31,1304.6,42086.9
MURCHISON,2008-02-01,286,29,1049.7,34860.7
MURCHISON,2008-03-01,287,31,1412.2,38369.8
MURCHISON,2008-04-01,288,30,1543.1,41047.2
MURCHISON,2008-05-01,289,31,1507.5,36661.4
MURCHISON,2008-06-01,290,30,1650.0,39439.1
MURCHISON,2008-07-01,291,31,1434.5,38453.0
MURCHISON,2008-08-01,292,31,647.2,18025.3
MURCHISON,2008-09-01,293,30,417.2,16229.8
MURCHISON,2008-10-01,294,31,1337.1,47248.6
MURCHISON,2008-11-01,295,30,1593.4,45957.5
MURCHISON,2008-12-01,296,31,1623.2,45386.0
MURCHISON,2009-01-01,297,31,1533.9,44485.1
MURCHISON,2009-02-01,298,28,1338.8,39526.9
MURCHISON,2009-03-01,299,31,1243.8,39404.6
MURCHISON,2009-04-01,300,30,1352.3,43380.8
MURCHISON,2009-05-01,301,31,1227.5,44909.2
MURCHISON,2009-06-01,302,30,1201.4,42892.2
MURCHISON,2009-07-01,303,31,1178.8,42330.4
MURCHISON,2009-08-01,304,31,975.9,36610.7
MURCHISON,2009-09-01,305,30,1304.1,44605.2
MURCHISON,2009-10-01,306,31,943.5,36793.3
MURCHISON,2009-11-01,307,30,870.1,39684.4
MURCHISON,2009-12-01,308,31,947.5,40745.7
MURCHISON,2010-01-01,309,31,1042.9,44805.7
MURCHISON,2010-02-01,310,28,1091.7,46405.2
MURCHISON,2010-03-01,311,31,1201.1,47021.3
MURCHISON,2010-04-01,312,30,970.7,41858.6
MURCHISON,2010-05-01,313,31,1093.6,39532.4
MURCHISON,2010-06-01,314,30,1012.7,40286.2
MURCHISON,2010-07-01,315,31,1109.8,43162.2
MURCHISON,2010-08-01,316,31,1038.8,42575.9
MURCHISON,2010-09-01,317,30,29.4,1157.3
MURCHISON,2010-10-01,318,31,302.3,0.0
MURCHISON,2010-11-01,319,30,178.2,7614.9
MURCHISON,2010-12-01,320,31,539.7,23572.5
MURCHISON,2011-01-01,321,31,722.3,29578.3
MURCHISON,2011-02-01,322,28,981.7,40007.6
MURCHISON,2011-03-01,323,31,846.1,33640.3
MURCHISON,2011-04-01,324,30,964.4,34183.0
MURCHISON,2011-05-01,325,31,969.8,35967.5
MURCHISON,2011-06-01,326,30,790.4,29947.8
MURCHISON,2011-07-01,327,31,929.3,33303.5
MURCHISON,2011-08-01,328,31,943.5,39019.1
MURCHISON,2011-09-01,329,30,907.8,34696.6
MURCHISON,2011-10-01,330,31,513.3,21752.6
MURCHISON,2011-11-01,331,30,981.2,39730.6
MURCHISON,2011-12-01,332,31,742.6,25749.6
MURCHISON,2012-01-01,333,31,817.7,31055.4
MURCHISON,2012-02-01,334,29,793.8,29948.1
MURCHISON,2012-03-01,335,31,706.1,29302.4
MURCHISON,2012-04-01,336,30,591.2,30094.6
MURCHISON,2012-05-01,337,31,564.1,28068.7
MURCHISON,2012-06-01,338,30,492.7,21787.9
MURCHISON,2012-07-01,339,31,797.4,39341.7
MURCHISON,2012-08-01,340,31,789.3,35933.0
MURCHISON,2012-09-01,341,30,784.1,37784.9
MURCHISON,2012-10-01,342,31,882.6,38909.5
MURCHISON,2012-11-01,343,30,897.3,39273.5
MURCHISON,2012-12-01,344,31,880.6,42042.2
MURCHISON,2013-01-01,345,31,620.9,30582.6
MURCHISON,2013-02-01,346,28,485.2,27014.7
MURCHISON,2013-03-01,347,31,580.3,29870.5
MURCHISON,2013-04-01,348,30,520.0,24691.7
MURCHISON,2013-05-01,349,31,263.8,14403.6
MURCHISON,2013-06-01,350,30,373.2,18160.7
MURCHISON,2013-07-01,351,31,411.9,19498.4
MURCHISON,2013-08-01,352,31,497.1,24012.8
MURCHISON,2013-09-01,353,30,673.0,29046.3
MURCHISON,2013-10-01,354,31,418.0,20807.1
MURCHISON,2013-11-01,355,30,402.5,17712.1
MURCHISON,2013-12-01,356,31,529.6,17495.8
MURCHISON,2014-01-01,357,31,399.7,13557.6
MURCHISON,2014-02-01,358,28,238.1,8205.9
NJORD,2001-01-01,0,31,74250.1,3475.6
NJORD,2001-02-01,1,28,60058.6,3120.2
NJORD,2001-03-01,2,31,53205.6,3575.0
NJORD,2001-04-01,3,30,48794.2,2903.8
NJORD,2001-05-01,4,31,47443.4,1789.5
NJORD,2001-06-01,5,30,44102.0,1367.0
NJORD,2001-07-01,6,31,53439.0,1473.0
NJORD,2001-08-01,7,31,47623.9,1560.3
NJORD,2001-09-01,8,30,45731.0,1408.9
NJORD,2001-10-01,9,31,47248.6,1684.0
NJORD,2001-11-01,10,30,42881.8,1637.4
NJORD,2001-12-01,11,31,42760.5,1627.2
NJORD,2002-01-01,12,31,37617.1,1771.3
NJORD,2002-02-01,13,28,34290.6,2293.5
NJORD,2002-03-01,14,31,18830.8,894.8
NJORD,2002-04-01,15,30,33212.2,1438.3
NJORD,2002-05-01,16,31,30864.7,1335.1
NJORD,2002-06-01,17,30,33579.1,1452.9
NJORD,2002-07-01,18,31,37907.2,1710.4
NJORD,2002-08-01,19,31,35573.9,1771.3
NJORD,2002-09-01,20,30,23408.5,1138.5
NJORD,2002-10-01,21,31,32999.1,1596.8
NJORD,2002-11-01,22,30,34770.0,1985.5
NJORD,2002-12-01,23,31,32323.5,3982.9
NJORD,2003-01-01,24,31,30201.2,5754.2
NJORD,2003-02-01,25,28,28110.9,5492.3
NJORD,2003-03-01,26,31,27245.0,4847.2
NJORD,2003-04-01,27,30,26123.6,4765.6
NJORD,2003-05-01,28,31,28078.9,2254.2
NJORD,2003-06-01,29,30,27922.5,597.5
NJORD,2003-07-01,30,31,29416.0,734.5
NJORD,2003-08-01,31,31,35103.2,1562.3
NJORD,2003-09-01,32,30,31729.9,1272.6
NJORD,2003-10-01,33,31,34208.4,1020.6
NJORD,2003-11-01,34,30,33143.1,744.3
NJORD,2003-12-01,35,31,33202.0,927.2
NJORD,2004-01-01,36,31,30633.4,766.9
NJORD,2004-02-01,37,29,30592.3,817.7
NJORD,2004-03-01,38,31,28815.4,631.0
NJORD,2004-04-01,39,30,33522.5,951.9
NJORD,2004-05-01,40,31,31438.9,1030.7
NJORD,2004-06-01,41,30,29819.9,1052.5
NJORD,2004-07-01,42,31,31881.2,2233.9
NJORD,2004-08-01,43,31,30598.9,2603.2
NJORD,2004-09-01,44,30,30216.2,1165.7
NJORD,2004-10-01,45,31,25782.1,1085.5
NJORD,2004-11-01,46,30,22959.9,920.4
NJORD,2004-12-01,47,31,22176.6,1213.3
NJORD,2005-01-01,48,31,23726.7,2706.6
NJORD,2005-02-01,49,28,23128.5,2080.1
NJORD,2005-03-01,50,31,22795.5,925.2
NJORD,2005-04-01,51,30,36644.4,800.9
NJORD,2005-05-01,52,31,33668.7,856.2
NJORD,2005-06-01,53,30,36851.9,891.1
NJORD,2005-07-01,54,31,38264.3,931.3
NJORD,2005-08-01,55,31,34303.8,775.1
NJORD,2005-09-01,56,30,33063.4,1046.2
NJORD,2005-10-01,57,31,31369.9,1393.9
NJORD,2005-11-01,58,30,29258.1,1895.3
NJORD,2005-12-01,59,31,34884.0,2337.4
NJORD,2006-01-01,60,31,31599.1,2769.5
NJORD,2006-02-01,61,28,28360.3,2895.6
NJORD,2006-03-01,62,31,24538.3,2726.9
NJORD,2006-04-01,63,30,16345.1,1633.3
NJORD,2006-05-01,64,31,27281.5,3508.1
NJORD,2006-06-01,65,30,27094.4,3444.7
NJORD,2006-07-01,66,31,26139.2,3477.7
NJORD,2006-08-01,67,31,23124.1,2810.1
NJORD,2006-09-01,68,30,21551.0,2601.9
NJORD,2006-10-01,69,31,24684.4,3163.2
NJORD,2006-11-01,70,30,14095.4,1610.2
NJORD,2006-12-01,71,31,22943.6,2706.6
NJORD,2007-01-01,72,31,21983.9,2542.3
NJORD,2007-02-01,73,28,19857.8,2102.6
NJORD,2007-03-01,74,31,20863.9,1927.5
NJORD,2007-04-01,75,30,19697.6,1746.5
NJORD,2007-05-01,76,31,16726.8,1899.1
NJORD,2007-06-01,77,30,15439.4,1375.4
NJORD,2007-07-01,78,31,17688.5,1491.3
NJORD,2007-08-01,79,31,17574.9,1446.7
NJORD,2007-09-01,80,30,16171.1,1157.3
NJORD,2007-10-01,81,31,18727.4,1385.8
NJORD,2007-11-01,82,30,17592.6,1201.4
NJORD,2007-12-01,83,31,15466.8,1089.6
NJORD,2008-01-01,84,31,18423.0,1448.7
NJORD,2008-02-01,85,29,16049.8,1117.0
NJORD,2008-03-01,86,31,18234.3,1408.1
NJORD,2008-04-01,87,30,17559.0,1341.8
NJORD,2008-05-01,88,31,15913.2,1337.1
NJORD,2008-06-01,89,30,12504.1,956.0
NJORD,2008-07-01,90,31,14817.6,1458.8
NJORD,2008-08-01,91,31,17796.1,1753.0
NJORD,2008-09-01,92,30,15642.7,1568.3
NJORD,2008-10-01,93,31,14478.7,1481.1
NJORD,2008-11-01,94,30,14764.3,1792.6
NJORD,2008-12-01,95,31,19033.7,2087.8
NJORD,2009-01-01,96,31,17716.9,3558.8
NJORD,2009-02-01,97,28,15293.2,4061.4
NJORD,2009-03-01,98,31,14643.1,4305.5
NJORD,2009-04-01,99,30,14238.0,4247.7
NJORD,2009-05-01,100,31,11441.3,3315.3
NJORD,2009-06-01,101,30,12269.3,2243.4
NJORD,2009-07-01,102,31,11676.7,2595.0
NJORD,2009-08-01,103,31,12244.8,2909.5
NJORD,2009-09-01,104,30,11883.5,3117.6
NJORD,2009-10-01,105,31,10323.4,2873.0
NJORD,2009-11-01,106,30,11313.3,3419.6
NJORD,2009-12-01,107,31,10798.2,2560.6
NJORD,2010-01-01,108,31,12082.5,2609.3
NJORD,2010-02-01,109,28,13206.3,2904.5
NJORD,2010-03-01,110,31,14099.3,2430.7
NJORD,2010-04-01,111,30,19041.3,2834.6
NJORD,2010-05-01,112,31,19171.7,2800.0
NJORD,2010-06-01,113,30,19058.1,2117.6
NJORD,2010-07-01,114,31,17631.7,2584.9
NJORD,2010-08-01,115,31,10244.3,1314.8
NJORD,2010-09-01,116,30,18733.1,2455.1
NJORD,2010-10-01,117,31,19561.3,2749.3
NJORD,2010-11-01,118,30,16087.2,2253.8
NJORD,2010-12-01,119,31,19735.8,2341.4
NJORD,2011-01-01,120,31,23434.6,2493.6
NJORD,2011-02-01,121,28,24152.8,2401.4
NJORD,2011-03-01,122,31,11242.5,1042.9
NJORD,2011-04-01,123,30,1304.1,251.6
NJORD,2011-05-01,124,31,4222.3,158.3
NJORD,2011-06-01,125,30,5769.8,232.7
NJORD,2011-07-01,126,31,4398.8,298.3
NJORD,2011-08-01,127,31,2313.0,150.1
NJORD,2011-09-01,128,30,9990.3,423.5
NJORD,2011-10-01,129,31,7549.8,166.4
NJORD,2011-11-01,130,30,7449.2,230.6
NJORD,2011-12-01,131,31,10992.9,462.6
NJORD,2012-01-01,132,31,11120.8,624.9
NJORD,2012-02-01,133,29,9020.4,850.2
NJORD,2012-03-01,134,31,8028.6,827.8
NJORD,2012-04-01,135,30,4824.3,423.5
NJORD,2012-05-01,136,31,4766.0,213.0
NJORD,2012-06-01,137,30,5514.1,291.4
NJORD,2012-07-01,138,31,14.2,0.0
NJORD,2012-08-01,139,31,10767.7,631.0
NJORD,2012-09-01,140,30,5386.2,364.8
NJORD,2012-10-01,141,31,0.0,6.1
NJORD,2012-11-01,142,30,0.0,0.0
NJORD,2012-12-01,143,31,5944.9,448.4
NJORD,2013-01-01,144,31,7955.6,513.3
NJORD,2013-02-01,145,28,9126.9,981.7
NJORD,2013-03-01,146,31,5628.4,919.1
NJORD,2013-04-01,147,30,9713.5,1002.2
NJORD,2013-05-01,148,31,10205.7,1235.6
NJORD,2013-06-01,149,30,7457.6,1180.4
NJORD,2013-07-01,150,31,6062.6,949.6
NJORD,2013-08-01,151,31,0.0,0.0
NJORD,2013-09-01,152,30,0.0,0.0
NJORD,2013-10-01,153,31,0.0,0.0
NJORD,2013-11-01,154,30,0.0,0.0
NJORD,2013-12-01,155,31,0.0,0.0
NJORD,2014-01-01,156,31,0.0,0.0
NJORD,2014-02-01,157,28,0.0,0.0
NJORD,2014-03-01,158,31,0.0,0.0
NJORD,2014-04-01,159,30,0.0,0.0
NJORD,2014-05-01,160,31,0.0,0.0
NJORD,2014-06-01,161,30,0.0,0.0
NJORD,2014-07-01,162,31,12520.8,432.2
NJORD,2014-08-01,163,31,18319.5,1615.1
NJORD,2014-09-01,164,30,13581.8,2006.4
NJORD,2014-10-01,165,31,11670.6,1844.3
NJORD,2014-11-01,166,30,10663.3,1408.9
NJORD,2014-12-01,167,31,9047.2,1671.9
NJORD,2015-01-01,168,31,8288.3,1347.2
NJORD,2015-02-01,169,28,8401.4,1089.5
NJORD,2015-03-01,170,31,7616.7,973.9
NJORD,2015-04-01,171,30,6591.7,954.0
NJORD,2015-05-01,172,31,5912.4,917.1
NJORD,2015-06-01,173,30,5780.3,939.3
NJORD,2015-07-01,174,31,5470.1,988.1
NJORD,2015-08-01,175,31,6275.6,1166.7
NJORD,2015-09-01,176,30,7430.4,949.8
NJORD,2015-10-01,177,31,8584.6,982.0
NJORD,2015-11-01,178,30,5029.7,907.8
NJORD,2015-12-01,179,31,3861.1,775.1
NJORD,2016-01-01,180,31,3307.2,738.5
NJORD,2016-02-01,181,29,3151.4,767.8
NJORD,2016-03-01,182,31,3380.3,779.1
NJORD,2016-04-01,183,30,4966.8,876.4
NJORD,2016-05-01,184,31,4871.6,886.7
NJORD,2016-06-01,185,30,39.8,33.5
NJORD,2016-07-01,186,31,0.0,0.0
NJORD,2016-08-01,187,31,0.0,0.0
NJORD,2016-09-01,188,30,0.0,0.0
NJORD,2016-10-01,189,31,0.0,0.0
NJORD,2016-11-01,190,30,0.0,0.0
NJORD,2016-12-01,191,31,0.0,0.0
NJORD,2017-01-01,192,31,0.0,0.0
NJORD,2017-02-01,193,28,0.0,0.0
NJORD,2017-03-01,194,31,0.0,0.0
NJORD,2017-04-01,195,30,0.0,0.0
NJORD,2017-05-01,196,31,0.0,0.0
NJORD,2017-06-01,197,30,0.0,0.0
NJORD,2017-07-01,198,31,0.0,0.0
NJORD,2017-08-01,199,31,0.0,0.0
NJORD,2017-09-01,200,30,0.0,0.0
NJORD,2017-10-01,201,31,0.0,0.0
NJORD,2017-11-01,202,30,0.0,0.0
NJORD,2017-12-01,203,31,0.0,0.0
NJORD,2018-01-01,204,31,0.0,0.0
NJORD,2018-02-01,205,28,0.0,0.0
NJORD,2018-03-01,206,31,0.0,0.0
NJORD,2018-04-01,207,30,0.0,0.0
NJORD,2018-05-01,208,31,0.0,0.0
NJORD,2018-06-01,209,30,0.0,0.0
NJORD,2018-07-01,210,31,0.0,0.0
NJORD,2018-08-01,211,31,0.0,0.0
NJORD,2018-09-01,212,30,0.0,0.0
NJORD,2018-10-01,213,31,0.0,0.0
NJORD,2018-11-01,214,30,0.0,0.0
NJORD,2018-12-01,215,31,0.0,0.0
NJORD,2019-01-01,216,31,0.0,0.0
NJORD,2019-02-01,217,28,0.0,0.0
NJORD,2019-03-01,218,31,0.0,0.0
NJORD,2019-04-01,219,30,0.0,0.0
NJORD,2019-05-01,220,31,0.0,0.0
NJORD,2019-06-01,221,30,0.0,0.0
NJORD,2019-07-01,222,31,0.0,0.0
NJORD,2019-08-01,223,31,0.0,0.0
NJORD,2019-09-01,224,30,0.0,0.0
NJORD,2019-10-01,225,31,0.0,0.0
NJORD,2019-11-01,226,30,0.0,0.0
NJORD,2019-12-01,227,31,0.0,0.0
NJORD,2020-01-01,228,31,0.0,0.0
NJORD,2020-02-01,229,29,0.0,0.0
NJORD,2020-03-01,230,31,0.0,0.0
NJORD,2020-04-01,231,30,0.0,0.0
NJORD,2020-05-01,232,31,0.0,0.0
NJORD,2020-06-01,233,30,0.0,0.0
NJORD,2020-07-01,234,31,0.0,0.0
NJORD,2020-08-01,235,31,0.0,0.0
NJORD,2020-09-01,236,30,0.0,0.0
NJORD,2020-10-01,237,31,0.0,0.0
NJORD,2020-11-01,238,30,0.0,0.0
NJORD,2020-12-01,239,31,0.0,0.0
NJORD,2021-01-01,240,31,0.0,0.0
NJORD,2021-02-01,241,28,0.0,0.0
NJORD,2021-03-01,242,31,0.0,0.0
NJORD,2021-04-01,243,30,0.0,0.0
NJORD,2021-05-01,244,31,0.0,0.0
NJORD,2021-06-01,245,30,0.0,0.0
NJORD,2021-07-01,246,31,0.0,0.0
NJORD,2021-08-01,247,31,0.0,0.0
NJORD,2021-09-01,248,30,0.0,0.0
NJORD,2021-10-01,249,31,0.0,0.0
NJORD,2021-11-01,250,30,0.0,0.0
NJORD,2021-12-01,251,31,0.0,0.0
NJORD,2022-01-01,252,31,0.0,0.0
NJORD,2022-02-01,253,28,0.0,0.0
NJORD,2022-03-01,254,31,0.0,0.0
NJORD,2022-04-01,255,30,0.0,0.0
NJORD,2022-05-01,256,31,0.0,0.0
NJORD,2022-06-01,257,30,0.0,0.0
NJORD,2022-07-01,258,31,0.0,0.0
NJORD,2022-08-01,259,31,0.0,0.0
NJORD,2022-09-01,260,30,0.0,0.0
NJORD,2022-10-01,261,31,0.0,0.0
NJORD,2022-11-01,262,30,0.0,0.0
NJORD,2022-12-01,263,31,207.0,8.1
NJORD,2023-01-01,264,31,3777.9,56.8
NJORD,2023-02-01,265,28,143.8,2.2
NJORD,2023-03-01,266,31,5705.5,176.5
NJORD,2023-04-01,267,30,15911.1,1268.4
NJORD,2023-05-01,268,31,11132.9,1168.7
NJORD,2023-06-01,269,30,2882.8,631.1
NJORD,2023-07-01,270,31,5054.2,1649.6
NJORD,2023-08-01,271,31,4944.6,1659.7
NJORD,2023-09-01,272,30,3828.4,1067.2
NJORD,2023-10-01,273,31,2436.8,716.2
NJORD,2023-11-01,274,30,3046.4,884.8
NJORD,2023-12-01,275,31,3094.2,957.7
NJORD,2024-01-01,276,31,2424.6,831.9
NJORD,2024-02-01,277,29,2691.6,700.6
NJORD,2024-03-01,278,31,4128.9,1203.2
NJORD,2024-04-01,279,30,2993.9,1117.5
NJORD,2024-05-01,280,31,1834.2,738.5
NJORD,2024-06-01,281,30,1943.5,872.2
NJORD,2024-07-01,282,31,2438.8,779.1
NJORD,2024-08-01,283,31,3317.4,592.5
NJORD,2024-09-01,284,30,0.0,0.0
NJORD,2024-10-01,285,31,4723.4,850.1
NJORD,2024-11-01,286,30,3054.7,572.4
NJORD,2024-12-01,287,31,2520.0,947.5
NJORD,2025-01-01,288,31,2347.5,927.2
NJORD,2025-02-01,289,28,1927.4,1044.6
NJORD,2025-03-01,290,31,1909.3,468.7
NJORD,2025-04-01,291,30,1671.0,455.0
NJORD,2025-05-01,292,31,1917.4,472.7
NJORD,2025-06-01,293,30,3061.0,605.9
NJORD,2025-07-01,294,31,3073.9,937.4
NJORD,2025-08-01,295,31,3861.1,953.6
NJORD,2025-09-01,296,30,3962.6,618.5
NJORD,2025-10-01,297,31,3400.5,673.6
NJORD,2025-11-01,298,30,3578.9,729.6
NJORD,2025-12-01,299,31,11204.0,627.0
NJORD,2026-01-01,300,31,14466.5,888.7
NJORD,2026-02-01,301,28,13846.5,1017.6
NJORD,2026-03-01,302,31,11837.0,718.3
NJORD,2026-04-01,303,30,13258.9,2081.9
NJORD,2026-05-01,304,31,14634.9,2422.6
NORNE,2001-06-01,0,30,201969.7,7531.0
NORNE,2001-07-01,1,31,188982.1,7188.6
NORNE,2001-08-01,2,31,197753.3,4072.1
NORNE,2001-09-01,3,30,148259.0,4490.9
NORNE,2001-10-01,4,31,213999.3,1686.1
NORNE,2001-11-01,5,30,189614.4,5547.6
NORNE,2001-12-01,6,31,200106.9,11577.3
NORNE,2002-01-01,7,31,187638.9,11352.1
NORNE,2002-02-01,8,28,195188.2,6918.8
NORNE,2002-03-01,9,31,172141.7,8931.5
NORNE,2002-04-01,10,30,207215.4,11504.0
NORNE,2002-05-01,11,31,201732.1,14610.6
NORNE,2002-06-01,12,30,174657.3,21949.3
NORNE,2002-07-01,13,31,181730.6,27084.7
NORNE,2002-08-01,14,31,183073.8,23221.5
NORNE,2002-09-01,15,30,187220.1,24175.9
NORNE,2002-10-01,16,31,151363.0,20470.3
NORNE,2002-11-01,17,30,147695.0,23177.9
NORNE,2002-12-01,18,31,136054.5,24213.7
NORNE,2003-01-01,19,31,149295.5,21880.4
NORNE,2003-02-01,20,28,135864.2,29649.7
NORNE,2003-03-01,21,31,164910.4,32106.4
NORNE,2003-04-01,22,30,142470.3,26182.3
NORNE,2003-05-01,23,31,156930.5,38018.8
NORNE,2003-06-01,24,30,149814.6,28536.8
NORNE,2003-07-01,25,31,140747.5,31260.3
NORNE,2003-08-01,26,31,140258.5,34184.0
NORNE,2003-09-01,27,30,127760.5,32650.4
NORNE,2003-10-01,28,31,152899.0,34794.8
NORNE,2003-11-01,29,30,157538.5,38613.1
NORNE,2003-12-01,30,31,148433.2,35580.0
NORNE,2004-01-01,31,31,145953.8,33975.1
NORNE,2004-02-01,32,29,132205.1,33637.4
NORNE,2004-03-01,33,31,130020.3,36752.7
NORNE,2004-04-01,34,30,119774.6,35870.7
NORNE,2004-05-01,35,31,121650.8,39177.3
NORNE,2004-06-01,36,30,128376.9,47068.7
NORNE,2004-07-01,37,31,130917.1,48173.8
NORNE,2004-08-01,38,31,83914.0,32934.2
NORNE,2004-09-01,39,30,91766.1,34640.0
NORNE,2004-10-01,40,31,134875.6,55701.3
NORNE,2004-11-01,41,30,116644.3,51050.1
NORNE,2004-12-01,42,31,108988.0,60489.6
NORNE,2005-01-01,43,31,100831.6,76191.8
NORNE,2005-02-01,44,28,99311.4,80698.1
NORNE,2005-03-01,45,31,99029.9,85604.2
NORNE,2005-04-01,46,30,95902.7,89772.2
NORNE,2005-05-01,47,31,114772.6,81383.9
NORNE,2005-06-01,48,30,113973.3,83281.1
NORNE,2005-07-01,49,31,102028.7,72633.0
NORNE,2005-08-01,50,31,88266.2,76449.5
NORNE,2005-09-01,51,30,83212.0,94156.2
NORNE,2005-10-01,52,31,76455.6,103530.1
NORNE,2005-11-01,53,30,59132.5,87765.8
NORNE,2005-12-01,54,31,56709.6,92713.7
NORNE,2006-01-01,55,31,54974.9,71504.9
NORNE,2006-02-01,56,28,87616.9,90725.9
NORNE,2006-03-01,57,31,110879.0,103022.9
NORNE,2006-04-01,58,30,108884.8,99393.5
NORNE,2006-05-01,59,31,99612.2,91646.4
NORNE,2006-06-01,60,30,88143.2,89759.6
NORNE,2006-07-01,61,31,87797.5,100316.2
NORNE,2006-08-01,62,31,88765.3,108452.4
NORNE,2006-09-01,63,30,83947.9,110587.3
NORNE,2006-10-01,64,31,74282.5,90120.7
NORNE,2006-11-01,65,30,66743.2,94617.5
NORNE,2006-12-01,66,31,51925.3,79762.8
NORNE,2007-01-01,67,31,51580.4,63620.3
NORNE,2007-02-01,68,28,67318.8,94461.6
NORNE,2007-03-01,69,31,61463.5,88793.7
NORNE,2007-04-01,70,30,60929.3,96378.6
NORNE,2007-05-01,71,31,66540.0,101213.0
NORNE,2007-06-01,72,30,66713.8,92091.1
NORNE,2007-07-01,73,31,75439.0,97934.2
NORNE,2007-08-01,74,31,84007.4,107139.6
NORNE,2007-09-01,75,30,91627.7,110383.9
NORNE,2007-10-01,76,31,88939.8,112692.9
NORNE,2007-11-01,77,30,87363.2,120778.8
NORNE,2007-12-01,78,31,81724.8,124927.6
NORNE,2008-01-01,79,31,73326.9,114967.4
NORNE,2008-02-01,80,29,70361.2,119074.6
NORNE,2008-03-01,81,31,67175.1,110317.0
NORNE,2008-04-01,82,30,62801.6,119722.1
NORNE,2008-05-01,83,31,66521.7,116239.6
NORNE,2008-06-01,84,30,70930.1,118246.1
NORNE,2008-07-01,85,31,33110.7,52870.8
NORNE,2008-08-01,86,31,14848.0,25218.0
NORNE,2008-09-01,87,30,70441.6,127573.9
NORNE,2008-10-01,88,31,67408.4,141220.2
NORNE,2008-11-01,89,30,62526.9,134293.5
NORNE,2008-12-01,90,31,60089.9,152738.7
NORNE,2009-01-01,91,31,50411.7,136074.8
NORNE,2009-02-01,92,28,56698.1,147787.8
NORNE,2009-03-01,93,31,47662.5,140656.2
NORNE,2009-04-01,94,30,46422.9,138994.1
NORNE,2009-05-01,95,31,45489.5,143441.9
NORNE,2009-06-01,96,30,40630.0,124202.6
NORNE,2009-07-01,97,31,27555.4,80576.4
NORNE,2009-08-01,98,31,27681.2,90374.3
NORNE,2009-09-01,99,30,22029.0,86092.7
NORNE,2009-10-01,100,31,28726.1,75071.8
NORNE,2009-11-01,101,30,32805.5,87178.7
NORNE,2009-12-01,102,31,33218.3,76236.4
NORNE,2010-01-01,103,31,39380.2,70324.0
NORNE,2010-02-01,104,28,41523.9,68675.6
NORNE,2010-03-01,105,31,31169.0,94781.2
NORNE,2010-04-01,106,30,32157.7,102167.3
NORNE,2010-05-01,107,31,32467.5,109294.4
NORNE,2010-06-01,108,30,38457.9,117005.0
NORNE,2010-07-01,109,31,33366.4,118221.9
NORNE,2010-08-01,110,31,20689.4,84338.1
NORNE,2010-09-01,111,30,28824.1,121860.7
NORNE,2010-10-01,112,31,36771.0,155352.0
NORNE,2010-11-01,113,30,33639.9,143638.1
NORNE,2010-12-01,114,31,31712.8,148658.4
NORNE,2011-01-01,115,31,31818.3,146233.8
NORNE,2011-02-01,116,28,32432.9,151507.8
NORNE,2011-03-01,117,31,28261.5,139284.6
NORNE,2011-04-01,118,30,40412.0,133257.8
NORNE,2011-05-01,119,31,35182.3,147627.7
NORNE,2011-06-01,120,30,27406.8,148068.2
NORNE,2011-07-01,121,31,24664.1,135391.0
NORNE,2011-08-01,122,31,24246.2,135628.4
NORNE,2011-09-01,123,30,24765.0,144424.3
NORNE,2011-10-01,124,31,24167.0,134964.9
NORNE,2011-11-01,125,30,22226.1,129882.3
NORNE,2011-12-01,126,31,18869.4,131126.1
NORNE,2012-01-01,127,31,19167.7,139972.4
NORNE,2012-02-01,128,29,15464.2,126778.5
NORNE,2012-03-01,129,31,17501.9,140889.5
NORNE,2012-04-01,130,30,12380.4,93793.5
NORNE,2012-05-01,131,31,9655.9,86823.6
NORNE,2012-06-01,132,30,10497.7,97422.7
NORNE,2012-07-01,133,31,9927.7,112628.0
NORNE,2012-08-01,134,31,10307.2,105427.2
NORNE,2012-09-01,135,30,11738.9,118246.1
NORNE,2012-10-01,136,31,10451.2,66807.8
NORNE,2012-11-01,137,30,12824.9,73664.0
NORNE,2012-12-01,138,31,13460.2,100431.9
NORNE,2013-01-01,139,31,17122.5,127145.3
NORNE,2013-02-01,140,28,14136.3,92266.9
NORNE,2013-03-01,141,31,11266.9,83938.4
NORNE,2013-04-01,142,30,14267.4,123611.3
NORNE,2013-05-01,143,31,17994.9,110079.6
NORNE,2013-06-01,144,30,22964.1,100370.5
NORNE,2013-07-01,145,31,20652.9,119995.2
NORNE,2013-08-01,146,31,18887.7,135167.8
NORNE,2013-09-01,147,30,3526.5,22301.5
NORNE,2013-10-01,148,31,6450.1,47678.7
NORNE,2013-11-01,149,30,7415.7,86434.4
NORNE,2013-12-01,150,31,11009.2,123296.3
NORNE,2014-01-01,151,31,16183.0,154564.7
NORNE,2014-02-01,152,28,14817.0,154461.8
NORNE,2014-03-01,153,31,12218.4,146416.4
NORNE,2014-04-01,154,30,12179.1,141094.9
NORNE,2014-05-01,155,31,12086.6,137184.6
NORNE,2014-06-01,156,30,11522.9,134830.2
NORNE,2014-07-01,157,31,5149.5,74858.8
NORNE,2014-08-01,158,31,11082.2,125960.3
NORNE,2014-09-01,159,30,13126.8,149336.6
NORNE,2014-10-01,160,31,14162.2,153655.8
NORNE,2014-11-01,161,30,11082.6,144462.0
NORNE,2014-12-01,162,31,12543.1,156975.1
NORNE,2015-01-01,163,31,13738.1,141528.6
NORNE,2015-02-01,164,28,11166.6,132719.3
NORNE,2015-03-01,165,31,9440.8,119694.9
NORNE,2015-04-01,166,30,9988.2,123758.1
NORNE,2015-05-01,167,31,10692.7,134869.5
NORNE,2015-06-01,168,30,11183.3,135826.1
NORNE,2015-07-01,169,31,10804.3,135419.4
NORNE,2015-08-01,170,31,9430.6,139386.0
NORNE,2015-09-01,171,30,10363.5,143868.7
NORNE,2015-10-01,172,31,11141.1,138773.3
NORNE,2015-11-01,173,30,10982.0,139367.3
NORNE,2015-12-01,174,31,11597.6,140926.0
NORNE,2016-01-01,175,31,10846.9,140495.9
NORNE,2016-02-01,176,29,9619.1,136655.7
NORNE,2016-03-01,177,31,9185.1,130525.5
NORNE,2016-04-01,178,30,7740.6,117409.6
NORNE,2016-05-01,179,31,7742.5,102186.9
NORNE,2016-06-01,180,30,5677.6,71091.5
NORNE,2016-07-01,181,31,7279.9,72872.4
NORNE,2016-08-01,182,31,6044.3,73819.9
NORNE,2016-09-01,183,30,0.0,0.0
NORNE,2016-10-01,184,31,7736.5,120812.9
NORNE,2016-11-01,185,30,8862.3,130146.4
NORNE,2016-12-01,186,31,7850.1,121234.9
NORNE,2017-01-01,187,31,9873.0,129464.4
NORNE,2017-02-01,188,28,10874.6,129702.4
NORNE,2017-03-01,189,31,10976.7,131604.9
NORNE,2017-04-01,190,30,11145.5,134006.3
NORNE,2017-05-01,191,31,10053.5,126828.7
NORNE,2017-06-01,192,30,10571.1,113208.0
NORNE,2017-07-01,193,31,8769.2,114519.0
NORNE,2017-08-01,194,31,8083.4,113196.1
NORNE,2017-09-01,195,30,8719.8,114797.2
NORNE,2017-10-01,196,31,9160.8,121821.3
NORNE,2017-11-01,197,30,8736.5,127018.3
NORNE,2017-12-01,198,31,10999.0,138266.0
NORNE,2018-01-01,199,31,10784.0,133151.0
NORNE,2018-02-01,200,28,10634.3,131573.6
NORNE,2018-03-01,201,31,11398.7,135230.7
NORNE,2018-04-01,202,30,10390.7,129718.7
NORNE,2018-05-01,203,31,9426.6,125739.2
NORNE,2018-06-01,204,30,12414.0,134834.4
NORNE,2018-07-01,205,31,12159.6,136397.4
NORNE,2018-08-01,206,31,10924.0,126881.5
NORNE,2018-09-01,207,30,9564.7,113482.7
NORNE,2018-10-01,208,31,10398.5,126544.7
NORNE,2018-11-01,209,30,9990.3,126802.4
NORNE,2018-12-01,210,31,9028.9,121835.5
NORNE,2019-01-01,211,31,10775.8,122056.6
NORNE,2019-02-01,212,28,10232.2,119708.4
NORNE,2019-03-01,213,31,9394.1,112078.1
NORNE,2019-04-01,214,30,8556.2,93982.2
NORNE,2019-05-01,215,31,7316.5,84181.9
NORNE,2019-06-01,216,30,7793.1,89990.3
NORNE,2019-07-01,217,31,6703.7,92782.7
NORNE,2019-08-01,218,31,7284.0,100407.5
NORNE,2019-09-01,219,30,7157.8,96022.2
NORNE,2019-10-01,220,31,8688.0,104374.2
NORNE,2019-11-01,221,30,8204.0,102421.0
NORNE,2019-12-01,222,31,26246.7,223245.3
NORNE,2020-01-01,223,31,8742.8,112295.2
NORNE,2020-02-01,224,29,9560.5,107269.3
NORNE,2020-03-01,225,31,9864.8,124525.9
NORNE,2020-04-01,226,30,10132.9,126745.8
NORNE,2020-05-01,227,31,8895.0,124588.8
NORNE,2020-06-01,228,30,7627.4,112331.6
NORNE,2020-07-01,229,31,6024.0,97455.4
NORNE,2020-08-01,230,31,14012.1,113356.4
NORNE,2020-09-01,231,30,8493.3,94783.1
NORNE,2020-10-01,232,31,11082.2,120210.3
NORNE,2020-11-01,233,30,8589.8,99741.6
NORNE,2020-12-01,234,31,9546.3,107362.8
NORNE,2021-01-01,235,31,8367.5,116046.8
NORNE,2021-02-01,236,28,9270.7,123167.8
NORNE,2021-03-01,237,31,16333.2,128938.9
NORNE,2021-04-01,238,30,16709.9,116786.9
NORNE,2021-05-01,239,31,7172.4,48989.4
NORNE,2021-06-01,240,30,2478.2,14829.3
NORNE,2021-07-01,241,31,14632.9,112001.0
NORNE,2021-08-01,242,31,12409.2,108531.5
NORNE,2021-09-01,243,30,9021.7,99286.6
NORNE,2021-10-01,244,31,9586.9,102951.9
NORNE,2021-11-01,245,30,7575.0,94638.4
NORNE,2021-12-01,246,31,7320.5,90662.4
NORNE,2022-01-01,247,31,8428.3,85170.0
NORNE,2022-02-01,248,28,7215.3,81911.2
NORNE,2022-03-01,249,31,7630.9,101655.3
NORNE,2022-04-01,250,30,8189.3,102865.5
NORNE,2022-05-01,251,31,8255.9,103925.8
NORNE,2022-06-01,252,30,8679.9,99672.4
NORNE,2022-07-01,253,31,6042.3,86833.7
NORNE,2022-08-01,254,31,6862.0,83339.8
NORNE,2022-09-01,255,30,6497.4,73165.1
NORNE,2022-10-01,256,31,6886.3,61903.8
NORNE,2022-11-01,257,30,6549.8,73567.6
NORNE,2022-12-01,258,31,6091.0,74637.6
NORNE,2023-01-01,259,31,5228.6,65077.1
NORNE,2023-02-01,260,28,5420.5,73631.1
NORNE,2023-03-01,261,31,6182.3,74024.9
NORNE,2023-04-01,262,30,6275.1,68267.4
NORNE,2023-05-01,263,31,2369.8,25301.2
NORNE,2023-06-01,264,30,0.0,0.0
NORNE,2023-07-01,265,31,4230.4,55818.9
NORNE,2023-08-01,266,31,5608.1,66596.8
NORNE,2023-09-01,267,30,5419.7,49020.6
NORNE,2023-10-01,268,31,5212.4,64450.2
NORNE,2023-11-01,269,30,5092.6,65265.1
NORNE,2023-12-01,270,31,3035.3,58359.2
NORNE,2024-01-01,271,31,4652.4,65117.7
NORNE,2024-02-01,272,29,3233.8,43683.7
NORNE,2024-03-01,273,31,3390.4,27878.0
NORNE,2024-04-01,274,30,4031.8,38726.3
NORNE,2024-05-01,275,31,3339.7,51913.2
NORNE,2024-06-01,276,30,3224.6,53997.9
NORNE,2024-07-01,277,31,3810.4,53889.4
NORNE,2024-08-01,278,31,3240.3,50212.9
NORNE,2024-09-01,279,30,0.0,0.0
NORNE,2024-10-01,280,31,1663.8,26960.9
NORNE,2024-11-01,281,30,3457.3,44902.9
NORNE,2024-12-01,282,31,2741.1,42908.6
NORNE,2025-01-01,283,31,2507.8,44795.5
NORNE,2025-02-01,284,28,2906.8,45028.2
NORNE,2025-03-01,285,31,3550.7,46970.6
NORNE,2025-04-01,286,30,2624.9,36864.5
NORNE,2025-05-01,287,31,0.0,0.0
NORNE,2025-06-01,288,30,0.0,0.0
NORNE,2025-07-01,289,31,758.8,16761.3
NORNE,2025-08-01,290,31,2079.7,26707.3
NORNE,2025-09-01,291,30,2702.5,26153.0
NORNE,2025-10-01,292,31,1010.4,18680.7
NORNE,2025-11-01,293,30,3537.0,39204.3
NORNE,2025-12-01,294,31,4033.6,36606.6
NORNE,2026-01-01,295,31,6117.3,43653.2
NORNE,2026-02-01,296,28,6449.3,45248.4
NORNE,2026-03-01,297,31,5368.6,42866.0
NORNE,2026-04-01,298,30,4151.3,36644.4
NORNE,2026-05-01,299,31,5021.7,43399.6
OSEBERG,1995-03-01,0,31,508544.5,0.0
OSEBERG,1995-04-01,1,30,507094.2,0.0
OSEBERG,1995-05-01,2,31,507177.0,0.0
OSEBERG,1995-06-01,3,30,415879.5,0.0
OSEBERG,1995-07-01,4,31,508319.3,0.0
OSEBERG,1995-08-01,5,31,505785.1,0.0
OSEBERG,1995-09-01,6,30,507410.7,0.0
OSEBERG,1995-10-01,7,31,509116.7,0.0
OSEBERG,1995-11-01,8,30,505473.5,0.0
OSEBERG,1995-12-01,9,31,501317.3,0.0
OSEBERG,1996-01-01,10,31,508006.9,0.0
OSEBERG,1996-02-01,11,29,507526.1,0.0
OSEBERG,1996-03-01,12,31,504892.4,0.0
OSEBERG,1996-04-01,13,30,507356.2,0.0
OSEBERG,1996-05-01,14,31,478702.5,0.0
OSEBERG,1996-06-01,15,30,505286.9,0.0
OSEBERG,1996-07-01,16,31,505562.0,0.0
OSEBERG,1996-08-01,17,31,504405.4,0.0
OSEBERG,1996-09-01,18,30,500013.9,0.0
OSEBERG,1996-10-01,19,31,505663.4,0.0
OSEBERG,1996-11-01,20,30,491988.2,0.0
OSEBERG,1996-12-01,21,31,487676.6,0.0
OSEBERG,1997-01-01,22,31,504462.2,0.0
OSEBERG,1997-02-01,23,28,504821.6,0.0
OSEBERG,1997-03-01,24,31,489723.8,0.0
OSEBERG,1997-04-01,25,30,504156.8,0.0
OSEBERG,1997-05-01,26,31,488567.3,0.0
OSEBERG,1997-06-01,27,30,353740.4,0.0
OSEBERG,1997-07-01,28,31,488707.3,0.0
OSEBERG,1997-08-01,29,31,481476.1,0.0
OSEBERG,1997-09-01,30,30,471802.1,0.0
OSEBERG,1997-10-01,31,31,454638.9,0.0
OSEBERG,1997-11-01,32,30,447112.5,0.0
OSEBERG,1997-12-01,33,31,449605.0,0.0
OSEBERG,1998-01-01,34,31,441600.8,0.0
OSEBERG,1998-02-01,35,28,439825.5,0.0
OSEBERG,1998-03-01,36,31,407069.8,0.0
OSEBERG,1998-04-01,37,30,405845.2,0.0
OSEBERG,1998-05-01,38,31,394056.0,0.0
OSEBERG,1998-06-01,39,30,406696.4,0.0
OSEBERG,1998-07-01,40,31,413757.2,0.0
OSEBERG,1998-08-01,41,31,423638.3,0.0
OSEBERG,1998-09-01,42,30,419156.5,0.0
OSEBERG,1998-10-01,43,31,414284.8,0.0
OSEBERG,1998-11-01,44,30,385501.8,0.0
OSEBERG,1998-12-01,45,31,433448.4,0.0
OSEBERG,1999-01-01,46,31,415132.9,0.0
OSEBERG,1999-02-01,47,28,392398.2,0.0
OSEBERG,1999-03-01,48,31,382186.5,0.0
OSEBERG,1999-04-01,49,30,370018.5,0.0
OSEBERG,1999-05-01,50,31,364051.6,0.0
OSEBERG,1999-06-01,51,30,177166.9,0.0
OSEBERG,1999-07-01,52,31,353131.7,0.0
OSEBERG,1999-08-01,53,31,316086.8,0.0
OSEBERG,1999-09-01,54,30,296360.7,0.0
OSEBERG,1999-10-01,55,31,318621.0,0.0
OSEBERG,1999-11-01,56,30,319486.2,0.0
OSEBERG,1999-12-01,57,31,314189.7,0.0
OSEBERG,2000-01-01,58,31,297972.2,58373.4
OSEBERG,2000-02-01,59,29,300539.7,52886.4
OSEBERG,2000-03-01,60,31,313542.5,61244.4
OSEBERG,2000-04-01,61,30,289465.0,58216.3
OSEBERG,2000-05-01,62,31,252793.1,56752.3
OSEBERG,2000-06-01,63,30,272560.1,53385.7
OSEBERG,2000-07-01,64,31,277633.8,48068.3
OSEBERG,2000-08-01,65,31,259257.4,49044.2
OSEBERG,2000-09-01,66,30,222895.8,52574.3
OSEBERG,2000-10-01,67,31,247941.9,47526.5
OSEBERG,2000-11-01,68,30,220298.1,44401.8
OSEBERG,2000-12-01,69,31,223722.1,45976.4
OSEBERG,2001-01-01,70,31,213453.5,46116.4
OSEBERG,2001-02-01,71,28,192485.9,41011.7
OSEBERG,2001-03-01,72,31,204091.8,34595.9
OSEBERG,2001-04-01,73,30,204475.1,40277.8
OSEBERG,2001-05-01,74,31,183865.1,42592.1
OSEBERG,2001-06-01,75,30,117384.4,30792.8
OSEBERG,2001-07-01,76,31,187103.3,32968.7
OSEBERG,2001-08-01,77,31,174943.7,34555.3
OSEBERG,2001-09-01,78,30,204984.6,36642.3
OSEBERG,2001-10-01,79,31,190984.7,35123.5
OSEBERG,2001-11-01,80,30,213450.7,37673.8
OSEBERG,2001-12-01,81,31,181128.0,33603.8
OSEBERG,2002-01-01,82,31,204674.1,33084.3
OSEBERG,2002-02-01,83,28,202542.8,29582.3
OSEBERG,2002-03-01,84,31,122746.5,21829.7
OSEBERG,2002-04-01,85,30,182838.2,27614.3
OSEBERG,2002-05-01,86,31,181107.7,25473.7
OSEBERG,2002-06-01,87,30,181033.0,26748.4
OSEBERG,2002-07-01,88,31,167939.7,32167.3
OSEBERG,2002-08-01,89,31,158464.4,29166.4
OSEBERG,2002-09-01,90,30,180571.8,34916.8
OSEBERG,2002-10-01,91,31,178723.7,34541.1
OSEBERG,2002-11-01,92,30,165220.5,33457.5
OSEBERG,2002-12-01,93,31,168432.7,31702.6
OSEBERG,2003-01-01,94,31,171979.4,37570.4
OSEBERG,2003-02-01,95,28,177471.2,34683.8
OSEBERG,2003-03-01,96,31,172312.1,33457.7
OSEBERG,2003-04-01,97,30,143222.9,36044.7
OSEBERG,2003-05-01,98,31,136431.8,35638.8
OSEBERG,2003-06-01,99,30,156389.6,35818.3
OSEBERG,2003-07-01,100,31,142145.4,40244.6
OSEBERG,2003-08-01,101,31,156135.2,42626.6
OSEBERG,2003-09-01,102,30,136987.7,40128.9
OSEBERG,2003-10-01,103,31,161873.1,45816.1
OSEBERG,2003-11-01,104,30,176567.3,47240.6
OSEBERG,2003-12-01,105,31,167038.8,46836.7
OSEBERG,2004-01-01,106,31,142161.7,45112.1
OSEBERG,2004-02-01,107,29,187516.3,42098.3
OSEBERG,2004-03-01,108,31,161785.8,42890.3
OSEBERG,2004-04-01,109,30,129089.8,43384.9
OSEBERG,2004-05-01,110,31,166036.5,37316.8
OSEBERG,2004-06-01,111,30,149831.4,44921.8
OSEBERG,2004-07-01,112,31,150604.2,40676.7
OSEBERG,2004-08-01,113,31,148051.7,56508.8
OSEBERG,2004-09-01,114,30,129647.5,41778.9
OSEBERG,2004-10-01,115,31,149236.7,40477.9
OSEBERG,2004-11-01,116,30,141034.1,40766.3
OSEBERG,2004-12-01,117,31,142827.2,47070.0
OSEBERG,2005-01-01,118,31,141713.3,48606.0
OSEBERG,2005-02-01,119,28,140264.8,45459.5
OSEBERG,2005-03-01,120,31,144111.5,47557.0
OSEBERG,2005-04-01,121,30,140587.5,46622.1
OSEBERG,2005-05-01,122,31,131868.7,48983.3
OSEBERG,2005-06-01,123,30,88403.1,24381.4
OSEBERG,2005-07-01,124,31,130105.5,55388.8
OSEBERG,2005-08-01,125,31,134991.3,62958.9
OSEBERG,2005-09-01,126,30,122535.8,63023.8
OSEBERG,2005-10-01,127,31,112415.0,57470.5
OSEBERG,2005-11-01,128,30,123758.1,55863.9
OSEBERG,2005-12-01,129,31,133134.8,59247.9
OSEBERG,2006-01-01,130,31,119946.5,58020.4
OSEBERG,2006-02-01,131,28,120660.8,49808.5
OSEBERG,2006-03-01,132,31,127597.7,46631.8
OSEBERG,2006-04-01,133,30,125793.9,47905.2
OSEBERG,2006-05-01,134,31,107815.3,50576.1
OSEBERG,2006-06-01,135,30,107364.8,50800.6
OSEBERG,2006-07-01,136,31,109268.0,52101.9
OSEBERG,2006-08-01,137,31,94154.2,41184.0
OSEBERG,2006-09-01,138,30,90453.6,43674.3
OSEBERG,2006-10-01,139,31,93352.8,44146.3
OSEBERG,2006-11-01,140,30,96871.3,46487.9
OSEBERG,2006-12-01,141,31,102456.8,48090.6
OSEBERG,2007-01-01,142,31,103002.6,44002.2
OSEBERG,2007-02-01,143,28,102162.1,45628.0
OSEBERG,2007-03-01,144,31,89459.2,42200.5
OSEBERG,2007-04-01,145,30,97148.1,38780.8
OSEBERG,2007-05-01,146,31,81513.8,37233.6
OSEBERG,2007-06-01,147,30,68057.7,30757.1
OSEBERG,2007-07-01,148,31,86578.1,46518.1
OSEBERG,2007-08-01,149,31,87044.7,44686.0
OSEBERG,2007-09-01,150,30,88275.2,43231.9
OSEBERG,2007-10-01,151,31,94131.9,43190.6
OSEBERG,2007-11-01,152,30,90030.1,42697.3
OSEBERG,2007-12-01,153,31,81237.8,40421.1
OSEBERG,2008-01-01,154,31,82893.5,42628.6
OSEBERG,2008-02-01,155,29,82314.0,44271.5
OSEBERG,2008-03-01,156,31,79608.6,50298.1
OSEBERG,2008-04-01,157,30,87524.7,47511.1
OSEBERG,2008-05-01,158,31,88976.3,33762.0
OSEBERG,2008-06-01,159,30,67908.9,25677.1
OSEBERG,2008-07-01,160,31,108915.0,41936.7
OSEBERG,2008-08-01,161,31,88990.5,37690.1
OSEBERG,2008-09-01,162,30,81566.1,33663.0
OSEBERG,2008-10-01,163,31,110956.1,45840.5
OSEBERG,2008-11-01,164,30,105253.5,45424.9
OSEBERG,2008-12-01,165,31,105281.1,45022.8
OSEBERG,2009-01-01,166,31,102144.3,48916.4
OSEBERG,2009-02-01,167,28,103148.2,58054.9
OSEBERG,2009-03-01,168,31,104986.9,51304.5
OSEBERG,2009-04-01,169,30,96399.6,42537.9
OSEBERG,2009-05-01,170,31,96447.0,51783.3
OSEBERG,2009-06-01,171,30,42020.1,23771.3
OSEBERG,2009-07-01,172,31,84575.5,49129.4
OSEBERG,2009-08-01,173,31,67359.7,33256.8
OSEBERG,2009-09-01,174,30,88816.2,45829.6
OSEBERG,2009-10-01,175,31,84232.6,51349.1
OSEBERG,2009-11-01,176,30,97588.3,53184.5
OSEBERG,2009-12-01,177,31,92667.0,52659.8
OSEBERG,2010-01-01,178,31,102675.9,49099.0
OSEBERG,2010-02-01,179,28,92819.5,56707.0
OSEBERG,2010-03-01,180,31,80192.9,54007.1
OSEBERG,2010-04-01,181,30,83750.8,49211.4
OSEBERG,2010-05-01,182,31,77039.9,44253.8
OSEBERG,2010-06-01,183,30,60182.9,43540.1
OSEBERG,2010-07-01,184,31,58006.2,58065.0
OSEBERG,2010-08-01,185,31,60329.3,46144.8
OSEBERG,2010-09-01,186,30,68841.9,44884.0
OSEBERG,2010-10-01,187,31,72192.7,53852.9
OSEBERG,2010-11-01,188,30,65200.1,50263.9
OSEBERG,2010-12-01,189,31,71088.9,53006.8
OSEBERG,2011-01-01,190,31,53895.5,38051.3
OSEBERG,2011-02-01,191,28,65885.7,49334.5
OSEBERG,2011-03-01,192,31,75751.5,53292.9
OSEBERG,2011-04-01,193,30,79746.3,42770.6
OSEBERG,2011-05-01,194,31,37872.7,17814.3
OSEBERG,2011-06-01,195,30,61101.2,26023.0
OSEBERG,2011-07-01,196,31,72478.8,42616.4
OSEBERG,2011-08-01,197,31,86831.7,42117.3
OSEBERG,2011-09-01,198,30,65128.8,36292.1
OSEBERG,2011-10-01,199,31,70882.0,31546.4
OSEBERG,2011-11-01,200,30,71538.1,32277.2
OSEBERG,2011-12-01,201,31,68291.0,26764.1
OSEBERG,2012-01-01,202,31,65866.4,25512.2
OSEBERG,2012-02-01,203,29,65745.8,34554.9
OSEBERG,2012-03-01,204,31,67252.2,39416.8
OSEBERG,2012-04-01,205,30,62407.4,35155.8
OSEBERG,2012-05-01,206,31,59631.4,34944.9
OSEBERG,2012-06-01,207,30,50117.1,24756.7
OSEBERG,2012-07-01,208,31,43779.0,24739.2
OSEBERG,2012-08-01,209,31,60794.0,36933.3
OSEBERG,2012-09-01,210,30,52241.0,31002.4
OSEBERG,2012-10-01,211,31,53025.0,26129.0
OSEBERG,2012-11-01,212,30,52220.0,29094.5
OSEBERG,2012-12-01,213,31,49868.0,25619.8
OSEBERG,2013-01-01,214,31,51968.0,26015.4
OSEBERG,2013-02-01,215,28,49927.5,24480.8
OSEBERG,2013-03-01,216,31,44182.8,29649.3
OSEBERG,2013-04-01,217,30,55004.3,37277.5
OSEBERG,2013-05-01,218,31,50446.2,36604.6
OSEBERG,2013-06-01,219,30,51700.1,24572.2
OSEBERG,2013-07-01,220,31,50736.4,29779.2
OSEBERG,2013-08-01,221,31,50925.1,27427.6
OSEBERG,2013-09-01,222,30,50710.5,32314.9
OSEBERG,2013-10-01,223,31,60012.8,33264.9
OSEBERG,2013-11-01,224,30,51316.4,28784.2
OSEBERG,2013-12-01,225,31,53077.8,33248.7
OSEBERG,2014-01-01,226,31,47818.7,32100.3
OSEBERG,2014-02-01,227,28,53928.3,31568.1
OSEBERG,2014-03-01,228,31,48614.1,33620.0
OSEBERG,2014-04-01,229,30,42131.2,25511.4
OSEBERG,2014-05-01,230,31,10662.2,8817.9
OSEBERG,2014-06-01,231,30,54201.3,36072.0
OSEBERG,2014-07-01,232,31,46047.4,32149.0
OSEBERG,2014-08-01,233,31,52039.0,39688.6
OSEBERG,2014-09-01,234,30,57958.4,50687.4
OSEBERG,2014-10-01,235,31,51834.0,43178.5
OSEBERG,2014-11-01,236,30,49366.5,38573.2
OSEBERG,2014-12-01,237,31,51495.2,52895.2
OSEBERG,2015-01-01,238,31,50886.5,58829.9
OSEBERG,2015-02-01,239,28,53290.3,69513.5
OSEBERG,2015-03-01,240,31,47045.7,54922.1
OSEBERG,2015-04-01,241,30,56096.6,39789.3
OSEBERG,2015-05-01,242,31,52270.3,59434.6
OSEBERG,2015-06-01,243,30,54532.6,60658.8
OSEBERG,2015-07-01,244,31,50391.4,47343.9
OSEBERG,2015-08-01,245,31,48490.3,40494.1
OSEBERG,2015-09-01,246,30,52960.1,43867.2
OSEBERG,2015-10-01,247,31,53376.1,42202.5
OSEBERG,2015-11-01,248,30,47567.7,46378.9
OSEBERG,2015-12-01,249,31,61065.8,47350.0
OSEBERG,2016-01-01,250,31,57606.5,51324.8
OSEBERG,2016-02-01,251,29,58252.2,57196.0
OSEBERG,2016-03-01,252,31,57170.2,58407.9
OSEBERG,2016-04-01,253,30,56272.7,51503.0
OSEBERG,2016-05-01,254,31,49675.2,51290.3
OSEBERG,2016-06-01,255,30,57407.0,35931.5
OSEBERG,2016-07-01,256,31,61096.3,63453.9
OSEBERG,2016-08-01,257,31,56681.2,51513.5
OSEBERG,2016-09-01,258,30,59132.5,51840.5
OSEBERG,2016-10-01,259,31,64906.7,61465.5
OSEBERG,2016-11-01,260,30,73924.0,47871.7
OSEBERG,2016-12-01,261,31,67664.0,50446.2
OSEBERG,2017-01-01,262,31,70173.9,68587.2
OSEBERG,2017-02-01,263,28,64257.0,65908.1
OSEBERG,2017-03-01,264,31,66357.4,65967.8
OSEBERG,2017-04-01,265,30,72903.0,62069.8
OSEBERG,2017-05-01,266,31,66604.9,61522.4
OSEBERG,2017-06-01,267,30,60681.9,59103.2
OSEBERG,2017-07-01,268,31,58468.8,60834.5
OSEBERG,2017-08-01,269,31,58328.8,58355.1
OSEBERG,2017-09-01,270,30,52612.1,49844.6
OSEBERG,2017-10-01,271,31,49882.2,53110.3
OSEBERG,2017-11-01,272,30,52880.4,67170.9
OSEBERG,2017-12-01,273,31,48877.8,68946.4
OSEBERG,2018-01-01,274,31,46175.2,57866.2
OSEBERG,2018-02-01,275,28,42130.4,60096.8
OSEBERG,2018-03-01,276,31,45789.7,50373.2
OSEBERG,2018-04-01,277,30,50307.9,52746.3
OSEBERG,2018-05-01,278,31,14466.5,8113.8
OSEBERG,2018-06-01,279,30,47393.6,52186.5
OSEBERG,2018-07-01,280,31,43561.9,61621.8
OSEBERG,2018-08-01,281,31,40045.7,57994.0
OSEBERG,2018-09-01,282,30,49152.7,58750.9
OSEBERG,2018-10-01,283,31,45956.1,52467.1
OSEBERG,2018-11-01,284,30,51425.4,47924.1
OSEBERG,2018-12-01,285,31,55179.8,45140.5
OSEBERG,2019-01-01,286,31,50143.9,48725.7
OSEBERG,2019-02-01,287,28,46310.9,42507.8
OSEBERG,2019-03-01,288,31,51219.3,44432.4
OSEBERG,2019-04-01,289,30,56073.6,44171.2
OSEBERG,2019-05-01,290,31,44740.8,32913.9
OSEBERG,2019-06-01,291,30,62719.8,42636.5
OSEBERG,2019-07-01,292,31,53090.0,39731.2
OSEBERG,2019-08-01,293,31,54303.3,41879.9
OSEBERG,2019-09-01,294,30,63734.5,40785.2
OSEBERG,2019-10-01,295,31,64742.3,38440.8
OSEBERG,2019-11-01,296,30,64879.3,47387.4
OSEBERG,2019-12-01,297,31,74286.6,50016.1
OSEBERG,2020-01-01,298,31,71137.6,47021.3
OSEBERG,2020-02-01,299,29,64806.6,45700.8
OSEBERG,2020-03-01,300,31,64074.8,44700.2
OSEBERG,2020-04-01,301,30,66024.0,48341.3
OSEBERG,2020-05-01,302,31,68883.5,51817.8
OSEBERG,2020-06-01,303,30,60568.7,40001.0
OSEBERG,2020-07-01,304,31,58480.9,34322.0
OSEBERG,2020-08-01,305,31,65209.0,41498.5
OSEBERG,2020-09-01,306,30,53601.7,35547.9
OSEBERG,2020-10-01,307,31,57736.3,35987.8
OSEBERG,2020-11-01,308,30,64409.6,31771.9
OSEBERG,2020-12-01,309,31,69354.2,35182.3
OSEBERG,2021-01-01,310,31,66475.1,47303.4
OSEBERG,2021-02-01,311,28,66215.9,54101.3
OSEBERG,2021-03-01,312,31,61554.8,59631.4
OSEBERG,2021-04-01,313,30,56612.4,53620.5
OSEBERG,2021-05-01,314,31,55212.3,48658.7
OSEBERG,2021-06-01,315,30,59245.7,65992.6
OSEBERG,2021-07-01,316,31,54804.4,60558.6
OSEBERG,2021-08-01,317,31,54323.6,57241.2
OSEBERG,2021-09-01,318,30,55603.9,54132.1
OSEBERG,2021-10-01,319,31,49508.8,53110.3
OSEBERG,2021-11-01,320,30,50406.5,55151.1
OSEBERG,2021-12-01,321,31,55145.3,60625.6
OSEBERG,2022-01-01,322,31,52327.1,59168.8
OSEBERG,2022-02-01,323,28,51616.8,50358.8
OSEBERG,2022-03-01,324,31,52319.0,52197.2
OSEBERG,2022-04-01,325,30,50521.8,55543.1
OSEBERG,2022-05-01,326,31,55062.1,57421.8
OSEBERG,2022-06-01,327,30,55023.2,60887.4
OSEBERG,2022-07-01,328,31,47431.2,57289.9
OSEBERG,2022-08-01,329,31,50862.2,50024.2
OSEBERG,2022-09-01,330,30,5960.6,5256.2
OSEBERG,2022-10-01,331,31,43133.8,40053.9
OSEBERG,2022-11-01,332,30,38632.0,42122.8
OSEBERG,2022-12-01,333,31,43452.4,60321.2
OSEBERG,2023-01-01,334,31,40680.8,55638.4
OSEBERG,2023-02-01,335,28,34295.1,51558.4
OSEBERG,2023-03-01,336,31,43253.5,59314.8
OSEBERG,2023-04-01,337,30,37956.8,50318.4
OSEBERG,2023-05-01,338,31,42468.3,51097.5
OSEBERG,2023-06-01,339,30,34417.8,44403.9
OSEBERG,2023-07-01,340,31,35872.1,46414.7
OSEBERG,2023-08-01,341,31,32007.0,46958.4
OSEBERG,2023-09-01,342,30,27536.7,36659.1
OSEBERG,2023-10-01,343,31,25747.6,36531.6
OSEBERG,2023-11-01,344,30,31524.5,44512.9
OSEBERG,2023-12-01,345,31,33942.6,49865.9
OSEBERG,2024-01-01,346,31,34638.5,50079.0
OSEBERG,2024-02-01,347,29,23278.8,51452.7
OSEBERG,2024-03-01,348,31,30826.1,53477.5
OSEBERG,2024-04-01,349,30,25322.7,53668.8
OSEBERG,2024-05-01,350,31,37805.8,54595.5
OSEBERG,2024-06-01,351,30,24272.3,56704.6
OSEBERG,2024-07-01,352,31,29963.8,55135.2
OSEBERG,2024-08-01,353,31,33333.9,54784.2
OSEBERG,2024-09-01,354,30,27507.4,52995.8
OSEBERG,2024-10-01,355,31,26469.9,43777.0
OSEBERG,2024-11-01,356,30,23377.1,45177.5
OSEBERG,2024-12-01,357,31,27784.7,46244.2
OSEBERG,2025-01-01,358,31,25465.6,47634.1
OSEBERG,2025-02-01,359,28,23685.6,42458.4
OSEBERG,2025-03-01,360,31,35466.4,47841.0
OSEBERG,2025-04-01,361,30,26329.1,49502.8
OSEBERG,2025-05-01,362,31,28324.4,54218.1
OSEBERG,2025-06-01,363,30,23754.5,42655.3
OSEBERG,2025-07-01,364,31,28137.7,48441.6
OSEBERG,2025-08-01,365,31,26678.9,51420.1
OSEBERG,2025-09-01,366,30,22601.3,44814.8
OSEBERG,2025-10-01,367,31,24006.7,42626.6
OSEBERG,2025-11-01,368,30,28190.9,45435.4
OSEBERG,2025-12-01,369,31,28127.6,47946.5
OSEBERG,2026-01-01,370,31,27206.4,47526.5
OSEBERG,2026-02-01,371,28,24700.9,42469.6
OSEBERG,2026-03-01,372,31,18001.0,45312.9
OSEBERG,2026-04-01,373,30,26901.5,45196.4
OSEBERG,2026-05-01,374,31,598.5,1262.0
OSEBERG SØR,2001-11-01,0,30,94227.5,561.9
OSEBERG SØR,2001-12-01,1,31,90183.6,965.8
OSEBERG SØR,2002-01-01,2,31,84752.0,1140.3
OSEBERG SØR,2002-02-01,3,28,72813.4,4277.1
OSEBERG SØR,2002-03-01,4,31,72342.8,1730.7
OSEBERG SØR,2002-04-01,5,30,74018.4,2945.7
OSEBERG SØR,2002-05-01,6,31,76151.2,3806.3
OSEBERG SØR,2002-06-01,7,30,66900.4,3476.2
OSEBERG SØR,2002-07-01,8,31,75684.6,4128.9
OSEBERG SØR,2002-08-01,9,31,75573.0,2317.1
OSEBERG SØR,2002-09-01,10,30,75435.7,2176.3
OSEBERG SØR,2002-10-01,11,31,71265.5,4133.0
OSEBERG SØR,2002-11-01,12,30,75272.1,2897.5
OSEBERG SØR,2002-12-01,13,31,80880.7,3157.1
OSEBERG SØR,2003-01-01,14,31,81083.6,3321.4
OSEBERG SØR,2003-02-01,15,28,88513.2,4555.6
OSEBERG SØR,2003-03-01,16,31,85825.3,4772.1
OSEBERG SØR,2003-04-01,17,30,92680.2,5017.2
OSEBERG SØR,2003-05-01,18,31,95862.6,5699.4
OSEBERG SØR,2003-06-01,19,30,70223.5,4862.0
OSEBERG SØR,2003-07-01,20,31,81692.3,5628.4
OSEBERG SØR,2003-08-01,21,31,93492.8,6091.0
OSEBERG SØR,2003-09-01,22,30,89099.2,5969.0
OSEBERG SØR,2003-10-01,23,31,92413.4,6009.8
OSEBERG SØR,2003-11-01,24,30,87822.4,7281.5
OSEBERG SØR,2003-12-01,25,31,87535.8,8306.6
OSEBERG SØR,2004-01-01,26,31,84894.0,10745.4
OSEBERG SØR,2004-02-01,27,29,68172.8,14006.7
OSEBERG SØR,2004-03-01,28,31,65608.7,9990.6
OSEBERG SØR,2004-04-01,29,30,91615.1,19070.7
OSEBERG SØR,2004-05-01,30,31,75932.1,17459.3
OSEBERG SØR,2004-06-01,31,30,88505.9,20722.8
OSEBERG SØR,2004-07-01,32,31,88223.6,19642.4
OSEBERG SØR,2004-08-01,33,31,82875.2,16412.3
OSEBERG SØR,2004-09-01,34,30,77559.5,15072.5
OSEBERG SØR,2004-10-01,35,31,70407.2,21604.4
OSEBERG SØR,2004-11-01,36,30,76303.7,22460.9
OSEBERG SØR,2004-12-01,37,31,74816.2,19709.4
OSEBERG SØR,2005-01-01,38,31,70076.5,13243.1
OSEBERG SØR,2005-02-01,39,28,68163.5,20888.9
OSEBERG SØR,2005-03-01,40,31,71462.3,21076.9
OSEBERG SØR,2005-04-01,41,30,71517.1,17341.0
OSEBERG SØR,2005-05-01,42,31,69624.0,19510.6
OSEBERG SØR,2005-06-01,43,30,36386.5,12558.6
OSEBERG SØR,2005-07-01,44,31,78318.2,31974.5
OSEBERG SØR,2005-08-01,45,31,77618.2,31956.2
OSEBERG SØR,2005-09-01,46,30,83109.2,26882.6
OSEBERG SØR,2005-10-01,47,31,81166.8,34125.2
OSEBERG SØR,2005-11-01,48,30,78754.6,25209.5
OSEBERG SØR,2005-12-01,49,31,77551.2,28705.8
OSEBERG SØR,2006-01-01,50,31,76358.2,33212.2
OSEBERG SØR,2006-02-01,51,28,70971.4,38612.6
OSEBERG SØR,2006-03-01,52,31,67783.8,38041.1
OSEBERG SØR,2006-04-01,53,30,64753.5,37688.5
OSEBERG SØR,2006-05-01,54,31,70867.8,39694.7
OSEBERG SØR,2006-06-01,55,30,71043.3,42387.0
OSEBERG SØR,2006-07-01,56,31,74526.0,42821.4
OSEBERG SØR,2006-08-01,57,31,70234.7,41859.6
OSEBERG SØR,2006-09-01,58,30,64740.9,33549.8
OSEBERG SØR,2006-10-01,59,31,71022.0,42967.4
OSEBERG SØR,2006-11-01,60,30,66311.3,52048.1
OSEBERG SØR,2006-12-01,61,31,72726.3,48904.2
OSEBERG SØR,2007-01-01,62,31,64080.9,45515.8
OSEBERG SØR,2007-02-01,63,28,61968.0,45574.1
OSEBERG SØR,2007-03-01,64,31,56514.9,42618.5
OSEBERG SØR,2007-04-01,65,30,60403.0,41355.4
OSEBERG SØR,2007-05-01,66,31,46280.8,29655.4
OSEBERG SØR,2007-06-01,67,30,33728.0,20567.6
OSEBERG SØR,2007-07-01,68,31,53757.5,27652.8
OSEBERG SØR,2007-08-01,69,31,49904.5,32347.8
OSEBERG SØR,2007-09-01,70,30,56270.6,35895.9
OSEBERG SØR,2007-10-01,71,31,57225.0,38763.4
OSEBERG SØR,2007-11-01,72,30,55513.8,37418.0
OSEBERG SØR,2007-12-01,73,31,60702.7,42003.7
OSEBERG SØR,2008-01-01,74,31,46327.4,29304.4
OSEBERG SØR,2008-02-01,75,29,55391.4,33427.0
OSEBERG SØR,2008-03-01,76,31,58030.5,32124.6
OSEBERG SØR,2008-04-01,77,30,62116.0,40881.6
OSEBERG SØR,2008-05-01,78,31,59412.2,36967.8
OSEBERG SØR,2008-06-01,79,30,45322.2,26419.3
OSEBERG SØR,2008-07-01,80,31,66481.2,36700.0
OSEBERG SØR,2008-08-01,81,31,59546.1,38544.3
OSEBERG SØR,2008-09-01,82,30,56775.9,36638.1
OSEBERG SØR,2008-10-01,83,31,59765.3,40646.3
OSEBERG SØR,2008-11-01,84,30,55587.2,33962.8
OSEBERG SØR,2008-12-01,85,31,56425.6,36598.5
OSEBERG SØR,2009-01-01,86,31,42141.7,26299.5
OSEBERG SØR,2009-02-01,87,28,49619.8,34088.5
OSEBERG SØR,2009-03-01,88,31,44726.6,29844.1
OSEBERG SØR,2009-04-01,89,30,46898.8,33807.7
OSEBERG SØR,2009-05-01,90,31,51493.2,34106.9
OSEBERG SØR,2009-06-01,91,30,24035.4,14573.5
OSEBERG SØR,2009-07-01,92,31,52319.0,33216.2
OSEBERG SØR,2009-08-01,93,31,47337.8,31658.0
OSEBERG SØR,2009-09-01,94,30,49590.9,34132.6
OSEBERG SØR,2009-10-01,95,31,44395.8,31248.1
OSEBERG SØR,2009-11-01,96,30,43057.9,32275.1
OSEBERG SØR,2009-12-01,97,31,48859.6,37235.6
OSEBERG SØR,2010-01-01,98,31,48248.9,37276.2
OSEBERG SØR,2010-02-01,99,28,49049.2,39987.4
OSEBERG SØR,2010-03-01,100,31,45712.6,35843.7
OSEBERG SØR,2010-04-01,101,30,43466.7,35491.2
OSEBERG SØR,2010-05-01,102,31,43649.2,34794.8
OSEBERG SØR,2010-06-01,103,30,40521.0,30199.4
OSEBERG SØR,2010-07-01,104,31,36052.7,27527.0
OSEBERG SØR,2010-08-01,105,31,42527.2,35220.9
OSEBERG SØR,2010-09-01,106,30,29042.1,20184.0
OSEBERG SØR,2010-10-01,107,31,21018.1,9018.8
OSEBERG SØR,2010-11-01,108,30,39137.2,22861.3
OSEBERG SØR,2010-12-01,109,31,38266.3,27013.7
OSEBERG SØR,2011-01-01,110,31,35330.4,30176.8
OSEBERG SØR,2011-02-01,111,28,38286.9,30775.1
OSEBERG SØR,2011-03-01,112,31,35089.0,33630.1
OSEBERG SØR,2011-04-01,113,30,39900.4,34252.2
OSEBERG SØR,2011-05-01,114,31,21511.1,18114.6
OSEBERG SØR,2011-06-01,115,30,31736.2,22463.0
OSEBERG SØR,2011-07-01,116,31,37164.6,25023.3
OSEBERG SØR,2011-08-01,117,31,40770.1,28920.9
OSEBERG SØR,2011-09-01,118,30,36308.9,30727.8
OSEBERG SØR,2011-10-01,119,31,35267.5,31471.3
OSEBERG SØR,2011-11-01,120,30,39692.8,34365.4
OSEBERG SØR,2011-12-01,121,31,39721.1,29050.8
OSEBERG SØR,2012-01-01,122,31,40477.9,31442.9
OSEBERG SØR,2012-02-01,123,29,44243.3,31455.5
OSEBERG SØR,2012-03-01,124,31,43038.5,38400.2
OSEBERG SØR,2012-04-01,125,30,42407.9,40544.1
OSEBERG SØR,2012-05-01,126,31,39100.2,31418.6
OSEBERG SØR,2012-06-01,127,30,29239.2,20810.9
OSEBERG SØR,2012-07-01,128,31,23509.6,19315.8
OSEBERG SØR,2012-08-01,129,31,39175.3,33173.6
OSEBERG SØR,2012-09-01,130,30,21494.3,18248.8
OSEBERG SØR,2012-10-01,131,31,40417.0,37566.3
OSEBERG SØR,2012-11-01,132,30,36164.3,31776.1
OSEBERG SØR,2012-12-01,133,31,33258.8,13021.9
OSEBERG SØR,2013-01-01,134,31,31012.8,26459.8
OSEBERG SØR,2013-02-01,135,28,36752.6,39293.3
OSEBERG SØR,2013-03-01,136,31,32309.3,33291.3
OSEBERG SØR,2013-04-01,137,30,56037.9,39789.3
OSEBERG SØR,2013-05-01,138,31,53503.9,37935.6
OSEBERG SØR,2013-06-01,139,30,35975.6,27429.8
OSEBERG SØR,2013-07-01,140,31,49920.7,41912.4
OSEBERG SØR,2013-08-01,141,31,48932.6,39928.1
OSEBERG SØR,2013-09-01,142,30,52423.4,49838.3
OSEBERG SØR,2013-10-01,143,31,49823.3,50657.2
OSEBERG SØR,2013-11-01,144,30,46645.2,43584.1
OSEBERG SØR,2013-12-01,145,31,42529.2,42172.1
OSEBERG SØR,2014-01-01,146,31,43302.2,43436.1
OSEBERG SØR,2014-02-01,147,28,43004.3,45356.2
OSEBERG SØR,2014-03-01,148,31,39814.4,44574.4
OSEBERG SØR,2014-04-01,149,30,35011.1,35721.9
OSEBERG SØR,2014-05-01,150,31,10743.4,9757.3
OSEBERG SØR,2014-06-01,151,30,44401.8,47383.2
OSEBERG SØR,2014-07-01,152,31,43620.8,50448.3
OSEBERG SØR,2014-08-01,153,31,40131.0,51103.6
OSEBERG SØR,2014-09-01,154,30,37426.4,45802.3
OSEBERG SØR,2014-10-01,155,31,32822.6,39536.5
OSEBERG SØR,2014-11-01,156,30,33208.0,38768.2
OSEBERG SØR,2014-12-01,157,31,34859.7,45980.5
OSEBERG SØR,2015-01-01,158,31,35178.2,43921.1
OSEBERG SØR,2015-02-01,159,28,38340.8,51854.9
OSEBERG SØR,2015-03-01,160,31,36852.1,46873.2
OSEBERG SØR,2015-04-01,161,30,35885.4,47804.6
OSEBERG SØR,2015-05-01,162,31,36580.3,47688.9
OSEBERG SØR,2015-06-01,163,30,35485.0,56251.8
OSEBERG SØR,2015-07-01,164,31,31388.1,49679.3
OSEBERG SØR,2015-08-01,165,31,32678.6,51166.5
OSEBERG SØR,2015-09-01,166,30,33979.6,52234.7
OSEBERG SØR,2015-10-01,167,31,29864.4,42243.1
OSEBERG SØR,2015-11-01,168,30,28081.9,39684.4
OSEBERG SØR,2015-12-01,169,31,33512.5,52093.7
OSEBERG SØR,2016-01-01,170,31,32191.6,47376.4
OSEBERG SØR,2016-02-01,171,29,33227.5,50552.6
OSEBERG SØR,2016-03-01,172,31,32427.0,49277.5
OSEBERG SØR,2016-04-01,173,30,32358.9,49995.5
OSEBERG SØR,2016-05-01,174,31,32747.5,48305.7
OSEBERG SØR,2016-06-01,175,30,34310.9,43814.7
OSEBERG SØR,2016-07-01,176,31,33210.1,49287.7
OSEBERG SØR,2016-08-01,177,31,34951.0,49973.5
OSEBERG SØR,2016-09-01,178,30,28650.0,38921.3
OSEBERG SØR,2016-10-01,179,31,32859.1,49855.8
OSEBERG SØR,2016-11-01,180,30,23941.1,48666.3
OSEBERG SØR,2016-12-01,181,31,37943.7,52625.3
OSEBERG SØR,2017-01-01,182,31,35902.6,46148.9
OSEBERG SØR,2017-02-01,183,28,35411.6,43640.0
OSEBERG SØR,2017-03-01,184,31,34273.3,46889.4
OSEBERG SØR,2017-04-01,185,30,33233.2,38552.3
OSEBERG SØR,2017-05-01,186,31,27111.1,32934.2
OSEBERG SØR,2017-06-01,187,30,29126.0,32105.2
OSEBERG SØR,2017-07-01,188,31,31152.8,44377.6
OSEBERG SØR,2017-08-01,189,31,30611.0,48334.1
OSEBERG SØR,2017-09-01,190,30,22421.0,30459.4
OSEBERG SØR,2017-10-01,191,31,26883.8,45625.4
OSEBERG SØR,2017-11-01,192,30,29675.3,53304.0
OSEBERG SØR,2017-12-01,193,31,28462.4,51864.5
OSEBERG SØR,2018-01-01,194,31,29801.5,53077.8
OSEBERG SØR,2018-02-01,195,28,27048.4,41901.3
OSEBERG SØR,2018-03-01,196,31,25398.6,34914.5
OSEBERG SØR,2018-04-01,197,30,26222.2,38187.5
OSEBERG SØR,2018-05-01,198,31,1941.7,405.8
OSEBERG SØR,2018-06-01,199,30,18619.9,27039.9
OSEBERG SØR,2018-07-01,200,31,26727.6,47384.5
OSEBERG SØR,2018-08-01,201,31,25234.3,47145.1
OSEBERG SØR,2018-09-01,202,30,25069.0,46160.8
OSEBERG SØR,2018-10-01,203,31,14541.6,22245.6
OSEBERG SØR,2018-11-01,204,30,18944.9,36774.4
OSEBERG SØR,2018-12-01,205,31,25254.6,43030.3
OSEBERG SØR,2019-01-01,206,31,28009.9,46230.0
OSEBERG SØR,2019-02-01,207,28,27142.7,47501.5
OSEBERG SØR,2019-03-01,208,31,26088.5,42999.9
OSEBERG SØR,2019-04-01,209,30,25779.8,46506.8
OSEBERG SØR,2019-05-01,210,31,18873.5,31952.2
OSEBERG SØR,2019-06-01,211,30,23794.3,34281.5
OSEBERG SØR,2019-07-01,212,31,23885.0,33640.3
OSEBERG SØR,2019-08-01,213,31,23730.8,35638.8
OSEBERG SØR,2019-09-01,214,30,23266.0,34499.6
OSEBERG SØR,2019-10-01,215,31,19098.7,30558.3
OSEBERG SØR,2019-11-01,216,30,22035.3,30086.2
OSEBERG SØR,2019-12-01,217,31,22525.6,27610.2
OSEBERG SØR,2020-01-01,218,31,28222.9,45280.5
OSEBERG SØR,2020-02-01,219,29,25892.3,48481.3
OSEBERG SØR,2020-03-01,220,31,21860.1,40607.8
OSEBERG SØR,2020-04-01,221,30,22349.8,45917.6
OSEBERG SØR,2020-05-01,222,31,21419.8,45988.6
OSEBERG SØR,2020-06-01,223,30,15200.4,31434.3
OSEBERG SØR,2020-07-01,224,31,22456.6,39130.7
OSEBERG SØR,2020-08-01,225,31,21748.5,43020.2
OSEBERG SØR,2020-09-01,226,30,21179.9,45292.8
OSEBERG SØR,2020-10-01,227,31,18372.3,35381.1
OSEBERG SØR,2020-11-01,228,30,22261.7,41908.9
OSEBERG SØR,2020-12-01,229,31,17938.1,31745.2
OSEBERG SØR,2021-01-01,230,31,20297.8,39246.3
OSEBERG SØR,2021-02-01,231,28,20131.9,39549.4
OSEBERG SØR,2021-03-01,232,31,21024.2,40128.9
OSEBERG SØR,2021-04-01,233,30,20225.9,37309.0
OSEBERG SØR,2021-05-01,234,31,15643.3,38917.6
OSEBERG SØR,2021-06-01,235,30,13986.4,31593.7
OSEBERG SØR,2021-07-01,236,31,18319.5,41563.4
OSEBERG SØR,2021-08-01,237,31,19707.4,41758.2
OSEBERG SØR,2021-09-01,238,30,22781.7,52639.3
OSEBERG SØR,2021-10-01,239,31,21981.8,47254.7
OSEBERG SØR,2021-11-01,240,30,26855.3,49993.4
OSEBERG SØR,2021-12-01,241,31,26041.8,49874.1
OSEBERG SØR,2022-01-01,242,31,30215.4,46840.7
OSEBERG SØR,2022-02-01,243,28,30617.8,55496.3
OSEBERG SØR,2022-03-01,244,31,21852.0,40569.2
OSEBERG SØR,2022-04-01,245,30,29274.8,50203.1
OSEBERG SØR,2022-05-01,246,31,30327.0,48806.8
OSEBERG SØR,2022-06-01,247,30,21230.2,41902.6
OSEBERG SØR,2022-07-01,248,31,34811.0,50699.8
OSEBERG SØR,2022-08-01,249,31,27823.2,45351.5
OSEBERG SØR,2022-09-01,250,30,1283.1,1742.3
OSEBERG SØR,2022-10-01,251,31,16385.9,25337.7
OSEBERG SØR,2022-11-01,252,30,24750.4,46276.2
OSEBERG SØR,2022-12-01,253,31,23548.2,45982.5
OSEBERG SØR,2023-01-01,254,31,21941.3,50600.4
OSEBERG SØR,2023-02-01,255,28,13747.7,33809.9
OSEBERG SØR,2023-03-01,256,31,24589.1,56046.2
OSEBERG SØR,2023-04-01,257,30,21031.0,60044.5
OSEBERG SØR,2023-05-01,258,31,24871.1,54845.0
OSEBERG SØR,2023-06-01,259,30,23318.4,52035.5
OSEBERG SØR,2023-07-01,260,31,23392.0,45688.3
OSEBERG SØR,2023-08-01,261,31,20648.8,46666.3
OSEBERG SØR,2023-09-01,262,30,21265.8,45255.1
OSEBERG SØR,2023-10-01,263,31,18518.4,36886.6
OSEBERG SØR,2023-11-01,264,30,21117.0,36506.0
OSEBERG SØR,2023-12-01,265,31,20906.5,39443.1
OSEBERG SØR,2024-01-01,266,31,21653.1,37180.8
OSEBERG SØR,2024-02-01,267,29,22272.4,45408.0
OSEBERG SØR,2024-03-01,268,31,21586.2,43168.3
OSEBERG SØR,2024-04-01,269,30,15460.3,39143.5
OSEBERG SØR,2024-05-01,270,31,23247.9,43718.2
OSEBERG SØR,2024-06-01,271,30,15164.7,45307.5
OSEBERG SØR,2024-07-01,272,31,18877.5,37300.5
OSEBERG SØR,2024-08-01,273,31,26352.2,45134.4
OSEBERG SØR,2024-09-01,274,30,22234.4,47385.3
OSEBERG SØR,2024-10-01,275,31,18820.7,36478.8
OSEBERG SØR,2024-11-01,276,30,18890.4,46366.3
OSEBERG SØR,2024-12-01,277,31,21218.9,45286.6
OSEBERG SØR,2025-01-01,278,31,18946.5,42829.5
OSEBERG SØR,2025-02-01,279,28,19143.5,45502.2
OSEBERG SØR,2025-03-01,280,31,11222.2,32502.0
OSEBERG SØR,2025-04-01,281,30,16535.9,34034.1
OSEBERG SØR,2025-05-01,282,31,17589.1,36042.6
OSEBERG SØR,2025-06-01,283,30,13110.0,21905.3
OSEBERG SØR,2025-07-01,284,31,16661.9,38270.4
OSEBERG SØR,2025-08-01,285,31,19413.2,35864.0
OSEBERG SØR,2025-09-01,286,30,20068.7,36401.2
OSEBERG SØR,2025-10-01,287,31,19703.3,28809.3
OSEBERG SØR,2025-11-01,288,30,25433.9,33428.2
OSEBERG SØR,2025-12-01,289,31,27470.2,36902.9
OSEBERG SØR,2026-01-01,290,31,22190.8,33108.7
OSEBERG SØR,2026-02-01,291,28,22557.9,33940.2
OSEBERG SØR,2026-03-01,292,31,16067.4,41092.7
OSEBERG SØR,2026-04-01,293,30,26146.7,39766.2
OSEBERG SØR,2026-05-01,294,31,1040.9,219.1
OSEBERG ØST,2001-10-01,0,31,64330.5,10806.3
OSEBERG ØST,2001-11-01,1,30,68791.5,14823.0
OSEBERG ØST,2001-12-01,2,31,66440.6,18313.5
OSEBERG ØST,2002-01-01,3,31,33299.4,11161.4
OSEBERG ØST,2002-02-01,4,28,56830.6,16497.2
OSEBERG ØST,2002-03-01,5,31,60668.2,17025.1
OSEBERG ØST,2002-04-01,6,30,53129.9,17011.8
OSEBERG ØST,2002-05-01,7,31,55222.4,20044.2
OSEBERG ØST,2002-06-01,8,30,54190.8,26832.3
OSEBERG ØST,2002-07-01,9,31,56553.4,25816.6
OSEBERG ØST,2002-08-01,10,31,48959.0,26183.8
OSEBERG ØST,2002-09-01,11,30,42917.4,30293.8
OSEBERG ØST,2002-10-01,12,31,60520.0,39915.9
OSEBERG ØST,2002-11-01,13,30,62992.3,39701.2
OSEBERG ØST,2002-12-01,14,31,58647.3,36825.8
OSEBERG ØST,2003-01-01,15,31,48892.0,29006.1
OSEBERG ØST,2003-02-01,16,28,50399.3,32870.9
OSEBERG ØST,2003-03-01,17,31,46368.0,32013.1
OSEBERG ØST,2003-04-01,18,30,45603.1,31914.4
OSEBERG ØST,2003-05-01,19,31,44371.5,32629.9
OSEBERG ØST,2003-06-01,20,30,32361.0,35166.3
OSEBERG ØST,2003-07-01,21,31,30363.5,38110.1
OSEBERG ØST,2003-08-01,22,31,37479.1,47479.9
OSEBERG ØST,2003-09-01,23,30,25911.9,39877.3
OSEBERG ØST,2003-10-01,24,31,33845.2,51834.0
OSEBERG ØST,2003-11-01,25,30,30971.0,47479.6
OSEBERG ØST,2003-12-01,26,31,26646.4,39863.1
OSEBERG ØST,2004-01-01,27,31,31414.5,47942.5
OSEBERG ØST,2004-02-01,28,29,32698.3,51120.9
OSEBERG ØST,2004-03-01,29,31,30020.6,47954.7
OSEBERG ØST,2004-04-01,30,30,32994.2,55639.6
OSEBERG ØST,2004-05-01,31,31,30221.5,55465.9
OSEBERG ØST,2004-06-01,32,30,30780.2,54459.2
OSEBERG ØST,2004-07-01,33,31,33216.2,52120.1
OSEBERG ØST,2004-08-01,34,31,29880.6,42395.3
OSEBERG ØST,2004-09-01,35,30,32054.9,54834.5
OSEBERG ØST,2004-10-01,36,31,29247.6,49738.1
OSEBERG ØST,2004-11-01,37,30,30604.1,53597.5
OSEBERG ØST,2004-12-01,38,31,27829.3,51850.3
OSEBERG ØST,2005-01-01,39,31,22422.1,52008.5
OSEBERG ØST,2005-02-01,40,28,21780.7,51994.2
OSEBERG ØST,2005-03-01,41,31,23566.5,57482.7
OSEBERG ØST,2005-04-01,42,30,21553.0,50431.6
OSEBERG ØST,2005-05-01,43,31,16237.8,43764.8
OSEBERG ØST,2005-06-01,44,30,7872.7,22758.6
OSEBERG ØST,2005-07-01,45,31,16286.5,53830.5
OSEBERG ØST,2005-08-01,46,31,18078.1,48662.8
OSEBERG ØST,2005-09-01,47,30,18930.2,49221.9
OSEBERG ØST,2005-10-01,48,31,18581.3,51643.3
OSEBERG ØST,2005-11-01,49,30,18605.2,51278.6
OSEBERG ØST,2005-12-01,50,31,15797.5,39560.8
OSEBERG ØST,2006-01-01,51,31,10611.5,36578.2
OSEBERG ØST,2006-02-01,52,28,10551.1,40394.0
OSEBERG ØST,2006-03-01,53,31,10163.1,39268.6
OSEBERG ØST,2006-04-01,54,30,10317.4,41531.5
OSEBERG ØST,2006-05-01,55,31,9379.9,33039.7
OSEBERG ØST,2006-06-01,56,30,14745.4,43053.7
OSEBERG ØST,2006-07-01,57,31,12593.8,41823.1
OSEBERG ØST,2006-08-01,58,31,12470.0,44895.0
OSEBERG ØST,2006-09-01,59,30,12757.8,49043.7
OSEBERG ØST,2006-10-01,60,31,11796.4,50030.3
OSEBERG ØST,2006-11-01,61,30,10948.4,45389.3
OSEBERG ØST,2006-12-01,62,31,10846.9,52542.1
OSEBERG ØST,2007-01-01,63,31,7448.3,36466.6
OSEBERG ØST,2007-02-01,64,28,10313.0,49640.0
OSEBERG ØST,2007-03-01,65,31,10581.1,50931.1
OSEBERG ØST,2007-04-01,66,30,13336.5,55576.7
OSEBERG ØST,2007-05-01,67,31,9175.0,44684.0
OSEBERG ØST,2007-06-01,68,30,6744.8,35627.5
OSEBERG ØST,2007-07-01,69,31,10530.3,51706.2
OSEBERG ØST,2007-08-01,70,31,11238.5,54143.0
OSEBERG ØST,2007-09-01,71,30,9153.8,42003.3
OSEBERG ØST,2007-10-01,72,31,6582.0,32165.2
OSEBERG ØST,2007-11-01,73,30,9596.1,43143.8
OSEBERG ØST,2007-12-01,74,31,6886.3,37243.7
OSEBERG ØST,2008-01-01,75,31,11565.1,44144.3
OSEBERG ØST,2008-02-01,76,29,12568.8,46750.6
OSEBERG ØST,2008-03-01,77,31,7811.5,29501.2
OSEBERG ØST,2008-04-01,78,30,4679.6,21636.9
OSEBERG ØST,2008-05-01,79,31,10968.6,49604.2
OSEBERG ØST,2008-06-01,80,30,6564.5,29243.4
OSEBERG ØST,2008-07-01,81,31,8422.2,36917.1
OSEBERG ØST,2008-08-01,82,31,7361.1,30671.9
OSEBERG ØST,2008-09-01,83,30,5597.9,29564.2
OSEBERG ØST,2008-10-01,84,31,5468.1,26230.5
OSEBERG ØST,2008-11-01,85,30,6830.7,30484.6
OSEBERG ØST,2008-12-01,86,31,2708.7,15000.2
OSEBERG ØST,2009-01-01,87,31,3662.3,17341.6
OSEBERG ØST,2009-02-01,88,28,4838.7,21818.9
OSEBERG ØST,2009-03-01,89,31,2883.2,12821.0
OSEBERG ØST,2009-04-01,90,30,6256.3,22194.6
OSEBERG ØST,2009-05-01,91,31,11068.0,28823.5
OSEBERG ØST,2009-06-01,92,30,2704.6,7904.2
OSEBERG ØST,2009-07-01,93,31,7357.0,25780.1
OSEBERG ØST,2009-08-01,94,31,9341.4,26522.7
OSEBERG ØST,2009-09-01,95,30,6380.0,24926.5
OSEBERG ØST,2009-10-01,96,31,5626.3,21841.8
OSEBERG ØST,2009-11-01,97,30,6394.6,25350.0
OSEBERG ØST,2009-12-01,98,31,5764.3,23294.6
OSEBERG ØST,2010-01-01,99,31,6214.7,23941.8
OSEBERG ØST,2010-02-01,100,28,5759.7,23434.0
OSEBERG ØST,2010-03-01,101,31,7156.2,28711.9
OSEBERG ØST,2010-04-01,102,30,3289.6,15510.6
OSEBERG ØST,2010-05-01,103,31,6675.3,30738.9
OSEBERG ØST,2010-06-01,104,30,5509.9,24767.1
OSEBERG ØST,2010-07-01,105,31,5739.9,26585.6
OSEBERG ØST,2010-08-01,106,31,6640.8,29010.2
OSEBERG ØST,2010-09-01,107,30,6658.8,29054.7
OSEBERG ØST,2010-10-01,108,31,6052.4,26553.1
OSEBERG ØST,2010-11-01,109,30,6250.0,27348.1
OSEBERG ØST,2010-12-01,110,31,6105.2,27869.9
OSEBERG ØST,2011-01-01,111,31,4374.5,20594.0
OSEBERG ØST,2011-02-01,112,28,8394.6,25568.0
OSEBERG ØST,2011-03-01,113,31,12291.5,27537.2
OSEBERG ØST,2011-04-01,114,30,9644.4,23406.4
OSEBERG ØST,2011-05-01,115,31,5273.3,14046.5
OSEBERG ØST,2011-06-01,116,30,6694.4,18200.6
OSEBERG ØST,2011-07-01,117,31,10295.0,27060.3
OSEBERG ØST,2011-08-01,118,31,9455.0,25370.2
OSEBERG ØST,2011-09-01,119,30,9411.6,23521.8
OSEBERG ØST,2011-10-01,120,31,10554.7,25565.0
OSEBERG ØST,2011-11-01,121,30,10732.5,25570.1
OSEBERG ØST,2011-12-01,122,31,9639.6,23353.4
OSEBERG ØST,2012-01-01,123,31,7403.7,18739.5
OSEBERG ØST,2012-02-01,124,29,8968.4,19426.8
OSEBERG ØST,2012-03-01,125,31,7288.1,19459.8
OSEBERG ØST,2012-04-01,126,30,10975.7,30444.7
OSEBERG ØST,2012-05-01,127,31,9526.0,26749.9
OSEBERG ØST,2012-06-01,128,30,7105.4,21500.6
OSEBERG ØST,2012-07-01,129,31,5324.0,18074.0
OSEBERG ØST,2012-08-01,130,31,8274.1,28458.3
OSEBERG ØST,2012-09-01,131,30,5283.4,17263.4
OSEBERG ØST,2012-10-01,132,31,7691.8,30724.7
OSEBERG ØST,2012-11-01,133,30,7715.5,29587.2
OSEBERG ØST,2012-12-01,134,31,8355.3,32617.7
OSEBERG ØST,2013-01-01,135,31,7541.7,30678.0
OSEBERG ØST,2013-02-01,136,28,6983.9,29667.6
OSEBERG ØST,2013-03-01,137,31,4514.5,18439.3
OSEBERG ØST,2013-04-01,138,30,6981.7,30658.6
OSEBERG ØST,2013-05-01,139,31,6823.4,28180.3
OSEBERG ØST,2013-06-01,140,30,5208.0,24131.9
OSEBERG ØST,2013-07-01,141,31,6920.8,31254.2
OSEBERG ØST,2013-08-01,142,31,5975.3,28785.0
OSEBERG ØST,2013-09-01,143,30,6744.8,30115.6
OSEBERG ØST,2013-10-01,144,31,7251.5,26861.5
OSEBERG ØST,2013-11-01,145,30,5574.9,17781.3
OSEBERG ØST,2013-12-01,146,31,8444.6,31461.2
OSEBERG ØST,2014-01-01,147,31,9150.6,31061.5
OSEBERG ØST,2014-02-01,148,28,8185.7,28324.3
OSEBERG ØST,2014-03-01,149,31,8422.2,31430.7
OSEBERG ØST,2014-04-01,150,30,6264.6,26687.6
OSEBERG ØST,2014-05-01,151,31,1529.8,12392.9
OSEBERG ØST,2014-06-01,152,30,6237.4,23437.9
OSEBERG ØST,2014-07-01,153,31,6348.6,30201.2
OSEBERG ØST,2014-08-01,154,31,6752.4,31627.5
OSEBERG ØST,2014-09-01,155,30,6591.7,30346.2
OSEBERG ØST,2014-10-01,156,31,6206.6,29943.5
OSEBERG ØST,2014-11-01,157,30,6136.7,29970.9
OSEBERG ØST,2014-12-01,158,31,6196.5,26388.8
OSEBERG ØST,2015-01-01,159,31,7180.5,40776.2
OSEBERG ØST,2015-02-01,160,28,7352.3,39895.3
OSEBERG ØST,2015-03-01,161,31,7464.6,38270.4
OSEBERG ØST,2015-04-01,162,30,6698.6,34596.0
OSEBERG ØST,2015-05-01,163,31,5825.2,33055.9
OSEBERG ØST,2015-06-01,164,30,7348.6,38267.1
OSEBERG ØST,2015-07-01,165,31,5853.6,28294.0
OSEBERG ØST,2015-08-01,166,31,5940.8,29014.2
OSEBERG ØST,2015-09-01,167,30,6688.2,37610.9
OSEBERG ØST,2015-10-01,168,31,5531.0,34867.8
OSEBERG ØST,2015-11-01,169,30,4954.3,31201.6
OSEBERG ØST,2015-12-01,170,31,9022.8,45812.1
OSEBERG ØST,2016-01-01,171,31,8089.5,43988.0
OSEBERG ØST,2016-02-01,172,29,6920.9,37784.3
OSEBERG ØST,2016-03-01,173,31,4930.4,35032.2
OSEBERG ØST,2016-04-01,174,30,7250.0,48857.1
OSEBERG ØST,2016-05-01,175,31,6174.1,42695.6
OSEBERG ØST,2016-06-01,176,30,6065.5,39961.2
OSEBERG ØST,2016-07-01,177,31,9521.9,41220.5
OSEBERG ØST,2016-08-01,178,31,7117.6,34648.7
OSEBERG ØST,2016-09-01,179,30,5361.0,26291.4
OSEBERG ØST,2016-10-01,180,31,7320.5,46012.9
OSEBERG ØST,2016-11-01,181,30,13569.2,45435.4
OSEBERG ØST,2016-12-01,182,31,12062.2,38588.9
OSEBERG ØST,2017-01-01,183,31,13951.2,44231.5
OSEBERG ØST,2017-02-01,184,28,14037.5,42155.1
OSEBERG ØST,2017-03-01,185,31,13476.4,26818.9
OSEBERG ØST,2017-04-01,186,30,14055.6,21488.1
OSEBERG ØST,2017-05-01,187,31,18603.6,20734.0
OSEBERG ØST,2017-06-01,188,30,14942.5,22330.9
OSEBERG ØST,2017-07-01,189,31,13963.4,22558.1
OSEBERG ØST,2017-08-01,190,31,16266.2,25343.8
OSEBERG ØST,2017-09-01,191,30,11455.8,23171.6
OSEBERG ØST,2017-10-01,192,31,12311.8,27318.0
OSEBERG ØST,2017-11-01,193,30,11372.0,26882.6
OSEBERG ØST,2017-12-01,194,31,10879.3,25033.4
OSEBERG ØST,2018-01-01,195,31,9801.9,24668.2
OSEBERG ØST,2018-02-01,196,28,8729.3,27039.4
OSEBERG ØST,2018-03-01,197,31,7626.9,28164.1
OSEBERG ØST,2018-04-01,198,30,7925.1,29260.1
OSEBERG ØST,2018-05-01,199,31,1191.0,6127.5
OSEBERG ØST,2018-06-01,200,30,7577.1,28518.0
OSEBERG ØST,2018-07-01,201,31,13620.5,26967.0
OSEBERG ØST,2018-08-01,202,31,14154.1,26928.5
OSEBERG ØST,2018-09-01,203,30,11833.2,20108.5
OSEBERG ØST,2018-10-01,204,31,9609.2,17516.1
OSEBERG ØST,2018-11-01,205,30,8736.5,18731.0
OSEBERG ØST,2018-12-01,206,31,9879.0,21434.0
OSEBERG ØST,2019-01-01,207,31,10195.6,23724.7
OSEBERG ØST,2019-02-01,208,28,9816.6,27234.8
OSEBERG ØST,2019-03-01,209,31,9804.0,23698.3
OSEBERG ØST,2019-04-01,210,30,7520.5,19825.4
OSEBERG ØST,2019-05-01,211,31,6218.8,14912.9
OSEBERG ØST,2019-06-01,212,30,8057.2,22731.3
OSEBERG ØST,2019-07-01,213,31,8560.2,24828.5
OSEBERG ØST,2019-08-01,214,31,8385.7,28091.1
OSEBERG ØST,2019-09-01,215,30,6514.1,21446.1
OSEBERG ØST,2019-10-01,216,31,7044.6,24767.6
OSEBERG ØST,2019-11-01,217,30,4679.6,17095.7
OSEBERG ØST,2019-12-01,218,31,7393.6,28971.6
OSEBERG ØST,2020-01-01,219,31,7387.5,29913.1
OSEBERG ØST,2020-02-01,220,29,7975.0,33390.2
OSEBERG ØST,2020-03-01,221,31,7732.4,33321.7
OSEBERG ØST,2020-04-01,222,30,7856.0,33157.7
OSEBERG ØST,2020-05-01,223,31,7152.1,30880.9
OSEBERG ØST,2020-06-01,224,30,5956.4,26348.0
OSEBERG ØST,2020-07-01,225,31,5177.9,30505.5
OSEBERG ØST,2020-08-01,226,31,6691.5,31138.6
OSEBERG ØST,2020-09-01,227,30,8556.2,27171.9
OSEBERG ØST,2020-10-01,228,31,7762.8,15493.2
OSEBERG ØST,2020-11-01,229,30,9206.2,13286.2
OSEBERG ØST,2020-12-01,230,31,6819.4,19096.6
OSEBERG ØST,2021-01-01,231,31,6257.3,19618.1
OSEBERG ØST,2021-02-01,232,28,7442.2,28870.2
OSEBERG ØST,2021-03-01,233,31,6478.5,28233.1
OSEBERG ØST,2021-04-01,234,30,7694.5,30201.5
OSEBERG ØST,2021-05-01,235,31,5823.1,22892.8
OSEBERG ØST,2021-06-01,236,30,4996.2,15097.6
OSEBERG ØST,2021-07-01,237,31,4788.4,10479.6
OSEBERG ØST,2021-08-01,238,31,4214.2,15314.6
OSEBERG ØST,2021-09-01,239,30,5736.3,24228.3
OSEBERG ØST,2021-10-01,240,31,3952.4,18546.8
OSEBERG ØST,2021-11-01,241,30,4514.0,23073.1
OSEBERG ØST,2021-12-01,242,31,4559.1,22162.4
OSEBERG ØST,2022-01-01,243,31,4938.5,17477.5
OSEBERG ØST,2022-02-01,244,28,4225.4,23088.1
OSEBERG ØST,2022-03-01,245,31,6340.5,33285.2
OSEBERG ØST,2022-04-01,246,30,4914.4,30270.7
OSEBERG ØST,2022-05-01,247,31,3672.4,18441.3
OSEBERG ØST,2022-06-01,248,30,4264.5,24842.6
OSEBERG ØST,2022-07-01,249,31,2929.8,19973.2
OSEBERG ØST,2022-08-01,250,31,4640.2,22783.3
OSEBERG ØST,2022-09-01,251,30,536.7,4625.1
OSEBERG ØST,2022-10-01,252,31,4256.8,22328.8
OSEBERG ØST,2022-11-01,253,30,5033.9,21389.5
OSEBERG ØST,2022-12-01,254,31,5119.1,20999.8
OSEBERG ØST,2023-01-01,255,31,4348.1,19963.0
OSEBERG ØST,2023-02-01,256,28,3908.7,19505.1
OSEBERG ØST,2023-03-01,257,31,5021.7,21742.4
OSEBERG ØST,2023-04-01,258,30,4524.5,26033.5
OSEBERG ØST,2023-05-01,259,31,5510.7,22065.0
OSEBERG ØST,2023-06-01,260,30,142.6,484.3
OSEBERG ØST,2023-07-01,261,31,7839.9,27240.9
OSEBERG ØST,2023-08-01,262,31,8673.8,35243.2
OSEBERG ØST,2023-09-01,263,30,8935.7,36264.9
OSEBERG ØST,2023-10-01,264,31,6498.8,26963.0
OSEBERG ØST,2023-11-01,265,30,8101.3,32486.8
OSEBERG ØST,2023-12-01,266,31,5691.3,31982.6
OSEBERG ØST,2024-01-01,267,31,-1314.8,31148.7
OSEBERG ØST,2024-02-01,268,29,13586.0,34598.2
OSEBERG ØST,2024-03-01,269,31,5626.3,32993.0
OSEBERG ØST,2024-04-01,270,30,3279.1,24192.7
OSEBERG ØST,2024-05-01,271,31,4360.3,25218.0
OSEBERG ØST,2024-06-01,272,30,3274.9,26559.7
OSEBERG ØST,2024-07-01,273,31,6344.6,32621.7
OSEBERG ØST,2024-08-01,274,31,7568.0,31718.9
OSEBERG ØST,2024-09-01,275,30,5426.0,31939.6
OSEBERG ØST,2024-10-01,276,31,3057.7,21421.8
OSEBERG ØST,2024-11-01,277,30,3604.1,28398.4
OSEBERG ØST,2024-12-01,278,31,4372.4,33187.8
OSEBERG ØST,2025-01-01,279,31,4100.5,30826.1
OSEBERG ØST,2025-02-01,280,28,3758.2,28566.9
OSEBERG ØST,2025-03-01,281,31,4398.8,36405.8
OSEBERG ØST,2025-04-01,282,30,4029.7,34463.9
OSEBERG ØST,2025-05-01,283,31,2544.3,22720.4
OSEBERG ØST,2025-06-01,284,30,3608.2,25452.7
OSEBERG ØST,2025-07-01,285,31,5847.5,37742.9
OSEBERG ØST,2025-08-01,286,31,5595.9,37067.2
OSEBERG ØST,2025-09-01,287,30,5136.7,37460.0
OSEBERG ØST,2025-10-01,288,31,3475.6,28823.5
OSEBERG ØST,2025-11-01,289,30,4581.1,38787.1
OSEBERG ØST,2025-12-01,290,31,4833.0,37365.5
OSEBERG ØST,2026-01-01,291,31,4676.8,39256.5
OSEBERG ØST,2026-02-01,292,28,4423.1,30608.9
OSEBERG ØST,2026-03-01,293,31,3100.3,26183.8
OSEBERG ØST,2026-04-01,294,30,3725.7,20295.1
OSEBERG ØST,2026-05-01,295,31,127.8,50.7
REV,2010-02-01,0,28,6242.6,0.0
REV,2010-03-01,1,31,6291.8,0.0
REV,2010-04-01,2,30,6359.0,0.0
REV,2010-05-01,3,31,5924.6,0.0
REV,2010-06-01,4,30,991.7,0.0
REV,2010-07-01,5,31,3642.0,0.0
REV,2010-08-01,6,31,5879.9,0.0
REV,2010-09-01,7,30,4700.6,0.0
REV,2010-10-01,8,31,5879.9,0.0
REV,2010-11-01,9,30,5371.5,0.0
REV,2010-12-01,10,31,4210.1,0.0
REV,2011-01-01,11,31,2990.7,440.3
REV,2011-02-01,12,28,2572.1,179.7
REV,2011-03-01,13,31,2221.7,188.7
REV,2011-04-01,14,30,1853.4,146.8
REV,2011-05-01,15,31,1793.6,105.5
REV,2011-06-01,16,30,1329.2,81.8
REV,2011-07-01,17,31,28.4,0.0
REV,2011-08-01,18,31,0.0,0.0
REV,2011-09-01,19,30,2.1,0.0
REV,2011-10-01,20,31,1580.6,16.2
REV,2011-11-01,21,30,1742.3,67.1
REV,2011-12-01,22,31,1361.4,50.7
REV,2012-01-01,23,31,1393.9,83.2
REV,2012-02-01,24,29,1724.3,97.6
REV,2012-03-01,25,31,1219.4,75.1
REV,2012-04-01,26,30,1471.8,130.0
REV,2012-05-01,27,31,1383.8,243.5
REV,2012-06-01,28,30,543.0,52.4
REV,2012-07-01,29,31,823.8,140.0
REV,2012-08-01,30,31,714.2,95.4
REV,2012-09-01,31,30,465.4,144.7
REV,2012-10-01,32,31,549.9,85.2
REV,2012-11-01,33,30,691.9,142.6
REV,2012-12-01,34,31,811.6,219.1
REV,2013-01-01,35,31,1044.9,537.7
REV,2013-02-01,36,28,923.3,804.2
REV,2013-03-01,37,31,809.6,586.4
REV,2013-04-01,38,30,677.2,438.2
REV,2013-05-01,39,31,389.6,188.7
REV,2013-06-01,40,30,77.6,0.0
REV,2013-07-01,41,31,69.0,0.0
REV,2013-08-01,42,31,8.1,0.0
REV,2013-09-01,43,30,67.1,0.0
REV,2013-10-01,44,31,294.2,0.0
REV,2013-11-01,45,30,362.7,0.0
REV,2013-12-01,46,31,407.8,0.0
REV,2014-01-01,47,31,1594.8,541.7
REV,2014-02-01,48,28,420.1,0.0
REV,2014-03-01,49,31,312.5,0.0
REV,2014-04-01,50,30,285.1,0.0
REV,2014-05-01,51,31,627.0,734.5
REV,2014-06-01,52,30,0.0,0.0
REV,2014-07-01,53,31,817.7,474.8
REV,2014-08-01,54,31,103.5,97.4
REV,2014-09-01,55,30,119.5,0.0
REV,2014-10-01,56,31,0.0,0.0
REV,2014-11-01,57,30,0.0,0.0
REV,2014-12-01,58,31,0.0,0.0
REV,2015-01-01,59,31,0.0,0.0
REV,2015-02-01,60,28,0.0,0.0
REV,2015-03-01,61,31,0.0,0.0
REV,2015-04-01,62,30,0.0,0.0
REV,2015-05-01,63,31,0.0,0.0
REV,2015-06-01,64,30,0.0,0.0
REV,2015-07-01,65,31,0.0,0.0
REV,2015-08-01,66,31,1355.4,207.0
REV,2015-09-01,67,30,819.8,308.2
REV,2015-10-01,68,31,0.0,0.0
REV,2015-11-01,69,30,599.6,419.3
REV,2015-12-01,70,31,95.4,85.2
REV,2016-01-01,71,31,0.0,0.0
REV,2016-02-01,72,29,0.0,0.0
REV,2016-03-01,73,31,0.0,0.0
REV,2016-04-01,74,30,0.0,0.0
REV,2016-05-01,75,31,0.0,0.0
REV,2016-06-01,76,30,0.0,0.0
REV,2016-07-01,77,31,0.0,0.0
REV,2016-08-01,78,31,0.0,0.0
REV,2016-09-01,79,30,0.0,0.0
REV,2016-10-01,80,31,0.0,0.0
REV,2016-11-01,81,30,1056.7,578.7
REV,2016-12-01,82,31,0.0,0.0
REV,2017-01-01,83,31,399.7,237.4
REV,2017-02-01,84,28,0.0,0.0
REV,2017-03-01,85,31,170.4,62.9
REV,2017-04-01,86,30,159.3,106.9
REV,2017-05-01,87,31,0.0,0.0
REV,2017-06-01,88,30,0.0,161.4
REV,2017-07-01,89,31,562.0,192.8
REV,2017-08-01,90,31,200.9,93.3
REV,2017-09-01,91,30,0.0,0.0
REV,2017-10-01,92,31,219.1,135.9
REV,2017-11-01,93,30,0.0,0.0
REV,2017-12-01,94,31,0.0,0.0
REV,2018-01-01,95,31,0.0,0.0
REV,2018-02-01,96,28,35.9,184.2
REV,2018-03-01,97,31,450.4,249.6
REV,2018-04-01,98,30,0.0,0.0
REV,2018-05-01,99,31,0.0,0.0
REV,2018-06-01,100,30,0.0,0.0
REV,2018-07-01,101,31,0.0,0.0
REV,2018-08-01,102,31,0.0,0.0
REV,2018-09-01,103,30,0.0,0.0
REV,2018-10-01,104,31,0.0,0.0
REV,2018-11-01,105,30,0.0,0.0
REV,2018-12-01,106,31,0.0,0.0
REV,2019-01-01,107,31,0.0,0.0
REV,2019-02-01,108,28,0.0,0.0
REV,2019-03-01,109,31,0.0,0.0
REV,2019-04-01,110,30,0.0,0.0
REV,2019-05-01,111,31,0.0,0.0
REV,2019-06-01,112,30,0.0,0.0
REV,2019-07-01,113,31,0.0,0.0
REV,2019-08-01,114,31,0.0,0.0
REV,2019-09-01,115,30,0.0,0.0
REV,2019-10-01,116,31,0.0,0.0
REV,2019-11-01,117,30,109.0,21.0
REV,2019-12-01,118,31,328.7,89.3
REV,2020-01-01,119,31,0.0,0.0
REV,2020-02-01,120,29,0.0,0.0
REV,2020-03-01,121,31,0.0,0.0
REV,2020-04-01,122,30,0.0,0.0
REV,2020-05-01,123,31,0.0,0.0
REV,2020-06-01,124,30,0.0,0.0
REV,2020-07-01,125,31,0.0,0.0
REV,2020-08-01,126,31,0.0,0.0
REV,2020-09-01,127,30,0.0,0.0
REV,2020-10-01,128,31,0.0,0.0
REV,2020-11-01,129,30,392.1,220.1
REV,2020-12-01,130,31,36.5,18.3
REV,2021-01-01,131,31,0.0,0.0
REV,2021-02-01,132,28,76.4,24.7
REV,2021-03-01,133,31,298.3,172.5
REV,2021-04-01,134,30,264.2,130.0
REV,2021-05-01,135,31,56.8,0.0
REV,2021-06-01,136,30,0.0,0.0
REV,2021-07-01,137,31,198.8,2.0
REV,2021-08-01,138,31,160.3,2.0
REV,2021-09-01,139,30,0.0,0.0
REV,2021-10-01,140,31,182.6,2.0
REV,2021-11-01,141,30,88.1,21.0
REV,2021-12-01,142,31,0.0,0.0
REV,2022-01-01,143,31,0.0,0.0
REV,2022-02-01,144,28,134.8,6.7
REV,2022-03-01,145,31,46.7,2.0
REV,2022-04-01,146,30,0.0,0.0
REV,2022-05-01,147,31,0.0,0.0
REV,2022-06-01,148,30,0.0,0.0
REV,2022-07-01,149,31,442.3,14.2
REV,2022-08-01,150,31,0.0,0.0
REV,2022-09-01,151,30,0.0,0.0
REV,2022-10-01,152,31,0.0,0.0
REV,2022-11-01,153,30,0.0,0.0
REV,2022-12-01,154,31,0.0,0.0
REV,2023-01-01,155,31,0.0,0.0
REV,2023-02-01,156,28,29.2,47.2
REV,2023-03-01,157,31,146.1,186.7
REV,2023-04-01,158,30,0.0,0.0
REV,2023-05-01,159,31,0.0,0.0
REV,2023-06-01,160,30,0.0,0.0
REV,2023-07-01,161,31,0.0,0.0
REV,2023-08-01,162,31,0.0,0.0
REV,2023-09-01,163,30,0.0,0.0
REV,2023-10-01,164,31,0.0,0.0
REV,2023-11-01,165,30,0.0,0.0
REV,2023-12-01,166,31,0.0,0.0
REV,2024-01-01,167,31,0.0,0.0
REV,2024-02-01,168,29,0.0,0.0
REV,2024-03-01,169,31,184.6,129.9
REV,2024-04-01,170,30,0.0,0.0
REV,2024-05-01,171,31,0.0,0.0
REV,2024-06-01,172,30,0.0,0.0
REV,2024-07-01,173,31,0.0,0.0
REV,2024-08-01,174,31,0.0,0.0
REV,2024-09-01,175,30,0.0,0.0
REV,2024-10-01,176,31,0.0,0.0
REV,2024-11-01,177,30,0.0,0.0
REV,2024-12-01,178,31,10.1,32.5
REV,2025-01-01,179,31,0.0,188.7
REV,2025-02-01,180,28,0.0,0.0
REV,2025-03-01,181,31,0.0,0.0
REV,2025-04-01,182,30,0.0,0.0
REV,2025-05-01,183,31,198.8,148.1
REV,2025-06-01,184,30,58.7,81.8
REV,2025-07-01,185,31,0.0,0.0
REV,2025-08-01,186,31,0.0,0.0
REV,2025-09-01,187,30,0.0,0.0
RINGHORNE ØST,2008-10-01,0,31,35646.9,4944.6
RINGHORNE ØST,2008-11-01,1,30,35118.0,5518.3
RINGHORNE ØST,2008-12-01,2,31,35030.1,6105.2
RINGHORNE ØST,2009-01-01,3,31,34989.5,7294.1
RINGHORNE ØST,2009-02-01,4,28,34560.2,7819.6
RINGHORNE ØST,2009-03-01,5,31,31444.9,7562.0
RINGHORNE ØST,2009-04-01,6,30,28989.7,9204.1
RINGHORNE ØST,2009-05-01,7,31,29657.4,12522.8
RINGHORNE ØST,2009-06-01,8,30,27255.8,11558.6
RINGHORNE ØST,2009-07-01,9,31,26120.9,14225.1
RINGHORNE ØST,2009-08-01,10,31,24777.8,14109.4
RINGHORNE ØST,2009-09-01,11,30,23733.5,15420.5
RINGHORNE ØST,2009-10-01,12,31,23751.1,15970.0
RINGHORNE ØST,2009-11-01,13,30,23555.3,19869.5
RINGHORNE ØST,2009-12-01,14,31,23181.0,20514.9
RINGHORNE ØST,2010-01-01,15,31,21720.1,17376.1
RINGHORNE ØST,2010-02-01,16,28,21881.8,17903.5
RINGHORNE ØST,2010-03-01,17,31,20113.2,16521.9
RINGHORNE ØST,2010-04-01,18,30,20517.3,17288.6
RINGHORNE ØST,2010-05-01,19,31,19766.2,17027.1
RINGHORNE ØST,2010-06-01,20,30,19251.0,17269.7
RINGHORNE ØST,2010-07-01,21,31,19305.6,19078.4
RINGHORNE ØST,2010-08-01,22,31,11721.3,11039.6
RINGHORNE ØST,2010-09-01,23,30,19200.7,18871.5
RINGHORNE ØST,2010-10-01,24,31,18224.2,17621.6
RINGHORNE ØST,2010-11-01,25,30,17542.3,18303.3
RINGHORNE ØST,2010-12-01,26,31,17303.0,17716.9
RINGHORNE ØST,2011-01-01,27,31,17351.7,18721.3
RINGHORNE ØST,2011-02-01,28,28,17225.1,18408.9
RINGHORNE ØST,2011-03-01,29,31,16718.7,18175.5
RINGHORNE ØST,2011-04-01,30,30,16942.6,18099.9
RINGHORNE ØST,2011-05-01,31,31,16704.5,15322.8
RINGHORNE ØST,2011-06-01,32,30,16120.8,17577.9
RINGHORNE ØST,2011-07-01,33,31,16416.4,18479.8
RINGHORNE ØST,2011-08-01,34,31,14387.4,16195.2
RINGHORNE ØST,2011-09-01,35,30,16257.0,18106.2
RINGHORNE ØST,2011-10-01,36,31,16081.6,19348.2
RINGHORNE ØST,2011-11-01,37,30,15376.5,18913.4
RINGHORNE ØST,2011-12-01,38,31,15984.2,20003.6
RINGHORNE ØST,2012-01-01,39,31,15515.5,19293.5
RINGHORNE ØST,2012-02-01,40,29,15741.9,20294.4
RINGHORNE ØST,2012-03-01,41,31,15345.1,20269.4
RINGHORNE ØST,2012-04-01,42,30,15005.4,20026.7
RINGHORNE ØST,2012-05-01,43,31,15044.8,19465.9
RINGHORNE ØST,2012-06-01,44,30,14774.7,19945.0
RINGHORNE ØST,2012-07-01,45,31,14906.8,17794.0
RINGHORNE ØST,2012-08-01,46,31,19559.2,21338.7
RINGHORNE ØST,2012-09-01,47,30,12755.7,13739.0
RINGHORNE ØST,2012-10-01,48,31,17802.2,20038.1
RINGHORNE ØST,2012-11-01,49,30,16930.0,17296.9
RINGHORNE ØST,2012-12-01,50,31,16672.0,21229.1
RINGHORNE ØST,2013-01-01,51,31,16897.2,22596.6
RINGHORNE ØST,2013-02-01,52,28,16501.7,22086.2
RINGHORNE ØST,2013-03-01,53,31,15982.2,21145.9
RINGHORNE ØST,2013-04-01,54,30,15688.9,22595.1
RINGHORNE ØST,2013-05-01,55,31,15034.7,20963.3
RINGHORNE ØST,2013-06-01,56,30,14929.9,22075.1
RINGHORNE ØST,2013-07-01,57,31,15117.8,21624.7
RINGHORNE ØST,2013-08-01,58,31,15190.9,21831.7
RINGHORNE ØST,2013-09-01,59,30,13401.5,17728.8
RINGHORNE ØST,2013-10-01,60,31,13263.4,15970.0
RINGHORNE ØST,2013-11-01,61,30,13724.3,17850.5
RINGHORNE ØST,2013-12-01,62,31,13194.4,17802.2
RINGHORNE ØST,2014-01-01,63,31,10061.7,12616.1
RINGHORNE ØST,2014-02-01,64,28,13262.5,17903.5
RINGHORNE ØST,2014-03-01,65,31,12766.3,18358.1
RINGHORNE ØST,2014-04-01,66,30,11931.8,17313.7
RINGHORNE ØST,2014-05-01,67,31,12646.6,19956.9
RINGHORNE ØST,2014-06-01,68,30,11799.7,19070.7
RINGHORNE ØST,2014-07-01,69,31,12299.6,21143.9
RINGHORNE ØST,2014-08-01,70,31,10560.8,15935.5
RINGHORNE ØST,2014-09-01,71,30,11959.0,18485.7
RINGHORNE ØST,2014-10-01,72,31,12679.0,21511.1
RINGHORNE ØST,2014-11-01,73,30,12395.1,21467.1
RINGHORNE ØST,2014-12-01,74,31,12827.1,30499.4
RINGHORNE ØST,2015-01-01,75,31,12455.8,25703.0
RINGHORNE ØST,2015-02-01,76,28,12424.6,25294.0
RINGHORNE ØST,2015-03-01,77,31,12559.3,24321.2
RINGHORNE ØST,2015-04-01,78,30,11338.4,24217.8
RINGHORNE ØST,2015-05-01,79,31,11824.8,23211.4
RINGHORNE ØST,2015-06-01,80,30,10961.0,20471.2
RINGHORNE ØST,2015-07-01,81,31,10658.2,19155.5
RINGHORNE ØST,2015-08-01,82,31,11080.2,21837.8
RINGHORNE ØST,2015-09-01,83,30,5862.1,8923.1
RINGHORNE ØST,2015-10-01,84,31,10465.4,18721.3
RINGHORNE ØST,2015-11-01,85,30,10564.8,18424.9
RINGHORNE ØST,2015-12-01,86,31,10885.4,21046.5
RINGHORNE ØST,2016-01-01,87,31,10406.6,21381.3
RINGHORNE ØST,2016-02-01,88,29,10467.1,23732.1
RINGHORNE ØST,2016-03-01,89,31,9562.5,25613.7
RINGHORNE ØST,2016-04-01,90,30,9296.3,23605.6
RINGHORNE ØST,2016-05-01,91,31,7744.6,20354.6
RINGHORNE ØST,2016-06-01,92,30,9019.6,22739.7
RINGHORNE ØST,2016-07-01,93,31,8570.4,21005.9
RINGHORNE ØST,2016-08-01,94,31,8625.1,18928.2
RINGHORNE ØST,2016-09-01,95,30,8084.5,20703.9
RINGHORNE ØST,2016-10-01,96,31,8807.7,22539.8
RINGHORNE ØST,2016-11-01,97,30,8227.1,22911.6
RINGHORNE ØST,2016-12-01,98,31,8136.2,23913.4
RINGHORNE ØST,2017-01-01,99,31,7310.4,20758.4
RINGHORNE ØST,2017-02-01,100,28,7770.1,22659.0
RINGHORNE ØST,2017-03-01,101,31,8223.4,21576.0
RINGHORNE ØST,2017-04-01,102,30,8090.8,20859.1
RINGHORNE ØST,2017-05-01,103,31,7876.5,20445.9
RINGHORNE ØST,2017-06-01,104,30,7935.6,19563.4
RINGHORNE ØST,2017-07-01,105,31,7706.0,19559.2
RINGHORNE ØST,2017-08-01,106,31,8349.2,24252.3
RINGHORNE ØST,2017-09-01,107,30,5688.1,18250.9
RINGHORNE ØST,2017-10-01,108,31,6821.4,18794.3
RINGHORNE ØST,2017-11-01,109,30,7438.7,18733.1
RINGHORNE ØST,2017-12-01,110,31,7529.5,24615.4
RINGHORNE ØST,2018-01-01,111,31,6575.9,24652.0
RINGHORNE ØST,2018-02-01,112,28,6316.8,22544.4
RINGHORNE ØST,2018-03-01,113,31,5543.1,21129.7
RINGHORNE ØST,2018-04-01,114,30,5166.0,23683.2
RINGHORNE ØST,2018-05-01,115,31,4820.8,29077.1
RINGHORNE ØST,2018-06-01,116,30,3209.9,19945.0
RINGHORNE ØST,2018-07-01,117,31,4488.1,25737.5
RINGHORNE ØST,2018-08-01,118,31,3459.4,20742.1
RINGHORNE ØST,2018-09-01,119,30,2235.0,13288.3
RINGHORNE ØST,2018-10-01,120,31,5210.4,26218.3
RINGHORNE ØST,2018-11-01,121,30,5195.4,27425.6
RINGHORNE ØST,2018-12-01,122,31,5135.3,28438.0
RINGHORNE ØST,2019-01-01,123,31,5257.1,23895.2
RINGHORNE ØST,2019-02-01,124,28,5921.4,25768.0
RINGHORNE ØST,2019-03-01,125,31,5409.2,25015.1
RINGHORNE ØST,2019-04-01,126,30,5834.8,25385.6
RINGHORNE ØST,2019-05-01,127,31,4816.8,23521.8
RINGHORNE ØST,2019-06-01,128,30,4015.0,19863.2
RINGHORNE ØST,2019-07-01,129,31,4792.4,22870.5
RINGHORNE ØST,2019-08-01,130,31,1600.9,8385.7
RINGHORNE ØST,2019-09-01,131,30,5266.7,25981.1
RINGHORNE ØST,2019-10-01,132,31,5263.1,27756.3
RINGHORNE ØST,2019-11-01,133,30,4920.7,27203.4
RINGHORNE ØST,2019-12-01,134,31,4985.2,28255.4
RINGHORNE ØST,2020-01-01,135,31,4557.1,26474.0
RINGHORNE ØST,2020-02-01,136,29,3509.3,21365.8
RINGHORNE ØST,2020-03-01,137,31,3836.8,26522.7
RINGHORNE ØST,2020-04-01,138,30,3895.5,23345.6
RINGHORNE ØST,2020-05-01,139,31,4392.7,25035.4
RINGHORNE ØST,2020-06-01,140,30,3620.8,21374.8
RINGHORNE ØST,2020-07-01,141,31,2722.9,16032.9
RINGHORNE ØST,2020-08-01,142,31,2828.4,16672.0
RINGHORNE ØST,2020-09-01,143,30,1014.8,7239.6
RINGHORNE ØST,2020-10-01,144,31,2773.6,17033.2
RINGHORNE ØST,2020-11-01,145,30,2763.3,16890.2
RINGHORNE ØST,2020-12-01,146,31,2572.7,16933.8
RINGHORNE ØST,2021-01-01,147,31,2392.2,16779.6
RINGHORNE ØST,2021-02-01,148,28,2423.8,16441.1
RINGHORNE ØST,2021-03-01,149,31,2169.0,16594.9
RINGHORNE ØST,2021-04-01,150,30,2075.6,16760.2
RINGHORNE ØST,2021-05-01,151,31,2006.6,16120.1
RINGHORNE ØST,2021-06-01,152,30,1968.7,15961.4
RINGHORNE ØST,2021-07-01,153,31,1846.4,15257.8
RINGHORNE ØST,2021-08-01,154,31,160.3,2037.1
RINGHORNE ØST,2021-09-01,155,30,1283.1,11709.5
RINGHORNE ØST,2021-10-01,156,31,1452.7,13500.8
RINGHORNE ØST,2021-11-01,157,30,1977.1,16166.9
RINGHORNE ØST,2021-12-01,158,31,1964.0,15625.1
RINGHORNE ØST,2022-01-01,159,31,1891.0,17353.8
RINGHORNE ØST,2022-02-01,160,28,1815.1,17478.9
RINGHORNE ØST,2022-03-01,161,31,1864.6,17027.1
RINGHORNE ØST,2022-04-01,162,30,2490.8,16886.0
RINGHORNE ØST,2022-05-01,163,31,5145.5,17804.2
RINGHORNE ØST,2022-06-01,164,30,2891.2,10011.3
RINGHORNE ØST,2022-07-01,165,31,2341.4,9899.3
RINGHORNE ØST,2022-08-01,166,31,1253.9,6419.7
RINGHORNE ØST,2022-09-01,167,30,1102.8,7124.2
RINGHORNE ØST,2022-10-01,168,31,413.9,501.2
RINGHORNE ØST,2022-11-01,169,30,1088.1,1897.4
RINGHORNE ØST,2022-12-01,170,31,1217.4,3122.6
RINGHORNE ØST,2023-01-01,171,31,0.0,0.0
RINGHORNE ØST,2023-02-01,172,28,0.0,0.0
RINGHORNE ØST,2023-03-01,173,31,0.0,0.0
RINGHORNE ØST,2023-04-01,174,30,0.0,0.0
RINGHORNE ØST,2023-05-01,175,31,0.0,0.0
RINGHORNE ØST,2023-06-01,176,30,0.0,490.6
RINGHORNE ØST,2023-07-01,177,31,1444.6,11826.9
RINGHORNE ØST,2023-08-01,178,31,677.7,5484.3
RINGHORNE ØST,2023-09-01,179,30,2128.0,12223.2
RINGHORNE ØST,2023-10-01,180,31,2132.4,12579.6
RINGHORNE ØST,2023-11-01,181,30,1918.4,13206.5
RINGHORNE ØST,2023-12-01,182,31,1643.5,13285.7
RINGHORNE ØST,2024-01-01,183,31,1572.4,13078.7
RINGHORNE ØST,2024-02-01,184,29,1561.6,12980.8
RINGHORNE ØST,2024-03-01,185,31,1444.6,13216.7
RINGHORNE ØST,2024-04-01,186,30,1356.5,14129.0
RINGHORNE ØST,2024-05-01,187,31,1363.5,13640.8
RINGHORNE ØST,2024-06-01,188,30,1337.6,12789.3
RINGHORNE ØST,2024-07-01,189,31,1276.2,12938.7
RINGHORNE ØST,2024-08-01,190,31,1333.0,16164.8
RINGHORNE ØST,2024-09-01,191,30,1270.5,13191.8
RINGHORNE ØST,2024-10-01,192,31,1103.8,12031.8
RINGHORNE ØST,2024-11-01,193,30,1297.8,14168.8
RINGHORNE ØST,2024-12-01,194,31,1306.7,14559.9
RINGHORNE ØST,2025-01-01,195,31,1262.0,13648.9
RINGHORNE ØST,2025-02-01,196,28,691.9,11350.8
RINGHORNE ØST,2025-03-01,197,31,1272.2,14428.0
RINGHORNE ØST,2025-04-01,198,30,1276.8,14221.2
RINGHORNE ØST,2025-05-01,199,31,553.9,10073.8
RINGHORNE ØST,2025-06-01,200,30,1035.7,14126.9
RINGHORNE ØST,2025-07-01,201,31,1012.5,14478.7
RINGHORNE ØST,2025-08-01,202,31,975.9,13896.4
RINGHORNE ØST,2025-09-01,203,30,974.9,13560.8
RINGHORNE ØST,2025-10-01,204,31,957.7,13837.6
RINGHORNE ØST,2025-11-01,205,30,3803.2,13598.5
RINGHORNE ØST,2025-12-01,206,31,5825.2,13792.9
RINGHORNE ØST,2026-01-01,207,31,5070.4,14695.8
RINGHORNE ØST,2026-02-01,208,28,4706.1,15082.0
RINGHORNE ØST,2026-03-01,209,31,4516.5,14817.6
RINGHORNE ØST,2026-04-01,210,30,4251.9,14344.9
RINGHORNE ØST,2026-05-01,211,31,4220.3,14947.4
SKIRNE,2005-03-01,0,31,6724.0,0.0
SKIRNE,2005-04-01,1,30,6461.7,0.0
SKIRNE,2005-05-01,2,31,6754.4,0.0
SKIRNE,2005-06-01,3,30,1511.6,0.0
SKIRNE,2005-07-01,4,31,4682.9,0.0
SKIRNE,2005-08-01,5,31,5370.7,0.0
SKIRNE,2005-09-01,6,30,5149.2,0.0
SKIRNE,2005-10-01,7,31,4197.9,0.0
SKIRNE,2005-11-01,8,30,4723.6,0.0
SKIRNE,2005-12-01,9,31,3286.9,0.0
SKIRNE,2006-01-01,10,31,4863.4,0.0
SKIRNE,2006-02-01,11,28,4142.3,0.0
SKIRNE,2006-03-01,12,31,4299.4,0.0
SKIRNE,2006-04-01,13,30,5606.3,0.0
SKIRNE,2006-05-01,14,31,4680.8,0.0
SKIRNE,2006-06-01,15,30,4115.6,0.0
SKIRNE,2006-07-01,16,31,4680.8,0.0
SKIRNE,2006-08-01,17,31,3991.0,0.0
SKIRNE,2006-09-01,18,30,5180.7,0.0
SKIRNE,2006-10-01,19,31,5042.0,0.0
SKIRNE,2006-11-01,20,30,4776.1,0.0
SKIRNE,2006-12-01,21,31,4729.5,0.0
SKIRNE,2007-01-01,22,31,3144.9,0.0
SKIRNE,2007-02-01,23,28,4227.6,0.0
SKIRNE,2007-03-01,24,31,2607.2,0.0
SKIRNE,2007-04-01,25,30,4738.3,0.0
SKIRNE,2007-05-01,26,31,3398.5,0.0
SKIRNE,2007-06-01,27,30,1169.9,0.0
SKIRNE,2007-07-01,28,31,1921.4,0.0
SKIRNE,2007-08-01,29,31,4561.1,0.0
SKIRNE,2007-09-01,30,30,4872.5,0.0
SKIRNE,2007-10-01,31,31,4502.3,0.0
SKIRNE,2007-11-01,32,30,4226.7,0.0
SKIRNE,2007-12-01,33,31,4626.0,0.0
SKIRNE,2008-01-01,34,31,4613.9,0.0
SKIRNE,2008-02-01,35,29,4422.4,0.0
SKIRNE,2008-03-01,36,31,2978.5,0.0
SKIRNE,2008-04-01,37,30,3056.8,0.0
SKIRNE,2008-05-01,38,31,3396.5,0.0
SKIRNE,2008-06-01,39,30,3356.7,0.0
SKIRNE,2008-07-01,40,31,3751.6,0.0
SKIRNE,2008-08-01,41,31,1586.7,0.0
SKIRNE,2008-09-01,42,30,2694.1,0.0
SKIRNE,2008-10-01,43,31,3071.9,0.0
SKIRNE,2008-11-01,44,30,4210.0,0.0
SKIRNE,2008-12-01,45,31,3911.8,0.0
SKIRNE,2009-01-01,46,31,3773.9,0.0
SKIRNE,2009-02-01,47,28,3459.4,0.0
SKIRNE,2009-03-01,48,31,3804.3,0.0
SKIRNE,2009-04-01,49,30,4119.8,0.0
SKIRNE,2009-05-01,50,31,3694.8,0.0
SKIRNE,2009-06-01,51,30,1914.2,0.0
SKIRNE,2009-07-01,52,31,3213.9,0.0
SKIRNE,2009-08-01,53,31,3640.0,0.0
SKIRNE,2009-09-01,54,30,3954.2,0.0
SKIRNE,2009-10-01,55,31,3938.2,0.0
SKIRNE,2009-11-01,56,30,3451.0,0.0
SKIRNE,2009-12-01,57,31,3530.4,0.0
SKIRNE,2010-01-01,58,31,3027.2,0.0
SKIRNE,2010-02-01,59,28,3189.8,0.0
SKIRNE,2010-03-01,60,31,3199.7,0.0
SKIRNE,2010-04-01,61,30,2838.8,0.0
SKIRNE,2010-05-01,62,31,2375.9,0.0
SKIRNE,2010-06-01,63,30,2004.3,0.0
SKIRNE,2010-07-01,64,31,2747.2,0.0
SKIRNE,2010-08-01,65,31,2883.2,0.0
SKIRNE,2010-09-01,66,30,2901.7,0.0
SKIRNE,2010-10-01,67,31,2093.9,0.0
SKIRNE,2010-11-01,68,30,3061.0,0.0
SKIRNE,2010-12-01,69,31,1678.0,0.0
SKIRNE,2011-01-01,70,31,2333.3,0.0
SKIRNE,2011-02-01,71,28,1785.9,0.0
SKIRNE,2011-03-01,72,31,2572.7,0.0
SKIRNE,2011-04-01,73,30,2195.1,0.0
SKIRNE,2011-05-01,74,31,2138.5,0.0
SKIRNE,2011-06-01,75,30,390.0,0.0
SKIRNE,2011-07-01,76,31,2231.9,0.0
SKIRNE,2011-08-01,77,31,1211.3,0.0
SKIRNE,2011-09-01,78,30,1538.9,0.0
SKIRNE,2011-10-01,79,31,2266.4,0.0
SKIRNE,2011-11-01,80,30,2784.3,0.0
SKIRNE,2011-12-01,81,31,1684.0,0.0
SKIRNE,2012-01-01,82,31,2848.7,0.0
SKIRNE,2012-02-01,83,29,848.0,0.0
SKIRNE,2012-03-01,84,31,535.6,0.0
SKIRNE,2012-04-01,85,30,2201.4,0.0
SKIRNE,2012-05-01,86,31,1406.1,0.0
SKIRNE,2012-06-01,87,30,1010.6,0.0
SKIRNE,2012-07-01,88,31,2487.5,0.0
SKIRNE,2012-08-01,89,31,1854.5,0.0
SKIRNE,2012-09-01,90,30,381.6,0.0
SKIRNE,2012-10-01,91,31,1006.4,0.0
SKIRNE,2012-11-01,92,30,1046.2,0.0
SKIRNE,2012-12-01,93,31,1014.5,0.0
SKIRNE,2013-01-01,94,31,1355.4,0.0
SKIRNE,2013-02-01,95,28,1680.3,0.0
SKIRNE,2013-03-01,96,31,533.6,0.0
SKIRNE,2013-04-01,97,30,631.1,0.0
SKIRNE,2013-05-01,98,31,754.8,0.0
SKIRNE,2013-06-01,99,30,777.8,0.0
SKIRNE,2013-07-01,100,31,1911.3,0.0
SKIRNE,2013-08-01,101,31,1357.4,0.0
SKIRNE,2013-09-01,102,30,278.8,0.0
SKIRNE,2013-10-01,103,31,1631.3,0.0
SKIRNE,2013-11-01,104,30,914.1,0.0
SKIRNE,2013-12-01,105,31,935.4,0.0
SKIRNE,2014-01-01,106,31,872.5,0.0
SKIRNE,2014-02-01,107,28,1691.5,0.0
SKIRNE,2014-03-01,108,31,1886.9,0.0
SKIRNE,2014-04-01,109,30,1012.7,0.0
SKIRNE,2014-05-01,110,31,385.5,0.0
SKIRNE,2014-06-01,111,30,0.0,0.0
SKIRNE,2014-07-01,112,31,60.9,0.0
SKIRNE,2014-08-01,113,31,235.4,0.0
SKIRNE,2014-09-01,114,30,916.2,0.0
SKIRNE,2014-10-01,115,31,1426.4,0.0
SKIRNE,2014-11-01,116,30,1023.1,0.0
SKIRNE,2014-12-01,117,31,829.8,0.0
SKIRNE,2015-01-01,118,31,1566.4,0.0
SKIRNE,2015-02-01,119,28,1442.2,0.0
SKIRNE,2015-03-01,120,31,1393.9,0.0
SKIRNE,2015-04-01,121,30,1400.5,0.0
SKIRNE,2015-05-01,122,31,1552.2,0.0
SKIRNE,2015-06-01,123,30,1314.6,0.0
SKIRNE,2015-07-01,124,31,1243.8,0.0
SKIRNE,2015-08-01,125,31,1371.6,0.0
SKIRNE,2015-09-01,126,30,1457.1,0.0
SKIRNE,2015-10-01,127,31,884.6,0.0
SKIRNE,2015-11-01,128,30,1364.9,0.0
SKIRNE,2015-12-01,129,31,1069.3,0.0
SKIRNE,2016-01-01,130,31,1160.6,543.8
SKIRNE,2016-02-01,131,29,1355.6,527.0
SKIRNE,2016-03-01,132,31,1738.8,637.1
SKIRNE,2016-04-01,133,30,1484.4,794.6
SKIRNE,2016-05-01,134,31,2069.5,582.3
SKIRNE,2016-06-01,135,30,897.3,81.8
SKIRNE,2016-07-01,136,31,1130.1,69.0
SKIRNE,2016-08-01,137,31,83.2,28.4
SKIRNE,2016-09-01,138,30,381.6,73.4
SKIRNE,2016-10-01,139,31,32.5,117.7
SKIRNE,2016-11-01,140,30,113.2,94.3
SKIRNE,2016-12-01,141,31,69.0,64.9
SKIRNE,2017-01-01,142,31,862.3,115.7
SKIRNE,2017-02-01,143,28,595.3,132.5
SKIRNE,2017-03-01,144,31,52.8,131.9
SKIRNE,2017-04-01,145,30,46.1,94.3
SKIRNE,2017-05-01,146,31,107.5,111.6
SKIRNE,2017-06-01,147,30,104.8,115.3
SKIRNE,2017-07-01,148,31,541.7,89.3
SKIRNE,2017-08-01,149,31,529.6,62.9
SKIRNE,2017-09-01,150,30,60.8,96.4
SKIRNE,2017-10-01,151,31,75.1,83.2
SKIRNE,2017-11-01,152,30,102.7,48.2
SKIRNE,2017-12-01,153,31,8.1,30.4
SKIRNE,2018-01-01,154,31,83.2,58.8
SKIRNE,2018-02-01,155,28,71.9,123.5
SKIRNE,2018-03-01,156,31,64.9,58.8
SKIRNE,2018-04-01,157,30,62.9,48.2
SKIRNE,2018-05-01,158,31,148.1,4.1
SKIRNE,2018-06-01,159,30,402.5,71.3
SKIRNE,2018-07-01,160,31,213.0,93.3
SKIRNE,2018-08-01,161,31,71.0,91.3
SKIRNE,2018-09-01,162,30,60.8,113.2
SKIRNE,2018-10-01,163,31,69.0,93.3
SKIRNE,2018-11-01,164,30,329.2,117.4
SKIRNE,2018-12-01,165,31,651.3,87.2
SKIRNE,2019-01-01,166,31,543.8,75.1
SKIRNE,2019-02-01,167,28,633.5,101.1
SKIRNE,2019-03-01,168,31,529.6,109.6
SKIRNE,2019-04-01,169,30,591.2,104.8
SKIRNE,2019-05-01,170,31,393.6,103.5
SKIRNE,2019-06-01,171,30,161.4,73.4
SKIRNE,2019-07-01,172,31,34.5,64.9
SKIRNE,2019-08-01,173,31,36.5,34.5
SKIRNE,2019-09-01,174,30,176.1,71.3
SKIRNE,2019-10-01,175,31,215.1,48.7
SKIRNE,2019-11-01,176,30,159.3,67.1
SKIRNE,2019-12-01,177,31,373.3,52.8
SKIRNE,2020-01-01,178,31,249.6,166.4
SKIRNE,2020-02-01,179,29,340.5,52.1
SKIRNE,2020-03-01,180,31,135.9,44.6
SKIRNE,2020-04-01,181,30,398.4,67.1
SKIRNE,2020-05-01,182,31,296.2,48.7
SKIRNE,2020-06-01,183,30,207.6,56.6
SKIRNE,2020-07-01,184,31,326.7,56.8
SKIRNE,2020-08-01,185,31,0.0,30.4
SKIRNE,2020-09-01,186,30,44.0,69.2
SKIRNE,2020-10-01,187,31,426.1,18.3
SKIRNE,2020-11-01,188,30,171.9,50.3
SKIRNE,2020-12-01,189,31,192.8,67.0
SKIRNE,2021-01-01,190,31,320.6,50.7
SKIRNE,2021-02-01,191,28,319.0,74.1
SKIRNE,2021-03-01,192,31,347.0,42.6
SKIRNE,2021-04-01,193,30,88.1,2.1
SKIRNE,2021-05-01,194,31,24.3,34.5
SKIRNE,2021-06-01,195,30,4.2,0.0
SKIRNE,2021-07-01,196,31,22.3,0.0
SKIRNE,2021-08-01,197,31,0.0,0.0
SKIRNE,2021-09-01,198,30,0.0,0.0
SKIRNE,2021-10-01,199,31,0.0,0.0
SKIRNE,2021-11-01,200,30,0.0,0.0
SKIRNE,2021-12-01,201,31,0.0,0.0
SKIRNE,2022-01-01,202,31,0.0,0.0
SKIRNE,2022-02-01,203,28,0.0,0.0
SKIRNE,2022-03-01,204,31,0.0,42.6
SKIRNE,2022-04-01,205,30,50.3,0.0
SKIRNE,2022-05-01,206,31,0.0,46.7
SKIRNE,2022-06-01,207,30,35.6,0.0
SKIRNE,2022-07-01,208,31,0.0,0.0
SKIRNE,2022-08-01,209,31,0.0,0.0
SKIRNE,2022-09-01,210,30,0.0,0.0
SKIRNE,2022-10-01,211,31,0.0,0.0
SKIRNE,2022-11-01,212,30,0.0,0.0
SKIRNE,2022-12-01,213,31,0.0,0.0
SKIRNE,2023-01-01,214,31,0.0,0.0
SKIRNE,2023-02-01,215,28,0.0,0.0
SKIRNE,2023-03-01,216,31,0.0,0.0
SKIRNE,2023-04-01,217,30,0.0,0.0
SKIRNE,2023-05-01,218,31,0.0,0.0
SKIRNE,2023-06-01,219,30,0.0,0.0
SKIRNE,2023-07-01,220,31,0.0,4.1
SKIRNE,2023-08-01,221,31,0.0,0.0
SKIRNE,2023-09-01,222,30,0.0,0.0
SKIRNE,2023-10-01,223,31,0.0,0.0
SKIRNE,2023-11-01,224,30,0.0,0.0
SKIRNE,2023-12-01,225,31,0.0,0.0
SKIRNE,2024-01-01,226,31,0.0,0.0
SKIRNE,2024-02-01,227,29,0.0,0.0
SKIRNE,2024-03-01,228,31,0.0,0.0
SKIRNE,2024-04-01,229,30,0.0,0.0
SKIRNE,2024-05-01,230,31,0.0,0.0
SKIRNE,2024-06-01,231,30,0.0,0.0
SKIRNE,2024-07-01,232,31,0.0,0.0
SKIRNE,2024-08-01,233,31,0.0,0.0
SKIRNE,2024-09-01,234,30,0.0,0.0
SKIRNE,2024-10-01,235,31,0.0,0.0
SKIRNE,2024-11-01,236,30,0.0,0.0
SKIRNE,2024-12-01,237,31,0.0,0.0
SKIRNE,2025-01-01,238,31,0.0,0.0
SKIRNE,2025-02-01,239,28,0.0,0.0
SKIRNE,2025-03-01,240,31,0.0,0.0
SKIRNE,2025-04-01,241,30,0.0,0.0
SKIRNE,2025-05-01,242,31,0.0,0.0
SKIRNE,2025-06-01,243,30,0.0,0.0
SKIRNE,2025-07-01,244,31,0.0,0.0
SKIRNE,2025-08-01,245,31,0.0,0.0
SKIRNE,2025-09-01,246,30,0.0,0.0
SKIRNE,2025-10-01,247,31,0.0,0.0
SKIRNE,2025-11-01,248,30,0.0,0.0
SKIRNE,2025-12-01,249,31,0.0,0.0
SKIRNE,2026-01-01,250,31,0.0,0.0
SKIRNE,2026-02-01,251,28,0.0,0.0
SKIRNE,2026-03-01,252,31,0.0,0.0
SKIRNE,2026-04-01,253,30,0.0,0.0
SKIRNE,2026-05-01,254,31,0.0,0.0
SNORRE,2003-02-01,0,28,224397.6,143540.0
SNORRE,2003-03-01,1,31,251423.6,137503.1
SNORRE,2003-04-01,2,30,231852.5,109255.9
SNORRE,2003-05-01,3,31,225408.2,119402.7
SNORRE,2003-06-01,4,30,213532.4,64703.2
SNORRE,2003-07-01,5,31,258145.6,102730.7
SNORRE,2003-08-01,6,31,188689.9,132684.3
SNORRE,2003-09-01,7,30,240503.1,110283.3
SNORRE,2003-10-01,8,31,259574.0,129608.4
SNORRE,2003-11-01,9,30,249468.1,147915.1
SNORRE,2003-12-01,10,31,232945.8,127094.5
SNORRE,2004-01-01,11,31,230216.8,136689.5
SNORRE,2004-02-01,12,29,216291.0,108089.1
SNORRE,2004-03-01,13,31,218799.8,141952.7
SNORRE,2004-04-01,14,30,230349.2,157043.7
SNORRE,2004-05-01,15,31,234061.7,156145.3
SNORRE,2004-06-01,16,30,165073.7,106192.8
SNORRE,2004-07-01,17,31,226509.9,155607.6
SNORRE,2004-08-01,18,31,154254.3,93922.9
SNORRE,2004-09-01,19,30,189111.2,108245.4
SNORRE,2004-10-01,20,31,234652.1,155335.7
SNORRE,2004-11-01,21,30,206666.1,156714.6
SNORRE,2004-12-01,22,31,74682.2,51300.4
SNORRE,2005-01-01,23,31,81911.5,57036.3
SNORRE,2005-02-01,24,28,139469.6,84795.5
SNORRE,2005-03-01,25,31,159495.1,88672.0
SNORRE,2005-04-01,26,30,170348.8,84591.5
SNORRE,2005-05-01,27,31,171936.8,83800.4
SNORRE,2005-06-01,28,30,145151.8,70252.9
SNORRE,2005-07-01,29,31,165241.2,83908.0
SNORRE,2005-08-01,30,31,186527.1,102990.4
SNORRE,2005-09-01,31,30,165593.7,139335.8
SNORRE,2005-10-01,32,31,131057.1,130300.3
SNORRE,2005-11-01,33,30,162643.7,145034.4
SNORRE,2005-12-01,34,31,171995.6,149250.9
SNORRE,2006-01-01,35,31,169384.3,168854.8
SNORRE,2006-02-01,36,28,154735.8,148902.0
SNORRE,2006-03-01,37,31,138876.8,130673.6
SNORRE,2006-04-01,38,30,42816.8,48878.0
SNORRE,2006-05-01,39,31,114634.6,110442.8
SNORRE,2006-06-01,40,30,149112.3,126032.9
SNORRE,2006-07-01,41,31,158845.9,125988.8
SNORRE,2006-08-01,42,31,172054.4,144395.5
SNORRE,2006-09-01,43,30,166136.7,160645.7
SNORRE,2006-10-01,44,31,121559.5,91906.2
SNORRE,2006-11-01,45,30,162589.2,177521.2
SNORRE,2006-12-01,46,31,168154.8,182349.4
SNORRE,2007-01-01,47,31,158856.0,181779.3
SNORRE,2007-02-01,48,28,165907.0,194411.0
SNORRE,2007-03-01,49,31,155609.7,192149.3
SNORRE,2007-04-01,50,30,144130.8,177393.3
SNORRE,2007-05-01,51,31,127565.3,161234.0
SNORRE,2007-06-01,52,30,141839.2,173812.3
SNORRE,2007-07-01,53,31,160811.9,172724.0
SNORRE,2007-08-01,54,31,63437.7,145823.9
SNORRE,2007-09-01,55,30,140751.0,139971.1
SNORRE,2007-10-01,56,31,168223.7,145130.0
SNORRE,2007-11-01,57,30,162325.1,168354.9
SNORRE,2007-12-01,58,31,146209.4,177467.7
SNORRE,2008-01-01,59,31,152941.6,171575.6
SNORRE,2008-02-01,60,29,175470.2,192060.1
SNORRE,2008-03-01,61,31,154301.0,168631.6
SNORRE,2008-04-01,62,30,113707.0,126814.9
SNORRE,2008-05-01,63,31,147676.4,134969.0
SNORRE,2008-06-01,64,30,165218.4,173969.6
SNORRE,2008-07-01,65,31,165040.3,174048.9
SNORRE,2008-08-01,66,31,127358.3,119672.6
SNORRE,2008-09-01,67,30,105482.0,80511.5
SNORRE,2008-10-01,68,31,148197.8,157673.1
SNORRE,2008-11-01,69,30,143759.7,106486.3
SNORRE,2008-12-01,70,31,148104.5,140970.6
SNORRE,2009-01-01,71,31,136160.0,127967.0
SNORRE,2009-02-01,72,28,126867.5,116275.9
SNORRE,2009-03-01,73,31,132108.1,117067.4
SNORRE,2009-04-01,74,30,1836.6,107729.6
SNORRE,2009-05-01,75,31,121756.3,116728.5
SNORRE,2009-06-01,76,30,105563.8,106727.4
SNORRE,2009-07-01,77,31,129847.8,122539.5
SNORRE,2009-08-01,78,31,82441.0,107040.2
SNORRE,2009-09-01,79,30,54054.5,31627.2
SNORRE,2009-10-01,80,31,101259.7,116671.7
SNORRE,2009-11-01,81,30,121948.7,142977.6
SNORRE,2009-12-01,82,31,126134.8,186259.2
SNORRE,2010-01-01,83,31,119015.2,195125.8
SNORRE,2010-02-01,84,28,114550.7,169193.4
SNORRE,2010-03-01,85,31,131714.5,172488.6
SNORRE,2010-04-01,86,30,111862.0,152198.5
SNORRE,2010-05-01,87,31,79766.8,115675.5
SNORRE,2010-06-01,88,30,105069.0,150678.4
SNORRE,2010-07-01,89,31,111869.2,162747.6
SNORRE,2010-08-01,90,31,61897.7,58974.0
SNORRE,2010-09-01,91,30,64919.1,66699.1
SNORRE,2010-10-01,92,31,107360.8,154445.0
SNORRE,2010-11-01,93,30,98450.0,141120.0
SNORRE,2010-12-01,94,31,99811.0,140433.0
SNORRE,2011-01-01,95,31,102408.1,146846.5
SNORRE,2011-02-01,96,28,122381.5,137474.8
SNORRE,2011-03-01,97,31,124460.9,162978.9
SNORRE,2011-04-01,98,30,96290.5,135631.2
SNORRE,2011-05-01,99,31,85539.3,118725.0
SNORRE,2011-06-01,100,30,81683.5,146774.6
SNORRE,2011-07-01,101,31,103410.4,163238.6
SNORRE,2011-08-01,102,31,63535.1,84715.5
SNORRE,2011-09-01,103,30,91252.4,79985.3
SNORRE,2011-10-01,104,31,108405.7,140045.4
SNORRE,2011-11-01,105,30,81746.4,135002.2
SNORRE,2011-12-01,106,31,81335.2,143705.7
SNORRE,2012-01-01,107,31,72988.1,132952.2
SNORRE,2012-02-01,108,29,69200.8,134974.8
SNORRE,2012-03-01,109,31,43217.0,133982.9
SNORRE,2012-04-01,110,30,83333.6,166870.5
SNORRE,2012-05-01,111,31,84991.4,158344.7
SNORRE,2012-06-01,112,30,90032.2,158614.1
SNORRE,2012-07-01,113,31,78928.9,142139.3
SNORRE,2012-08-01,114,31,56263.3,109298.5
SNORRE,2012-09-01,115,30,82000.1,136685.7
SNORRE,2012-10-01,116,31,87732.6,117473.2
SNORRE,2012-11-01,117,30,84815.9,138413.3
SNORRE,2012-12-01,118,31,84859.5,91804.7
SNORRE,2013-01-01,119,31,79062.8,94996.3
SNORRE,2013-02-01,120,28,78950.5,116734.2
SNORRE,2013-03-01,121,31,83483.9,109059.0
SNORRE,2013-04-01,122,30,90805.8,126626.3
SNORRE,2013-05-01,123,31,89613.4,130168.4
SNORRE,2013-06-01,124,30,89183.1,157387.6
SNORRE,2013-07-01,125,31,86655.2,163547.0
SNORRE,2013-08-01,126,31,80862.5,201153.9
SNORRE,2013-09-01,127,30,91841.6,204978.3
SNORRE,2013-10-01,128,31,86267.7,199376.5
SNORRE,2013-11-01,129,30,101888.5,220748.9
SNORRE,2013-12-01,130,31,93511.1,203891.0
SNORRE,2014-01-01,131,31,107758.5,190215.7
SNORRE,2014-02-01,132,28,94996.2,186517.3
SNORRE,2014-03-01,133,31,90700.9,161094.0
SNORRE,2014-04-01,134,30,93772.5,182441.9
SNORRE,2014-05-01,135,31,86393.4,160742.9
SNORRE,2014-06-01,136,30,63197.8,84291.7
SNORRE,2014-07-01,137,31,111980.8,183538.4
SNORRE,2014-08-01,138,31,116235.5,191489.9
SNORRE,2014-09-01,139,30,109016.9,217337.7
SNORRE,2014-10-01,140,31,104299.1,184414.9
SNORRE,2014-11-01,141,30,94896.3,174546.1
SNORRE,2014-12-01,142,31,87750.8,162311.3
SNORRE,2015-01-01,143,31,108277.9,173087.2
SNORRE,2015-02-01,144,28,117226.1,200024.6
SNORRE,2015-03-01,145,31,120950.8,204402.3
SNORRE,2015-04-01,146,30,103922.2,179120.9
SNORRE,2015-05-01,147,31,65340.9,125560.6
SNORRE,2015-06-01,148,30,115898.0,184744.0
SNORRE,2015-07-01,149,31,118197.5,187557.8
SNORRE,2015-08-01,150,31,124574.6,194438.0
SNORRE,2015-09-01,151,30,113453.3,196608.7
SNORRE,2015-10-01,152,31,117570.6,225820.1
SNORRE,2015-11-01,153,30,109388.0,220740.5
SNORRE,2015-12-01,154,31,101202.9,215464.2
SNORRE,2016-01-01,155,31,95635.4,174280.2
SNORRE,2016-02-01,156,29,104590.7,192168.6
SNORRE,2016-03-01,157,31,94783.2,174773.3
SNORRE,2016-04-01,158,30,103859.3,162949.8
SNORRE,2016-05-01,159,31,100971.6,159219.2
SNORRE,2016-06-01,160,30,103764.9,163551.6
SNORRE,2016-07-01,161,31,102414.2,168069.5
SNORRE,2016-08-01,162,31,100565.8,192879.8
SNORRE,2016-09-01,163,30,103071.0,204883.9
SNORRE,2016-10-01,164,31,85581.9,194160.0
SNORRE,2016-11-01,165,30,92464.3,199898.2
SNORRE,2016-12-01,166,31,93444.1,203219.4
SNORRE,2017-01-01,167,31,94787.3,193644.7
SNORRE,2017-02-01,168,28,92633.0,199056.4
SNORRE,2017-03-01,169,31,87896.9,195393.7
SNORRE,2017-04-01,170,30,85199.5,212268.2
SNORRE,2017-05-01,171,31,85792.9,189274.3
SNORRE,2017-06-01,172,30,83507.6,178982.5
SNORRE,2017-07-01,173,31,80872.6,143598.2
SNORRE,2017-08-01,174,31,52357.5,96171.0
SNORRE,2017-09-01,175,30,52670.8,103685.3
SNORRE,2017-10-01,176,31,93208.7,142184.0
SNORRE,2017-11-01,177,30,93154.0,144627.7
SNORRE,2017-12-01,178,31,94144.1,147664.2
SNORRE,2018-01-01,179,31,92693.4,140378.2
SNORRE,2018-02-01,180,28,91714.3,159491.4
SNORRE,2018-03-01,181,31,87004.2,160059.2
SNORRE,2018-04-01,182,30,100840.2,174011.5
SNORRE,2018-05-01,183,31,99285.5,164977.4
SNORRE,2018-06-01,184,30,98764.5,157985.1
SNORRE,2018-07-01,185,31,97840.9,173568.0
SNORRE,2018-08-01,186,31,96300.9,179350.6
SNORRE,2018-09-01,187,30,88906.3,170181.0
SNORRE,2018-10-01,188,31,82325.4,161010.8
SNORRE,2018-11-01,189,30,87159.9,185547.0
SNORRE,2018-12-01,190,31,80184.8,180275.8
SNORRE,2019-01-01,191,31,77188.0,170323.7
SNORRE,2019-02-01,192,28,76973.7,179434.5
SNORRE,2019-03-01,193,31,56685.3,134962.9
SNORRE,2019-04-01,194,30,43060.0,106941.3
SNORRE,2019-05-01,195,31,41139.3,85957.2
SNORRE,2019-06-01,196,30,6308.7,11713.7
SNORRE,2019-07-01,197,31,44276.1,105429.2
SNORRE,2019-08-01,198,31,52883.0,80815.8
SNORRE,2019-09-01,199,30,67208.6,99202.7
SNORRE,2019-10-01,200,31,63693.4,68078.0
SNORRE,2019-11-01,201,30,48660.0,66753.6
SNORRE,2019-12-01,202,31,45201.3,69183.7
SNORRE,2020-01-01,203,31,43722.2,64093.1
SNORRE,2020-02-01,204,29,67157.7,73798.9
SNORRE,2020-03-01,205,31,61321.5,89029.1
SNORRE,2020-04-01,206,30,74144.2,111375.6
SNORRE,2020-05-01,207,31,82479.6,133773.9
SNORRE,2020-06-01,208,30,74754.3,116072.0
SNORRE,2020-07-01,209,31,83155.2,129267.6
SNORRE,2020-08-01,210,31,77110.9,117201.3
SNORRE,2020-09-01,211,30,67636.3,112499.4
SNORRE,2020-10-01,212,31,29685.8,50267.7
SNORRE,2020-11-01,213,30,44070.5,62956.7
SNORRE,2020-12-01,214,31,101566.1,149948.8
SNORRE,2021-01-01,215,31,107928.9,149390.9
SNORRE,2021-02-01,216,28,107335.4,147812.5
SNORRE,2021-03-01,217,31,99113.0,135900.3
SNORRE,2021-04-01,218,30,94778.9,148080.8
SNORRE,2021-05-01,219,31,78778.7,141731.5
SNORRE,2021-06-01,220,30,80719.1,129507.0
SNORRE,2021-07-01,221,31,109925.4,162278.9
SNORRE,2021-08-01,222,31,115028.3,167765.2
SNORRE,2021-09-01,223,30,107012.6,144120.3
SNORRE,2021-10-01,224,31,101284.0,150847.7
SNORRE,2021-11-01,225,30,93734.8,135381.7
SNORRE,2021-12-01,226,31,109219.3,146108.0
SNORRE,2022-01-01,227,31,107348.6,146481.3
SNORRE,2022-02-01,228,28,90977.5,149499.6
SNORRE,2022-03-01,229,31,113463.9,172969.5
SNORRE,2022-04-01,230,30,109170.0,151305.3
SNORRE,2022-05-01,231,31,97836.8,134526.6
SNORRE,2022-06-01,232,30,95709.8,137126.0
SNORRE,2022-07-01,233,31,89781.8,150198.4
SNORRE,2022-08-01,234,31,98650.4,145963.9
SNORRE,2022-09-01,235,30,98049.6,124842.0
SNORRE,2022-10-01,236,31,100821.4,132923.8
SNORRE,2022-11-01,237,30,123663.8,158811.2
SNORRE,2022-12-01,238,31,127122.9,180785.1
SNORRE,2023-01-01,239,31,107194.4,153327.1
SNORRE,2023-02-01,240,28,112403.2,150326.2
SNORRE,2023-03-01,241,31,86263.6,106685.2
SNORRE,2023-04-01,242,30,88568.8,124915.4
SNORRE,2023-05-01,243,31,83798.4,114523.1
SNORRE,2023-06-01,244,30,89392.7,130333.0
SNORRE,2023-07-01,245,31,83425.1,129103.2
SNORRE,2023-08-01,246,31,100527.2,183461.3
SNORRE,2023-09-01,247,30,103586.7,169051.0
SNORRE,2023-10-01,248,31,91719.5,156031.7
SNORRE,2023-11-01,249,30,93565.0,164222.5
SNORRE,2023-12-01,250,31,96684.4,197181.2
SNORRE,2024-01-01,251,31,89487.6,169502.0
SNORRE,2024-02-01,252,29,85923.0,175771.7
SNORRE,2024-03-01,253,31,93774.8,185350.3
SNORRE,2024-04-01,254,30,95007.4,175082.9
SNORRE,2024-05-01,255,31,26029.6,65511.3
SNORRE,2024-06-01,256,30,90810.0,155846.6
SNORRE,2024-07-01,257,31,91896.0,167700.3
SNORRE,2024-08-01,258,31,98701.2,185155.5
SNORRE,2024-09-01,259,30,97812.7,178837.9
SNORRE,2024-10-01,260,31,94819.7,178614.1
SNORRE,2024-11-01,261,30,86663.0,173751.5
SNORRE,2024-12-01,262,31,83104.5,166391.6
SNORRE,2025-01-01,263,31,86864.2,167217.4
SNORRE,2025-02-01,264,28,92594.8,184630.3
SNORRE,2025-03-01,265,31,81349.4,167953.9
SNORRE,2025-04-01,266,30,98984.7,204657.5
SNORRE,2025-05-01,267,31,87436.3,175077.6
SNORRE,2025-06-01,268,30,90407.5,181230.1
SNORRE,2025-07-01,269,31,82238.1,176191.5
SNORRE,2025-08-01,270,31,85924.8,188324.7
SNORRE,2025-09-01,271,30,87405.2,178252.9
SNORRE,2025-10-01,272,31,83705.1,176654.1
SNORRE,2025-11-01,273,30,79203.3,166868.4
SNORRE,2025-12-01,274,31,84480.1,157344.4
SNORRE,2026-01-01,275,31,81623.3,171143.4
SNORRE,2026-02-01,276,28,71117.4,159327.4
SNORRE,2026-03-01,277,31,75589.2,166215.1
SNORRE,2026-04-01,278,30,81262.1,203980.3
SNORRE,2026-05-01,279,31,75230.1,189974.3
STATFJORD,1986-11-01,0,30,682147.7,0.0
STATFJORD,1986-12-01,1,31,674165.1,0.0
STATFJORD,1987-01-01,2,31,676867.7,0.0
STATFJORD,1987-02-01,3,28,591762.4,0.0
STATFJORD,1987-03-01,4,31,604048.0,0.0
STATFJORD,1987-04-01,5,30,629879.4,0.0
STATFJORD,1987-05-01,6,31,627052.5,0.0
STATFJORD,1987-06-01,7,30,477544.7,0.0
STATFJORD,1987-07-01,8,31,568380.8,0.0
STATFJORD,1987-08-01,9,31,552956.6,0.0
STATFJORD,1987-09-01,10,30,611511.1,0.0
STATFJORD,1987-10-01,11,31,631435.1,0.0
STATFJORD,1987-11-01,12,30,630623.7,0.0
STATFJORD,1987-12-01,13,31,624096.3,0.0
STATFJORD,1988-01-01,14,31,631838.8,0.0
STATFJORD,1988-02-01,15,29,628177.5,0.0
STATFJORD,1988-03-01,16,31,626281.5,0.0
STATFJORD,1988-04-01,17,30,632424.7,0.0
STATFJORD,1988-05-01,18,31,614619.0,0.0
STATFJORD,1988-06-01,19,30,495439.2,0.0
STATFJORD,1988-07-01,20,31,595222.0,0.0
STATFJORD,1988-08-01,21,31,483779.0,0.0
STATFJORD,1988-09-01,22,30,605496.0,0.0
STATFJORD,1988-10-01,23,31,613494.9,0.0
STATFJORD,1988-11-01,24,30,595465.8,0.0
STATFJORD,1988-12-01,25,31,610796.4,0.0
STATFJORD,1989-01-01,26,31,594449.0,0.0
STATFJORD,1989-02-01,27,28,455711.7,0.0
STATFJORD,1989-03-01,28,31,634995.9,0.0
STATFJORD,1989-04-01,29,30,637412.5,0.0
STATFJORD,1989-05-01,30,31,603792.4,0.0
STATFJORD,1989-06-01,31,30,540528.6,0.0
STATFJORD,1989-07-01,32,31,592131.9,0.0
STATFJORD,1989-08-01,33,31,601641.7,0.0
STATFJORD,1989-09-01,34,30,508796.6,0.0
STATFJORD,1989-10-01,35,31,628984.1,0.0
STATFJORD,1989-11-01,36,30,621530.8,0.0
STATFJORD,1989-12-01,37,31,595581.2,0.0
STATFJORD,1990-01-01,38,31,583790.8,0.0
STATFJORD,1990-02-01,39,28,592627.2,0.0
STATFJORD,1990-03-01,40,31,605200.5,0.0
STATFJORD,1990-04-01,41,30,594235.1,0.0
STATFJORD,1990-05-01,42,31,621799.5,0.0
STATFJORD,1990-06-01,43,30,612557.3,0.0
STATFJORD,1990-07-01,44,31,490939.2,0.0
STATFJORD,1990-08-01,45,31,470539.9,0.0
STATFJORD,1990-09-01,46,30,446772.9,0.0
STATFJORD,1990-10-01,47,31,627111.3,0.0
STATFJORD,1990-11-01,48,30,634850.5,0.0
STATFJORD,1990-12-01,49,31,609992.9,0.0
STATFJORD,1991-01-01,50,31,627839.7,0.0
STATFJORD,1991-02-01,51,28,652364.6,0.0
STATFJORD,1991-03-01,52,31,642730.3,0.0
STATFJORD,1991-04-01,53,30,634666.0,0.0
STATFJORD,1991-05-01,54,31,667183.4,0.0
STATFJORD,1991-06-01,55,30,501469.0,0.0
STATFJORD,1991-07-01,56,31,565382.0,0.0
STATFJORD,1991-08-01,57,31,636789.5,0.0
STATFJORD,1991-09-01,58,30,709606.8,0.0
STATFJORD,1991-10-01,59,31,482439.8,0.0
STATFJORD,1991-11-01,60,30,508509.4,0.0
STATFJORD,1991-12-01,61,31,582618.1,0.0
STATFJORD,1992-01-01,62,31,700710.1,0.0
STATFJORD,1992-02-01,63,29,703353.6,0.0
STATFJORD,1992-03-01,64,31,672337.0,0.0
STATFJORD,1992-04-01,65,30,690037.2,0.0
STATFJORD,1992-05-01,66,31,512777.0,0.0
STATFJORD,1992-06-01,67,30,676237.4,0.0
STATFJORD,1992-07-01,68,31,649038.4,0.0
STATFJORD,1992-08-01,69,31,535406.0,0.0
STATFJORD,1992-09-01,70,30,558725.0,0.0
STATFJORD,1992-10-01,71,31,660542.6,0.0
STATFJORD,1992-11-01,72,30,627636.1,0.0
STATFJORD,1992-12-01,73,31,645944.2,0.0
STATFJORD,1993-01-01,74,31,475452.1,0.0
STATFJORD,1993-02-01,75,28,572542.5,0.0
STATFJORD,1993-03-01,76,31,644373.8,0.0
STATFJORD,1993-04-01,77,30,630238.0,0.0
STATFJORD,1993-05-01,78,31,570381.4,0.0
STATFJORD,1993-06-01,79,30,564771.6,0.0
STATFJORD,1993-07-01,80,31,632743.7,0.0
STATFJORD,1993-08-01,81,31,512628.8,0.0
STATFJORD,1993-09-01,82,30,503242.7,0.0
STATFJORD,1993-10-01,83,31,609536.4,0.0
STATFJORD,1993-11-01,84,30,601709.5,0.0
STATFJORD,1993-12-01,85,31,569283.7,0.0
STATFJORD,1994-01-01,86,31,559989.0,0.0
STATFJORD,1994-02-01,87,28,600197.4,0.0
STATFJORD,1994-03-01,88,31,589287.3,0.0
STATFJORD,1994-04-01,89,30,522315.5,0.0
STATFJORD,1994-05-01,90,31,538741.7,0.0
STATFJORD,1994-06-01,91,30,591568.3,0.0
STATFJORD,1994-07-01,92,31,590697.4,0.0
STATFJORD,1994-08-01,93,31,557152.5,0.0
STATFJORD,1994-09-01,94,30,487866.2,0.0
STATFJORD,1994-10-01,95,31,523250.5,0.0
STATFJORD,1994-11-01,96,30,500840.0,0.0
STATFJORD,1994-12-01,97,31,502102.6,0.0
STATFJORD,1995-01-01,98,31,468407.5,0.0
STATFJORD,1995-02-01,99,28,442051.6,0.0
STATFJORD,1995-03-01,100,31,468596.2,0.0
STATFJORD,1995-04-01,101,30,490818.3,0.0
STATFJORD,1995-05-01,102,31,466252.7,0.0
STATFJORD,1995-06-01,103,30,380342.1,0.0
STATFJORD,1995-07-01,104,31,432379.1,0.0
STATFJORD,1995-08-01,105,31,449641.6,0.0
STATFJORD,1995-09-01,106,30,444617.6,0.0
STATFJORD,1995-10-01,107,31,466352.1,0.0
STATFJORD,1995-11-01,108,30,429312.4,0.0
STATFJORD,1995-12-01,109,31,410853.8,0.0
STATFJORD,1996-01-01,110,31,393514.2,0.0
STATFJORD,1996-02-01,111,29,411539.4,0.0
STATFJORD,1996-03-01,112,31,358465.8,0.0
STATFJORD,1996-04-01,113,30,403473.9,0.0
STATFJORD,1996-05-01,114,31,334824.3,0.0
STATFJORD,1996-06-01,115,30,383229.1,0.0
STATFJORD,1996-07-01,116,31,376178.7,0.0
STATFJORD,1996-08-01,117,31,325077.2,0.0
STATFJORD,1996-09-01,118,30,396567.7,0.0
STATFJORD,1996-10-01,119,31,388683.3,0.0
STATFJORD,1996-11-01,120,30,373754.6,0.0
STATFJORD,1996-12-01,121,31,315910.3,0.0
STATFJORD,1997-01-01,122,31,346212.9,0.0
STATFJORD,1997-02-01,123,28,330454.9,0.0
STATFJORD,1997-03-01,124,31,306069.8,0.0
STATFJORD,1997-04-01,125,30,383191.4,0.0
STATFJORD,1997-05-01,126,31,370014.7,0.0
STATFJORD,1997-06-01,127,30,341578.1,0.0
STATFJORD,1997-07-01,128,31,355389.9,0.0
STATFJORD,1997-08-01,129,31,250222.4,0.0
STATFJORD,1997-09-01,130,30,306179.1,0.0
STATFJORD,1997-10-01,131,31,329431.3,0.0
STATFJORD,1997-11-01,132,30,317924.2,0.0
STATFJORD,1997-12-01,133,31,325215.1,0.0
STATFJORD,1998-01-01,134,31,333255.9,0.0
STATFJORD,1998-02-01,135,28,329893.3,0.0
STATFJORD,1998-03-01,136,31,305130.4,0.0
STATFJORD,1998-04-01,137,30,341378.9,0.0
STATFJORD,1998-05-01,138,31,278664.5,0.0
STATFJORD,1998-06-01,139,30,309397.4,0.0
STATFJORD,1998-07-01,140,31,270554.7,0.0
STATFJORD,1998-08-01,141,31,204008.6,0.0
STATFJORD,1998-09-01,142,30,273545.5,0.0
STATFJORD,1998-10-01,143,31,258031.9,0.0
STATFJORD,1998-11-01,144,30,268021.0,0.0
STATFJORD,1998-12-01,145,31,265697.4,0.0
STATFJORD,1999-01-01,146,31,256177.5,0.0
STATFJORD,1999-02-01,147,28,255044.7,0.0
STATFJORD,1999-03-01,148,31,226266.4,0.0
STATFJORD,1999-04-01,149,30,221092.8,0.0
STATFJORD,1999-05-01,150,31,194085.0,0.0
STATFJORD,1999-06-01,151,30,205701.6,0.0
STATFJORD,1999-07-01,152,31,217903.0,0.0
STATFJORD,1999-08-01,153,31,173288.0,0.0
STATFJORD,1999-09-01,154,30,183110.8,0.0
STATFJORD,1999-10-01,155,31,222003.6,0.0
STATFJORD,1999-11-01,156,30,223516.4,0.0
STATFJORD,1999-12-01,157,31,213492.0,0.0
STATFJORD,2000-01-01,158,31,197684.4,621821.8
STATFJORD,2000-02-01,159,29,217874.3,654050.3
STATFJORD,2000-03-01,160,31,187255.5,591953.4
STATFJORD,2000-04-01,161,30,184341.5,629325.9
STATFJORD,2000-05-01,162,31,177770.0,583011.7
STATFJORD,2000-06-01,163,30,129060.4,471776.9
STATFJORD,2000-07-01,164,31,204333.3,593844.4
STATFJORD,2000-08-01,165,31,204260.2,602970.7
STATFJORD,2000-09-01,166,30,182951.4,561090.0
STATFJORD,2000-10-01,167,31,192595.7,618739.8
STATFJORD,2000-11-01,168,30,191880.8,614521.8
STATFJORD,2000-12-01,169,31,174982.2,573067.7
STATFJORD,2001-01-01,170,31,186326.2,626149.6
STATFJORD,2001-02-01,171,28,166989.7,575047.2
STATFJORD,2001-03-01,172,31,172476.5,587974.6
STATFJORD,2001-04-01,173,30,184769.2,585974.5
STATFJORD,2001-05-01,174,31,175562.5,563620.9
STATFJORD,2001-06-01,175,30,133169.7,474571.7
STATFJORD,2001-07-01,176,31,184936.4,618863.6
STATFJORD,2001-08-01,177,31,187147.9,634415.6
STATFJORD,2001-09-01,178,30,176969.8,639695.7
STATFJORD,2001-10-01,179,31,177163.4,633040.0
STATFJORD,2001-11-01,180,30,174908.9,642761.0
STATFJORD,2001-12-01,181,31,171928.6,634143.7
STATFJORD,2002-01-01,182,31,157460.1,597435.6
STATFJORD,2002-02-01,183,28,165637.4,627448.0
STATFJORD,2002-03-01,184,31,166395.6,642701.9
STATFJORD,2002-04-01,185,30,170470.4,645815.7
STATFJORD,2002-05-01,186,31,170362.3,655096.9
STATFJORD,2002-06-01,187,30,159299.7,620421.7
STATFJORD,2002-07-01,188,31,155648.2,603747.8
STATFJORD,2002-08-01,189,31,107770.7,412623.1
STATFJORD,2002-09-01,190,30,131874.0,470737.0
STATFJORD,2002-10-01,191,31,151549.7,586471.1
STATFJORD,2002-11-01,192,30,144795.4,592046.3
STATFJORD,2002-12-01,193,31,154392.3,594278.6
STATFJORD,2003-01-01,194,31,144533.5,608146.6
STATFJORD,2003-02-01,195,28,140967.9,606258.1
STATFJORD,2003-03-01,196,31,140163.1,639780.2
STATFJORD,2003-04-01,197,30,133714.9,645859.7
STATFJORD,2003-05-01,198,31,137361.1,656056.6
STATFJORD,2003-06-01,199,30,140579.1,663840.2
STATFJORD,2003-07-01,200,31,135890.1,630095.9
STATFJORD,2003-08-01,201,31,86779.0,428812.2
STATFJORD,2003-09-01,202,30,137731.9,600596.2
STATFJORD,2003-10-01,203,31,141309.5,654952.8
STATFJORD,2003-11-01,204,30,133958.1,598910.6
STATFJORD,2003-12-01,205,31,131637.4,596942.6
STATFJORD,2004-01-01,206,31,133627.8,574607.7
STATFJORD,2004-02-01,207,29,138622.9,559813.9
STATFJORD,2004-03-01,208,31,115624.8,538301.4
STATFJORD,2004-04-01,209,30,98053.8,447611.5
STATFJORD,2004-05-01,210,31,113614.1,506442.5
STATFJORD,2004-06-01,211,30,127588.6,588574.3
STATFJORD,2004-07-01,212,31,121559.5,600635.3
STATFJORD,2004-08-01,213,31,107693.5,555251.4
STATFJORD,2004-09-01,214,30,125206.9,631909.0
STATFJORD,2004-10-01,215,31,116564.2,615767.4
STATFJORD,2004-11-01,216,30,120950.8,657898.4
STATFJORD,2004-12-01,217,31,119295.2,669703.4
STATFJORD,2005-01-01,218,31,112674.7,653634.0
STATFJORD,2005-02-01,219,28,105745.0,646640.9
STATFJORD,2005-03-01,220,31,105289.2,694237.7
STATFJORD,2005-04-01,221,30,98133.5,655168.6
STATFJORD,2005-05-01,222,31,95432.5,647961.0
STATFJORD,2005-06-01,223,30,80033.5,565312.5
STATFJORD,2005-07-01,224,31,91802.7,659010.8
STATFJORD,2005-08-01,225,31,98928.4,740968.9
STATFJORD,2005-09-01,226,30,98450.0,744641.0
STATFJORD,2005-10-01,227,31,86085.0,692220.9
STATFJORD,2005-11-01,228,30,88088.6,692393.8
STATFJORD,2005-12-01,229,31,90145.0,662352.5
STATFJORD,2006-01-01,230,31,82721.0,600836.2
STATFJORD,2006-02-01,231,28,79298.7,548701.9
STATFJORD,2006-03-01,232,31,86916.9,596975.1
STATFJORD,2006-04-01,233,30,70131.3,468520.9
STATFJORD,2006-05-01,234,31,83437.2,623378.0
STATFJORD,2006-06-01,235,30,50966.2,391709.9
STATFJORD,2006-07-01,236,31,77050.0,532936.8
STATFJORD,2006-08-01,237,31,57695.7,404687.8
STATFJORD,2006-09-01,238,30,71362.0,574889.8
STATFJORD,2006-10-01,239,31,68952.4,546435.5
STATFJORD,2006-11-01,240,30,74873.8,608812.8
STATFJORD,2006-12-01,241,31,77090.6,628261.7
STATFJORD,2007-01-01,242,31,74083.7,665649.5
STATFJORD,2007-02-01,243,28,76028.0,685466.9
STATFJORD,2007-03-01,244,31,74745.1,674071.8
STATFJORD,2007-04-01,245,30,75609.7,657231.7
STATFJORD,2007-05-01,246,31,72162.3,646414.9
STATFJORD,2007-06-01,247,30,51477.8,549835.4
STATFJORD,2007-07-01,248,31,71762.6,624510.2
STATFJORD,2007-08-01,249,31,55021.5,449371.7
STATFJORD,2007-09-01,250,30,67336.5,589618.4
STATFJORD,2007-10-01,251,31,70042.0,618563.3
STATFJORD,2007-11-01,252,30,68282.1,650782.5
STATFJORD,2007-12-01,253,31,66935.6,671663.4
STATFJORD,2008-01-01,254,31,65491.0,613050.6
STATFJORD,2008-02-01,255,29,65123.3,617792.8
STATFJORD,2008-03-01,256,31,59653.7,601621.4
STATFJORD,2008-04-01,257,30,36583.6,370802.6
STATFJORD,2008-05-01,258,31,56999.8,572552.4
STATFJORD,2008-06-01,259,30,59403.0,614985.2
STATFJORD,2008-07-01,260,31,58075.1,609895.5
STATFJORD,2008-08-01,261,31,54563.0,574695.0
STATFJORD,2008-09-01,262,30,51760.9,517675.7
STATFJORD,2008-10-01,263,31,54147.1,552049.7
STATFJORD,2008-11-01,264,30,46664.0,493147.6
STATFJORD,2008-12-01,265,31,46678.4,507816.1
STATFJORD,2009-01-01,266,31,43527.4,477957.8
STATFJORD,2009-02-01,267,28,42644.8,462695.7
STATFJORD,2009-03-01,268,31,41332.1,409151.5
STATFJORD,2009-04-01,269,30,24492.5,283414.2
STATFJORD,2009-05-01,270,31,40354.1,371917.9
STATFJORD,2009-06-01,271,30,38755.7,378430.0
STATFJORD,2009-07-01,272,31,38418.5,352886.2
STATFJORD,2009-08-01,273,31,22276.0,241984.8
STATFJORD,2009-09-01,274,30,28652.1,201590.2
STATFJORD,2009-10-01,275,31,38039.1,319710.5
STATFJORD,2009-11-01,276,30,37824.8,332917.0
STATFJORD,2009-12-01,277,31,40285.2,326716.6
STATFJORD,2010-01-01,278,31,31410.4,269501.7
STATFJORD,2010-02-01,279,28,30856.0,272970.6
STATFJORD,2010-03-01,280,31,33636.2,290174.9
STATFJORD,2010-04-01,281,30,37510.3,308592.3
STATFJORD,2010-05-01,282,31,37257.9,309703.7
STATFJORD,2010-06-01,283,30,35879.1,308567.1
STATFJORD,2010-07-01,284,31,34871.9,311144.2
STATFJORD,2010-08-01,285,31,31739.1,326073.4
STATFJORD,2010-09-01,286,30,34493.3,310519.0
STATFJORD,2010-10-01,287,31,35401.4,325754.8
STATFJORD,2010-11-01,288,30,35172.6,335189.7
STATFJORD,2010-12-01,289,31,34959.1,346592.3
STATFJORD,2011-01-01,290,31,36915.0,349053.5
STATFJORD,2011-02-01,291,28,39383.1,379142.4
STATFJORD,2011-03-01,292,31,43564.0,386256.6
STATFJORD,2011-04-01,293,30,39541.9,349213.9
STATFJORD,2011-05-01,294,31,35474.5,384430.5
STATFJORD,2011-06-01,295,30,25937.0,304713.6
STATFJORD,2011-07-01,296,31,29963.8,354294.3
STATFJORD,2011-08-01,297,31,27046.1,309851.8
STATFJORD,2011-09-01,298,30,27075.5,312739.3
STATFJORD,2011-10-01,299,31,28336.6,371970.7
STATFJORD,2011-11-01,300,30,28241.2,351088.2
STATFJORD,2011-12-01,301,31,28105.3,345638.7
STATFJORD,2012-01-01,302,31,27176.0,338541.4
STATFJORD,2012-02-01,303,29,28004.8,338736.1
STATFJORD,2012-03-01,304,31,28322.4,364962.6
STATFJORD,2012-04-01,305,30,28188.8,383667.3
STATFJORD,2012-05-01,306,31,23864.7,330490.4
STATFJORD,2012-06-01,307,30,21712.4,271708.9
STATFJORD,2012-07-01,308,31,27234.8,402575.6
STATFJORD,2012-08-01,309,31,22497.2,331470.4
STATFJORD,2012-09-01,310,30,24471.5,323794.7
STATFJORD,2012-10-01,311,31,28425.8,416325.9
STATFJORD,2012-11-01,312,30,27715.0,437518.5
STATFJORD,2012-12-01,313,31,30174.8,423973.1
STATFJORD,2013-01-01,314,31,29553.9,454419.8
STATFJORD,2013-02-01,315,28,27194.4,421978.2
STATFJORD,2013-03-01,316,31,27137.4,427174.8
STATFJORD,2013-04-01,317,30,27304.0,441669.8
STATFJORD,2013-05-01,318,31,29894.8,458132.8
STATFJORD,2013-06-01,319,30,29754.9,424324.6
STATFJORD,2013-07-01,320,31,31836.5,440275.9
STATFJORD,2013-08-01,321,31,20965.3,344425.4
STATFJORD,2013-09-01,322,30,26838.6,438826.8
STATFJORD,2013-10-01,323,31,26979.2,476679.6
STATFJORD,2013-11-01,324,30,26612.1,425104.5
STATFJORD,2013-12-01,325,31,25477.7,467068.4
STATFJORD,2014-01-01,326,31,25418.9,450564.8
STATFJORD,2014-02-01,327,28,24736.9,482593.9
STATFJORD,2014-03-01,328,31,25609.6,496800.9
STATFJORD,2014-04-01,329,30,27054.5,531924.2
STATFJORD,2014-05-01,330,31,23032.8,465439.1
STATFJORD,2014-06-01,331,30,19819.2,417590.3
STATFJORD,2014-07-01,332,31,24942.1,477412.1
STATFJORD,2014-08-01,333,31,24173.1,502392.7
STATFJORD,2014-09-01,334,30,21571.9,470160.5
STATFJORD,2014-10-01,335,31,22426.2,475460.2
STATFJORD,2014-11-01,336,30,25670.8,511528.5
STATFJORD,2014-12-01,337,31,26914.3,536586.9
STATFJORD,2015-01-01,338,31,27115.1,529231.9
STATFJORD,2015-02-01,339,28,24260.7,504547.5
STATFJORD,2015-03-01,340,31,21521.3,456111.9
STATFJORD,2015-04-01,341,30,23895.0,500521.3
STATFJORD,2015-05-01,342,31,16000.4,326960.0
STATFJORD,2015-06-01,343,30,24570.1,441481.1
STATFJORD,2015-07-01,344,31,23558.3,449160.7
STATFJORD,2015-08-01,345,31,23075.5,469894.7
STATFJORD,2015-09-01,346,30,22945.2,462266.8
STATFJORD,2015-10-01,347,31,23878.9,451731.4
STATFJORD,2015-11-01,348,30,24775.5,443187.7
STATFJORD,2015-12-01,349,31,26737.7,433545.8
STATFJORD,2016-01-01,350,31,29221.2,422352.0
STATFJORD,2016-02-01,351,29,28477.6,416608.2
STATFJORD,2016-03-01,352,31,27180.1,408887.7
STATFJORD,2016-04-01,353,30,26647.8,402081.8
STATFJORD,2016-05-01,354,31,19056.1,262722.9
STATFJORD,2016-06-01,355,30,22316.2,343039.4
STATFJORD,2016-07-01,356,31,24607.3,391858.6
STATFJORD,2016-08-01,357,31,28247.3,384629.4
STATFJORD,2016-09-01,358,30,25429.7,381530.9
STATFJORD,2016-10-01,359,31,22710.2,351157.5
STATFJORD,2016-11-01,360,30,21192.4,332057.4
STATFJORD,2016-12-01,361,31,21825.6,343757.9
STATFJORD,2017-01-01,362,31,21277.8,331738.3
STATFJORD,2017-02-01,363,28,21812.1,332040.8
STATFJORD,2017-03-01,364,31,21174.3,328664.4
STATFJORD,2017-04-01,365,30,20880.0,343548.9
STATFJORD,2017-05-01,366,31,19317.8,323865.9
STATFJORD,2017-06-01,367,30,19001.5,348197.0
STATFJORD,2017-07-01,368,31,20740.1,345652.9
STATFJORD,2017-08-01,369,31,19713.5,297049.0
STATFJORD,2017-09-01,370,30,19448.1,267622.6
STATFJORD,2017-10-01,371,31,21819.5,312454.9
STATFJORD,2017-11-01,372,30,19366.3,269624.9
STATFJORD,2017-12-01,373,31,19104.8,286873.7
STATFJORD,2018-01-01,374,31,21921.0,337259.1
STATFJORD,2018-02-01,375,28,20161.1,325780.2
STATFJORD,2018-03-01,376,31,20782.7,333491.3
STATFJORD,2018-04-01,377,30,19014.1,332424.3
STATFJORD,2018-05-01,378,31,18656.4,313353.8
STATFJORD,2018-06-01,379,30,10573.2,207511.0
STATFJORD,2018-07-01,380,31,18070.0,289071.1
STATFJORD,2018-08-01,381,31,19977.2,312357.6
STATFJORD,2018-09-01,382,30,11822.7,195310.9
STATFJORD,2018-10-01,383,31,16643.6,279776.4
STATFJORD,2018-11-01,384,30,15919.5,313544.4
STATFJORD,2018-12-01,385,31,14882.5,267409.8
STATFJORD,2019-01-01,386,31,17777.8,285124.7
STATFJORD,2019-02-01,387,28,18368.5,282427.7
STATFJORD,2019-03-01,388,31,17593.2,273713.8
STATFJORD,2019-04-01,389,30,18739.4,274795.1
STATFJORD,2019-05-01,390,31,17246.2,268888.9
STATFJORD,2019-06-01,391,30,10845.7,168570.8
STATFJORD,2019-07-01,392,31,11437.3,150028.0
STATFJORD,2019-08-01,393,31,13928.9,203724.6
STATFJORD,2019-09-01,394,30,11856.3,214568.1
STATFJORD,2019-10-01,395,31,9670.1,151415.8
STATFJORD,2019-11-01,396,30,7468.1,187775.7
STATFJORD,2019-12-01,397,31,14977.8,270329.5
STATFJORD,2020-01-01,398,31,14103.4,264325.8
STATFJORD,2020-02-01,399,29,13625.0,241283.2
STATFJORD,2020-03-01,400,31,15568.3,269526.0
STATFJORD,2020-04-01,401,30,12829.1,251101.4
STATFJORD,2020-05-01,402,31,12977.3,309259.3
STATFJORD,2020-06-01,403,30,14286.2,318266.0
STATFJORD,2020-07-01,404,31,17012.9,281180.4
STATFJORD,2020-08-01,405,31,15645.4,242057.9
STATFJORD,2020-09-01,406,30,16382.8,316716.6
STATFJORD,2020-10-01,407,31,11181.6,333860.6
STATFJORD,2020-11-01,408,30,15516.9,289880.1
STATFJORD,2020-12-01,409,31,12390.9,285952.6
STATFJORD,2021-01-01,410,31,14750.6,311059.0
STATFJORD,2021-02-01,411,28,15216.8,298725.1
STATFJORD,2021-03-01,412,31,16964.2,315545.1
STATFJORD,2021-04-01,413,30,12881.5,279202.1
STATFJORD,2021-05-01,414,31,13752.3,271421.1
STATFJORD,2021-06-01,415,30,13131.0,294589.1
STATFJORD,2021-07-01,416,31,15665.7,255942.1
STATFJORD,2021-08-01,417,31,11766.0,238480.8
STATFJORD,2021-09-01,418,30,14324.0,266014.5
STATFJORD,2021-10-01,419,31,15438.4,268217.4
STATFJORD,2021-11-01,420,30,12569.1,230355.5
STATFJORD,2021-12-01,421,31,14233.2,225191.1
STATFJORD,2022-01-01,422,31,8184.9,254227.6
STATFJORD,2022-02-01,423,28,16989.2,253667.6
STATFJORD,2022-03-01,424,31,5407.2,160243.8
STATFJORD,2022-04-01,425,30,7218.6,131427.5
STATFJORD,2022-05-01,426,31,8641.4,122322.4
STATFJORD,2022-06-01,427,30,13116.3,220474.3
STATFJORD,2022-07-01,428,31,11043.7,221887.9
STATFJORD,2022-08-01,429,31,8537.9,209953.5
STATFJORD,2022-09-01,430,30,7933.5,202680.4
STATFJORD,2022-10-01,431,31,10607.4,214879.9
STATFJORD,2022-11-01,432,30,10891.8,206232.1
STATFJORD,2022-12-01,433,31,10696.7,223918.9
STATFJORD,2023-01-01,434,31,11865.4,229161.8
STATFJORD,2023-02-01,435,28,16773.5,231426.5
STATFJORD,2023-03-01,436,31,16114.1,228096.6
STATFJORD,2023-04-01,437,30,13858.5,222029.9
STATFJORD,2023-05-01,438,31,8077.3,155534.6
STATFJORD,2023-06-01,439,30,6333.8,147166.6
STATFJORD,2023-07-01,440,31,14570.0,223202.7
STATFJORD,2023-08-01,441,31,14499.0,216281.9
STATFJORD,2023-09-01,442,30,12258.8,205672.3
STATFJORD,2023-10-01,443,31,11019.3,217986.2
STATFJORD,2023-11-01,444,30,9986.1,220665.1
STATFJORD,2023-12-01,445,31,14430.0,212788.0
STATFJORD,2024-01-01,446,31,11830.9,196164.7
STATFJORD,2024-02-01,447,29,12970.0,212985.6
STATFJORD,2024-03-01,448,31,12883.9,193194.3
STATFJORD,2024-04-01,449,30,10889.7,168023.6
STATFJORD,2024-05-01,450,31,9278.5,181560.1
STATFJORD,2024-06-01,451,30,12063.8,195103.3
STATFJORD,2024-07-01,452,31,15436.4,214451.7
STATFJORD,2024-08-01,453,31,14241.3,197398.3
STATFJORD,2024-09-01,454,30,12300.8,206483.7
STATFJORD,2024-10-01,455,31,13393.2,217132.0
STATFJORD,2024-11-01,456,30,9023.8,214410.9
STATFJORD,2024-12-01,457,31,11017.3,195600.6
STATFJORD,2025-01-01,458,31,11621.9,221179.8
STATFJORD,2025-02-01,459,28,9684.0,226711.3
STATFJORD,2025-03-01,460,31,11540.8,224515.4
STATFJORD,2025-04-01,461,30,12313.3,233739.5
STATFJORD,2025-05-01,462,31,9008.6,231239.4
STATFJORD,2025-06-01,463,30,11185.4,238551.1
STATFJORD,2025-07-01,464,31,11459.6,246310.6
STATFJORD,2025-08-01,465,31,9069.5,235735.6
STATFJORD,2025-09-01,466,30,8866.5,236297.3
STATFJORD,2025-10-01,467,31,7817.6,211175.0
STATFJORD,2025-11-01,468,30,8736.5,237811.0
STATFJORD,2025-12-01,469,31,11484.0,194849.9
STATFJORD,2026-01-01,470,31,4971.0,236658.8
STATFJORD,2026-02-01,471,28,10223.2,246539.9
STATFJORD,2026-03-01,472,31,9223.7,243058.2
STATFJORD,2026-04-01,473,30,9011.2,227969.6
STATFJORD,2026-05-01,474,31,4411.0,152673.7
STATFJORD NORD,1997-07-01,0,31,78377.0,0.0
STATFJORD NORD,1997-08-01,1,31,66258.0,0.0
STATFJORD NORD,1997-09-01,2,30,67275.7,0.0
STATFJORD NORD,1997-10-01,3,31,66215.4,0.0
STATFJORD NORD,1997-11-01,4,30,64522.9,0.0
STATFJORD NORD,1997-12-01,5,31,65294.2,0.0
STATFJORD NORD,1998-01-01,6,31,38463.1,0.0
STATFJORD NORD,1998-02-01,7,28,58713.0,0.0
STATFJORD NORD,1998-03-01,8,31,65284.1,0.0
STATFJORD NORD,1998-04-01,9,30,63069.9,0.0
STATFJORD NORD,1998-05-01,10,31,60156.9,0.0
STATFJORD NORD,1998-06-01,11,30,61289.9,0.0
STATFJORD NORD,1998-07-01,12,31,57912.8,0.0
STATFJORD NORD,1998-08-01,13,31,10248.3,0.0
STATFJORD NORD,1998-09-01,14,30,48681.0,0.0
STATFJORD NORD,1998-10-01,15,31,54459.5,0.0
STATFJORD NORD,1998-11-01,16,30,56113.4,0.0
STATFJORD NORD,1998-12-01,17,31,54563.0,0.0
STATFJORD NORD,1999-01-01,18,31,51872.6,0.0
STATFJORD NORD,1999-02-01,19,28,51524.7,0.0
STATFJORD NORD,1999-03-01,20,31,48762.2,0.0
STATFJORD NORD,1999-04-01,21,30,46219.5,0.0
STATFJORD NORD,1999-05-01,22,31,41961.1,0.0
STATFJORD NORD,1999-06-01,23,30,51238.8,0.0
STATFJORD NORD,1999-07-01,24,31,71017.9,0.0
STATFJORD NORD,1999-08-01,25,31,71013.9,0.0
STATFJORD NORD,1999-09-01,26,30,69475.0,0.0
STATFJORD NORD,1999-10-01,27,31,54459.5,0.0
STATFJORD NORD,1999-11-01,28,30,71894.5,0.0
STATFJORD NORD,1999-12-01,29,31,71768.6,0.0
STATFJORD NORD,2000-01-01,30,31,67724.9,15318.7
STATFJORD NORD,2000-02-01,31,29,73890.0,17526.9
STATFJORD NORD,2000-03-01,32,31,72355.0,16862.8
STATFJORD NORD,2000-04-01,33,30,74727.0,13430.8
STATFJORD NORD,2000-05-01,34,31,79036.4,14476.7
STATFJORD NORD,2000-06-01,35,30,12581.7,1622.8
STATFJORD NORD,2000-07-01,36,31,74317.0,16858.7
STATFJORD NORD,2000-08-01,37,31,74586.9,15714.4
STATFJORD NORD,2000-09-01,38,30,78771.4,21802.5
STATFJORD NORD,2000-10-01,39,31,76015.3,22142.1
STATFJORD NORD,2000-11-01,40,30,72299.2,24668.6
STATFJORD NORD,2000-12-01,41,31,67278.5,30331.0
STATFJORD NORD,2001-01-01,42,31,60940.0,34806.9
STATFJORD NORD,2001-02-01,43,28,56828.3,35921.5
STATFJORD NORD,2001-03-01,44,31,57574.0,41303.7
STATFJORD NORD,2001-04-01,45,30,54486.4,42143.8
STATFJORD NORD,2001-05-01,46,31,51201.0,47114.7
STATFJORD NORD,2001-06-01,47,30,49402.2,50127.6
STATFJORD NORD,2001-07-01,48,31,47832.9,51572.3
STATFJORD NORD,2001-08-01,49,31,43326.6,59333.1
STATFJORD NORD,2001-09-01,50,30,41449.8,45131.4
STATFJORD NORD,2001-10-01,51,31,43860.2,50793.2
STATFJORD NORD,2001-11-01,52,30,36441.0,46624.2
STATFJORD NORD,2001-12-01,53,31,44481.1,52779.5
STATFJORD NORD,2002-01-01,54,31,39408.6,47197.8
STATFJORD NORD,2002-02-01,55,28,44819.3,56704.8
STATFJORD NORD,2002-03-01,56,31,37371.6,52495.5
STATFJORD NORD,2002-04-01,57,30,44758.2,55285.2
STATFJORD NORD,2002-05-01,58,31,45414.4,55518.6
STATFJORD NORD,2002-06-01,59,30,41904.7,52473.7
STATFJORD NORD,2002-07-01,60,31,42385.1,55427.3
STATFJORD NORD,2002-08-01,61,31,8661.7,9542.2
STATFJORD NORD,2002-09-01,62,30,40575.5,55056.7
STATFJORD NORD,2002-10-01,63,31,40224.3,51700.1
STATFJORD NORD,2002-11-01,64,30,43709.9,53819.7
STATFJORD NORD,2002-12-01,65,31,42131.5,53950.3
STATFJORD NORD,2003-01-01,66,31,43377.3,52592.9
STATFJORD NORD,2003-02-01,67,28,43365.9,51783.0
STATFJORD NORD,2003-03-01,68,31,42819.3,55289.4
STATFJORD NORD,2003-04-01,69,30,56534.8,47907.3
STATFJORD NORD,2003-05-01,70,31,56330.2,55039.8
STATFJORD NORD,2003-06-01,71,30,52932.9,56868.2
STATFJORD NORD,2003-07-01,72,31,52375.8,56973.4
STATFJORD NORD,2003-08-01,73,31,50864.2,58188.8
STATFJORD NORD,2003-09-01,74,30,49492.3,60031.9
STATFJORD NORD,2003-10-01,75,31,48372.6,56125.3
STATFJORD NORD,2003-11-01,76,30,45368.3,64105.6
STATFJORD NORD,2003-12-01,77,31,43194.7,66854.5
STATFJORD NORD,2004-01-01,78,31,41693.3,66860.6
STATFJORD NORD,2004-02-01,79,29,48984.5,68025.3
STATFJORD NORD,2004-03-01,80,31,43058.8,62555.1
STATFJORD NORD,2004-04-01,81,30,18481.5,29427.9
STATFJORD NORD,2004-05-01,82,31,35348.7,42395.3
STATFJORD NORD,2004-06-01,83,30,40533.6,56941.6
STATFJORD NORD,2004-07-01,84,31,37594.7,64651.0
STATFJORD NORD,2004-08-01,85,31,36720.3,71314.2
STATFJORD NORD,2004-09-01,86,30,35998.6,72133.5
STATFJORD NORD,2004-10-01,87,31,34370.7,74264.3
STATFJORD NORD,2004-11-01,88,30,35751.2,71666.0
STATFJORD NORD,2004-12-01,89,31,37787.5,71005.8
STATFJORD NORD,2005-01-01,90,31,39157.0,64314.2
STATFJORD NORD,2005-02-01,91,28,30370.7,51466.3
STATFJORD NORD,2005-03-01,92,31,37168.7,64210.7
STATFJORD NORD,2005-04-01,93,30,36308.9,63034.3
STATFJORD NORD,2005-05-01,94,31,34867.8,61252.5
STATFJORD NORD,2005-06-01,95,30,33906.2,67393.1
STATFJORD NORD,2005-07-01,96,31,29898.9,60822.4
STATFJORD NORD,2005-08-01,97,31,29805.5,68542.6
STATFJORD NORD,2005-09-01,98,30,29916.4,73544.5
STATFJORD NORD,2005-10-01,99,31,30917.4,67864.9
STATFJORD NORD,2005-11-01,100,30,30811.6,66801.9
STATFJORD NORD,2005-12-01,101,31,30813.9,73710.4
STATFJORD NORD,2006-01-01,102,31,29639.2,77210.3
STATFJORD NORD,2006-02-01,103,28,26904.6,73929.9
STATFJORD NORD,2006-03-01,104,31,24911.7,65582.3
STATFJORD NORD,2006-04-01,105,30,26457.0,72737.3
STATFJORD NORD,2006-05-01,106,31,26656.6,75763.7
STATFJORD NORD,2006-06-01,107,30,77.6,144.7
STATFJORD NORD,2006-07-01,108,31,22876.6,60321.2
STATFJORD NORD,2006-08-01,109,31,22330.8,61818.6
STATFJORD NORD,2006-09-01,110,30,25008.2,73678.7
STATFJORD NORD,2006-10-01,111,31,23665.9,68029.3
STATFJORD NORD,2006-11-01,112,30,21559.3,65468.4
STATFJORD NORD,2006-12-01,113,31,20624.5,70064.3
STATFJORD NORD,2007-01-01,114,31,19670.8,74487.5
STATFJORD NORD,2007-02-01,115,28,19954.4,72934.7
STATFJORD NORD,2007-03-01,116,31,18589.4,67203.5
STATFJORD NORD,2007-04-01,117,30,20198.6,78863.6
STATFJORD NORD,2007-05-01,118,31,20764.5,83157.2
STATFJORD NORD,2007-06-01,119,30,18567.5,82836.7
STATFJORD NORD,2007-07-01,120,31,19060.1,85711.7
STATFJORD NORD,2007-08-01,121,31,20441.8,82552.6
STATFJORD NORD,2007-09-01,122,30,19737.4,72947.0
STATFJORD NORD,2007-10-01,123,31,19419.3,89512.0
STATFJORD NORD,2007-11-01,124,30,18565.4,92351.0
STATFJORD NORD,2007-12-01,125,31,18013.2,93003.8
STATFJORD NORD,2008-01-01,126,31,17538.4,88101.8
STATFJORD NORD,2008-02-01,127,29,17732.9,92247.5
STATFJORD NORD,2008-03-01,128,31,15146.2,80069.2
STATFJORD NORD,2008-04-01,129,30,1780.0,7918.9
STATFJORD NORD,2008-05-01,130,31,16426.5,74278.5
STATFJORD NORD,2008-06-01,131,30,16521.2,82490.7
STATFJORD NORD,2008-07-01,132,31,17591.2,89998.9
STATFJORD NORD,2008-08-01,133,31,16511.7,84506.5
STATFJORD NORD,2008-09-01,134,30,14059.8,82021.1
STATFJORD NORD,2008-10-01,135,31,10079.9,64060.6
STATFJORD NORD,2008-11-01,136,30,5237.3,32057.0
STATFJORD NORD,2008-12-01,137,31,4617.9,27504.7
STATFJORD NORD,2009-01-01,138,31,4451.6,26918.3
STATFJORD NORD,2009-02-01,139,28,4503.9,28057.0
STATFJORD NORD,2009-03-01,140,31,4617.9,27267.3
STATFJORD NORD,2009-04-01,141,30,5226.8,25188.6
STATFJORD NORD,2009-05-01,142,31,6320.2,29194.8
STATFJORD NORD,2009-06-01,143,30,6721.7,33625.3
STATFJORD NORD,2009-07-01,144,31,5831.3,26289.3
STATFJORD NORD,2009-08-01,145,31,0.0,0.0
STATFJORD NORD,2009-09-01,146,30,0.0,0.0
STATFJORD NORD,2009-10-01,147,31,6859.9,19644.5
STATFJORD NORD,2009-11-01,148,30,7407.3,26002.0
STATFJORD NORD,2009-12-01,149,31,7091.2,26131.1
STATFJORD NORD,2010-01-01,150,31,7490.9,26618.0
STATFJORD NORD,2010-02-01,151,28,8585.6,33861.6
STATFJORD NORD,2010-03-01,152,31,9392.1,36681.7
STATFJORD NORD,2010-04-01,153,30,8933.6,33453.3
STATFJORD NORD,2010-05-01,154,31,7109.5,29590.5
STATFJORD NORD,2010-06-01,155,30,6465.9,30486.7
STATFJORD NORD,2010-07-01,156,31,4968.9,25343.8
STATFJORD NORD,2010-08-01,157,31,6553.6,32201.7
STATFJORD NORD,2010-09-01,158,30,5836.9,24398.1
STATFJORD NORD,2010-10-01,159,31,6060.5,27979.5
STATFJORD NORD,2010-11-01,160,30,6614.8,38430.7
STATFJORD NORD,2010-12-01,161,31,6632.7,45043.1
STATFJORD NORD,2011-01-01,162,31,5819.1,46670.3
STATFJORD NORD,2011-02-01,163,28,5766.4,48038.3
STATFJORD NORD,2011-03-01,164,31,5431.5,48545.1
STATFJORD NORD,2011-04-01,165,30,5564.4,51477.8
STATFJORD NORD,2011-05-01,166,31,5790.7,45641.6
STATFJORD NORD,2011-06-01,167,30,1358.6,11594.2
STATFJORD NORD,2011-07-01,168,31,4760.0,28050.5
STATFJORD NORD,2011-08-01,169,31,4141.1,33806.7
STATFJORD NORD,2011-09-01,170,30,4178.5,41877.5
STATFJORD NORD,2011-10-01,171,31,3159.1,31477.4
STATFJORD NORD,2011-11-01,172,30,3769.7,39808.1
STATFJORD NORD,2011-12-01,173,31,1170.7,13348.6
STATFJORD NORD,2012-01-01,174,31,4139.1,50267.7
STATFJORD NORD,2012-02-01,175,29,4537.3,56987.8
STATFJORD NORD,2012-03-01,176,31,7472.7,44828.0
STATFJORD NORD,2012-04-01,177,30,7442.9,39810.2
STATFJORD NORD,2012-05-01,178,31,5993.6,28494.8
STATFJORD NORD,2012-06-01,179,30,3555.8,30136.5
STATFJORD NORD,2012-07-01,180,31,1006.4,9156.7
STATFJORD NORD,2012-08-01,181,31,0.0,0.0
STATFJORD NORD,2012-09-01,182,30,0.0,0.0
STATFJORD NORD,2012-10-01,183,31,0.0,0.0
STATFJORD NORD,2012-11-01,184,30,0.0,0.0
STATFJORD NORD,2012-12-01,185,31,0.0,0.0
STATFJORD NORD,2013-01-01,186,31,0.0,0.0
STATFJORD NORD,2013-02-01,187,28,642.5,2965.2
STATFJORD NORD,2013-03-01,188,31,2497.7,23387.9
STATFJORD NORD,2013-04-01,189,30,534.6,5491.0
STATFJORD NORD,2013-05-01,190,31,2132.4,20581.8
STATFJORD NORD,2013-06-01,191,30,2467.7,21385.3
STATFJORD NORD,2013-07-01,192,31,3047.5,29342.9
STATFJORD NORD,2013-08-01,193,31,501.2,3187.5
STATFJORD NORD,2013-09-01,194,30,6455.4,30142.8
STATFJORD NORD,2013-10-01,195,31,4798.5,31658.0
STATFJORD NORD,2013-11-01,196,30,5474.2,34422.0
STATFJORD NORD,2013-12-01,197,31,5175.9,33419.1
STATFJORD NORD,2014-01-01,198,31,4382.6,30251.9
STATFJORD NORD,2014-02-01,199,28,5193.6,36853.7
STATFJORD NORD,2014-03-01,200,31,5001.4,35874.2
STATFJORD NORD,2014-04-01,201,30,5000.4,36260.7
STATFJORD NORD,2014-05-01,202,31,5127.2,36190.7
STATFJORD NORD,2014-06-01,203,30,4480.4,30421.7
STATFJORD NORD,2014-07-01,204,31,5182.0,36174.5
STATFJORD NORD,2014-08-01,205,31,5015.6,36127.8
STATFJORD NORD,2014-09-01,206,30,5138.8,36776.5
STATFJORD NORD,2014-10-01,207,31,3599.4,32662.3
STATFJORD NORD,2014-11-01,208,30,2484.5,21349.7
STATFJORD NORD,2014-12-01,209,31,3449.2,25084.1
STATFJORD NORD,2015-01-01,210,31,3849.0,26135.1
STATFJORD NORD,2015-02-01,211,28,3176.3,26603.6
STATFJORD NORD,2015-03-01,212,31,1475.1,16761.3
STATFJORD NORD,2015-04-01,213,30,2545.3,30669.1
STATFJORD NORD,2015-05-01,214,31,2365.8,27196.3
STATFJORD NORD,2015-06-01,215,30,2507.5,30379.7
STATFJORD NORD,2015-07-01,216,31,7586.3,25041.5
STATFJORD NORD,2015-08-01,217,31,6616.5,5106.9
STATFJORD NORD,2015-09-01,218,30,6608.5,9210.4
STATFJORD NORD,2015-10-01,219,31,7616.7,16221.6
STATFJORD NORD,2015-11-01,220,30,6918.8,17884.0
STATFJORD NORD,2015-12-01,221,31,10209.8,46347.7
STATFJORD NORD,2016-01-01,222,31,9899.3,46615.5
STATFJORD NORD,2016-02-01,223,29,10332.6,45815.8
STATFJORD NORD,2016-03-01,224,31,8797.6,13458.1
STATFJORD NORD,2016-04-01,225,30,10168.5,39183.4
STATFJORD NORD,2016-05-01,226,31,1128.1,3035.3
STATFJORD NORD,2016-06-01,227,30,10793.3,40403.6
STATFJORD NORD,2016-07-01,228,31,13379.0,28375.1
STATFJORD NORD,2016-08-01,229,31,11114.7,30325.0
STATFJORD NORD,2016-09-01,230,30,10210.4,31417.6
STATFJORD NORD,2016-10-01,231,31,12206.3,33940.6
STATFJORD NORD,2016-11-01,232,30,12592.2,35818.3
STATFJORD NORD,2016-12-01,233,31,15000.2,65229.3
STATFJORD NORD,2017-01-01,234,31,14275.8,73288.3
STATFJORD NORD,2017-02-01,235,28,12828.9,61202.0
STATFJORD NORD,2017-03-01,236,31,12210.3,60794.0
STATFJORD NORD,2017-04-01,237,30,11248.3,59952.3
STATFJORD NORD,2017-05-01,238,31,10842.8,61877.4
STATFJORD NORD,2017-06-01,239,30,10506.1,61692.5
STATFJORD NORD,2017-07-01,240,31,9457.0,58113.7
STATFJORD NORD,2017-08-01,241,31,10542.5,69563.2
STATFJORD NORD,2017-09-01,242,30,11705.3,72777.2
STATFJORD NORD,2017-10-01,243,31,7785.1,51809.7
STATFJORD NORD,2017-11-01,244,30,7279.4,47831.8
STATFJORD NORD,2017-12-01,245,31,8763.1,60244.1
STATFJORD NORD,2018-01-01,246,31,6366.9,45783.7
STATFJORD NORD,2018-02-01,247,28,3030.3,24233.7
STATFJORD NORD,2018-03-01,248,31,3140.8,26047.9
STATFJORD NORD,2018-04-01,249,30,3581.0,26775.7
STATFJORD NORD,2018-05-01,250,31,6488.6,37994.4
STATFJORD NORD,2018-06-01,251,30,8642.2,54746.4
STATFJORD NORD,2018-07-01,252,31,8651.5,56490.5
STATFJORD NORD,2018-08-01,253,31,8667.8,58127.9
STATFJORD NORD,2018-09-01,254,30,7348.6,49159.0
STATFJORD NORD,2018-10-01,255,31,9564.6,67227.8
STATFJORD NORD,2018-11-01,256,30,9954.7,65715.8
STATFJORD NORD,2018-12-01,257,31,9562.5,69855.3
STATFJORD NORD,2019-01-01,258,31,9241.9,67412.5
STATFJORD NORD,2019-02-01,259,28,9335.9,71802.6
STATFJORD NORD,2019-03-01,260,31,8974.1,71111.3
STATFJORD NORD,2019-04-01,261,30,8900.1,75693.5
STATFJORD NORD,2019-05-01,262,31,6567.8,56790.8
STATFJORD NORD,2019-06-01,263,30,5023.5,42418.4
STATFJORD NORD,2019-07-01,264,31,7089.2,61565.0
STATFJORD NORD,2019-08-01,265,31,8578.5,73655.6
STATFJORD NORD,2019-09-01,266,30,8925.2,77481.9
STATFJORD NORD,2019-10-01,267,31,36.5,1489.3
STATFJORD NORD,2019-11-01,268,30,2878.6,21773.2
STATFJORD NORD,2019-12-01,269,31,8682.0,72004.0
STATFJORD NORD,2020-01-01,270,31,9339.3,74043.1
STATFJORD NORD,2020-02-01,271,29,10020.3,79286.2
STATFJORD NORD,2020-03-01,272,31,9298.8,78618.4
STATFJORD NORD,2020-04-01,273,30,9730.3,86656.7
STATFJORD NORD,2020-05-01,274,31,9558.5,86200.7
STATFJORD NORD,2020-06-01,275,30,5430.2,50676.9
STATFJORD NORD,2020-07-01,276,31,8690.1,90510.2
STATFJORD NORD,2020-08-01,277,31,9351.5,91368.5
STATFJORD NORD,2020-09-01,278,30,8952.5,93110.0
STATFJORD NORD,2020-10-01,279,31,9071.5,89676.3
STATFJORD NORD,2020-11-01,280,30,9202.0,91047.0
STATFJORD NORD,2020-12-01,281,31,8385.7,90646.2
STATFJORD NORD,2021-01-01,282,31,8221.4,94144.1
STATFJORD NORD,2021-02-01,283,28,7116.5,83789.1
STATFJORD NORD,2021-03-01,284,31,8034.7,88939.8
STATFJORD NORD,2021-04-01,285,30,7675.7,85830.6
STATFJORD NORD,2021-05-01,286,31,7766.9,74911.5
STATFJORD NORD,2021-06-01,287,30,7763.7,75873.9
STATFJORD NORD,2021-07-01,288,31,8154.4,79799.3
STATFJORD NORD,2021-08-01,289,31,7860.2,79669.4
STATFJORD NORD,2021-09-01,290,30,7684.0,78865.7
STATFJORD NORD,2021-10-01,291,31,7714.1,78030.0
STATFJORD NORD,2021-11-01,292,30,7067.6,79274.5
STATFJORD NORD,2021-12-01,293,31,7334.7,79024.2
STATFJORD NORD,2022-01-01,294,31,7499.1,79908.9
STATFJORD NORD,2022-02-01,295,28,7132.2,78301.3
STATFJORD NORD,2022-03-01,296,31,7381.4,82051.5
STATFJORD NORD,2022-04-01,297,30,7218.6,80771.5
STATFJORD NORD,2022-05-01,298,31,6508.9,72527.5
STATFJORD NORD,2022-06-01,299,30,8042.6,48603.4
STATFJORD NORD,2022-07-01,300,31,10057.6,67875.1
STATFJORD NORD,2022-08-01,301,31,13553.5,66260.0
STATFJORD NORD,2022-09-01,302,30,13055.5,72007.7
STATFJORD NORD,2022-10-01,303,31,11983.1,78788.9
STATFJORD NORD,2022-11-01,304,30,11413.9,78320.6
STATFJORD NORD,2022-12-01,305,31,8111.8,77969.2
STATFJORD NORD,2023-01-01,306,31,9862.8,90741.5
STATFJORD NORD,2023-02-01,307,28,9115.7,83950.9
STATFJORD NORD,2023-03-01,308,31,8460.8,89603.3
STATFJORD NORD,2023-04-01,309,30,7788.9,88363.3
STATFJORD NORD,2023-05-01,310,31,113.6,574.2
STATFJORD NORD,2023-06-01,311,30,3352.5,28555.7
STATFJORD NORD,2023-07-01,312,31,7468.6,82418.7
STATFJORD NORD,2023-08-01,313,31,8866.6,82199.6
STATFJORD NORD,2023-09-01,314,30,8749.1,74515.3
STATFJORD NORD,2023-10-01,315,31,5033.9,41543.1
STATFJORD NORD,2023-11-01,316,30,7053.0,63095.1
STATFJORD NORD,2023-12-01,317,31,8004.3,72799.4
STATFJORD NORD,2024-01-01,318,31,7324.6,73568.3
STATFJORD NORD,2024-02-01,319,29,7662.7,77681.2
STATFJORD NORD,2024-03-01,320,31,7507.2,76289.2
STATFJORD NORD,2024-04-01,321,30,6639.9,70150.1
STATFJORD NORD,2024-05-01,322,31,7819.6,67507.8
STATFJORD NORD,2024-06-01,323,30,8419.9,77500.8
STATFJORD NORD,2024-07-01,324,31,8446.6,80562.2
STATFJORD NORD,2024-08-01,325,31,8243.7,85447.9
STATFJORD NORD,2024-09-01,326,30,7661.0,79645.6
STATFJORD NORD,2024-10-01,327,31,7600.5,82761.6
STATFJORD NORD,2024-11-01,328,30,7002.6,76890.7
STATFJORD NORD,2024-12-01,329,31,6588.1,78482.5
STATFJORD NORD,2025-01-01,330,31,7346.9,82528.3
STATFJORD NORD,2025-02-01,331,28,6285.3,79885.0
STATFJORD NORD,2025-03-01,332,31,6316.2,70435.6
STATFJORD NORD,2025-04-01,333,30,4509.8,49840.4
STATFJORD NORD,2025-05-01,334,31,5161.7,68546.6
STATFJORD NORD,2025-06-01,335,30,6474.3,86696.5
STATFJORD NORD,2025-07-01,336,31,6788.9,89079.8
STATFJORD NORD,2025-08-01,337,31,7300.2,88420.4
STATFJORD NORD,2025-09-01,338,30,5312.8,66535.6
STATFJORD NORD,2025-10-01,339,31,7401.7,94720.3
STATFJORD NORD,2025-11-01,340,30,7531.0,94816.6
STATFJORD NORD,2025-12-01,341,31,7474.7,95538.0
STATFJORD NORD,2026-01-01,342,31,6713.9,95475.1
STATFJORD NORD,2026-02-01,343,28,6995.2,92767.8
STATFJORD NORD,2026-03-01,344,31,7168.3,92977.4
STATFJORD NORD,2026-04-01,345,30,6568.6,89222.9
STATFJORD NORD,2026-05-01,346,31,6646.9,94349.0
STATFJORD ØST,1998-05-01,0,31,74197.3,0.0
STATFJORD ØST,1998-06-01,1,30,77458.9,0.0
STATFJORD ØST,1998-07-01,2,31,83800.4,0.0
STATFJORD ØST,1998-08-01,3,31,14949.4,0.0
STATFJORD ØST,1998-09-01,4,30,82564.1,0.0
STATFJORD ØST,1998-10-01,5,31,82583.0,0.0
STATFJORD ØST,1998-11-01,6,30,80373.2,0.0
STATFJORD ØST,1998-12-01,7,31,74028.9,0.0
STATFJORD ØST,1999-01-01,8,31,71827.5,0.0
STATFJORD ØST,1999-02-01,9,28,67801.8,0.0
STATFJORD ØST,1999-03-01,10,31,70959.1,0.0
STATFJORD ØST,1999-04-01,11,30,66399.3,0.0
STATFJORD ØST,1999-05-01,12,31,42508.9,0.0
STATFJORD ØST,1999-06-01,13,30,50316.3,0.0
STATFJORD ØST,1999-07-01,14,31,60063.5,0.0
STATFJORD ØST,1999-08-01,15,31,62729.6,0.0
STATFJORD ØST,1999-09-01,16,30,71456.3,0.0
STATFJORD ØST,1999-10-01,17,31,82583.0,0.0
STATFJORD ØST,1999-11-01,18,30,66550.3,0.0
STATFJORD ØST,1999-12-01,19,31,66320.9,0.0
STATFJORD ØST,2000-01-01,20,31,58361.2,14983.9
STATFJORD ØST,2000-02-01,21,29,62564.0,20988.4
STATFJORD ØST,2000-03-01,22,31,60345.6,21634.9
STATFJORD ØST,2000-04-01,23,30,59300.2,22796.3
STATFJORD ØST,2000-05-01,24,31,54382.4,25717.2
STATFJORD ØST,2000-06-01,25,30,6904.1,1589.2
STATFJORD ØST,2000-07-01,26,31,54591.4,25891.7
STATFJORD ØST,2000-08-01,27,31,51692.0,26680.9
STATFJORD ØST,2000-09-01,28,30,49391.7,25949.6
STATFJORD ØST,2000-10-01,29,31,43837.9,25212.0
STATFJORD ØST,2000-11-01,30,30,42414.2,38409.7
STATFJORD ØST,2000-12-01,31,31,37968.1,35715.9
STATFJORD ØST,2001-01-01,32,31,39244.3,28186.4
STATFJORD ØST,2001-02-01,33,28,39540.4,28501.8
STATFJORD ØST,2001-03-01,34,31,39187.5,29596.6
STATFJORD ØST,2001-04-01,35,30,42422.6,30895.5
STATFJORD ØST,2001-05-01,36,31,40993.3,31067.6
STATFJORD ØST,2001-06-01,37,30,40034.6,31008.7
STATFJORD ØST,2001-07-01,38,31,38781.7,36302.3
STATFJORD ØST,2001-08-01,39,31,36359.1,28709.9
STATFJORD ØST,2001-09-01,40,30,35371.7,39657.2
STATFJORD ØST,2001-10-01,41,31,32995.1,37466.9
STATFJORD ØST,2001-11-01,42,30,33826.5,40533.6
STATFJORD ØST,2001-12-01,43,31,35738.2,40492.1
STATFJORD ØST,2002-01-01,44,31,28935.1,34125.2
STATFJORD ØST,2002-02-01,45,28,34688.2,41604.8
STATFJORD ØST,2002-03-01,46,31,29235.4,34873.9
STATFJORD ØST,2002-04-01,47,30,41613.3,37824.8
STATFJORD ØST,2002-05-01,48,31,40208.1,39514.1
STATFJORD ØST,2002-06-01,49,30,17223.6,23897.0
STATFJORD ØST,2002-07-01,50,31,42454.1,36807.5
STATFJORD ØST,2002-08-01,51,31,10112.4,7113.6
STATFJORD ØST,2002-09-01,52,30,39489.5,37449.5
STATFJORD ØST,2002-10-01,53,31,38986.6,39717.0
STATFJORD ØST,2002-11-01,54,30,35753.3,39569.1
STATFJORD ØST,2002-12-01,55,31,38024.9,33299.4
STATFJORD ØST,2003-01-01,56,31,38278.5,36555.9
STATFJORD ØST,2003-02-01,57,28,38657.6,40371.5
STATFJORD ØST,2003-03-01,58,31,39185.5,42551.5
STATFJORD ØST,2003-04-01,59,30,38575.3,40277.8
STATFJORD ØST,2003-05-01,60,31,34246.9,39855.0
STATFJORD ØST,2003-06-01,61,30,34008.9,44699.5
STATFJORD ØST,2003-07-01,62,31,33737.7,51125.9
STATFJORD ØST,2003-08-01,63,31,32435.1,48823.1
STATFJORD ØST,2003-09-01,64,30,33172.4,54228.6
STATFJORD ØST,2003-10-01,65,31,31373.9,53207.7
STATFJORD ØST,2003-11-01,66,30,30566.3,51985.2
STATFJORD ØST,2003-12-01,67,31,28154.0,49922.8
STATFJORD ØST,2004-01-01,68,31,27281.5,50862.2
STATFJORD ØST,2004-02-01,69,29,28052.5,52741.1
STATFJORD ØST,2004-03-01,70,31,24714.9,49245.1
STATFJORD ØST,2004-04-01,71,30,14906.8,28499.1
STATFJORD ØST,2004-05-01,72,31,24351.7,36306.3
STATFJORD ØST,2004-06-01,73,30,26312.3,49150.6
STATFJORD ØST,2004-07-01,74,31,25690.8,50484.8
STATFJORD ØST,2004-08-01,75,31,24071.7,49813.2
STATFJORD ØST,2004-09-01,76,30,23647.6,52817.5
STATFJORD ØST,2004-10-01,77,31,21468.5,50959.6
STATFJORD ØST,2004-11-01,78,30,19594.8,54645.8
STATFJORD ØST,2004-12-01,79,31,18080.1,57050.5
STATFJORD ØST,2005-01-01,80,31,17512.0,57322.4
STATFJORD ØST,2005-02-01,81,28,21201.1,47959.7
STATFJORD ØST,2005-03-01,82,31,18751.7,65523.5
STATFJORD ØST,2005-04-01,83,30,19892.5,57889.2
STATFJORD ØST,2005-05-01,84,31,20870.0,56691.4
STATFJORD ØST,2005-06-01,85,30,21349.7,58113.6
STATFJORD ØST,2005-07-01,86,31,17589.1,53694.6
STATFJORD ØST,2005-08-01,87,31,18376.4,52489.4
STATFJORD ØST,2005-09-01,88,30,18999.4,55239.1
STATFJORD ØST,2005-10-01,89,31,19610.0,54970.8
STATFJORD ØST,2005-11-01,90,30,20129.5,57480.4
STATFJORD ØST,2005-12-01,91,31,19498.4,56271.4
STATFJORD ØST,2006-01-01,92,31,18165.3,54889.7
STATFJORD ØST,2006-02-01,93,28,15425.7,49038.0
STATFJORD ØST,2006-03-01,94,31,15075.2,46416.7
STATFJORD ØST,2006-04-01,95,30,20144.1,54639.5
STATFJORD ØST,2006-05-01,96,31,26727.6,52554.3
STATFJORD ØST,2006-06-01,97,30,1551.5,763.2
STATFJORD ØST,2006-07-01,98,31,23629.4,39684.6
STATFJORD ØST,2006-08-01,99,31,24913.7,48770.3
STATFJORD ØST,2006-09-01,100,30,25740.0,66804.0
STATFJORD ØST,2006-10-01,101,31,14150.0,27999.8
STATFJORD ØST,2006-11-01,102,30,24939.1,66332.2
STATFJORD ØST,2006-12-01,103,31,23803.8,68029.3
STATFJORD ØST,2007-01-01,104,31,23958.1,68459.4
STATFJORD ØST,2007-02-01,105,28,22337.8,70814.2
STATFJORD ØST,2007-03-01,106,31,21020.1,73661.7
STATFJORD ØST,2007-04-01,107,30,24295.4,68640.6
STATFJORD ØST,2007-05-01,108,31,24014.9,75384.3
STATFJORD ØST,2007-06-01,109,30,19114.7,65889.8
STATFJORD ØST,2007-07-01,110,31,18370.3,69806.6
STATFJORD ØST,2007-08-01,111,31,17696.7,60479.5
STATFJORD ØST,2007-09-01,112,30,19246.8,60533.0
STATFJORD ØST,2007-10-01,113,31,18808.5,66604.9
STATFJORD ØST,2007-11-01,114,30,18328.5,66747.4
STATFJORD ØST,2007-12-01,115,31,17532.3,65302.3
STATFJORD ØST,2008-01-01,116,31,15235.5,55297.5
STATFJORD ØST,2008-02-01,117,29,16130.1,56295.9
STATFJORD ØST,2008-03-01,118,31,15150.3,66945.8
STATFJORD ØST,2008-04-01,119,30,2801.1,9000.7
STATFJORD ØST,2008-05-01,120,31,17964.5,56046.2
STATFJORD ØST,2008-06-01,121,30,11357.3,37648.6
STATFJORD ØST,2008-07-01,122,31,11321.6,40991.2
STATFJORD ØST,2008-08-01,123,31,14659.3,58765.0
STATFJORD ØST,2008-09-01,124,30,15026.3,55851.3
STATFJORD ØST,2008-10-01,125,31,14815.5,57050.5
STATFJORD ØST,2008-11-01,126,30,13196.0,53182.4
STATFJORD ØST,2008-12-01,127,31,13437.9,56111.1
STATFJORD ØST,2009-01-01,128,31,12472.1,53049.4
STATFJORD ØST,2009-02-01,129,28,12754.8,55628.8
STATFJORD ØST,2009-03-01,130,31,11764.0,53615.5
STATFJORD ØST,2009-04-01,131,30,9929.5,44707.9
STATFJORD ØST,2009-05-01,132,31,8548.0,32159.1
STATFJORD ØST,2009-06-01,133,30,10608.8,32243.6
STATFJORD ØST,2009-07-01,134,31,9771.5,30219.4
STATFJORD ØST,2009-08-01,135,31,734.5,1367.5
STATFJORD ØST,2009-09-01,136,30,10038.5,28828.2
STATFJORD ØST,2009-10-01,137,31,9595.0,32268.7
STATFJORD ØST,2009-11-01,138,30,9262.8,32658.7
STATFJORD ØST,2009-12-01,139,31,8959.9,32656.2
STATFJORD ØST,2010-01-01,140,31,17572.9,33469.9
STATFJORD ØST,2010-02-01,141,28,19741.0,38462.1
STATFJORD ØST,2010-03-01,142,31,21496.9,39857.0
STATFJORD ØST,2010-04-01,143,30,21062.4,41500.1
STATFJORD ØST,2010-05-01,144,31,17428.8,45548.3
STATFJORD ØST,2010-06-01,145,30,14108.0,38980.0
STATFJORD ØST,2010-07-01,146,31,11593.5,27991.6
STATFJORD ØST,2010-08-01,147,31,13468.3,43756.7
STATFJORD ØST,2010-09-01,148,30,9466.1,40319.7
STATFJORD ØST,2010-10-01,149,31,7917.0,40370.4
STATFJORD ØST,2010-11-01,150,30,7658.9,38403.4
STATFJORD ØST,2010-12-01,151,31,7929.2,34488.4
STATFJORD ØST,2011-01-01,152,31,8050.9,34425.5
STATFJORD ØST,2011-02-01,153,28,7799.4,34492.8
STATFJORD ØST,2011-03-01,154,31,7643.1,35162.0
STATFJORD ØST,2011-04-01,155,30,7572.9,36099.3
STATFJORD ØST,2011-05-01,156,31,7079.1,33053.9
STATFJORD ØST,2011-06-01,157,30,1951.9,8633.8
STATFJORD ØST,2011-07-01,158,31,6243.1,35519.1
STATFJORD ØST,2011-08-01,159,31,7531.5,43170.3
STATFJORD ØST,2011-09-01,160,30,6847.5,34233.3
STATFJORD ØST,2011-10-01,161,31,7939.4,31958.3
STATFJORD ØST,2011-11-01,162,30,6811.9,29365.0
STATFJORD ØST,2011-12-01,163,31,5808.9,25522.4
STATFJORD ØST,2012-01-01,164,31,4492.1,17014.9
STATFJORD ØST,2012-02-01,165,29,4283.6,21617.4
STATFJORD ØST,2012-03-01,166,31,6813.3,30615.1
STATFJORD ØST,2012-04-01,167,30,9600.3,35715.6
STATFJORD ØST,2012-05-01,168,31,10954.4,53530.3
STATFJORD ØST,2012-06-01,169,30,9466.1,48259.5
STATFJORD ØST,2012-07-01,170,31,9367.7,54096.3
STATFJORD ØST,2012-08-01,171,31,7732.4,45290.6
STATFJORD ØST,2012-09-01,172,30,7019.4,34126.4
STATFJORD ØST,2012-10-01,173,31,7592.4,35028.1
STATFJORD ØST,2012-11-01,174,30,9487.1,49691.5
STATFJORD ØST,2012-12-01,175,31,8302.5,40193.9
STATFJORD ØST,2013-01-01,176,31,6803.1,29387.6
STATFJORD ØST,2013-02-01,177,28,7186.1,30471.8
STATFJORD ØST,2013-03-01,178,31,6866.0,29040.6
STATFJORD ØST,2013-04-01,179,30,6772.0,28832.4
STATFJORD ØST,2013-05-01,180,31,6239.1,30278.3
STATFJORD ØST,2013-06-01,181,30,6602.2,30828.4
STATFJORD ØST,2013-07-01,182,31,6082.8,29259.7
STATFJORD ØST,2013-08-01,183,31,413.9,2856.8
STATFJORD ØST,2013-09-01,184,30,6157.7,26058.6
STATFJORD ØST,2013-10-01,185,31,5725.7,25717.2
STATFJORD ØST,2013-11-01,186,30,4581.1,20699.7
STATFJORD ØST,2013-12-01,187,31,5756.2,29205.0
STATFJORD ØST,2014-01-01,188,31,4565.2,19240.7
STATFJORD ØST,2014-02-01,189,28,5173.4,22982.5
STATFJORD ØST,2014-03-01,190,31,4609.8,21724.2
STATFJORD ØST,2014-04-01,191,30,4071.6,17772.9
STATFJORD ØST,2014-05-01,192,31,2653.9,11514.4
STATFJORD ØST,2014-06-01,193,30,4077.9,20211.2
STATFJORD ØST,2014-07-01,194,31,3895.6,21356.9
STATFJORD ØST,2014-08-01,195,31,3376.2,16787.7
STATFJORD ØST,2014-09-01,196,30,2578.8,14103.8
STATFJORD ØST,2014-10-01,197,31,4110.7,17919.8
STATFJORD ØST,2014-11-01,198,30,4604.1,20423.0
STATFJORD ØST,2014-12-01,199,31,3035.3,15728.6
STATFJORD ØST,2015-01-01,200,31,3962.6,16830.3
STATFJORD ØST,2015-02-01,201,28,4924.0,20529.5
STATFJORD ØST,2015-03-01,202,31,2424.6,9317.0
STATFJORD ØST,2015-04-01,203,30,3581.0,14919.4
STATFJORD ØST,2015-05-01,204,31,3844.9,16509.7
STATFJORD ØST,2015-06-01,205,30,3654.4,16860.9
STATFJORD ØST,2015-07-01,206,31,4242.6,18972.9
STATFJORD ØST,2015-08-01,207,31,4053.9,20236.9
STATFJORD ØST,2015-09-01,208,30,4446.9,19001.5
STATFJORD ØST,2015-10-01,209,31,2489.5,10836.7
STATFJORD ØST,2015-11-01,210,30,2876.5,12072.2
STATFJORD ØST,2015-12-01,211,31,2911.6,13062.5
STATFJORD ØST,2016-01-01,212,31,4733.6,18623.9
STATFJORD ØST,2016-02-01,213,29,3995.1,18774.0
STATFJORD ØST,2016-03-01,214,31,4291.3,17704.8
STATFJORD ØST,2016-04-01,215,30,3260.2,13082.8
STATFJORD ØST,2016-05-01,216,31,257.7,1779.4
STATFJORD ØST,2016-06-01,217,30,2840.9,11613.1
STATFJORD ØST,2016-07-01,218,31,5502.6,15801.6
STATFJORD ØST,2016-08-01,219,31,4571.3,18297.2
STATFJORD ØST,2016-09-01,220,30,2719.3,12086.9
STATFJORD ØST,2016-10-01,221,31,2962.3,12230.6
STATFJORD ØST,2016-11-01,222,30,4386.1,14716.0
STATFJORD ØST,2016-12-01,223,31,5500.5,15434.4
STATFJORD ØST,2017-01-01,224,31,4739.7,19518.7
STATFJORD ØST,2017-02-01,225,28,3250.5,14369.9
STATFJORD ØST,2017-03-01,226,31,3345.8,15065.1
STATFJORD ØST,2017-04-01,227,30,3256.0,14904.7
STATFJORD ØST,2017-05-01,228,31,2743.2,12269.2
STATFJORD ØST,2017-06-01,229,30,2717.2,12231.6
STATFJORD ØST,2017-07-01,230,31,2743.2,12358.4
STATFJORD ØST,2017-08-01,231,31,2621.4,12407.1
STATFJORD ØST,2017-09-01,232,30,4050.6,15378.6
STATFJORD ØST,2017-10-01,233,31,4126.9,14034.4
STATFJORD ØST,2017-11-01,234,30,3438.4,15628.1
STATFJORD ØST,2017-12-01,235,31,4145.2,17944.2
STATFJORD ØST,2018-01-01,236,31,2258.2,13220.8
STATFJORD ØST,2018-02-01,237,28,1857.7,11586.7
STATFJORD ØST,2018-03-01,238,31,3366.1,15570.3
STATFJORD ØST,2018-04-01,239,30,2096.6,12101.6
STATFJORD ØST,2018-05-01,240,31,2148.7,12853.5
STATFJORD ØST,2018-06-01,241,30,3008.6,15416.3
STATFJORD ØST,2018-07-01,242,31,2361.7,13462.2
STATFJORD ØST,2018-08-01,243,31,3739.4,17739.3
STATFJORD ØST,2018-09-01,244,30,1446.7,10120.3
STATFJORD ØST,2018-10-01,245,31,1998.5,13744.2
STATFJORD ØST,2018-11-01,246,30,2838.8,15617.6
STATFJORD ØST,2018-12-01,247,31,2187.2,13705.7
STATFJORD ØST,2019-01-01,248,31,2958.2,15854.4
STATFJORD ØST,2019-02-01,249,28,2293.5,14334.0
STATFJORD ØST,2019-03-01,250,31,3069.8,15182.8
STATFJORD ØST,2019-04-01,251,30,3029.6,15714.0
STATFJORD ØST,2019-05-01,252,31,2035.1,10702.8
STATFJORD ØST,2019-06-01,253,30,1459.2,7965.0
STATFJORD ØST,2019-07-01,254,31,1738.8,11045.7
STATFJORD ØST,2019-08-01,255,31,3577.1,16680.1
STATFJORD ØST,2019-09-01,256,30,2463.5,14892.1
STATFJORD ØST,2019-10-01,257,31,95.4,484.9
STATFJORD ØST,2019-11-01,258,30,666.7,4432.2
STATFJORD ØST,2019-12-01,259,31,2824.3,14247.4
STATFJORD ØST,2020-01-01,260,31,3191.6,15543.9
STATFJORD ØST,2020-02-01,261,29,2528.9,13375.6
STATFJORD ØST,2020-03-01,262,31,3250.4,14397.6
STATFJORD ØST,2020-04-01,263,30,3832.6,16630.2
STATFJORD ØST,2020-05-01,264,31,3167.2,14563.9
STATFJORD ØST,2020-06-01,265,30,2805.3,13330.2
STATFJORD ØST,2020-07-01,266,31,2544.3,12733.8
STATFJORD ØST,2020-08-01,267,31,2662.0,13032.1
STATFJORD ØST,2020-09-01,268,30,2937.3,12726.4
STATFJORD ØST,2020-10-01,269,31,4094.5,14545.7
STATFJORD ØST,2020-11-01,270,30,3631.3,13833.4
STATFJORD ØST,2020-12-01,271,31,3704.9,14271.8
STATFJORD ØST,2021-01-01,272,31,3234.2,13303.9
STATFJORD ØST,2021-02-01,273,28,3059.5,12963.7
STATFJORD ØST,2021-03-01,274,31,4068.1,15890.9
STATFJORD ØST,2021-04-01,275,30,3067.3,12797.6
STATFJORD ØST,2021-05-01,276,31,3061.7,13070.6
STATFJORD ØST,2021-06-01,277,30,3268.6,13074.4
STATFJORD ØST,2021-07-01,278,31,3167.2,13435.8
STATFJORD ØST,2021-08-01,279,31,3475.6,12368.6
STATFJORD ØST,2021-09-01,280,30,2872.3,12923.4
STATFJORD ØST,2021-10-01,281,31,3282.9,12912.4
STATFJORD ØST,2021-11-01,282,30,3056.8,12319.6
STATFJORD ØST,2021-12-01,283,31,3970.7,13786.8
STATFJORD ØST,2022-01-01,284,31,3347.8,13086.8
STATFJORD ØST,2022-02-01,285,28,2801.2,11986.6
STATFJORD ØST,2022-03-01,286,31,3526.3,13510.9
STATFJORD ØST,2022-04-01,287,30,3004.4,12479.0
STATFJORD ØST,2022-05-01,288,31,2883.2,11881.6
STATFJORD ØST,2022-06-01,289,30,2912.2,11233.6
STATFJORD ØST,2022-07-01,290,31,3591.3,14760.7
STATFJORD ØST,2022-08-01,291,31,3252.4,13133.5
STATFJORD ØST,2022-09-01,292,30,2876.5,14108.0
STATFJORD ØST,2022-10-01,293,31,2844.6,14965.7
STATFJORD ØST,2022-11-01,294,30,3459.4,15927.9
STATFJORD ØST,2022-12-01,295,31,3457.4,13322.2
STATFJORD ØST,2023-01-01,296,31,2869.0,11632.1
STATFJORD ØST,2023-02-01,297,28,2612.5,11153.2
STATFJORD ØST,2023-03-01,298,31,2706.6,11421.1
STATFJORD ØST,2023-04-01,299,30,2589.3,10908.6
STATFJORD ØST,2023-05-01,300,31,10.1,16.2
STATFJORD ØST,2023-06-01,301,30,616.4,1058.8
STATFJORD ØST,2023-07-01,302,31,1972.2,7823.7
STATFJORD ØST,2023-08-01,303,31,1864.6,12999.6
STATFJORD ØST,2023-09-01,304,30,2390.1,17364.0
STATFJORD ØST,2023-10-01,305,31,2511.9,15746.8
STATFJORD ØST,2023-11-01,306,30,2727.7,17527.6
STATFJORD ØST,2023-12-01,307,31,3041.4,17840.7
STATFJORD ØST,2024-01-01,308,31,3136.8,17386.2
STATFJORD ØST,2024-02-01,309,29,3205.6,16093.2
STATFJORD ØST,2024-03-01,310,31,3725.2,17106.2
STATFJORD ØST,2024-04-01,311,30,6275.1,18041.2
STATFJORD ØST,2024-05-01,312,31,7182.5,19843.3
STATFJORD ØST,2024-06-01,313,30,6545.6,13690.8
STATFJORD ØST,2024-07-01,314,31,10230.1,18733.5
STATFJORD ØST,2024-08-01,315,31,11195.8,20316.1
STATFJORD ØST,2024-09-01,316,30,9214.6,19085.3
STATFJORD ØST,2024-10-01,317,31,9101.9,21774.9
STATFJORD ØST,2024-11-01,318,30,8872.8,22884.4
STATFJORD ØST,2024-12-01,319,31,6914.7,19244.8
STATFJORD ØST,2025-01-01,320,31,7393.6,17923.9
STATFJORD ØST,2025-02-01,321,28,6238.1,14349.7
STATFJORD ØST,2025-03-01,322,31,7056.7,23191.1
STATFJORD ØST,2025-04-01,323,30,6587.5,18982.6
STATFJORD ØST,2025-05-01,324,31,6452.1,22091.4
STATFJORD ØST,2025-06-01,325,30,7092.8,21844.5
STATFJORD ØST,2025-07-01,326,31,6308.1,15324.8
STATFJORD ØST,2025-08-01,327,31,5468.1,13342.5
STATFJORD ØST,2025-09-01,328,30,5755.2,14929.9
STATFJORD ØST,2025-10-01,329,31,6249.2,15754.9
STATFJORD ØST,2025-11-01,330,30,5929.2,16368.2
STATFJORD ØST,2025-12-01,331,31,5940.8,17331.4
STATFJORD ØST,2026-01-01,332,31,5547.2,15578.4
STATFJORD ØST,2026-02-01,333,28,5270.0,15686.3
STATFJORD ØST,2026-03-01,334,31,4934.4,14781.0
STATFJORD ØST,2026-04-01,335,30,5008.8,16179.5
STATFJORD ØST,2026-05-01,336,31,4981.1,15109.7
SYGNA,2001-05-01,0,31,44673.8,0.0
SYGNA,2001-06-01,1,30,44311.6,0.0
SYGNA,2001-07-01,2,31,44677.9,0.0
SYGNA,2001-08-01,3,31,43156.1,0.0
SYGNA,2001-09-01,4,30,43412.2,0.0
SYGNA,2001-10-01,5,31,41865.7,0.0
SYGNA,2001-11-01,6,30,42005.4,0.0
SYGNA,2001-12-01,7,31,43633.0,0.0
SYGNA,2002-01-01,8,31,37617.1,0.0
SYGNA,2002-02-01,9,28,38010.6,1682.5
SYGNA,2002-03-01,10,31,39473.6,3295.0
SYGNA,2002-04-01,11,30,36407.5,5744.7
SYGNA,2002-05-01,12,31,37040.8,5808.9
SYGNA,2002-06-01,13,30,34780.5,9222.9
SYGNA,2002-07-01,14,31,33788.4,11023.4
SYGNA,2002-08-01,15,31,9676.1,2696.5
SYGNA,2002-09-01,16,30,32361.0,10732.5
SYGNA,2002-10-01,17,31,24436.9,12711.5
SYGNA,2002-11-01,18,30,26553.4,13783.0
SYGNA,2002-12-01,19,31,25613.7,13853.8
SYGNA,2003-01-01,20,31,25654.3,16465.1
SYGNA,2003-02-01,21,28,24624.6,16384.9
SYGNA,2003-03-01,22,31,32514.2,19062.2
SYGNA,2003-04-01,23,30,33241.6,20525.7
SYGNA,2003-05-01,24,31,31830.4,22198.9
SYGNA,2003-06-01,25,30,30293.8,22456.7
SYGNA,2003-07-01,26,31,28624.7,21367.1
SYGNA,2003-08-01,27,31,28245.3,21068.8
SYGNA,2003-09-01,28,30,26184.4,20083.3
SYGNA,2003-10-01,29,31,27577.7,21827.6
SYGNA,2003-11-01,30,30,27555.6,21664.2
SYGNA,2003-12-01,31,31,22172.6,20064.5
SYGNA,2004-01-01,32,31,24970.5,23130.2
SYGNA,2004-02-01,33,29,24287.3,22855.8
SYGNA,2004-03-01,34,31,22791.4,22176.6
SYGNA,2004-04-01,35,30,12808.1,12361.6
SYGNA,2004-05-01,36,31,17280.7,14383.4
SYGNA,2004-06-01,37,30,21351.8,22070.9
SYGNA,2004-07-01,38,31,20827.4,24327.3
SYGNA,2004-08-01,39,31,19557.2,24447.0
SYGNA,2004-09-01,40,30,19586.4,25278.7
SYGNA,2004-10-01,41,31,18790.3,26035.7
SYGNA,2004-11-01,42,30,17330.5,26731.6
SYGNA,2004-12-01,43,31,16197.2,26547.0
SYGNA,2005-01-01,44,31,14750.6,28151.9
SYGNA,2005-02-01,45,28,12826.7,26120.6
SYGNA,2005-03-01,46,31,14421.9,29345.0
SYGNA,2005-04-01,47,30,13825.0,31685.9
SYGNA,2005-05-01,48,31,12867.7,28655.1
SYGNA,2005-06-01,49,30,12665.6,30717.3
SYGNA,2005-07-01,50,31,12792.6,31550.4
SYGNA,2005-08-01,51,31,11565.1,32410.7
SYGNA,2005-09-01,52,30,10158.0,33025.6
SYGNA,2005-10-01,53,31,9432.7,30325.0
SYGNA,2005-11-01,54,30,8994.4,34275.2
SYGNA,2005-12-01,55,31,8688.0,34340.3
SYGNA,2006-01-01,56,31,8113.8,34040.0
SYGNA,2006-02-01,57,28,7037.8,31399.6
SYGNA,2006-03-01,58,31,8148.3,32767.8
SYGNA,2006-04-01,59,30,8759.6,36283.8
SYGNA,2006-05-01,60,31,8162.5,35204.6
SYGNA,2006-06-01,61,30,121.6,278.8
SYGNA,2006-07-01,62,31,6569.8,26419.2
SYGNA,2006-08-01,63,31,5914.4,25737.5
SYGNA,2006-09-01,64,30,6700.7,30545.4
SYGNA,2006-10-01,65,31,8067.2,24016.9
SYGNA,2006-11-01,66,30,8990.2,26685.5
SYGNA,2006-12-01,67,31,8679.9,27894.2
SYGNA,2007-01-01,68,31,8186.9,28316.3
SYGNA,2007-02-01,69,28,7552.3,26736.1
SYGNA,2007-03-01,70,31,6407.5,27029.9
SYGNA,2007-04-01,71,30,5901.9,33099.0
SYGNA,2007-05-01,72,31,6415.6,36444.3
SYGNA,2007-06-01,73,30,6545.6,36288.0
SYGNA,2007-07-01,74,31,6705.7,36975.9
SYGNA,2007-08-01,75,31,6474.4,35657.1
SYGNA,2007-09-01,76,30,6769.9,42009.6
SYGNA,2007-10-01,77,31,5600.0,32402.6
SYGNA,2007-11-01,78,30,5618.9,31673.3
SYGNA,2007-12-01,79,31,5942.8,35395.3
SYGNA,2008-01-01,80,31,6001.7,36685.8
SYGNA,2008-02-01,81,29,5704.2,38161.7
SYGNA,2008-03-01,82,31,5393.0,37803.7
SYGNA,2008-04-01,83,30,580.8,3671.1
SYGNA,2008-05-01,84,31,5358.5,32311.3
SYGNA,2008-06-01,85,30,5243.6,34749.0
SYGNA,2008-07-01,86,31,5423.4,36200.8
SYGNA,2008-08-01,87,31,5727.8,39057.6
SYGNA,2008-09-01,88,30,5551.8,41393.2
SYGNA,2008-10-01,89,31,5644.6,43310.3
SYGNA,2008-11-01,90,30,5296.0,43481.4
SYGNA,2008-12-01,91,31,5419.4,44710.3
SYGNA,2009-01-01,92,31,5512.7,44231.5
SYGNA,2009-02-01,93,28,4508.4,38657.6
SYGNA,2009-03-01,94,31,5646.6,50042.5
SYGNA,2009-04-01,95,30,3553.7,33279.3
SYGNA,2009-05-01,96,31,1763.2,17650.0
SYGNA,2009-06-01,97,30,1677.3,16644.9
SYGNA,2009-07-01,98,31,1850.4,14923.1
SYGNA,2009-08-01,99,31,0.0,0.0
SYGNA,2009-09-01,100,30,0.0,0.0
SYGNA,2009-10-01,101,31,714.2,6502.8
SYGNA,2009-11-01,102,30,832.4,7365.4
SYGNA,2009-12-01,103,31,876.5,7781.1
SYGNA,2010-01-01,104,31,939.4,7279.9
SYGNA,2010-02-01,105,28,885.1,6837.9
SYGNA,2010-03-01,106,31,896.8,7533.6
SYGNA,2010-04-01,107,30,956.0,7019.4
SYGNA,2010-05-01,108,31,957.7,7279.9
SYGNA,2010-06-01,109,30,1083.9,7428.3
SYGNA,2010-07-01,110,31,235.4,1201.1
SYGNA,2010-08-01,111,31,0.0,0.0
SYGNA,2010-09-01,112,30,1392.1,5392.5
SYGNA,2010-10-01,113,31,1775.3,7231.2
SYGNA,2010-11-01,114,30,1425.7,7491.2
SYGNA,2010-12-01,115,31,736.5,3207.8
SYGNA,2011-01-01,116,31,1343.2,5551.3
SYGNA,2011-02-01,117,28,1386.0,5164.4
SYGNA,2011-03-01,118,31,1933.6,5352.4
SYGNA,2011-04-01,119,30,1427.8,6034.0
SYGNA,2011-05-01,120,31,1247.8,5644.6
SYGNA,2011-06-01,121,30,33.5,182.4
SYGNA,2011-07-01,122,31,0.0,0.0
SYGNA,2011-08-01,123,31,0.0,0.0
SYGNA,2011-09-01,124,30,694.0,2232.9
SYGNA,2011-10-01,125,31,1647.5,6237.0
SYGNA,2011-11-01,126,30,1671.0,4618.8
SYGNA,2011-12-01,127,31,1635.3,4376.5
SYGNA,2012-01-01,128,31,1219.4,5537.1
SYGNA,2012-02-01,129,29,379.6,3943.1
SYGNA,2012-03-01,130,31,0.0,0.0
SYGNA,2012-04-01,131,30,1947.7,2681.6
SYGNA,2012-05-01,132,31,0.0,0.0
SYGNA,2012-06-01,133,30,0.0,0.0
SYGNA,2012-07-01,134,31,0.0,0.0
SYGNA,2012-08-01,135,31,0.0,0.0
SYGNA,2012-09-01,136,30,1224.4,3698.4
SYGNA,2012-10-01,137,31,2623.5,6174.1
SYGNA,2012-11-01,138,30,2669.0,5237.3
SYGNA,2012-12-01,139,31,531.6,917.1
SYGNA,2013-01-01,140,31,0.0,0.0
SYGNA,2013-02-01,141,28,0.0,0.0
SYGNA,2013-03-01,142,31,1517.7,2002.6
SYGNA,2013-04-01,143,30,2614.5,5889.3
SYGNA,2013-05-01,144,31,1714.5,6103.1
SYGNA,2013-06-01,145,30,1784.2,5140.9
SYGNA,2013-07-01,146,31,0.0,0.0
SYGNA,2013-08-01,147,31,0.0,0.0
SYGNA,2013-09-01,148,30,0.0,0.0
SYGNA,2013-10-01,149,31,407.8,1105.8
SYGNA,2013-11-01,150,30,2111.3,4864.1
SYGNA,2013-12-01,151,31,1958.0,4646.3
SYGNA,2014-01-01,152,31,491.0,1176.8
SYGNA,2014-02-01,153,28,0.0,0.0
SYGNA,2014-03-01,154,31,0.0,0.0
SYGNA,2014-04-01,155,30,970.7,1029.4
SYGNA,2014-05-01,156,31,2404.3,5068.4
SYGNA,2014-06-01,157,30,140.5,444.5
SYGNA,2014-07-01,158,31,0.0,0.0
SYGNA,2014-08-01,159,31,0.0,0.0
SYGNA,2014-09-01,160,30,0.0,0.0
SYGNA,2014-10-01,161,31,1562.3,3571.0
SYGNA,2014-11-01,162,30,1595.5,3423.7
SYGNA,2014-12-01,163,31,0.0,0.0
SYGNA,2015-01-01,164,31,0.0,0.0
SYGNA,2015-02-01,165,28,0.0,0.0
SYGNA,2015-03-01,166,31,1158.5,2047.2
SYGNA,2015-04-01,167,30,1289.4,3486.6
SYGNA,2015-05-01,168,31,0.0,0.0
SYGNA,2015-06-01,169,30,1620.7,3547.4
SYGNA,2015-07-01,170,31,5147.5,18214.0
SYGNA,2015-08-01,171,31,4723.4,19285.3
SYGNA,2015-09-01,172,30,4094.7,21660.0
SYGNA,2015-10-01,173,31,4283.2,26035.7
SYGNA,2015-11-01,174,30,3991.9,23930.6
SYGNA,2015-12-01,175,31,4080.3,28464.4
SYGNA,2016-01-01,176,31,3759.7,28080.9
SYGNA,2016-02-01,177,29,3721.8,28089.4
SYGNA,2016-03-01,178,31,3713.0,29436.3
SYGNA,2016-04-01,179,30,3796.9,30159.6
SYGNA,2016-05-01,180,31,54.8,728.4
SYGNA,2016-06-01,181,30,2949.9,23012.3
SYGNA,2016-07-01,182,31,3335.6,27137.4
SYGNA,2016-08-01,183,31,2787.8,22610.8
SYGNA,2016-09-01,184,30,2247.6,19328.6
SYGNA,2016-10-01,185,31,2686.4,21661.3
SYGNA,2016-11-01,186,30,2702.5,22911.6
SYGNA,2016-12-01,187,31,2737.1,24532.2
SYGNA,2017-01-01,188,31,3043.5,26786.4
SYGNA,2017-02-01,189,28,2783.2,27338.2
SYGNA,2017-03-01,190,31,2503.7,24915.7
SYGNA,2017-04-01,191,30,2941.5,10151.7
SYGNA,2017-05-01,192,31,4985.2,15399.9
SYGNA,2017-06-01,193,30,4455.3,22213.5
SYGNA,2017-07-01,194,31,4514.5,24248.2
SYGNA,2017-08-01,195,31,4453.6,28752.5
SYGNA,2017-09-01,196,30,4264.5,29467.7
SYGNA,2017-10-01,197,31,2895.3,17629.7
SYGNA,2017-11-01,198,30,1423.6,11474.7
SYGNA,2017-12-01,199,31,1286.4,11003.1
SYGNA,2018-01-01,200,31,698.0,5074.4
SYGNA,2018-02-01,201,28,0.0,0.0
SYGNA,2018-03-01,202,31,0.0,0.0
SYGNA,2018-04-01,203,30,0.0,0.0
SYGNA,2018-05-01,204,31,2140.6,10984.8
SYGNA,2018-06-01,205,30,3490.8,23461.0
SYGNA,2018-07-01,206,31,4173.6,33806.7
SYGNA,2018-08-01,207,31,4060.0,32473.6
SYGNA,2018-09-01,208,30,2855.6,28119.6
SYGNA,2018-10-01,209,31,4475.9,28082.9
SYGNA,2018-11-01,210,30,5059.1,32233.1
SYGNA,2018-12-01,211,31,5037.9,33816.8
SYGNA,2019-01-01,212,31,4820.8,34082.6
SYGNA,2019-02-01,213,28,4041.2,35438.5
SYGNA,2019-03-01,214,31,4833.0,38800.0
SYGNA,2019-04-01,215,30,4344.2,37497.7
SYGNA,2019-05-01,216,31,2290.7,23915.4
SYGNA,2019-06-01,217,30,2071.4,24035.4
SYGNA,2019-07-01,218,31,2775.6,31335.4
SYGNA,2019-08-01,219,31,3504.0,41873.8
SYGNA,2019-09-01,220,30,3618.7,42225.5
SYGNA,2019-10-01,221,31,152.2,1663.8
SYGNA,2019-11-01,222,30,870.1,11548.1
SYGNA,2019-12-01,223,31,3895.6,35086.9
SYGNA,2020-01-01,224,31,3280.8,37239.7
SYGNA,2020-02-01,225,29,2665.6,36105.6
SYGNA,2020-03-01,226,31,2666.1,36154.2
SYGNA,2020-04-01,227,30,3142.8,40885.8
SYGNA,2020-05-01,228,31,3414.8,41358.5
SYGNA,2020-06-01,229,30,3000.2,39013.5
SYGNA,2020-07-01,230,31,2879.1,36602.6
SYGNA,2020-08-01,231,31,2497.7,37657.6
SYGNA,2020-09-01,232,30,2515.9,39575.4
SYGNA,2020-10-01,233,31,2049.3,31434.8
SYGNA,2020-11-01,234,30,2354.5,39577.5
SYGNA,2020-12-01,235,31,2384.0,35383.2
SYGNA,2021-01-01,236,31,2455.1,36060.8
SYGNA,2021-02-01,237,28,1590.4,23982.1
SYGNA,2021-03-01,238,31,1947.8,31875.1
SYGNA,2021-04-01,239,30,1886.9,32258.3
SYGNA,2021-05-01,240,31,2759.4,34744.0
SYGNA,2021-06-01,241,30,2216.1,35753.3
SYGNA,2021-07-01,242,31,2008.7,35894.5
SYGNA,2021-08-01,243,31,1913.3,34896.2
SYGNA,2021-09-01,244,30,490.6,11275.5
SYGNA,2021-10-01,245,31,1984.3,38613.3
SYGNA,2021-11-01,246,30,2526.4,38749.4
SYGNA,2021-12-01,247,31,2136.5,32593.3
SYGNA,2022-01-01,248,31,2276.5,39179.4
SYGNA,2022-02-01,249,28,2286.8,39958.2
SYGNA,2022-03-01,250,31,2120.3,40370.4
SYGNA,2022-04-01,251,30,2067.2,42716.1
SYGNA,2022-05-01,252,31,1333.0,27559.5
SYGNA,2022-06-01,253,30,0.0,0.0
SYGNA,2022-07-01,254,31,1511.6,36588.4
SYGNA,2022-08-01,255,31,1487.2,32187.5
SYGNA,2022-09-01,256,30,1576.6,35468.2
SYGNA,2022-10-01,257,31,1426.4,29754.8
SYGNA,2022-11-01,258,30,1492.8,36059.4
SYGNA,2022-12-01,259,31,961.7,24213.7
SYGNA,2023-01-01,260,31,1215.4,27100.9
SYGNA,2023-02-01,261,28,1224.3,26403.7
SYGNA,2023-03-01,262,31,1369.6,27230.8
SYGNA,2023-04-01,263,30,1455.0,30312.6
SYGNA,2023-05-01,264,31,8.1,101.4
SYGNA,2023-06-01,265,30,469.6,10537.5
SYGNA,2023-07-01,266,31,133.9,1759.1
SYGNA,2023-08-01,267,31,330.7,5768.4
SYGNA,2023-09-01,268,30,329.2,5614.7
SYGNA,2023-10-01,269,31,371.3,5746.0
SYGNA,2023-11-01,270,30,553.5,10759.8
SYGNA,2023-12-01,271,31,675.6,16935.8
SYGNA,2024-01-01,272,31,1260.0,28557.7
SYGNA,2024-02-01,273,29,1234.1,28072.0
SYGNA,2024-03-01,274,31,1237.7,29269.9
SYGNA,2024-04-01,275,30,1184.6,29721.4
SYGNA,2024-05-01,276,31,1582.6,31810.2
SYGNA,2024-06-01,277,30,2167.9,33346.4
SYGNA,2024-07-01,278,31,1874.8,34206.4
SYGNA,2024-08-01,279,31,929.3,18924.2
SYGNA,2024-09-01,280,30,1543.1,33801.4
SYGNA,2024-10-01,281,31,1434.5,34364.6
SYGNA,2024-11-01,282,30,1241.2,34126.4
SYGNA,2024-12-01,283,31,1199.1,32390.4
SYGNA,2025-01-01,284,31,1215.4,32504.1
SYGNA,2025-02-01,285,28,1213.0,35485.7
SYGNA,2025-03-01,286,31,1120.0,36363.2
SYGNA,2025-04-01,287,30,1083.9,35837.2
SYGNA,2025-05-01,288,31,1087.5,36184.6
SYGNA,2025-06-01,289,30,1140.6,37166.4
SYGNA,2025-07-01,290,31,1280.3,36525.5
SYGNA,2025-08-01,291,31,1331.0,37438.5
SYGNA,2025-09-01,292,30,1375.4,38422.3
SYGNA,2025-10-01,293,31,1197.1,38633.6
SYGNA,2025-11-01,294,30,1383.8,37535.4
SYGNA,2025-12-01,295,31,1258.0,38570.7
SYGNA,2026-01-01,296,31,1294.5,40650.4
SYGNA,2026-02-01,297,28,1320.9,41777.8
SYGNA,2026-03-01,298,31,1304.6,40482.0
SYGNA,2026-04-01,299,30,1281.0,39776.7
SYGNA,2026-05-01,300,31,1759.1,39747.5
TAMBAR,2002-03-01,0,31,24114.3,73.0
TAMBAR,2002-04-01,1,30,33308.7,100.6
TAMBAR,2002-05-01,2,31,30369.6,91.3
TAMBAR,2002-06-01,3,30,30532.8,92.3
TAMBAR,2002-07-01,4,31,30643.5,91.3
TAMBAR,2002-08-01,5,31,26396.9,79.1
TAMBAR,2002-09-01,6,30,32610.5,98.5
TAMBAR,2002-10-01,7,31,28515.1,85.2
TAMBAR,2002-11-01,8,30,29205.6,88.1
TAMBAR,2002-12-01,9,31,28620.6,85.2
TAMBAR,2003-01-01,10,31,29446.4,89.3
TAMBAR,2003-02-01,11,28,28104.2,85.4
TAMBAR,2003-03-01,12,31,28328.4,85.2
TAMBAR,2003-04-01,13,30,26928.7,81.8
TAMBAR,2003-05-01,14,31,25080.1,75.1
TAMBAR,2003-06-01,15,30,25406.6,75.5
TAMBAR,2003-07-01,16,31,24609.3,73.0
TAMBAR,2003-08-01,17,31,19340.1,58.8
TAMBAR,2003-09-01,18,30,25259.8,88.1
TAMBAR,2003-10-01,19,31,23720.7,79.1
TAMBAR,2003-11-01,20,30,23196.8,151.0
TAMBAR,2003-12-01,21,31,23456.9,152.2
TAMBAR,2004-01-01,22,31,22702.1,85.2
TAMBAR,2004-02-01,23,29,22374.3,84.6
TAMBAR,2004-03-01,24,31,21935.2,97.4
TAMBAR,2004-04-01,25,30,21725.0,90.2
TAMBAR,2004-05-01,26,31,20859.8,81.2
TAMBAR,2004-06-01,27,30,20565.5,86.0
TAMBAR,2004-07-01,28,31,19948.8,81.2
TAMBAR,2004-08-01,29,31,14387.4,54.8
TAMBAR,2004-09-01,30,30,21.0,0.0
TAMBAR,2004-10-01,31,31,0.0,0.0
TAMBAR,2004-11-01,32,30,0.0,0.0
TAMBAR,2004-12-01,33,31,17560.7,125.8
TAMBAR,2005-01-01,34,31,20823.3,95.4
TAMBAR,2005-02-01,35,28,23809.1,119.1
TAMBAR,2005-03-01,36,31,25932.2,148.1
TAMBAR,2005-04-01,37,30,24358.3,167.7
TAMBAR,2005-05-01,38,31,23105.9,192.8
TAMBAR,2005-06-01,39,30,22530.1,186.6
TAMBAR,2005-07-01,40,31,21255.5,170.4
TAMBAR,2005-08-01,41,31,13399.3,219.1
TAMBAR,2005-09-01,42,30,21869.6,257.9
TAMBAR,2005-10-01,43,31,20867.9,148.1
TAMBAR,2005-11-01,44,30,19357.9,138.4
TAMBAR,2005-12-01,45,31,19490.3,162.3
TAMBAR,2006-01-01,46,31,19309.7,182.6
TAMBAR,2006-02-01,47,28,19249.0,175.2
TAMBAR,2006-03-01,48,31,17516.1,156.2
TAMBAR,2006-04-01,49,30,18647.2,182.4
TAMBAR,2006-05-01,50,31,18449.4,156.2
TAMBAR,2006-06-01,51,30,12898.3,100.6
TAMBAR,2006-07-01,52,31,15018.4,170.4
TAMBAR,2006-08-01,53,31,16560.4,505.2
TAMBAR,2006-09-01,54,30,15353.4,549.3
TAMBAR,2006-10-01,55,31,14797.3,541.7
TAMBAR,2006-11-01,56,30,11841.6,434.0
TAMBAR,2006-12-01,57,31,13932.9,397.7
TAMBAR,2007-01-01,58,31,13693.5,428.1
TAMBAR,2007-02-01,59,28,12649.2,471.7
TAMBAR,2007-03-01,60,31,13322.2,535.6
TAMBAR,2007-04-01,61,30,12827.0,540.9
TAMBAR,2007-05-01,62,31,12332.1,655.4
TAMBAR,2007-06-01,63,30,2146.9,83.9
TAMBAR,2007-07-01,64,31,8860.5,273.9
TAMBAR,2007-08-01,65,31,10203.7,117.7
TAMBAR,2007-09-01,66,30,8782.7,65.0
TAMBAR,2007-10-01,67,31,12995.5,243.5
TAMBAR,2007-11-01,68,30,11959.0,304.0
TAMBAR,2007-12-01,69,31,14458.4,296.2
TAMBAR,2008-01-01,70,31,14848.0,288.1
TAMBAR,2008-02-01,71,29,14019.7,433.8
TAMBAR,2008-03-01,72,31,12206.3,292.2
TAMBAR,2008-04-01,73,30,8516.4,299.8
TAMBAR,2008-05-01,74,31,10824.5,340.9
TAMBAR,2008-06-01,75,30,9227.1,402.5
TAMBAR,2008-07-01,76,31,10818.5,610.7
TAMBAR,2008-08-01,77,31,10723.1,750.7
TAMBAR,2008-09-01,78,30,10652.8,788.3
TAMBAR,2008-10-01,79,31,8793.5,840.0
TAMBAR,2008-11-01,80,30,4813.8,392.1
TAMBAR,2008-12-01,81,31,6508.9,95.4
TAMBAR,2009-01-01,82,31,6715.9,85.2
TAMBAR,2009-02-01,83,28,6215.7,69.6
TAMBAR,2009-03-01,84,31,6693.6,77.1
TAMBAR,2009-04-01,85,30,6369.5,71.3
TAMBAR,2009-05-01,86,31,6162.0,71.0
TAMBAR,2009-06-01,87,30,5906.1,58.7
TAMBAR,2009-07-01,88,31,5541.1,64.9
TAMBAR,2009-08-01,89,31,5650.7,50.7
TAMBAR,2009-09-01,90,30,5107.3,46.1
TAMBAR,2009-10-01,91,31,4551.0,40.6
TAMBAR,2009-11-01,92,30,5966.9,60.8
TAMBAR,2009-12-01,93,31,5646.6,54.8
TAMBAR,2010-01-01,94,31,5224.6,42.6
TAMBAR,2010-02-01,95,28,5341.8,44.9
TAMBAR,2010-03-01,96,31,5713.6,52.8
TAMBAR,2010-04-01,97,30,5614.7,52.4
TAMBAR,2010-05-01,98,31,6007.8,48.7
TAMBAR,2010-06-01,99,30,310.3,2.1
TAMBAR,2010-07-01,100,31,6048.4,44.6
TAMBAR,2010-08-01,101,31,4891.8,48.7
TAMBAR,2010-09-01,102,30,5109.4,113.2
TAMBAR,2010-10-01,103,31,5447.8,42.6
TAMBAR,2010-11-01,104,30,5002.5,39.8
TAMBAR,2010-12-01,105,31,4118.8,60.9
TAMBAR,2011-01-01,106,31,5035.9,75.1
TAMBAR,2011-02-01,107,28,4946.5,49.4
TAMBAR,2011-03-01,108,31,5283.4,79.1
TAMBAR,2011-04-01,109,30,5572.8,54.5
TAMBAR,2011-05-01,110,31,4131.0,42.6
TAMBAR,2011-06-01,111,30,5673.4,54.5
TAMBAR,2011-07-01,112,31,5159.7,83.2
TAMBAR,2011-08-01,113,31,4553.0,26.4
TAMBAR,2011-09-01,114,30,5023.5,33.5
TAMBAR,2011-10-01,115,31,4526.6,32.5
TAMBAR,2011-11-01,116,30,5050.7,33.5
TAMBAR,2011-12-01,117,31,5133.3,52.8
TAMBAR,2012-01-01,118,31,4372.4,34.5
TAMBAR,2012-02-01,119,29,4979.8,49.9
TAMBAR,2012-03-01,120,31,5200.2,26.4
TAMBAR,2012-04-01,121,30,4941.7,29.4
TAMBAR,2012-05-01,122,31,4721.4,54.8
TAMBAR,2012-06-01,123,30,4509.8,31.4
TAMBAR,2012-07-01,124,31,5776.5,38.6
TAMBAR,2012-08-01,125,31,5429.5,30.4
TAMBAR,2012-09-01,126,30,1840.8,2.1
TAMBAR,2012-10-01,127,31,0.0,0.0
TAMBAR,2012-11-01,128,30,1964.5,16.8
TAMBAR,2012-12-01,129,31,2775.6,30.4
TAMBAR,2013-01-01,130,31,3120.6,30.4
TAMBAR,2013-02-01,131,28,7592.7,143.8
TAMBAR,2013-03-01,132,31,5900.2,288.1
TAMBAR,2013-04-01,133,30,5811.8,455.0
TAMBAR,2013-05-01,134,31,2791.9,269.9
TAMBAR,2013-06-01,135,30,0.0,0.0
TAMBAR,2013-07-01,136,31,67.0,12.2
TAMBAR,2013-08-01,137,31,1158.5,85.2
TAMBAR,2013-09-01,138,30,2715.1,251.6
TAMBAR,2013-10-01,139,31,6194.4,62.9
TAMBAR,2013-11-01,140,30,6321.2,54.5
TAMBAR,2013-12-01,141,31,8156.5,547.8
TAMBAR,2014-01-01,142,31,9101.9,783.2
TAMBAR,2014-02-01,143,28,3746.9,476.2
TAMBAR,2014-03-01,144,31,7702.0,884.6
TAMBAR,2014-04-01,145,30,8118.0,886.9
TAMBAR,2014-05-01,146,31,8777.3,1227.5
TAMBAR,2014-06-01,147,30,3495.0,530.4
TAMBAR,2014-07-01,148,31,5171.8,83.2
TAMBAR,2014-08-01,149,31,5914.4,36.5
TAMBAR,2014-09-01,150,30,4507.7,35.6
TAMBAR,2014-10-01,151,31,3142.9,18.3
TAMBAR,2014-11-01,152,30,4193.2,33.5
TAMBAR,2014-12-01,153,31,4826.9,34.5
TAMBAR,2015-01-01,154,31,4918.2,54.8
TAMBAR,2015-02-01,155,28,4865.6,42.7
TAMBAR,2015-03-01,156,31,3769.8,36.5
TAMBAR,2015-04-01,157,30,4325.3,69.2
TAMBAR,2015-05-01,158,31,6304.0,73.0
TAMBAR,2015-06-01,159,30,4971.0,41.9
TAMBAR,2015-07-01,160,31,466.7,4.1
TAMBAR,2015-08-01,161,31,4171.6,20.3
TAMBAR,2015-09-01,162,30,4683.8,8.4
TAMBAR,2015-10-01,163,31,4206.1,54.8
TAMBAR,2015-11-01,164,30,5054.9,77.6
TAMBAR,2015-12-01,165,31,4613.9,95.4
TAMBAR,2016-01-01,166,31,4482.0,85.2
TAMBAR,2016-02-01,167,29,4947.3,86.8
TAMBAR,2016-03-01,168,31,4362.3,123.8
TAMBAR,2016-04-01,169,30,4488.8,123.7
TAMBAR,2016-05-01,170,31,4368.4,101.4
TAMBAR,2016-06-01,171,30,520.0,67.1
TAMBAR,2016-07-01,172,31,4273.0,148.1
TAMBAR,2016-08-01,173,31,4605.8,125.8
TAMBAR,2016-09-01,174,30,3222.5,163.5
TAMBAR,2016-10-01,175,31,4047.8,184.6
TAMBAR,2016-11-01,176,30,3256.0,188.7
TAMBAR,2016-12-01,177,31,3187.5,148.1
TAMBAR,2017-01-01,178,31,4200.0,221.2
TAMBAR,2017-02-01,179,28,3243.7,303.3
TAMBAR,2017-03-01,180,31,3272.7,657.4
TAMBAR,2017-04-01,181,30,4482.5,1750.7
TAMBAR,2017-05-01,182,31,3295.0,876.5
TAMBAR,2017-06-01,183,30,5157.6,656.2
TAMBAR,2017-07-01,184,31,3542.6,600.6
TAMBAR,2017-08-01,185,31,3420.8,353.0
TAMBAR,2017-09-01,186,30,3991.9,1270.5
TAMBAR,2017-10-01,187,31,267.8,154.2
TAMBAR,2017-11-01,188,30,2656.4,392.1
TAMBAR,2017-12-01,189,31,2037.1,487.0
TAMBAR,2018-01-01,190,31,0.0,0.0
TAMBAR,2018-02-01,191,28,1918.4,173.0
TAMBAR,2018-03-01,192,31,6393.3,119.7
TAMBAR,2018-04-01,193,30,12374.1,253.7
TAMBAR,2018-05-01,194,31,10784.0,464.6
TAMBAR,2018-06-01,195,30,3302.1,117.4
TAMBAR,2018-07-01,196,31,6786.9,131.9
TAMBAR,2018-08-01,197,31,7432.1,515.4
TAMBAR,2018-09-01,198,30,5893.5,421.4
TAMBAR,2018-10-01,199,31,5973.3,939.4
TAMBAR,2018-11-01,200,30,3606.2,440.3
TAMBAR,2018-12-01,201,31,3816.5,332.8
TAMBAR,2019-01-01,202,31,3743.4,572.2
TAMBAR,2019-02-01,203,28,2257.6,211.2
TAMBAR,2019-03-01,204,31,3960.5,328.7
TAMBAR,2019-04-01,205,30,3874.5,614.3
TAMBAR,2019-05-01,206,31,2800.0,269.9
TAMBAR,2019-06-01,207,30,0.0,0.0
TAMBAR,2019-07-01,208,31,3114.5,493.0
TAMBAR,2019-08-01,209,31,3487.8,269.9
TAMBAR,2019-09-01,210,30,6019.3,687.7
TAMBAR,2019-10-01,211,31,3968.7,519.4
TAMBAR,2019-11-01,212,30,4604.1,215.9
TAMBAR,2019-12-01,213,31,6920.8,391.6
TAMBAR,2020-01-01,214,31,6508.9,466.7
TAMBAR,2020-02-01,215,29,6467.6,576.9
TAMBAR,2020-03-01,216,31,5746.0,328.7
TAMBAR,2020-04-01,217,30,7136.8,457.1
TAMBAR,2020-05-01,218,31,5823.1,663.5
TAMBAR,2020-06-01,219,30,2253.8,276.8
TAMBAR,2020-07-01,220,31,3404.6,452.5
TAMBAR,2020-08-01,221,31,5062.3,667.5
TAMBAR,2020-09-01,222,30,4132.4,1088.1
TAMBAR,2020-10-01,223,31,1714.5,365.2
TAMBAR,2020-11-01,224,30,958.1,417.2
TAMBAR,2020-12-01,225,31,2976.5,838.0
TAMBAR,2021-01-01,226,31,2968.4,963.8
TAMBAR,2021-02-01,227,28,2992.1,566.1
TAMBAR,2021-03-01,228,31,1531.9,517.4
TAMBAR,2021-04-01,229,30,2901.7,534.6
TAMBAR,2021-05-01,230,31,3644.0,253.6
TAMBAR,2021-06-01,231,30,3033.8,90.2
TAMBAR,2021-07-01,232,31,5137.3,947.5
TAMBAR,2021-08-01,233,31,4997.3,1249.8
TAMBAR,2021-09-01,234,30,4109.3,572.4
TAMBAR,2021-10-01,235,31,3786.1,771.0
TAMBAR,2021-11-01,236,30,2631.2,331.3
TAMBAR,2021-12-01,237,31,3238.2,428.1
TAMBAR,2022-01-01,238,31,3242.3,708.1
TAMBAR,2022-02-01,239,28,0.0,0.0
TAMBAR,2022-03-01,240,31,3842.9,771.0
TAMBAR,2022-04-01,241,30,1371.2,593.3
TAMBAR,2022-05-01,242,31,1191.0,793.3
TAMBAR,2022-06-01,243,30,0.0,0.0
TAMBAR,2022-07-01,244,31,3240.3,373.3
TAMBAR,2022-08-01,245,31,2771.6,487.0
TAMBAR,2022-09-01,246,30,681.4,81.8
TAMBAR,2022-10-01,247,31,363.2,79.1
TAMBAR,2022-11-01,248,30,1325.1,213.9
TAMBAR,2022-12-01,249,31,1740.9,854.2
TAMBAR,2023-01-01,250,31,2726.9,669.6
TAMBAR,2023-02-01,251,28,4641.0,1208.5
TAMBAR,2023-03-01,252,31,2797.9,1387.8
TAMBAR,2023-04-01,253,30,1492.8,280.9
TAMBAR,2023-05-01,254,31,3220.0,570.1
TAMBAR,2023-06-01,255,30,3094.6,499.0
TAMBAR,2023-07-01,256,31,4717.3,1450.7
TAMBAR,2023-08-01,257,31,939.4,572.2
TAMBAR,2023-09-01,258,30,1926.8,224.3
TAMBAR,2023-10-01,259,31,2751.3,361.2
TAMBAR,2023-11-01,260,30,2220.3,255.8
TAMBAR,2023-12-01,261,31,2093.9,361.2
TAMBAR,2024-01-01,262,31,1085.5,186.7
TAMBAR,2024-02-01,263,29,856.7,184.4
TAMBAR,2024-03-01,264,31,795.4,298.3
TAMBAR,2024-04-01,265,30,1073.5,561.9
TAMBAR,2024-05-01,266,31,3646.1,777.1
TAMBAR,2024-06-01,267,30,1528.4,274.7
TAMBAR,2024-07-01,268,31,647.2,125.8
TAMBAR,2024-08-01,269,31,1909.3,375.4
TAMBAR,2024-09-01,270,30,1842.9,358.5
TAMBAR,2024-10-01,271,31,1732.7,365.2
TAMBAR,2024-11-01,272,30,576.6,90.2
TAMBAR,2024-12-01,273,31,3769.8,771.0
TAMBAR,2025-01-01,274,31,3875.3,1024.6
TAMBAR,2025-02-01,275,28,2796.7,505.4
TAMBAR,2025-03-01,276,31,2059.4,752.7
TAMBAR,2025-04-01,277,30,13032.5,14.7
TAMBAR,2025-05-01,278,31,12218.4,50.7
TAMBAR,2025-06-01,279,30,1473.9,0.0
TAMBAR,2025-07-01,280,31,12470.0,0.0
TAMBAR,2025-08-01,281,31,8645.4,0.0
TAMBAR,2025-09-01,282,30,5373.6,8.4
TAMBAR,2025-10-01,283,31,7312.4,326.7
TAMBAR,2025-11-01,284,30,7992.2,520.0
TAMBAR,2025-12-01,285,31,5587.8,478.8
TAMBAR,2026-01-01,286,31,4705.2,568.1
TAMBAR,2026-02-01,287,28,5622.6,775.0
TAMBAR,2026-03-01,288,31,1980.3,848.1
TAMBAR,2026-04-01,289,30,7034.1,1920.5
TAMBAR,2026-05-01,290,31,6419.7,2327.2
TOR,1979-05-01,0,31,78768.6,0.0
TOR,1979-06-01,1,30,82283.2,0.0
TOR,1979-07-01,2,31,85206.5,0.0
TOR,1979-08-01,3,31,68907.8,0.0
TOR,1979-09-01,4,30,76450.4,0.0
TOR,1979-10-01,5,31,49413.5,0.0
TOR,1979-11-01,6,30,92889.9,0.0
TOR,1979-12-01,7,31,85545.3,0.0
TOR,1980-01-01,8,31,83514.3,0.0
TOR,1980-02-01,9,29,77442.6,0.0
TOR,1980-03-01,10,31,77756.1,0.0
TOR,1980-04-01,11,30,59268.8,0.0
TOR,1980-05-01,12,31,67578.8,0.0
TOR,1980-06-01,13,30,66495.8,0.0
TOR,1980-07-01,14,31,30045.0,0.0
TOR,1980-08-01,15,31,62110.8,0.0
TOR,1980-09-01,16,30,60006.8,0.0
TOR,1980-10-01,17,31,56541.2,0.0
TOR,1980-11-01,18,30,49339.3,0.0
TOR,1980-12-01,19,31,50795.2,0.0
TOR,1981-01-01,20,31,46631.8,0.0
TOR,1981-02-01,21,28,40407.5,0.0
TOR,1981-03-01,22,31,25863.3,0.0
TOR,1981-04-01,23,30,39034.5,0.0
TOR,1981-05-01,24,31,36969.8,0.0
TOR,1981-06-01,25,30,37262.9,0.0
TOR,1981-07-01,26,31,36217.1,0.0
TOR,1981-08-01,27,31,11774.1,0.0
TOR,1981-09-01,28,30,29396.4,0.0
TOR,1981-10-01,29,31,27385.0,0.0
TOR,1981-11-01,30,30,29903.8,0.0
TOR,1981-12-01,31,31,29655.4,0.0
TOR,1982-01-01,32,31,26908.2,0.0
TOR,1982-02-01,33,28,29917.0,0.0
TOR,1982-03-01,34,31,34873.9,0.0
TOR,1982-04-01,35,30,34143.1,0.0
TOR,1982-05-01,36,31,25855.1,0.0
TOR,1982-06-01,37,30,28188.8,0.0
TOR,1982-07-01,38,31,26942.7,0.0
TOR,1982-08-01,39,31,25522.4,0.0
TOR,1982-09-01,40,30,24148.6,0.0
TOR,1982-10-01,41,31,18134.9,0.0
TOR,1982-11-01,42,30,22039.5,0.0
TOR,1982-12-01,43,31,20299.8,0.0
TOR,1983-01-01,44,31,18443.3,0.0
TOR,1983-02-01,45,28,18873.9,0.0
TOR,1983-03-01,46,31,19399.0,0.0
TOR,1983-04-01,47,30,17154.4,0.0
TOR,1983-05-01,48,31,14902.8,0.0
TOR,1983-06-01,49,30,15569.4,0.0
TOR,1983-07-01,50,31,14961.6,0.0
TOR,1983-08-01,51,31,15345.1,0.0
TOR,1983-09-01,52,30,17544.3,0.0
TOR,1983-10-01,53,31,16728.8,0.0
TOR,1983-11-01,54,30,15938.4,0.0
TOR,1983-12-01,55,31,15493.2,0.0
TOR,1984-01-01,56,31,15316.7,0.0
TOR,1984-02-01,57,29,15982.6,0.0
TOR,1984-03-01,58,31,17658.1,0.0
TOR,1984-04-01,59,30,16156.4,0.0
TOR,1984-05-01,60,31,15233.5,0.0
TOR,1984-06-01,61,30,15154.2,0.0
TOR,1984-07-01,62,31,13484.5,0.0
TOR,1984-08-01,63,31,8722.5,0.0
TOR,1984-09-01,64,30,13284.1,0.0
TOR,1984-10-01,65,31,13121.3,0.0
TOR,1984-11-01,66,30,17860.9,0.0
TOR,1984-12-01,67,31,17027.1,0.0
TOR,1985-01-01,68,31,13728.0,0.0
TOR,1985-02-01,69,28,13168.1,0.0
TOR,1985-03-01,70,31,15850.3,0.0
TOR,1985-04-01,71,30,15605.0,0.0
TOR,1985-05-01,72,31,15128.0,0.0
TOR,1985-06-01,73,30,12225.3,0.0
TOR,1985-07-01,74,31,15456.7,0.0
TOR,1985-08-01,75,31,14448.3,0.0
TOR,1985-09-01,76,30,14229.6,0.0
TOR,1985-10-01,77,31,13606.3,0.0
TOR,1985-11-01,78,30,13789.3,0.0
TOR,1985-12-01,79,31,13070.6,0.0
TOR,1986-01-01,80,31,13147.7,0.0
TOR,1986-02-01,81,28,11656.3,0.0
TOR,1986-03-01,82,31,11189.8,0.0
TOR,1986-04-01,83,30,3354.6,0.0
TOR,1986-05-01,84,31,12896.1,0.0
TOR,1986-06-01,85,30,11841.6,0.0
TOR,1986-07-01,86,31,10784.0,0.0
TOR,1986-08-01,87,31,10954.4,0.0
TOR,1986-09-01,88,30,10583.6,0.0
TOR,1986-10-01,89,31,11437.3,0.0
TOR,1986-11-01,90,30,10717.8,0.0
TOR,1986-12-01,91,31,10459.3,0.0
TOR,1987-01-01,92,31,9274.4,0.0
TOR,1987-02-01,93,28,9688.5,0.0
TOR,1987-03-01,94,31,9637.6,0.0
TOR,1987-04-01,95,30,8866.5,0.0
TOR,1987-05-01,96,31,8844.3,0.0
TOR,1987-06-01,97,30,8814.1,0.0
TOR,1987-07-01,98,31,7726.3,0.0
TOR,1987-08-01,99,31,1970.1,0.0
TOR,1987-09-01,100,30,7633.7,0.0
TOR,1987-10-01,101,31,8351.2,0.0
TOR,1987-11-01,102,30,7975.5,0.0
TOR,1987-12-01,103,31,10088.0,0.0
TOR,1988-01-01,104,31,9112.1,0.0
TOR,1988-02-01,105,29,8905.5,0.0
TOR,1988-03-01,106,31,8337.0,0.0
TOR,1988-04-01,107,30,8262.7,0.0
TOR,1988-05-01,108,31,8878.8,0.0
TOR,1988-06-01,109,30,2641.7,0.0
TOR,1988-07-01,110,31,9343.4,0.0
TOR,1988-08-01,111,31,8233.6,0.0
TOR,1988-09-01,112,30,7895.8,0.0
TOR,1988-10-01,113,31,7316.5,0.0
TOR,1988-11-01,114,30,10403.3,0.0
TOR,1988-12-01,115,31,10159.0,0.0
TOR,1989-01-01,116,31,9893.2,0.0
TOR,1989-02-01,117,28,9205.6,0.0
TOR,1989-03-01,118,31,8635.3,0.0
TOR,1989-04-01,119,30,8617.0,0.0
TOR,1989-05-01,120,31,8057.0,0.0
TOR,1989-06-01,121,30,8872.8,0.0
TOR,1989-07-01,122,31,9647.7,0.0
TOR,1989-08-01,123,31,8077.3,0.0
TOR,1989-09-01,124,30,6168.2,0.0
TOR,1989-10-01,125,31,8473.0,0.0
TOR,1989-11-01,126,30,10097.2,0.0
TOR,1989-12-01,127,31,9716.7,0.0
TOR,1990-01-01,128,31,10169.2,0.0
TOR,1990-02-01,129,28,9237.0,0.0
TOR,1990-03-01,130,31,9006.6,0.0
TOR,1990-04-01,131,30,8304.6,0.0
TOR,1990-05-01,132,31,8387.8,0.0
TOR,1990-06-01,133,30,8027.9,0.0
TOR,1990-07-01,134,31,7407.8,0.0
TOR,1990-08-01,135,31,7482.8,0.0
TOR,1990-09-01,136,30,7658.9,0.0
TOR,1990-10-01,137,31,7712.1,0.0
TOR,1990-11-01,138,30,7111.7,0.0
TOR,1990-12-01,139,31,7292.1,0.0
TOR,1991-01-01,140,31,7361.1,0.0
TOR,1991-02-01,141,28,7062.5,0.0
TOR,1991-03-01,142,31,7030.4,0.0
TOR,1991-04-01,143,30,7040.4,0.0
TOR,1991-05-01,144,31,6632.7,0.0
TOR,1991-06-01,145,30,6757.3,0.0
TOR,1991-07-01,146,31,6115.3,0.0
TOR,1991-08-01,147,31,2773.6,0.0
TOR,1991-09-01,148,30,3170.1,0.0
TOR,1991-10-01,149,31,5965.2,0.0
TOR,1991-11-01,150,30,5973.2,0.0
TOR,1991-12-01,151,31,5800.8,0.0
TOR,1992-01-01,152,31,5567.5,0.0
TOR,1992-02-01,153,29,5109.9,0.0
TOR,1992-03-01,154,31,5644.6,0.0
TOR,1992-04-01,155,30,6019.3,0.0
TOR,1992-05-01,156,31,6334.4,0.0
TOR,1992-06-01,157,30,7466.0,0.0
TOR,1992-07-01,158,31,7604.6,0.0
TOR,1992-08-01,159,31,6866.0,0.0
TOR,1992-09-01,160,30,6285.6,0.0
TOR,1992-10-01,161,31,4865.5,0.0
TOR,1992-11-01,162,30,6707.0,0.0
TOR,1992-12-01,163,31,6231.0,0.0
TOR,1993-01-01,164,31,6614.4,0.0
TOR,1993-02-01,165,28,5764.2,0.0
TOR,1993-03-01,166,31,6162.0,0.0
TOR,1993-04-01,167,30,5046.5,0.0
TOR,1993-05-01,168,31,6502.8,0.0
TOR,1993-06-01,169,30,5847.4,0.0
TOR,1993-07-01,170,31,6316.2,0.0
TOR,1993-08-01,171,31,5437.6,0.0
TOR,1993-09-01,172,30,5700.7,0.0
TOR,1993-10-01,173,31,5991.5,0.0
TOR,1993-11-01,174,30,6027.7,0.0
TOR,1993-12-01,175,31,6050.4,0.0
TOR,1994-01-01,176,31,5975.3,0.0
TOR,1994-02-01,177,28,6377.4,0.0
TOR,1994-03-01,178,31,5973.3,0.0
TOR,1994-04-01,179,30,5857.9,0.0
TOR,1994-05-01,180,31,6129.5,0.0
TOR,1994-06-01,181,30,6178.7,0.0
TOR,1994-07-01,182,31,5715.6,0.0
TOR,1994-08-01,183,31,4206.1,0.0
TOR,1994-09-01,184,30,6218.5,0.0
TOR,1994-10-01,185,31,5573.6,0.0
TOR,1994-11-01,186,30,5799.2,0.0
TOR,1994-12-01,187,31,6093.0,0.0
TOR,1995-01-01,188,31,6058.5,0.0
TOR,1995-02-01,189,28,5451.9,0.0
TOR,1995-03-01,190,31,5701.4,0.0
TOR,1995-04-01,191,30,5556.0,0.0
TOR,1995-05-01,192,31,5908.4,0.0
TOR,1995-06-01,193,30,5621.0,0.0
TOR,1995-07-01,194,31,6253.3,0.0
TOR,1995-08-01,195,31,6048.4,0.0
TOR,1995-09-01,196,30,5759.4,0.0
TOR,1995-10-01,197,31,6009.8,0.0
TOR,1995-11-01,198,30,4673.3,0.0
TOR,1995-12-01,199,31,6888.3,0.0
TOR,1996-01-01,200,31,6403.4,0.0
TOR,1996-02-01,201,29,6062.1,0.0
TOR,1996-03-01,202,31,6567.8,0.0
TOR,1996-04-01,203,30,6289.8,0.0
TOR,1996-05-01,204,31,6446.0,0.0
TOR,1996-06-01,205,30,6040.3,0.0
TOR,1996-07-01,206,31,2613.3,0.0
TOR,1996-08-01,207,31,7651.2,0.0
TOR,1996-09-01,208,30,6761.5,0.0
TOR,1996-10-01,209,31,6413.6,0.0
TOR,1996-11-01,210,30,6424.0,0.0
TOR,1996-12-01,211,31,6433.9,0.0
TOR,1997-01-01,212,31,5082.6,0.0
TOR,1997-02-01,213,28,5943.9,0.0
TOR,1997-03-01,214,31,5074.4,0.0
TOR,1997-04-01,215,30,6629.4,0.0
TOR,1997-05-01,216,31,6198.5,0.0
TOR,1997-06-01,217,30,5962.7,0.0
TOR,1997-07-01,218,31,6385.2,0.0
TOR,1997-08-01,219,31,5944.9,0.0
TOR,1997-09-01,220,30,6008.9,0.0
TOR,1997-10-01,221,31,6699.7,0.0
TOR,1997-11-01,222,30,6201.7,0.0
TOR,1997-12-01,223,31,5614.2,0.0
TOR,1998-01-01,224,31,5648.6,0.0
TOR,1998-02-01,225,28,6341.5,0.0
TOR,1998-03-01,226,31,6109.2,0.0
TOR,1998-04-01,227,30,5820.2,0.0
TOR,1998-05-01,228,31,5855.6,0.0
TOR,1998-06-01,229,30,5826.5,0.0
TOR,1998-07-01,230,31,5715.6,0.0
TOR,1998-08-01,231,31,633.0,0.0
TOR,1998-09-01,232,30,308.2,0.0
TOR,1998-10-01,233,31,1306.7,0.0
TOR,1998-11-01,234,30,226.4,0.0
TOR,1998-12-01,235,31,4025.5,0.0
TOR,1999-01-01,236,31,4835.0,0.0
TOR,1999-02-01,237,28,4679.2,0.0
TOR,1999-03-01,238,31,4737.6,0.0
TOR,1999-04-01,239,30,2308.4,0.0
TOR,1999-05-01,240,31,5031.8,0.0
TOR,1999-06-01,241,30,4354.6,0.0
TOR,1999-07-01,242,31,4333.9,0.0
TOR,1999-08-01,243,31,1722.6,0.0
TOR,1999-09-01,244,30,2077.7,0.0
TOR,1999-10-01,245,31,2191.3,0.0
TOR,1999-11-01,246,30,4910.2,0.0
TOR,1999-12-01,247,31,4650.4,0.0
TOR,2000-01-01,248,31,4989.2,8231.5
TOR,2000-02-01,249,29,4036.3,6667.2
TOR,2000-03-01,250,31,5119.1,8539.9
TOR,2000-04-01,251,30,4721.5,8013.2
TOR,2000-05-01,252,31,4658.5,8075.3
TOR,2000-06-01,253,30,4677.5,8063.5
TOR,2000-07-01,254,31,4555.0,7576.2
TOR,2000-08-01,255,31,4644.3,7904.9
TOR,2000-09-01,256,30,4390.3,7474.4
TOR,2000-10-01,257,31,1791.6,2262.3
TOR,2000-11-01,258,30,4748.8,13483.2
TOR,2000-12-01,259,31,4380.5,10422.8
TOR,2001-01-01,260,31,4538.8,15000.2
TOR,2001-02-01,261,28,3699.8,9228.0
TOR,2001-03-01,262,31,4147.2,12366.6
TOR,2001-04-01,263,30,4853.6,18766.7
TOR,2001-05-01,264,31,4741.7,17901.6
TOR,2001-06-01,265,30,4438.5,15525.3
TOR,2001-07-01,266,31,4853.3,17353.8
TOR,2001-08-01,267,31,2325.2,8152.4
TOR,2001-09-01,268,30,4713.2,7614.9
TOR,2001-10-01,269,31,5131.3,8724.6
TOR,2001-11-01,270,30,4935.4,8692.5
TOR,2001-12-01,271,31,4705.2,8180.8
TOR,2002-01-01,272,31,4540.8,7584.3
TOR,2002-02-01,273,28,4778.0,8046.5
TOR,2002-03-01,274,31,4703.1,8548.0
TOR,2002-04-01,275,30,4830.6,8673.6
TOR,2002-05-01,276,31,4484.0,7671.5
TOR,2002-06-01,277,30,3820.0,7885.3
TOR,2002-07-01,278,31,2694.5,3818.5
TOR,2002-08-01,279,31,2682.3,4327.8
TOR,2002-09-01,280,30,2719.3,5377.8
TOR,2002-10-01,281,31,2582.9,3457.4
TOR,2002-11-01,282,30,3132.3,6426.1
TOR,2002-12-01,283,31,3289.0,6845.7
TOR,2003-01-01,284,31,3276.8,8355.3
TOR,2003-02-01,285,28,3486.3,8688.9
TOR,2003-03-01,286,31,3497.9,7448.3
TOR,2003-04-01,287,30,3828.4,5235.2
TOR,2003-05-01,288,31,4252.7,5750.1
TOR,2003-06-01,289,30,3977.3,5845.3
TOR,2003-07-01,290,31,1846.4,3217.9
TOR,2003-08-01,291,31,2130.4,4238.5
TOR,2003-09-01,292,30,1972.9,4277.1
TOR,2003-10-01,293,31,1935.6,4366.3
TOR,2003-11-01,294,30,1809.4,4128.2
TOR,2003-12-01,295,31,1751.0,3968.7
TOR,2004-01-01,296,31,3800.3,4185.8
TOR,2004-02-01,297,29,3448.5,3830.3
TOR,2004-03-01,298,31,3274.8,4321.7
TOR,2004-04-01,299,30,2289.5,3199.4
TOR,2004-05-01,300,31,4005.2,4591.6
TOR,2004-06-01,301,30,3486.6,3782.3
TOR,2004-07-01,302,31,2633.6,3723.2
TOR,2004-08-01,303,31,2278.5,2540.3
TOR,2004-09-01,304,30,1842.9,891.1
TOR,2004-10-01,305,31,4784.3,2020.9
TOR,2004-11-01,306,30,4528.7,1805.2
TOR,2004-12-01,307,31,4244.6,1635.3
TOR,2005-01-01,308,31,3493.9,653.3
TOR,2005-02-01,309,28,3897.4,772.7
TOR,2005-03-01,310,31,3806.3,750.7
TOR,2005-04-01,311,30,3620.8,687.7
TOR,2005-05-01,312,31,2731.0,624.9
TOR,2005-06-01,313,30,698.2,161.4
TOR,2005-07-01,314,31,4386.6,959.7
TOR,2005-08-01,315,31,3944.3,801.4
TOR,2005-09-01,316,30,3664.9,832.4
TOR,2005-10-01,317,31,2325.2,456.5
TOR,2005-11-01,318,30,2482.4,532.5
TOR,2005-12-01,319,31,2258.2,466.7
TOR,2006-01-01,320,31,2244.0,426.1
TOR,2006-02-01,321,28,2120.6,548.1
TOR,2006-03-01,322,31,2207.5,411.9
TOR,2006-04-01,323,30,2186.8,377.4
TOR,2006-05-01,324,31,2177.1,458.5
TOR,2006-06-01,325,30,2193.0,473.8
TOR,2006-07-01,326,31,2229.8,537.7
TOR,2006-08-01,327,31,2035.1,466.7
TOR,2006-09-01,328,30,2587.2,568.2
TOR,2006-10-01,329,31,2400.3,533.6
TOR,2006-11-01,330,30,3467.8,522.1
TOR,2006-12-01,331,31,8024.6,1160.6
TOR,2007-01-01,332,31,6586.0,1968.1
TOR,2007-02-01,333,28,5191.3,1788.1
TOR,2007-03-01,334,31,6399.4,2280.6
TOR,2007-04-01,335,30,5960.6,3235.1
TOR,2007-05-01,336,31,5226.6,2451.0
TOR,2007-06-01,337,30,1616.5,1316.7
TOR,2007-07-01,338,31,4110.7,2797.9
TOR,2007-08-01,339,31,6709.8,3786.1
TOR,2007-09-01,340,30,5189.1,4486.7
TOR,2007-10-01,341,31,4733.6,3347.8
TOR,2007-11-01,342,30,6973.3,4933.3
TOR,2007-12-01,343,31,6320.2,6243.1
TOR,2008-01-01,344,31,6001.7,7014.1
TOR,2008-02-01,345,29,5580.6,7040.2
TOR,2008-03-01,346,31,5360.5,7113.6
TOR,2008-04-01,347,30,5310.7,7002.6
TOR,2008-05-01,348,31,4126.9,6261.4
TOR,2008-06-01,349,30,5184.9,6556.1
TOR,2008-07-01,350,31,4989.2,5600.0
TOR,2008-08-01,351,31,5212.4,6454.1
TOR,2008-09-01,352,30,5268.8,6606.4
TOR,2008-10-01,353,31,5362.6,7334.7
TOR,2008-11-01,354,30,5438.6,6776.2
TOR,2008-12-01,355,31,5533.0,6868.1
TOR,2009-01-01,356,31,5510.7,7012.1
TOR,2009-02-01,357,28,5159.9,6682.9
TOR,2009-03-01,358,31,4498.2,5005.5
TOR,2009-04-01,359,30,5337.9,7499.5
TOR,2009-05-01,360,31,4076.2,5137.3
TOR,2009-06-01,361,30,5673.4,7099.1
TOR,2009-07-01,362,31,5614.2,7016.2
TOR,2009-08-01,363,31,4912.1,5581.7
TOR,2009-09-01,364,30,4694.3,6943.9
TOR,2009-10-01,365,31,4400.8,5597.9
TOR,2009-11-01,366,30,5413.4,7294.1
TOR,2009-12-01,367,31,5125.2,7249.5
TOR,2010-01-01,368,31,4940.5,7006.0
TOR,2010-02-01,369,28,4697.1,6768.3
TOR,2010-03-01,370,31,2173.0,2822.3
TOR,2010-04-01,371,30,3767.6,3172.2
TOR,2010-05-01,372,31,4946.6,3840.8
TOR,2010-06-01,373,30,1318.8,954.0
TOR,2010-07-01,374,31,5752.1,4583.4
TOR,2010-08-01,375,31,4585.5,3398.5
TOR,2010-09-01,376,30,4245.6,3509.7
TOR,2010-10-01,377,31,4161.4,2674.2
TOR,2010-11-01,378,30,3855.6,3587.3
TOR,2010-12-01,379,31,4532.7,4195.9
TOR,2011-01-01,380,31,3370.1,4246.6
TOR,2011-02-01,381,28,2666.4,4153.5
TOR,2011-03-01,382,31,2408.4,4094.5
TOR,2011-04-01,383,30,2868.1,4407.1
TOR,2011-05-01,384,31,3810.4,4197.9
TOR,2011-06-01,385,30,3868.2,3692.1
TOR,2011-07-01,386,31,4615.9,6610.4
TOR,2011-08-01,387,31,4494.2,7097.3
TOR,2011-09-01,388,30,4497.2,5633.6
TOR,2011-10-01,389,31,4757.9,4721.4
TOR,2011-11-01,390,30,3637.6,3346.2
TOR,2011-12-01,391,31,4234.5,2428.7
TOR,2012-01-01,392,31,3021.1,3447.2
TOR,2012-02-01,393,29,4576.4,4730.4
TOR,2012-03-01,394,31,4141.1,4546.9
TOR,2012-04-01,395,30,4142.9,4606.2
TOR,2012-05-01,396,31,3260.6,3830.7
TOR,2012-06-01,397,30,4207.9,2281.1
TOR,2012-07-01,398,31,3997.1,1777.4
TOR,2012-08-01,399,31,3824.6,1694.2
TOR,2012-09-01,400,30,3209.9,1528.4
TOR,2012-10-01,401,31,4124.9,1777.4
TOR,2012-11-01,402,30,3912.3,1562.0
TOR,2012-12-01,403,31,3702.9,931.3
TOR,2013-01-01,404,31,3615.6,2166.9
TOR,2013-02-01,405,28,3513.3,4683.7
TOR,2013-03-01,406,31,4027.5,5348.4
TOR,2013-04-01,407,30,3654.4,4740.4
TOR,2013-05-01,408,31,3950.4,5662.8
TOR,2013-06-01,409,30,201.3,190.8
TOR,2013-07-01,410,31,3045.5,1953.9
TOR,2013-08-01,411,31,4301.4,3183.5
TOR,2013-09-01,412,30,3660.7,4128.2
TOR,2013-10-01,413,31,4360.3,4398.8
TOR,2013-11-01,414,30,3792.7,4021.3
TOR,2013-12-01,415,31,2917.7,2875.0
TOR,2014-01-01,416,31,3477.7,3828.7
TOR,2014-02-01,417,28,4059.2,3949.1
TOR,2014-03-01,418,31,3648.1,3059.7
TOR,2014-04-01,419,30,2964.6,3662.8
TOR,2014-05-01,420,31,3526.3,3946.3
TOR,2014-06-01,421,30,3587.3,3916.4
TOR,2014-07-01,422,31,3420.8,3917.9
TOR,2014-08-01,423,31,3165.2,3749.5
TOR,2014-09-01,424,30,3497.1,3903.9
TOR,2014-10-01,425,31,3230.1,3818.5
TOR,2014-11-01,426,30,3126.0,4015.0
TOR,2014-12-01,427,31,3082.0,1655.6
TOR,2015-01-01,428,31,3305.2,1138.3
TOR,2015-02-01,429,28,3073.0,1058.0
TOR,2015-03-01,430,31,3126.6,2022.9
TOR,2015-04-01,431,30,3618.7,2652.2
TOR,2015-05-01,432,31,3017.1,2830.4
TOR,2015-06-01,433,30,3138.6,4145.0
TOR,2015-07-01,434,31,3297.1,4102.6
TOR,2015-08-01,435,31,2944.0,3706.9
TOR,2015-09-01,436,30,3086.2,3673.2
TOR,2015-10-01,437,31,3041.4,3502.0
TOR,2015-11-01,438,30,3004.4,3499.2
TOR,2015-12-01,439,31,2781.7,3213.9
TOR,2020-10-01,440,31,0.0,0.0
TOR,2020-11-01,441,30,0.0,0.0
TOR,2020-12-01,442,31,3546.6,2085.8
TOR,2021-01-01,443,31,9229.8,3863.2
TOR,2021-02-01,444,28,9704.3,4041.2
TOR,2021-03-01,445,31,11893.8,4413.0
TOR,2021-04-01,446,30,10495.6,4306.4
TOR,2021-05-01,447,31,16142.5,5837.3
TOR,2021-06-01,448,30,17835.8,7411.5
TOR,2021-07-01,449,31,17394.3,6995.9
TOR,2021-08-01,450,31,15980.1,6308.1
TOR,2021-09-01,451,30,15420.5,5943.9
TOR,2021-10-01,452,31,14117.6,6575.9
TOR,2021-11-01,453,30,14571.4,6828.6
TOR,2021-12-01,454,31,13312.1,6464.3
TOR,2022-01-01,455,31,14468.6,6423.7
TOR,2022-02-01,456,28,14008.3,6346.0
TOR,2022-03-01,457,31,14028.3,8610.9
TOR,2022-04-01,458,30,13858.5,8860.2
TOR,2022-05-01,459,31,11719.3,6819.4
TOR,2022-06-01,460,30,2216.1,855.4
TOR,2022-07-01,461,31,13239.0,6448.1
TOR,2022-08-01,462,31,13141.6,7227.2
TOR,2022-09-01,463,30,12873.1,8256.4
TOR,2022-10-01,464,31,12869.7,9574.7
TOR,2022-11-01,465,30,13242.1,11604.7
TOR,2022-12-01,466,31,13038.1,10254.4
TOR,2023-01-01,467,31,13896.4,11490.0
TOR,2023-02-01,468,28,11618.2,9331.4
TOR,2023-03-01,469,31,10995.0,8361.4
TOR,2023-04-01,470,30,10652.8,8669.4
TOR,2023-05-01,471,31,10493.8,8113.8
TOR,2023-06-01,472,30,9535.3,7904.2
TOR,2023-07-01,473,31,9605.1,8264.0
TOR,2023-08-01,474,31,9438.8,8059.1
TOR,2023-09-01,475,30,8367.5,7468.1
TOR,2023-10-01,476,31,8966.0,8531.8
TOR,2023-11-01,477,30,8520.6,7749.0
TOR,2023-12-01,478,31,8619.1,8706.3
TOR,2024-01-01,479,31,8625.1,9189.2
TOR,2024-02-01,480,29,8257.0,9738.3
TOR,2024-03-01,481,31,8158.5,9720.8
TOR,2024-04-01,482,30,7162.0,8482.8
TOR,2024-05-01,483,31,7679.6,9274.4
TOR,2024-06-01,484,30,5184.9,7570.8
TOR,2024-07-01,485,31,6772.7,9170.9
TOR,2024-08-01,486,31,6636.8,10619.6
TOR,2024-09-01,487,30,6252.1,10535.4
TOR,2024-10-01,488,31,6281.7,11492.1
TOR,2024-11-01,489,30,6071.8,11998.8
TOR,2024-12-01,490,31,5888.1,10846.9
TOR,2025-01-01,491,31,5693.3,8974.1
TOR,2025-02-01,492,28,6056.2,8376.7
TOR,2025-03-01,493,31,5782.6,9856.7
TOR,2025-04-01,494,30,6254.2,9564.7
TOR,2025-05-01,495,31,5315.9,8905.1
TOR,2025-06-01,496,30,320.8,844.9
TOR,2025-07-01,497,31,6375.0,10073.8
TOR,2025-08-01,498,31,6354.7,10570.9
TOR,2025-09-01,499,30,7245.8,9036.3
TOR,2025-10-01,500,31,7334.7,6961.4
TOR,2025-11-01,501,30,6585.4,6772.0
TOR,2025-12-01,502,31,6188.4,6799.1
TOR,2026-01-01,503,31,6001.7,7109.5
TOR,2026-02-01,504,28,5494.6,6921.0
TOR,2026-03-01,505,31,4766.0,6084.9
TOR,2026-04-01,506,30,4933.3,6604.3
TOR,2026-05-01,507,31,5437.6,6496.8
TORDIS,2001-12-01,0,31,94004.1,17408.5
TORDIS,2002-01-01,1,31,90619.8,13166.0
TORDIS,2002-02-01,2,28,97215.6,16373.7
TORDIS,2002-03-01,3,31,39619.7,6920.8
TORDIS,2002-04-01,4,30,81044.1,21559.3
TORDIS,2002-05-01,5,31,82339.6,22864.4
TORDIS,2002-06-01,6,30,75186.2,26190.7
TORDIS,2002-07-01,7,31,76240.5,28778.9
TORDIS,2002-08-01,8,31,80495.2,32739.4
TORDIS,2002-09-01,9,30,83417.4,34564.5
TORDIS,2002-10-01,10,31,83473.8,29219.2
TORDIS,2002-11-01,11,30,83017.0,8092.9
TORDIS,2002-12-01,12,31,83623.9,28330.5
TORDIS,2003-01-01,13,31,83603.6,24453.1
TORDIS,2003-02-01,14,28,86554.4,27385.3
TORDIS,2003-03-01,15,31,84309.7,25731.4
TORDIS,2003-04-01,16,30,79511.5,25616.3
TORDIS,2003-05-01,17,31,82457.2,25861.2
TORDIS,2003-06-01,18,30,77934.8,29081.9
TORDIS,2003-07-01,19,31,66968.1,30533.9
TORDIS,2003-08-01,20,31,65604.6,28198.6
TORDIS,2003-09-01,21,30,55383.8,25958.0
TORDIS,2003-10-01,22,31,33122.9,16183.0
TORDIS,2003-11-01,23,30,65380.4,38122.5
TORDIS,2003-12-01,24,31,71537.3,38925.7
TORDIS,2004-01-01,25,31,70052.1,41246.9
TORDIS,2004-02-01,26,29,63715.7,34724.0
TORDIS,2004-03-01,27,31,67274.5,38006.6
TORDIS,2004-04-01,28,30,68584.0,36770.2
TORDIS,2004-05-01,29,31,66483.2,36560.0
TORDIS,2004-06-01,30,30,67414.1,35306.7
TORDIS,2004-07-01,31,31,62398.9,33883.8
TORDIS,2004-08-01,32,31,68341.7,42155.9
TORDIS,2004-09-01,33,30,64944.3,41871.2
TORDIS,2004-10-01,34,31,59215.4,39189.5
TORDIS,2004-11-01,35,30,55396.4,46171.3
TORDIS,2004-12-01,36,31,46447.1,42975.6
TORDIS,2005-01-01,37,31,50367.1,42991.8
TORDIS,2005-02-01,38,28,50421.7,30817.8
TORDIS,2005-03-01,39,31,48165.7,33204.1
TORDIS,2005-04-01,40,30,56633.4,44269.7
TORDIS,2005-05-01,41,31,56902.4,43641.1
TORDIS,2005-06-01,42,30,53324.9,42137.5
TORDIS,2005-07-01,43,31,56330.2,51754.9
TORDIS,2005-08-01,44,31,51452.6,53363.9
TORDIS,2005-09-01,45,30,49521.7,50842.6
TORDIS,2005-10-01,46,31,41979.3,31453.1
TORDIS,2005-11-01,47,30,57769.7,36640.2
TORDIS,2005-12-01,48,31,53055.5,42228.9
TORDIS,2006-01-01,49,31,52899.2,51399.8
TORDIS,2006-02-01,50,28,48031.6,63787.6
TORDIS,2006-03-01,51,31,43401.6,64502.9
TORDIS,2006-04-01,52,30,34061.4,61686.2
TORDIS,2006-05-01,53,31,33739.7,66600.9
TORDIS,2006-06-01,54,30,28788.4,66334.3
TORDIS,2006-07-01,55,31,24487.6,72050.7
TORDIS,2006-08-01,56,31,5131.3,16988.5
TORDIS,2006-09-01,57,30,0.0,0.0
TORDIS,2006-10-01,58,31,11654.4,11658.4
TORDIS,2006-11-01,59,30,28773.7,50863.5
TORDIS,2006-12-01,60,31,34985.5,58472.8
TORDIS,2007-01-01,61,31,38112.1,38591.0
TORDIS,2007-02-01,62,28,42671.8,34901.7
TORDIS,2007-03-01,63,31,44811.8,42965.4
TORDIS,2007-04-01,64,30,47494.3,53561.8
TORDIS,2007-05-01,65,31,43691.8,51332.9
TORDIS,2007-06-01,66,30,48215.5,53039.8
TORDIS,2007-07-01,67,31,45329.2,58783.3
TORDIS,2007-08-01,68,31,46572.9,63070.5
TORDIS,2007-09-01,69,30,39879.4,63726.2
TORDIS,2007-10-01,70,31,37057.1,61439.2
TORDIS,2007-11-01,71,30,34461.8,46305.5
TORDIS,2007-12-01,72,31,34315.9,60783.8
TORDIS,2008-01-01,73,31,39286.9,86066.8
TORDIS,2008-02-01,74,29,36999.2,97715.3
TORDIS,2008-03-01,75,31,33857.4,96378.0
TORDIS,2008-04-01,76,30,34644.2,105677.0
TORDIS,2008-05-01,77,31,37606.9,137324.6
TORDIS,2008-06-01,78,30,21718.7,62476.6
TORDIS,2008-07-01,79,31,21716.0,64460.3
TORDIS,2008-08-01,80,31,21158.1,49557.5
TORDIS,2008-09-01,81,30,20448.1,44793.9
TORDIS,2008-10-01,82,31,21462.4,56997.8
TORDIS,2008-11-01,83,30,21018.4,59493.1
TORDIS,2008-12-01,84,31,22050.8,65886.7
TORDIS,2009-01-01,85,31,21515.2,67931.9
TORDIS,2009-02-01,86,28,21980.6,61170.6
TORDIS,2009-03-01,87,31,22000.1,72211.0
TORDIS,2009-04-01,88,30,23880.3,71749.8
TORDIS,2009-05-01,89,31,4453.6,8324.9
TORDIS,2009-06-01,90,30,16500.2,35830.9
TORDIS,2009-07-01,91,31,19707.4,64628.7
TORDIS,2009-08-01,92,31,19313.7,72695.9
TORDIS,2009-09-01,93,30,16498.1,66537.7
TORDIS,2009-10-01,94,31,23288.5,54065.9
TORDIS,2009-11-01,95,30,22312.0,59983.7
TORDIS,2009-12-01,96,31,15379.6,48175.8
TORDIS,2010-01-01,97,31,6809.2,9653.8
TORDIS,2010-02-01,98,28,18314.5,40784.9
TORDIS,2010-03-01,99,31,15525.7,47776.1
TORDIS,2010-04-01,100,30,18982.6,62214.5
TORDIS,2010-05-01,101,31,11597.6,38647.8
TORDIS,2010-06-01,102,30,0.0,0.0
TORDIS,2010-07-01,103,31,0.0,0.0
TORDIS,2010-08-01,104,31,1223.5,2260.3
TORDIS,2010-09-01,105,30,11432.8,16370.3
TORDIS,2010-10-01,106,31,23560.4,38528.1
TORDIS,2010-11-01,107,30,20607.5,39816.5
TORDIS,2010-12-01,108,31,24652.0,44852.4
TORDIS,2011-01-01,109,31,16544.2,49799.0
TORDIS,2011-02-01,110,28,4346.7,13134.5
TORDIS,2011-03-01,111,31,5135.3,5275.3
TORDIS,2011-04-01,112,30,23800.6,37499.8
TORDIS,2011-05-01,113,31,23872.8,33313.6
TORDIS,2011-06-01,114,30,11489.4,16827.3
TORDIS,2011-07-01,115,31,17891.4,30262.1
TORDIS,2011-08-01,116,31,0.0,0.0
TORDIS,2011-09-01,117,30,5088.4,7237.5
TORDIS,2011-10-01,118,31,5196.2,5725.7
TORDIS,2011-11-01,119,30,5010.9,7503.7
TORDIS,2011-12-01,120,31,3282.9,4922.3
TORDIS,2012-01-01,121,31,8799.6,16836.4
TORDIS,2012-02-01,122,29,11130.8,19795.5
TORDIS,2012-03-01,123,31,6963.4,14432.0
TORDIS,2012-04-01,124,30,0.0,0.0
TORDIS,2012-05-01,125,31,0.0,0.0
TORDIS,2012-06-01,126,30,0.0,0.0
TORDIS,2012-07-01,127,31,0.0,0.0
TORDIS,2012-08-01,128,31,0.0,0.0
TORDIS,2012-09-01,129,30,0.0,0.0
TORDIS,2012-10-01,130,31,0.0,0.0
TORDIS,2012-11-01,131,30,11550.2,14604.9
TORDIS,2012-12-01,132,31,7846.0,16473.2
TORDIS,2013-01-01,133,31,7334.7,15375.5
TORDIS,2013-02-01,134,28,8192.5,13356.8
TORDIS,2013-03-01,135,31,10497.9,23012.6
TORDIS,2013-04-01,136,30,11682.3,28069.3
TORDIS,2013-05-01,137,31,12433.5,34352.5
TORDIS,2013-06-01,138,30,9602.4,30973.1
TORDIS,2013-07-01,139,31,8264.0,25530.5
TORDIS,2013-08-01,140,31,2102.0,5735.9
TORDIS,2013-09-01,141,30,0.0,0.0
TORDIS,2013-10-01,142,31,22.3,28.4
TORDIS,2013-11-01,143,30,14365.9,29947.8
TORDIS,2013-12-01,144,31,20592.0,52209.4
TORDIS,2014-01-01,145,31,16454.9,43403.7
TORDIS,2014-02-01,146,28,15571.7,51774.0
TORDIS,2014-03-01,147,31,13358.7,53696.6
TORDIS,2014-04-01,148,30,13133.1,52626.8
TORDIS,2014-05-01,149,31,9881.1,46887.4
TORDIS,2014-06-01,150,30,7491.2,39745.2
TORDIS,2014-07-01,151,31,7353.0,39128.6
TORDIS,2014-08-01,152,31,15349.1,63786.7
TORDIS,2014-09-01,153,30,11990.5,63937.9
TORDIS,2014-10-01,154,31,8393.8,50770.9
TORDIS,2014-11-01,155,30,14655.2,58698.5
TORDIS,2014-12-01,156,31,20738.1,55425.3
TORDIS,2015-01-01,157,31,19776.3,46057.6
TORDIS,2015-02-01,158,28,23148.7,56358.9
TORDIS,2015-03-01,159,31,23183.0,62396.8
TORDIS,2015-04-01,160,30,19483.7,52324.8
TORDIS,2015-05-01,161,31,23144.4,42052.4
TORDIS,2015-06-01,162,30,24964.2,50492.4
TORDIS,2015-07-01,163,31,21492.9,48798.7
TORDIS,2015-08-01,164,31,9808.0,26133.1
TORDIS,2015-09-01,165,30,13634.2,38518.7
TORDIS,2015-10-01,166,31,22420.1,53319.2
TORDIS,2015-11-01,167,30,18179.6,47766.8
TORDIS,2015-12-01,168,31,18218.1,53956.3
TORDIS,2016-01-01,169,31,17540.4,50296.1
TORDIS,2016-02-01,170,29,21771.4,46676.8
TORDIS,2016-03-01,171,31,26112.8,58487.0
TORDIS,2016-04-01,172,30,26492.6,53431.9
TORDIS,2016-05-01,173,31,23187.0,46899.6
TORDIS,2016-06-01,174,30,28545.2,61923.1
TORDIS,2016-07-01,175,31,27176.0,65456.5
TORDIS,2016-08-01,176,31,25033.4,55952.8
TORDIS,2016-09-01,177,30,20955.5,49804.7
TORDIS,2016-10-01,178,31,27502.7,63938.9
TORDIS,2016-11-01,179,30,27534.6,65057.5
TORDIS,2016-12-01,180,31,26498.3,64462.3
TORDIS,2017-01-01,181,31,21285.9,49738.1
TORDIS,2017-02-01,182,28,27021.4,67521.0
TORDIS,2017-03-01,183,31,26443.5,65730.4
TORDIS,2017-04-01,184,30,25859.5,59224.8
TORDIS,2017-05-01,185,31,22901.0,53881.3
TORDIS,2017-06-01,186,30,23928.5,53568.1
TORDIS,2017-07-01,187,31,25025.3,60171.1
TORDIS,2017-08-01,188,31,21294.0,61177.4
TORDIS,2017-09-01,189,30,18030.8,54486.4
TORDIS,2017-10-01,190,31,16771.4,29777.1
TORDIS,2017-11-01,191,30,13900.5,37956.8
TORDIS,2017-12-01,192,31,17495.8,59178.9
TORDIS,2018-01-01,193,31,16351.5,59473.1
TORDIS,2018-02-01,194,28,17213.8,60400.1
TORDIS,2018-03-01,195,31,16844.5,68514.2
TORDIS,2018-04-01,196,30,18229.9,86310.7
TORDIS,2018-05-01,197,31,17053.5,86121.6
TORDIS,2018-06-01,198,30,13432.9,71714.2
TORDIS,2018-07-01,199,31,14740.5,76520.5
TORDIS,2018-08-01,200,31,19721.6,94166.4
TORDIS,2018-09-01,201,30,17007.6,79735.8
TORDIS,2018-10-01,202,31,15071.2,74599.1
TORDIS,2018-11-01,203,30,15477.1,87291.9
TORDIS,2018-12-01,204,31,15793.5,94704.1
TORDIS,2019-01-01,205,31,15464.8,105281.1
TORDIS,2019-02-01,206,28,11872.0,75560.7
TORDIS,2019-03-01,207,31,14655.2,97457.4
TORDIS,2019-04-01,208,30,11088.9,76326.7
TORDIS,2019-05-01,209,31,2010.7,11928.3
TORDIS,2019-06-01,210,30,9766.0,61216.5
TORDIS,2019-07-01,211,31,13151.8,83477.8
TORDIS,2019-08-01,212,31,14833.8,93087.0
TORDIS,2019-09-01,213,30,12556.5,75297.3
TORDIS,2019-10-01,214,31,12628.3,83116.7
TORDIS,2019-11-01,215,30,15043.1,100165.1
TORDIS,2019-12-01,216,31,11788.3,81243.9
TORDIS,2020-01-01,217,31,11583.4,84672.9
TORDIS,2020-02-01,218,29,12128.5,95999.7
TORDIS,2020-03-01,219,31,10956.4,77052.1
TORDIS,2020-04-01,220,30,13881.6,100844.4
TORDIS,2020-05-01,221,31,9244.0,104412.7
TORDIS,2020-06-01,222,30,9254.4,83069.4
TORDIS,2020-07-01,223,31,9542.2,91989.3
TORDIS,2020-08-01,224,31,11557.0,98652.5
TORDIS,2020-09-01,225,30,9174.7,84581.0
TORDIS,2020-10-01,226,31,10812.4,98382.6
TORDIS,2020-11-01,227,30,8575.1,83302.1
TORDIS,2020-12-01,228,31,10924.0,101265.8
TORDIS,2021-01-01,229,31,9116.2,93446.1
TORDIS,2021-02-01,230,28,11135.2,118459.4
TORDIS,2021-03-01,231,31,9024.8,112427.1
TORDIS,2021-04-01,232,30,8021.6,103574.1
TORDIS,2021-05-01,233,31,9471.2,106443.7
TORDIS,2021-06-01,234,30,16877.6,19253.1
TORDIS,2021-07-01,235,31,19441.6,52960.1
TORDIS,2021-08-01,236,31,23527.9,67012.7
TORDIS,2021-09-01,237,30,23549.0,71385.0
TORDIS,2021-10-01,238,31,40070.1,28342.7
TORDIS,2021-11-01,239,30,28966.6,16187.8
TORDIS,2021-12-01,240,31,23712.5,27535.1
TORDIS,2022-01-01,241,31,17499.8,32928.1
TORDIS,2022-02-01,242,28,18862.7,56057.8
TORDIS,2022-03-01,243,31,24589.1,61774.0
TORDIS,2022-04-01,244,30,27400.5,76850.9
TORDIS,2022-05-01,245,31,22817.8,58961.8
TORDIS,2022-06-01,246,30,18315.9,39026.1
TORDIS,2022-07-01,247,31,23400.1,42705.7
TORDIS,2022-08-01,248,31,26216.3,63423.5
TORDIS,2022-09-01,249,30,25144.5,63046.9
TORDIS,2022-10-01,250,31,24248.2,64910.7
TORDIS,2022-11-01,251,30,21081.3,58677.5
TORDIS,2022-12-01,252,31,25625.9,89325.3
TORDIS,2023-01-01,253,31,23114.0,87410.0
TORDIS,2023-02-01,254,28,19118.7,77189.3
TORDIS,2023-03-01,255,31,18985.1,90106.5
TORDIS,2023-04-01,256,30,9520.7,26392.0
TORDIS,2023-05-01,257,31,15154.4,32183.5
TORDIS,2023-06-01,258,30,19821.3,50932.7
TORDIS,2023-07-01,259,31,18786.2,60049.3
TORDIS,2023-08-01,260,31,20289.7,88751.1
TORDIS,2023-09-01,261,30,18544.4,90080.4
TORDIS,2023-10-01,262,31,14630.9,82012.9
TORDIS,2023-11-01,263,30,12386.7,65499.9
TORDIS,2023-12-01,264,31,14296.1,88217.5
TORDIS,2024-01-01,265,31,14288.0,102134.2
TORDIS,2024-02-01,266,29,12610.0,92106.5
TORDIS,2024-03-01,267,31,12620.2,100774.8
TORDIS,2024-04-01,268,30,11487.3,90491.4
TORDIS,2024-05-01,269,31,11406.9,88862.7
TORDIS,2024-06-01,270,30,11560.7,100993.2
TORDIS,2024-07-01,271,31,11331.8,85695.5
TORDIS,2024-08-01,272,31,10092.1,91451.7
TORDIS,2024-09-01,273,30,11355.2,83654.3
TORDIS,2024-10-01,274,31,9674.1,68619.7
TORDIS,2024-11-01,275,30,9640.2,63382.3
TORDIS,2024-12-01,276,31,16294.6,68668.4
TORDIS,2025-01-01,277,31,17031.2,57225.0
TORDIS,2025-02-01,278,28,14262.1,44850.8
TORDIS,2025-03-01,279,31,12324.0,47220.2
TORDIS,2025-04-01,280,30,17173.3,77928.5
TORDIS,2025-05-01,281,31,13949.2,58347.0
TORDIS,2025-06-01,282,30,12783.0,56352.4
TORDIS,2025-07-01,283,31,13439.9,67246.1
TORDIS,2025-08-01,284,31,12232.6,60163.0
TORDIS,2025-09-01,285,30,10770.2,54427.7
TORDIS,2025-10-01,286,31,10966.6,55175.7
TORDIS,2025-11-01,287,30,11172.8,59478.4
TORDIS,2025-12-01,288,31,9968.3,54625.9
TORDIS,2026-01-01,289,31,8901.1,54033.4
TORDIS,2026-02-01,290,28,6927.8,40465.9
TORDIS,2026-03-01,291,31,8803.7,51840.1
TORDIS,2026-04-01,292,30,8973.4,52096.3
TORDIS,2026-05-01,293,31,6630.7,44657.6
TROLL,2003-03-01,0,31,380159.6,363444.9
TROLL,2003-04-01,1,30,393125.1,384164.2
TROLL,2003-05-01,2,31,378516.1,387007.3
TROLL,2003-06-01,3,30,141482.8,150259.1
TROLL,2003-07-01,4,31,403882.3,419198.9
TROLL,2003-08-01,5,31,393694.8,445646.5
TROLL,2003-09-01,6,30,363009.5,399310.0
TROLL,2003-10-01,7,31,352172.0,409415.3
TROLL,2003-11-01,8,30,333638.2,407769.8
TROLL,2003-12-01,9,31,367151.9,414159.0
TROLL,2004-01-01,10,31,332973.9,398988.4
TROLL,2004-02-01,11,29,335070.7,416833.7
TROLL,2004-03-01,12,31,321694.9,398420.3
TROLL,2004-04-01,13,30,333344.7,427876.2
TROLL,2004-05-01,14,31,272224.6,402922.6
TROLL,2004-06-01,15,30,327910.3,427358.4
TROLL,2004-07-01,16,31,302853.9,398481.1
TROLL,2004-08-01,17,31,284179.3,358155.4
TROLL,2004-09-01,18,30,306327.9,416512.7
TROLL,2004-10-01,19,31,280411.5,401208.1
TROLL,2004-11-01,20,30,288831.8,409665.2
TROLL,2004-12-01,21,31,280545.4,420296.6
TROLL,2005-01-01,22,31,260746.7,410571.8
TROLL,2005-02-01,23,28,257452.7,398007.3
TROLL,2005-03-01,24,31,275450.6,413450.9
TROLL,2005-04-01,25,30,261775.2,410027.9
TROLL,2005-05-01,26,31,257545.0,402303.7
TROLL,2005-06-01,27,30,192700.6,307491.5
TROLL,2005-07-01,28,31,244192.4,369324.9
TROLL,2005-08-01,29,31,239671.8,405560.2
TROLL,2005-09-01,30,30,217291.6,371687.3
TROLL,2005-10-01,31,31,234782.0,402464.0
TROLL,2005-11-01,32,30,223147.4,393955.3
TROLL,2005-12-01,33,31,248386.2,385852.9
TROLL,2006-01-01,34,31,210235.6,378272.6
TROLL,2006-02-01,35,28,204995.8,376228.9
TROLL,2006-03-01,36,31,196089.6,363800.0
TROLL,2006-04-01,37,30,207785.6,404539.0
TROLL,2006-05-01,38,31,194064.7,383286.2
TROLL,2006-06-01,39,30,149332.4,305202.1
TROLL,2006-07-01,40,31,194602.4,403918.8
TROLL,2006-08-01,41,31,148496.1,293875.7
TROLL,2006-09-01,42,30,173221.1,360363.6
TROLL,2006-10-01,43,31,191000.9,376828.0
TROLL,2006-11-01,44,30,185987.3,382224.9
TROLL,2006-12-01,45,31,182467.1,367991.9
TROLL,2007-01-01,46,31,178699.3,380443.6
TROLL,2007-02-01,47,28,180214.0,385187.4
TROLL,2007-03-01,48,31,168473.3,366744.0
TROLL,2007-04-01,49,30,168053.0,375150.9
TROLL,2007-05-01,50,31,165038.3,369661.7
TROLL,2007-06-01,51,30,165822.2,382642.1
TROLL,2007-07-01,52,31,163891.9,381265.4
TROLL,2007-08-01,53,31,151693.7,369854.4
TROLL,2007-09-01,54,30,154961.8,368924.0
TROLL,2007-10-01,55,31,132830.4,327422.6
TROLL,2007-11-01,56,30,163933.2,381344.3
TROLL,2007-12-01,57,31,157291.7,392156.9
TROLL,2008-01-01,58,31,159243.5,386930.2
TROLL,2008-02-01,59,29,142516.0,358835.3
TROLL,2008-03-01,60,31,145438.4,373707.5
TROLL,2008-04-01,61,30,145550.2,378593.5
TROLL,2008-05-01,62,31,143837.6,380579.6
TROLL,2008-06-01,63,30,140344.3,376339.7
TROLL,2008-07-01,64,31,136969.5,398219.4
TROLL,2008-08-01,65,31,91532.8,225525.9
TROLL,2008-09-01,66,30,156664.2,410386.4
TROLL,2008-10-01,67,31,145716.4,401551.0
TROLL,2008-11-01,68,30,144621.4,390319.8
TROLL,2008-12-01,69,31,133023.2,362467.0
TROLL,2009-01-01,70,31,148390.6,401553.0
TROLL,2009-02-01,71,28,136621.2,383399.3
TROLL,2009-03-01,72,31,154970.5,418943.3
TROLL,2009-04-01,73,30,154123.2,403134.2
TROLL,2009-05-01,74,31,127792.5,322386.7
TROLL,2009-06-01,75,30,140010.9,355283.5
TROLL,2009-07-01,76,31,143028.0,371313.3
TROLL,2009-08-01,77,31,121405.3,327371.9
TROLL,2009-09-01,78,30,132184.3,358965.2
TROLL,2009-10-01,79,31,116128.0,305375.9
TROLL,2009-11-01,80,30,120426.6,340370.4
TROLL,2009-12-01,81,31,128362.6,348043.0
TROLL,2010-01-01,82,31,123241.5,333649.5
TROLL,2010-02-01,83,28,119335.5,289144.4
TROLL,2010-03-01,84,31,119414.9,321102.4
TROLL,2010-04-01,85,30,130087.7,366401.8
TROLL,2010-05-01,86,31,130241.5,382490.9
TROLL,2010-06-01,87,30,118822.7,373417.0
TROLL,2010-07-01,88,31,110844.5,336979.1
TROLL,2010-08-01,89,31,126240.3,388512.8
TROLL,2010-09-01,90,30,66426.6,195524.7
TROLL,2010-10-01,91,31,130892.8,380695.2
TROLL,2010-11-01,92,30,130358.2,394645.1
TROLL,2010-12-01,93,31,113821.0,362986.4
TROLL,2011-01-01,94,31,115685.7,366273.3
TROLL,2011-02-01,95,28,125548.9,350296.9
TROLL,2011-03-01,96,31,99023.8,264824.9
TROLL,2011-04-01,97,30,124751.9,327503.6
TROLL,2011-05-01,98,31,138692.1,368860.2
TROLL,2011-06-01,99,30,128106.5,360009.3
TROLL,2011-07-01,100,31,126216.0,354765.0
TROLL,2011-08-01,101,31,132146.7,365810.7
TROLL,2011-09-01,102,30,128576.1,339659.7
TROLL,2011-10-01,103,31,124505.6,320767.6
TROLL,2011-11-01,104,30,130748.2,340083.2
TROLL,2011-12-01,105,31,128527.0,345194.4
TROLL,2012-01-01,106,31,127260.9,367013.9
TROLL,2012-02-01,107,29,134504.1,344030.4
TROLL,2012-03-01,108,31,132240.0,363662.0
TROLL,2012-04-01,109,30,129762.8,360193.8
TROLL,2012-05-01,110,31,130953.6,334357.7
TROLL,2012-06-01,111,30,132331.1,337898.5
TROLL,2012-07-01,112,31,128447.9,340401.9
TROLL,2012-08-01,113,31,125246.1,323232.8
TROLL,2012-09-01,114,30,39892.0,112166.0
TROLL,2012-10-01,115,31,138761.1,363238.0
TROLL,2012-11-01,116,30,119741.0,325935.3
TROLL,2012-12-01,117,31,123795.4,334528.1
TROLL,2013-01-01,118,31,119295.2,321995.2
TROLL,2013-02-01,119,28,112917.6,321442.5
TROLL,2013-03-01,120,31,109304.6,293991.3
TROLL,2013-04-01,121,30,119105.7,301629.5
TROLL,2013-05-01,122,31,127319.8,303947.5
TROLL,2013-06-01,123,30,125053.8,317016.4
TROLL,2013-07-01,124,31,127630.2,300934.5
TROLL,2013-08-01,125,31,112668.6,255994.9
TROLL,2013-09-01,126,30,129158.9,300889.4
TROLL,2013-10-01,127,31,134266.9,321307.3
TROLL,2013-11-01,128,30,120258.9,319823.8
TROLL,2013-12-01,129,31,129758.6,315792.6
TROLL,2014-01-01,130,31,128547.3,314567.1
TROLL,2014-02-01,131,28,133429.1,310682.4
TROLL,2014-03-01,132,31,128021.8,295141.8
TROLL,2014-04-01,133,30,129754.4,327851.6
TROLL,2014-05-01,134,31,123815.7,331099.1
TROLL,2014-06-01,135,30,128762.7,320211.6
TROLL,2014-07-01,136,31,124527.9,317079.0
TROLL,2014-08-01,137,31,110355.6,302375.0
TROLL,2014-09-01,138,30,125116.7,343079.2
TROLL,2014-10-01,139,31,122032.3,348836.4
TROLL,2014-11-01,140,30,130091.9,336103.8
TROLL,2014-12-01,141,31,125684.4,328901.8
TROLL,2015-01-01,142,31,109030.6,309437.9
TROLL,2015-02-01,143,28,117071.1,317765.2
TROLL,2015-03-01,144,31,124669.9,329019.4
TROLL,2015-04-01,145,30,128362.2,318006.0
TROLL,2015-05-01,146,31,129143.8,317565.9
TROLL,2015-06-01,147,30,113897.8,307768.3
TROLL,2015-07-01,148,31,120504.5,313869.1
TROLL,2015-08-01,149,31,122916.9,295525.2
TROLL,2015-09-01,150,30,115539.4,298243.4
TROLL,2015-10-01,151,31,134060.0,340243.7
TROLL,2015-11-01,152,30,120642.6,323375.4
TROLL,2015-12-01,153,31,114086.8,319781.5
TROLL,2016-01-01,154,31,109604.8,309898.4
TROLL,2016-02-01,155,29,112188.3,305244.0
TROLL,2016-03-01,156,31,111538.4,295131.6
TROLL,2016-04-01,157,30,109270.6,298788.6
TROLL,2016-05-01,158,31,120070.3,269436.8
TROLL,2016-06-01,159,30,133079.6,289534.2
TROLL,2016-07-01,160,31,142553.2,282201.0
TROLL,2016-08-01,161,31,98475.9,207386.9
TROLL,2016-09-01,162,30,156949.4,337992.9
TROLL,2016-10-01,163,31,144355.0,345297.8
TROLL,2016-11-01,164,30,142115.9,355138.9
TROLL,2016-12-01,165,31,135443.7,341051.2
TROLL,2017-01-01,166,31,124168.8,331170.1
TROLL,2017-02-01,167,28,115267.3,335695.6
TROLL,2017-03-01,168,31,119605.6,336151.3
TROLL,2017-04-01,169,30,119057.5,348268.3
TROLL,2017-05-01,170,31,119252.6,311154.4
TROLL,2017-06-01,171,30,138704.8,305598.3
TROLL,2017-07-01,172,31,136949.2,313075.8
TROLL,2017-08-01,173,31,129821.5,292321.5
TROLL,2017-09-01,174,30,135956.1,274692.3
TROLL,2017-10-01,175,31,130777.1,284960.4
TROLL,2017-11-01,176,30,120858.5,292752.5
TROLL,2017-12-01,177,31,107105.1,303616.8
TROLL,2018-01-01,178,31,115565.9,298442.9
TROLL,2018-02-01,179,28,107775.7,282293.0
TROLL,2018-03-01,180,31,101537.7,274898.8
TROLL,2018-04-01,181,30,97426.9,292817.4
TROLL,2018-05-01,182,31,103781.7,274399.6
TROLL,2018-06-01,183,30,121462.3,301340.1
TROLL,2018-07-01,184,31,121243.0,289093.4
TROLL,2018-08-01,185,31,112047.7,282207.1
TROLL,2018-09-01,186,30,89988.2,248138.9
TROLL,2018-10-01,187,31,125994.8,324937.2
TROLL,2018-11-01,188,30,114371.6,330132.7
TROLL,2018-12-01,189,31,113524.8,350516.4
TROLL,2019-01-01,190,31,117517.8,332728.4
TROLL,2019-02-01,191,28,112176.3,325614.0
TROLL,2019-03-01,192,31,108117.6,305649.8
TROLL,2019-04-01,193,30,106752.6,320542.9
TROLL,2019-05-01,194,31,107405.4,306601.4
TROLL,2019-06-01,195,30,106538.7,313462.7
TROLL,2019-07-01,196,31,106792.7,313917.8
TROLL,2019-08-01,197,31,105790.4,266699.7
TROLL,2019-09-01,198,30,105182.2,266962.2
TROLL,2019-10-01,199,31,107675.3,301291.6
TROLL,2019-11-01,200,30,103980.9,302382.1
TROLL,2019-12-01,201,31,106445.7,311748.9
TROLL,2020-01-01,202,31,99415.4,306830.6
TROLL,2020-02-01,203,29,95578.9,297297.2
TROLL,2020-03-01,204,31,95635.4,296156.2
TROLL,2020-04-01,205,30,99104.2,314366.3
TROLL,2020-05-01,206,31,83242.5,287441.8
TROLL,2020-06-01,207,30,76888.6,284879.7
TROLL,2020-07-01,208,31,86918.9,312994.7
TROLL,2020-08-01,209,31,86147.9,287766.5
TROLL,2020-09-01,210,30,30459.4,120699.2
TROLL,2020-10-01,211,31,85405.3,297219.4
TROLL,2020-11-01,212,30,100437.6,346345.7
TROLL,2020-12-01,213,31,89796.0,334982.6
TROLL,2021-01-01,214,31,79480.8,303476.8
TROLL,2021-02-01,215,28,76169.5,300272.8
TROLL,2021-03-01,216,31,82723.0,293265.0
TROLL,2021-04-01,217,30,53400.4,216874.4
TROLL,2021-05-01,218,31,74483.4,282669.7
TROLL,2021-06-01,219,30,73794.0,288578.1
TROLL,2021-07-01,220,31,69804.6,284420.7
TROLL,2021-08-01,221,31,69431.3,270587.2
TROLL,2021-09-01,222,30,66149.8,255806.2
TROLL,2021-10-01,223,31,68917.9,283773.5
TROLL,2021-11-01,224,30,57952.1,232552.8
TROLL,2021-12-01,225,31,68587.2,301638.5
TROLL,2022-01-01,226,31,69782.3,324945.3
TROLL,2022-02-01,227,28,67449.1,327038.2
TROLL,2022-03-01,228,31,63247.0,343449.5
TROLL,2022-04-01,229,30,61673.6,326488.8
TROLL,2022-05-01,230,31,70068.4,356331.4
TROLL,2022-06-01,231,30,63732.4,317641.2
TROLL,2022-07-01,232,31,62289.3,338454.1
TROLL,2022-08-01,233,31,62557.1,337559.4
TROLL,2022-09-01,234,30,54046.2,302461.8
TROLL,2022-10-01,235,31,57957.5,325608.7
TROLL,2022-11-01,236,30,59809.7,333887.7
TROLL,2022-12-01,237,31,57665.3,328672.5
TROLL,2023-01-01,238,31,55319.8,324630.8
TROLL,2023-02-01,239,28,53189.2,317210.3
TROLL,2023-03-01,240,31,49494.6,316689.4
TROLL,2023-04-01,241,30,45758.3,303942.0
TROLL,2023-05-01,242,31,42137.6,306004.9
TROLL,2023-06-01,243,30,47244.8,346848.9
TROLL,2023-07-01,244,31,46136.7,306209.8
TROLL,2023-08-01,245,31,27912.5,185261.0
TROLL,2023-09-01,246,30,11604.7,78205.3
TROLL,2023-10-01,247,31,25063.8,196000.3
TROLL,2023-11-01,248,30,38975.8,302770.0
TROLL,2023-12-01,249,31,40936.5,331496.8
TROLL,2024-01-01,250,31,36594.5,325566.1
TROLL,2024-02-01,251,29,38140.0,323629.7
TROLL,2024-03-01,252,31,39311.2,311921.3
TROLL,2024-04-01,253,30,39286.1,317228.2
TROLL,2024-05-01,254,31,35385.2,284201.6
TROLL,2024-06-01,255,30,28692.0,256288.4
TROLL,2024-07-01,256,31,26975.1,244431.8
TROLL,2024-08-01,257,31,29316.6,281959.6
TROLL,2024-09-01,258,30,25184.4,246463.7
TROLL,2024-10-01,259,31,26587.6,255061.5
TROLL,2024-11-01,260,30,31625.1,318232.4
TROLL,2024-12-01,261,31,32997.1,327852.8
TROLL,2025-01-01,262,31,26027.6,314977.0
TROLL,2025-02-01,263,28,26605.9,313259.0
TROLL,2025-03-01,264,31,24938.0,326783.5
TROLL,2025-04-01,265,30,27125.8,329541.5
TROLL,2025-05-01,266,31,24329.4,288200.7
TROLL,2025-06-01,267,30,26394.1,318957.9
TROLL,2025-07-01,268,31,25092.2,301173.9
TROLL,2025-08-01,269,31,25354.0,311765.1
TROLL,2025-09-01,270,30,25823.8,298631.3
TROLL,2025-10-01,271,31,24808.2,296574.2
TROLL,2025-11-01,272,30,22586.7,301780.4
TROLL,2025-12-01,273,31,23371.7,304432.4
TROLL,2026-01-01,274,31,23588.8,307589.5
TROLL,2026-02-01,275,28,21666.1,299832.5
TROLL,2026-03-01,276,31,19370.6,279969.1
TROLL,2026-04-01,277,30,19347.4,257728.7
TROLL,2026-05-01,278,31,17826.5,273853.8
TUNE,2003-12-01,0,31,27596.0,880.6
TUNE,2004-01-01,1,31,20379.0,691.9
TUNE,2004-02-01,2,29,19710.9,622.5
TUNE,2004-03-01,3,31,20032.0,460.6
TUNE,2004-04-01,4,30,18502.5,499.0
TUNE,2004-05-01,5,31,13866.0,1442.6
TUNE,2004-06-01,6,30,18659.7,429.8
TUNE,2004-07-01,7,31,17069.7,1207.2
TUNE,2004-08-01,8,31,16485.4,440.3
TUNE,2004-09-01,9,30,16076.7,496.9
TUNE,2004-10-01,10,31,10396.4,643.2
TUNE,2004-11-01,11,30,12889.9,570.3
TUNE,2004-12-01,12,31,13667.1,888.7
TUNE,2005-01-01,13,31,12044.0,904.9
TUNE,2005-02-01,14,28,12368.4,550.4
TUNE,2005-03-01,15,31,11147.1,397.7
TUNE,2005-04-01,16,30,10879.3,725.4
TUNE,2005-05-01,17,31,8081.4,304.3
TUNE,2005-06-01,18,30,3864.0,241.1
TUNE,2005-07-01,19,31,7706.0,391.6
TUNE,2005-08-01,20,31,8227.5,566.1
TUNE,2005-09-01,21,30,8371.7,637.4
TUNE,2005-10-01,22,31,7858.2,606.7
TUNE,2005-11-01,23,30,7583.4,654.1
TUNE,2005-12-01,24,31,6691.5,616.8
TUNE,2006-01-01,25,31,7142.0,671.6
TUNE,2006-02-01,26,28,5487.9,372.9
TUNE,2006-03-01,27,31,7101.4,231.3
TUNE,2006-04-01,28,30,5130.4,44.0
TUNE,2006-05-01,29,31,4778.2,56.8
TUNE,2006-06-01,30,30,4675.4,545.1
TUNE,2006-07-01,31,31,4404.9,249.6
TUNE,2006-08-01,32,31,3524.3,22.3
TUNE,2006-09-01,33,30,4245.6,199.2
TUNE,2006-10-01,34,31,4613.9,105.5
TUNE,2006-11-01,35,30,4291.7,37.7
TUNE,2006-12-01,36,31,3889.5,635.1
TUNE,2007-01-01,37,31,3861.1,387.5
TUNE,2007-02-01,38,28,3441.4,390.9
TUNE,2007-03-01,39,31,2118.2,105.5
TUNE,2007-04-01,40,30,3897.6,102.7
TUNE,2007-05-01,41,31,2735.0,415.9
TUNE,2007-06-01,42,30,1801.0,364.8
TUNE,2007-07-01,43,31,2966.4,700.0
TUNE,2007-08-01,44,31,2467.2,535.6
TUNE,2007-09-01,45,30,3010.7,719.1
TUNE,2007-10-01,46,31,2363.7,570.1
TUNE,2007-11-01,47,30,2702.5,637.4
TUNE,2007-12-01,48,31,2808.1,691.9
TUNE,2008-01-01,49,31,2664.0,700.0
TUNE,2008-02-01,50,29,2555.0,672.4
TUNE,2008-03-01,51,31,2605.2,639.1
TUNE,2008-04-01,52,30,639.5,169.8
TUNE,2008-05-01,53,31,1564.3,1134.2
TUNE,2008-06-01,54,30,582.9,215.9
TUNE,2008-07-01,55,31,1294.5,6703.7
TUNE,2008-08-01,56,31,1653.6,1728.7
TUNE,2008-09-01,57,30,1559.9,4088.4
TUNE,2008-10-01,58,31,1288.4,2333.3
TUNE,2008-11-01,59,30,2255.9,1224.4
TUNE,2008-12-01,60,31,1771.3,422.0
TUNE,2009-01-01,61,31,2162.9,251.6
TUNE,2009-02-01,62,28,1507.3,164.0
TUNE,2009-03-01,63,31,1828.1,158.3
TUNE,2009-04-01,64,30,1899.5,222.2
TUNE,2009-05-01,65,31,1063.2,123.8
TUNE,2009-06-01,66,30,287.2,18.9
TUNE,2009-07-01,67,31,838.0,391.6
TUNE,2009-08-01,68,31,3479.7,2572.7
TUNE,2009-09-01,69,30,3409.1,209.7
TUNE,2009-10-01,70,31,2451.0,592.5
TUNE,2009-11-01,71,30,2237.1,144.7
TUNE,2009-12-01,72,31,2061.4,140.0
TUNE,2010-01-01,73,31,1635.3,111.6
TUNE,2010-02-01,74,28,1626.4,123.5
TUNE,2010-03-01,75,31,1345.2,152.2
TUNE,2010-04-01,76,30,1394.2,73.4
TUNE,2010-05-01,77,31,1615.1,99.4
TUNE,2010-06-01,78,30,1281.0,144.7
TUNE,2010-07-01,79,31,1101.7,12.2
TUNE,2010-08-01,80,31,1479.1,263.8
TUNE,2010-09-01,81,30,1316.7,73.4
TUNE,2010-10-01,82,31,0.0,0.0
TUNE,2010-11-01,83,30,526.2,48.2
TUNE,2010-12-01,84,31,1310.7,154.2
TUNE,2011-01-01,85,31,965.8,97.4
TUNE,2011-02-01,86,28,1165.9,175.2
TUNE,2011-03-01,87,31,1107.8,99.4
TUNE,2011-04-01,88,30,1044.1,127.9
TUNE,2011-05-01,89,31,700.0,52.8
TUNE,2011-06-01,90,30,1297.8,201.3
TUNE,2011-07-01,91,31,639.1,135.9
TUNE,2011-08-01,92,31,833.9,111.6
TUNE,2011-09-01,93,30,220.1,39.8
TUNE,2011-10-01,94,31,0.0,0.0
TUNE,2011-11-01,95,30,855.4,86.0
TUNE,2011-12-01,96,31,693.9,294.2
TUNE,2012-01-01,97,31,915.1,292.2
TUNE,2012-02-01,98,29,1075.8,145.3
TUNE,2012-03-01,99,31,284.1,30.4
TUNE,2012-04-01,100,30,574.5,117.4
TUNE,2012-05-01,101,31,667.5,340.9
TUNE,2012-06-01,102,30,337.6,232.7
TUNE,2012-07-01,103,31,304.3,156.2
TUNE,2012-08-01,104,31,442.3,259.7
TUNE,2012-09-01,105,30,475.9,146.8
TUNE,2012-10-01,106,31,1189.0,314.5
TUNE,2012-11-01,107,30,1320.9,236.9
TUNE,2012-12-01,108,31,1004.3,363.2
TUNE,2013-01-01,109,31,1073.3,87.2
TUNE,2013-02-01,110,28,604.3,92.1
TUNE,2013-03-01,111,31,681.7,150.1
TUNE,2013-04-01,112,30,863.8,257.9
TUNE,2013-05-01,113,31,704.1,154.2
TUNE,2013-06-01,114,30,639.5,94.3
TUNE,2013-07-01,115,31,393.6,93.3
TUNE,2013-08-01,116,31,691.9,162.3
TUNE,2013-09-01,117,30,803.0,132.1
TUNE,2013-10-01,118,31,917.1,286.1
TUNE,2013-11-01,119,30,681.4,163.5
TUNE,2013-12-01,120,31,760.9,138.0
TUNE,2014-01-01,121,31,558.0,290.1
TUNE,2014-02-01,122,28,492.0,408.8
TUNE,2014-03-01,123,31,415.9,460.6
TUNE,2014-04-01,124,30,664.6,1274.7
TUNE,2014-05-01,125,31,62.9,168.4
TUNE,2014-06-01,126,30,306.1,408.8
TUNE,2014-07-01,127,31,1162.6,728.4
TUNE,2014-08-01,128,31,413.9,773.0
TUNE,2014-09-01,129,30,689.8,316.6
TUNE,2014-10-01,130,31,909.0,1320.9
TUNE,2014-11-01,131,30,614.3,746.4
TUNE,2014-12-01,132,31,415.9,239.4
TUNE,2015-01-01,133,31,438.3,367.2
TUNE,2015-02-01,134,28,620.0,413.3
TUNE,2015-03-01,135,31,452.5,280.0
TUNE,2015-04-01,136,30,402.5,534.6
TUNE,2015-05-01,137,31,484.9,2266.4
TUNE,2015-06-01,138,30,603.8,327.1
TUNE,2015-07-01,139,31,361.2,192.8
TUNE,2015-08-01,140,31,330.7,336.8
TUNE,2015-09-01,141,30,400.5,578.7
TUNE,2015-10-01,142,31,269.9,168.4
TUNE,2015-11-01,143,30,6.3,0.0
TUNE,2015-12-01,144,31,125.8,40.6
TUNE,2016-01-01,145,31,6.1,0.0
TUNE,2016-02-01,146,29,0.0,0.0
TUNE,2016-03-01,147,31,355.1,247.5
TUNE,2016-04-01,148,30,547.2,358.5
TUNE,2016-05-01,149,31,616.8,428.1
TUNE,2016-06-01,150,30,316.6,165.6
TUNE,2016-07-01,151,31,328.7,107.5
TUNE,2016-08-01,152,31,261.7,22.3
TUNE,2016-09-01,153,30,236.9,33.5
TUNE,2016-10-01,154,31,10.1,0.0
TUNE,2016-11-01,155,30,-67.1,27.3
TUNE,2016-12-01,156,31,2.0,0.0
TUNE,2017-01-01,157,31,0.0,0.0
TUNE,2017-02-01,158,28,0.0,0.0
TUNE,2017-03-01,159,31,0.0,0.0
TUNE,2017-04-01,160,30,0.0,0.0
TUNE,2017-05-01,161,31,0.0,0.0
TUNE,2017-06-01,162,30,0.0,0.0
TUNE,2017-07-01,163,31,0.0,0.0
TUNE,2017-08-01,164,31,0.0,0.0
TUNE,2017-09-01,165,30,0.0,0.0
TUNE,2017-10-01,166,31,-133.9,0.0
TUNE,2017-11-01,167,30,0.0,0.0
TUNE,2017-12-01,168,31,0.0,0.0
TUNE,2018-01-01,169,31,468.7,233.3
TUNE,2018-02-01,170,28,507.7,155.0
TUNE,2018-03-01,171,31,115.7,20.3
TUNE,2018-04-01,172,30,169.8,25.2
TUNE,2018-05-01,173,31,0.0,0.0
TUNE,2018-06-01,174,30,287.2,178.2
TUNE,2018-07-01,175,31,154.2,101.4
TUNE,2018-08-01,176,31,22.3,8.1
TUNE,2018-09-01,177,30,0.0,0.0
TUNE,2018-10-01,178,31,0.0,0.0
TUNE,2018-11-01,179,30,39.8,33.5
TUNE,2018-12-01,180,31,415.9,610.7
TUNE,2019-01-01,181,31,20.3,0.0
TUNE,2019-02-01,182,28,2.2,0.0
TUNE,2019-03-01,183,31,0.0,0.0
TUNE,2019-04-01,184,30,0.0,0.0
TUNE,2019-05-01,185,31,164.3,85.2
TUNE,2019-06-01,186,30,239.0,90.2
TUNE,2019-07-01,187,31,10.1,0.0
TUNE,2019-08-01,188,31,0.0,0.0
TUNE,2019-09-01,189,30,0.0,0.0
TUNE,2019-10-01,190,31,64.9,28.4
TUNE,2019-11-01,191,30,459.2,182.4
TUNE,2019-12-01,192,31,44.6,4.1
TUNE,2020-01-01,193,31,0.0,0.0
TUNE,2020-02-01,194,29,2.2,0.0
TUNE,2020-03-01,195,31,0.0,0.0
TUNE,2020-04-01,196,30,0.0,0.0
TUNE,2020-05-01,197,31,0.0,0.0
TUNE,2020-06-01,198,30,0.0,0.0
TUNE,2020-07-01,199,31,0.0,0.0
TUNE,2020-08-01,200,31,0.0,0.0
TUNE,2020-09-01,201,30,0.0,0.0
TUNE,2020-10-01,202,31,0.0,0.0
TUNE,2020-11-01,203,30,0.0,0.0
TUNE,2020-12-01,204,31,0.0,0.0
TUNE,2021-01-01,205,31,0.0,0.0
TUNE,2021-02-01,206,28,0.0,0.0
TUNE,2021-03-01,207,31,209.0,0.0
TUNE,2021-04-01,208,30,421.4,0.0
TUNE,2021-05-01,209,31,142.0,0.0
TUNE,2021-06-01,210,30,-94.3,0.0
TUNE,2021-07-01,211,31,0.0,0.0
TUNE,2021-08-01,212,31,40.6,18.3
TUNE,2021-09-01,213,30,645.8,327.1
TUNE,2021-10-01,214,31,545.8,426.1
TUNE,2021-11-01,215,30,597.5,1237.0
TUNE,2021-12-01,216,31,533.6,939.4
TUNE,2022-01-01,217,31,478.8,661.4
TUNE,2022-02-01,218,28,433.5,581.8
TUNE,2022-03-01,219,31,10.1,702.0
TUNE,2022-04-01,220,30,966.5,505.3
TUNE,2022-05-01,221,31,38.6,36.5
TUNE,2022-06-01,222,30,0.0,0.0
TUNE,2022-07-01,223,31,0.0,0.0
TUNE,2022-08-01,224,31,0.0,0.0
TUNE,2022-09-01,225,30,0.0,0.0
TUNE,2022-10-01,226,31,0.0,0.0
TUNE,2022-11-01,227,30,0.0,0.0
TUNE,2022-12-01,228,31,0.0,0.0
TUNE,2023-01-01,229,31,-6.1,0.0
TUNE,2023-02-01,230,28,0.0,0.0
TUNE,2023-03-01,231,31,0.0,0.0
TUNE,2023-04-01,232,30,0.0,0.0
TUNE,2023-05-01,233,31,0.0,0.0
TUNE,2023-06-01,234,30,0.0,0.0
TUNE,2023-07-01,235,31,4.1,0.0
TUNE,2023-08-01,236,31,0.0,0.0
TUNE,2023-09-01,237,30,0.0,0.0
TUNE,2023-10-01,238,31,0.0,0.0
TUNE,2023-11-01,239,30,0.0,0.0
TUNE,2023-12-01,240,31,-8.1,0.0
TUNE,2024-01-01,241,31,0.0,0.0
TUNE,2024-02-01,242,29,0.0,0.0
TUNE,2024-03-01,243,31,0.0,0.0
TUNE,2024-04-01,244,30,345.9,450.8
TUNE,2024-05-01,245,31,600.6,361.2
TUNE,2024-06-01,246,30,553.5,457.1
TUNE,2024-07-01,247,31,515.4,422.0
TUNE,2024-08-01,248,31,401.7,278.0
TUNE,2024-09-01,249,30,434.0,352.2
TUNE,2024-10-01,250,31,446.4,440.3
TUNE,2024-11-01,251,30,387.9,551.4
TUNE,2024-12-01,252,31,308.4,209.0
TUNE,2025-01-01,253,31,22.3,0.0
TUNE,2025-02-01,254,28,240.4,534.6
TUNE,2025-03-01,255,31,340.9,310.4
TUNE,2025-04-01,256,30,455.0,408.8
TUNE,2025-05-01,257,31,418.0,367.2
TUNE,2025-06-01,258,30,318.7,578.7
TUNE,2025-07-01,259,31,10.1,553.9
TUNE,2025-08-01,260,31,259.7,430.1
TUNE,2025-09-01,261,30,362.7,564.0
TUNE,2025-10-01,262,31,663.5,399.7
TUNE,2025-11-01,263,30,343.8,333.4
TUNE,2025-12-01,264,31,351.0,225.2
TUNE,2026-01-01,265,31,284.1,178.5
TUNE,2026-02-01,266,28,231.4,112.3
TUNE,2026-03-01,267,31,162.3,271.9
TUNE,2026-04-01,268,30,362.7,312.4
TUNE,2026-05-01,269,31,22.3,0.0
ULA,1992-02-01,0,29,134955.3,0.0
ULA,1992-03-01,1,31,137815.6,0.0
ULA,1992-04-01,2,30,137505.5,0.0
ULA,1992-05-01,3,31,104717.1,0.0
ULA,1992-06-01,4,30,134062.9,0.0
ULA,1992-07-01,5,31,131124.1,0.0
ULA,1992-08-01,6,31,124791.7,0.0
ULA,1992-09-01,7,30,117522.8,0.0
ULA,1992-10-01,8,31,113110.9,0.0
ULA,1992-11-01,9,30,116734.5,0.0
ULA,1992-12-01,10,31,120839.2,0.0
ULA,1993-01-01,11,31,120825.0,0.0
ULA,1993-02-01,12,28,118410.0,0.0
ULA,1993-03-01,13,31,127636.3,0.0
ULA,1993-04-01,14,30,138631.4,0.0
ULA,1993-05-01,15,31,143283.7,0.0
ULA,1993-06-01,16,30,137256.0,0.0
ULA,1993-07-01,17,31,129827.6,0.0
ULA,1993-08-01,18,31,108409.8,0.0
ULA,1993-09-01,19,30,116860.3,0.0
ULA,1993-10-01,20,31,132148.7,0.0
ULA,1993-11-01,21,30,122485.5,0.0
ULA,1993-12-01,22,31,122803.3,0.0
ULA,1994-01-01,23,31,115689.7,0.0
ULA,1994-02-01,24,28,109806.4,0.0
ULA,1994-03-01,25,31,91196.0,0.0
ULA,1994-04-01,26,30,110566.3,0.0
ULA,1994-05-01,27,31,104372.1,0.0
ULA,1994-06-01,28,30,109706.7,0.0
ULA,1994-07-01,29,31,101742.6,0.0
ULA,1994-08-01,30,31,39179.4,0.0
ULA,1994-09-01,31,30,90069.9,0.0
ULA,1994-10-01,32,31,83311.4,0.0
ULA,1994-11-01,33,30,89797.4,0.0
ULA,1994-12-01,34,31,85413.5,0.0
ULA,1995-01-01,35,31,71590.1,0.0
ULA,1995-02-01,36,28,68747.5,0.0
ULA,1995-03-01,37,31,63478.3,0.0
ULA,1995-04-01,38,30,76026.9,0.0
ULA,1995-05-01,39,31,69849.2,0.0
ULA,1995-06-01,40,30,68625.9,0.0
ULA,1995-07-01,41,31,70725.8,0.0
ULA,1995-08-01,42,31,64227.0,0.0
ULA,1995-09-01,43,30,53180.3,0.0
ULA,1995-10-01,44,31,59069.3,0.0
ULA,1995-11-01,45,30,61459.7,0.0
ULA,1995-12-01,46,31,58858.3,0.0
ULA,1996-01-01,47,31,50423.9,0.0
ULA,1996-02-01,48,29,52843.0,0.0
ULA,1996-03-01,49,31,50776.9,0.0
ULA,1996-04-01,50,30,48500.6,0.0
ULA,1996-05-01,51,31,36610.7,0.0
ULA,1996-06-01,52,30,52232.6,0.0
ULA,1996-07-01,53,31,49772.6,0.0
ULA,1996-08-01,54,31,47723.4,0.0
ULA,1996-09-01,55,30,44487.8,0.0
ULA,1996-10-01,56,31,45187.1,0.0
ULA,1996-11-01,57,30,42737.1,0.0
ULA,1996-12-01,58,31,38958.2,0.0
ULA,1997-01-01,59,31,37675.9,0.0
ULA,1997-02-01,60,28,36559.5,0.0
ULA,1997-03-01,61,31,36750.7,0.0
ULA,1997-04-01,62,30,36541.6,0.0
ULA,1997-05-01,63,31,27034.0,0.0
ULA,1997-06-01,64,30,41454.0,0.0
ULA,1997-07-01,65,31,42356.7,0.0
ULA,1997-08-01,66,31,41070.4,0.0
ULA,1997-09-01,67,30,40074.4,0.0
ULA,1997-10-01,68,31,39140.8,0.0
ULA,1997-11-01,69,30,42147.9,0.0
ULA,1997-12-01,70,31,38688.4,0.0
ULA,1998-01-01,71,31,39084.0,0.0
ULA,1998-02-01,72,28,37511.9,0.0
ULA,1998-03-01,73,31,32794.2,0.0
ULA,1998-04-01,74,30,34734.4,0.0
ULA,1998-05-01,75,31,36137.9,0.0
ULA,1998-06-01,76,30,33753.2,0.0
ULA,1998-07-01,77,31,25771.9,0.0
ULA,1998-08-01,78,31,7286.0,0.0
ULA,1998-09-01,79,30,22020.6,0.0
ULA,1998-10-01,80,31,22004.2,0.0
ULA,1998-11-01,81,30,30052.7,0.0
ULA,1998-12-01,82,31,30734.8,0.0
ULA,1999-01-01,83,31,29239.5,0.0
ULA,1999-02-01,84,28,27414.5,0.0
ULA,1999-03-01,85,31,28346.7,0.0
ULA,1999-04-01,86,30,28901.6,0.0
ULA,1999-05-01,87,31,23925.6,0.0
ULA,1999-06-01,88,30,27469.7,0.0
ULA,1999-07-01,89,31,26969.0,0.0
ULA,1999-08-01,90,31,23446.8,0.0
ULA,1999-09-01,91,30,23679.0,0.0
ULA,1999-10-01,92,31,22148.2,0.0
ULA,1999-11-01,93,30,17085.2,0.0
ULA,1999-12-01,94,31,22783.3,0.0
ULA,2000-01-01,95,31,22375.5,85273.5
ULA,2000-02-01,96,29,21313.7,90052.6
ULA,2000-03-01,97,31,19536.9,81511.8
ULA,2000-04-01,98,30,21630.6,93630.0
ULA,2000-05-01,99,31,20096.9,80888.9
ULA,2000-06-01,100,30,20230.1,82037.9
ULA,2000-07-01,101,31,20936.9,82175.2
ULA,2000-08-01,102,31,20062.4,78034.1
ULA,2000-09-01,103,30,18976.3,58738.3
ULA,2000-10-01,104,31,16112.0,34851.6
ULA,2000-11-01,105,30,20020.4,50129.7
ULA,2000-12-01,106,31,21665.3,77804.8
ULA,2001-01-01,107,31,21448.2,100147.8
ULA,2001-02-01,108,28,24584.1,74457.8
ULA,2001-03-01,109,31,26620.1,85725.9
ULA,2001-04-01,110,30,27073.4,91072.1
ULA,2001-05-01,111,31,15598.7,58186.7
ULA,2001-06-01,112,30,19991.1,62898.0
ULA,2001-07-01,113,31,23885.0,77857.6
ULA,2001-08-01,114,31,12715.5,41372.7
ULA,2001-09-01,115,30,24607.8,55683.6
ULA,2001-10-01,116,31,26680.9,52994.6
ULA,2001-11-01,117,30,25255.6,59958.6
ULA,2001-12-01,118,31,25457.5,81426.5
ULA,2002-01-01,119,31,23929.6,56979.5
ULA,2002-02-01,120,28,22077.2,50367.8
ULA,2002-03-01,121,31,22533.7,47956.7
ULA,2002-04-01,122,30,22041.6,57746.7
ULA,2002-05-01,123,31,20389.1,52586.8
ULA,2002-06-01,124,30,22897.0,59180.7
ULA,2002-07-01,125,31,20488.5,59004.4
ULA,2002-08-01,126,31,18634.0,40646.3
ULA,2002-09-01,127,30,21857.1,61933.6
ULA,2002-10-01,128,31,22140.1,57505.0
ULA,2002-11-01,129,30,20934.6,55214.0
ULA,2002-12-01,130,31,18834.9,23799.8
ULA,2003-01-01,131,31,18516.4,25378.3
ULA,2003-02-01,132,28,18110.1,37635.5
ULA,2003-03-01,133,31,18276.9,78026.0
ULA,2003-04-01,134,30,16959.4,90610.9
ULA,2003-05-01,135,31,17785.9,79988.0
ULA,2003-06-01,136,30,20653.6,80997.9
ULA,2003-07-01,137,31,22813.7,54808.5
ULA,2003-08-01,138,31,15935.5,30178.9
ULA,2003-09-01,139,30,17642.9,30314.7
ULA,2003-10-01,140,31,17944.2,38187.2
ULA,2003-11-01,141,30,18313.8,53522.0
ULA,2003-12-01,142,31,18390.6,47076.1
ULA,2004-01-01,143,31,18232.3,44970.0
ULA,2004-02-01,144,29,17435.8,51858.3
ULA,2004-03-01,145,31,18244.5,51363.3
ULA,2004-04-01,146,30,18290.7,52345.8
ULA,2004-05-01,147,31,19916.3,63583.8
ULA,2004-06-01,148,30,18448.0,79008.3
ULA,2004-07-01,149,31,18321.6,76524.5
ULA,2004-08-01,150,31,12413.2,67238.0
ULA,2004-09-01,151,30,17087.3,49184.1
ULA,2004-10-01,152,31,20060.4,78620.5
ULA,2004-11-01,153,30,19198.6,75217.6
ULA,2004-12-01,154,31,15552.0,64669.3
ULA,2005-01-01,155,31,19620.1,54175.5
ULA,2005-02-01,156,28,17820.4,44244.3
ULA,2005-03-01,157,31,17077.8,38014.7
ULA,2005-04-01,158,30,18808.6,65950.6
ULA,2005-05-01,159,31,19500.4,71123.4
ULA,2005-06-01,160,30,17263.4,63612.9
ULA,2005-07-01,161,31,17617.5,59793.7
ULA,2005-08-01,162,31,13180.2,41255.0
ULA,2005-09-01,163,30,18758.3,58992.0
ULA,2005-10-01,164,31,20673.2,60394.3
ULA,2005-11-01,165,30,23029.1,24960.0
ULA,2005-12-01,166,31,21105.3,51152.3
ULA,2006-01-01,167,31,19768.2,62820.9
ULA,2006-02-01,168,28,17514.8,65007.3
ULA,2006-03-01,169,31,19037.8,52724.8
ULA,2006-04-01,170,30,20343.3,52102.6
ULA,2006-05-01,171,31,19451.7,62096.6
ULA,2006-06-01,172,30,12845.9,38309.1
ULA,2006-07-01,173,31,14809.4,41149.5
ULA,2006-08-01,174,31,15661.6,40954.7
ULA,2006-09-01,175,30,17091.5,49196.7
ULA,2006-10-01,176,31,15726.5,44324.8
ULA,2006-11-01,177,30,12487.3,35688.3
ULA,2006-12-01,178,31,19449.7,39337.6
ULA,2007-01-01,179,31,20614.3,27713.7
ULA,2007-02-01,180,28,18766.1,37671.4
ULA,2007-03-01,181,31,15521.6,39209.8
ULA,2007-04-01,182,30,14942.5,33491.1
ULA,2007-05-01,183,31,14176.4,24396.3
ULA,2007-06-01,184,30,3977.3,8183.0
ULA,2007-07-01,185,31,13857.8,20537.2
ULA,2007-08-01,186,31,14718.1,40918.2
ULA,2007-09-01,187,30,13380.5,42472.9
ULA,2007-10-01,188,31,14214.9,41447.8
ULA,2007-11-01,189,30,12774.6,39808.1
ULA,2007-12-01,190,31,9613.2,26887.9
ULA,2008-01-01,191,31,10495.9,26743.8
ULA,2008-02-01,192,29,10859.7,25313.2
ULA,2008-03-01,193,31,9893.2,29478.9
ULA,2008-04-01,194,30,6797.2,19999.5
ULA,2008-05-01,195,31,10299.0,32258.6
ULA,2008-06-01,196,30,8174.6,10795.4
ULA,2008-07-01,197,31,8653.5,2641.7
ULA,2008-08-01,198,31,9597.0,2227.8
ULA,2008-09-01,199,30,9965.1,3562.1
ULA,2008-10-01,200,31,10268.6,3402.6
ULA,2008-11-01,201,30,9503.9,3117.6
ULA,2008-12-01,202,31,8789.5,3039.4
ULA,2009-01-01,203,31,9448.9,3495.9
ULA,2009-02-01,204,28,9167.4,5171.1
ULA,2009-03-01,205,31,11384.5,21221.0
ULA,2009-04-01,206,30,11126.7,29954.1
ULA,2009-05-01,207,31,9231.8,3362.0
ULA,2009-06-01,208,30,8874.9,3350.4
ULA,2009-07-01,209,31,11861.3,14878.4
ULA,2009-08-01,210,31,13969.4,20995.8
ULA,2009-09-01,211,30,12562.8,15196.2
ULA,2009-10-01,212,31,13048.3,11964.8
ULA,2009-11-01,213,30,21184.0,6816.0
ULA,2009-12-01,214,31,22296.3,5182.0
ULA,2010-01-01,215,31,24380.1,11508.3
ULA,2010-02-01,216,28,24568.4,20210.5
ULA,2010-03-01,217,31,24929.9,25684.7
ULA,2010-04-01,218,30,21425.2,32792.9
ULA,2010-05-01,219,31,19399.0,34490.4
ULA,2010-06-01,220,30,2847.2,5065.4
ULA,2010-07-01,221,31,19013.5,39021.1
ULA,2010-08-01,222,31,22320.7,44836.1
ULA,2010-09-01,223,30,18563.3,39942.3
ULA,2010-10-01,224,31,17716.9,42588.0
ULA,2010-11-01,225,30,16372.3,37210.5
ULA,2010-12-01,226,31,16170.9,32743.5
ULA,2011-01-01,227,31,11421.1,22986.2
ULA,2011-02-01,228,28,12206.7,21722.3
ULA,2011-03-01,229,31,14162.2,33816.8
ULA,2011-04-01,230,30,13185.5,33050.8
ULA,2011-05-01,231,31,12721.6,29714.2
ULA,2011-06-01,232,30,12076.4,27756.9
ULA,2011-07-01,233,31,13354.7,23828.2
ULA,2011-08-01,234,31,13648.9,23978.3
ULA,2011-09-01,235,30,14959.2,40657.3
ULA,2011-10-01,236,31,15099.6,48518.7
ULA,2011-11-01,237,30,10504.0,21423.1
ULA,2011-12-01,238,31,9430.6,20602.1
ULA,2012-01-01,239,31,8533.8,29166.4
ULA,2012-02-01,240,29,10924.7,46926.2
ULA,2012-03-01,241,31,13502.8,43198.8
ULA,2012-04-01,242,30,12868.9,45024.5
ULA,2012-05-01,243,31,11457.6,39114.4
ULA,2012-06-01,244,30,10751.4,34986.0
ULA,2012-07-01,245,31,10248.3,32747.5
ULA,2012-08-01,246,31,10974.7,40873.6
ULA,2012-09-01,247,30,3859.8,14305.1
ULA,2012-10-01,248,31,0.0,0.0
ULA,2012-11-01,249,30,6264.6,18622.0
ULA,2012-12-01,250,31,9779.6,26068.2
ULA,2013-01-01,251,31,10564.8,23665.9
ULA,2013-02-01,252,28,15068.6,45578.6
ULA,2013-03-01,253,31,14150.0,41628.3
ULA,2013-04-01,254,30,11596.3,36166.4
ULA,2013-05-01,255,31,8844.3,27269.3
ULA,2013-06-01,256,30,96.4,591.2
ULA,2013-07-01,257,31,1357.4,2102.0
ULA,2013-08-01,258,31,13421.6,30505.5
ULA,2013-09-01,259,30,10061.6,31442.7
ULA,2013-10-01,260,31,10335.6,22692.0
ULA,2013-11-01,261,30,8522.7,19091.6
ULA,2013-12-01,262,31,8789.5,20691.4
ULA,2014-01-01,263,31,9875.0,23162.7
ULA,2014-02-01,264,28,7031.1,17833.8
ULA,2014-03-01,265,31,13170.0,43259.6
ULA,2014-04-01,266,30,13422.4,53102.7
ULA,2014-05-01,267,31,12739.9,47715.2
ULA,2014-06-01,268,30,13648.9,66233.7
ULA,2014-07-01,269,31,12263.1,60582.9
ULA,2014-08-01,270,31,12319.9,51852.3
ULA,2014-09-01,271,30,9709.4,38577.4
ULA,2014-10-01,272,31,11863.4,48575.5
ULA,2014-11-01,273,30,8931.5,49672.6
ULA,2014-12-01,274,31,8294.4,50866.2
ULA,2015-01-01,275,31,8410.1,54737.5
ULA,2015-02-01,276,28,5802.3,35780.0
ULA,2015-03-01,277,31,8694.1,47581.3
ULA,2015-04-01,278,30,8659.0,49913.8
ULA,2015-05-01,279,31,8868.6,58675.7
ULA,2015-06-01,280,30,7778.4,54467.6
ULA,2015-07-01,281,31,840.0,6987.8
ULA,2015-08-01,282,31,7375.3,42807.2
ULA,2015-09-01,283,30,9552.1,43464.6
ULA,2015-10-01,284,31,11557.0,31542.3
ULA,2015-11-01,285,30,12975.9,52545.0
ULA,2015-12-01,286,31,11926.3,68102.3
ULA,2016-01-01,287,31,10615.6,70175.9
ULA,2016-02-01,288,29,10621.1,74889.8
ULA,2016-03-01,289,31,9272.4,66170.7
ULA,2016-04-01,290,30,10153.8,70062.1
ULA,2016-05-01,291,31,9248.0,72618.8
ULA,2016-06-01,292,30,1268.4,5570.7
ULA,2016-07-01,293,31,9379.9,50038.4
ULA,2016-08-01,294,31,8014.4,37598.8
ULA,2016-09-01,295,30,8111.7,36199.9
ULA,2016-10-01,296,31,6713.9,30866.7
ULA,2016-11-01,297,30,5665.0,34512.1
ULA,2016-12-01,298,31,6066.6,42513.0
ULA,2017-01-01,299,31,6752.4,45083.7
ULA,2017-02-01,300,28,6712.1,41780.0
ULA,2017-03-01,301,31,8667.8,43689.8
ULA,2017-04-01,302,30,9273.3,50641.3
ULA,2017-05-01,303,31,7876.5,52558.4
ULA,2017-06-01,304,30,9430.5,61648.4
ULA,2017-07-01,305,31,7702.0,36941.4
ULA,2017-08-01,306,31,7624.9,36909.0
ULA,2017-09-01,307,30,8266.9,46378.9
ULA,2017-10-01,308,31,7415.9,38308.9
ULA,2017-11-01,309,30,8040.5,34612.8
ULA,2017-12-01,310,31,6326.3,34926.7
ULA,2018-01-01,311,31,8712.4,71448.1
ULA,2018-02-01,312,28,7262.5,51131.6
ULA,2018-03-01,313,31,7395.6,54118.7
ULA,2018-04-01,314,30,7872.7,68003.2
ULA,2018-05-01,315,31,8905.1,72785.2
ULA,2018-06-01,316,30,3383.9,25584.8
ULA,2018-07-01,317,31,7663.4,53199.5
ULA,2018-08-01,318,31,7915.0,48819.0
ULA,2018-09-01,319,30,6943.9,42483.4
ULA,2018-10-01,320,31,7308.3,41348.3
ULA,2018-11-01,321,30,7822.4,45758.3
ULA,2018-12-01,322,31,7014.1,63196.3
ULA,2019-01-01,323,31,6845.7,71841.7
ULA,2019-02-01,324,28,6597.6,61601.9
ULA,2019-03-01,325,31,8245.7,72002.0
ULA,2019-04-01,326,30,6019.3,66078.5
ULA,2019-05-01,327,31,5259.1,67649.8
ULA,2019-06-01,328,30,0.0,0.0
ULA,2019-07-01,329,31,5845.5,66412.2
ULA,2019-08-01,330,31,5640.5,72444.3
ULA,2019-09-01,331,30,6224.8,78492.5
ULA,2019-10-01,332,31,5129.2,75907.7
ULA,2019-11-01,333,30,4195.3,76374.9
ULA,2019-12-01,334,31,4122.9,74615.3
ULA,2020-01-01,335,31,6251.2,77701.3
ULA,2020-02-01,336,29,5298.6,71389.2
ULA,2020-03-01,337,31,5261.1,56721.8
ULA,2020-04-01,338,30,4442.7,56469.8
ULA,2020-05-01,339,31,3928.1,53773.7
ULA,2020-06-01,340,30,4734.1,57249.8
ULA,2020-07-01,341,31,4792.4,45049.2
ULA,2020-08-01,342,31,3731.3,39911.8
ULA,2020-09-01,343,30,4627.2,74045.6
ULA,2020-10-01,344,31,8048.9,63224.7
ULA,2020-11-01,345,30,7495.3,44565.3
ULA,2020-12-01,346,31,6202.6,69689.0
ULA,2021-01-01,347,31,6651.0,79823.6
ULA,2021-02-01,348,28,5813.6,77077.0
ULA,2021-03-01,349,31,6222.8,80767.1
ULA,2021-04-01,350,30,4199.5,51236.7
ULA,2021-05-01,351,31,3000.8,50097.2
ULA,2021-06-01,352,30,5254.1,36430.5
ULA,2021-07-01,353,31,4262.9,51905.1
ULA,2021-08-01,354,31,4762.0,80728.6
ULA,2021-09-01,355,30,5904.0,72523.5
ULA,2021-10-01,356,31,4778.2,59570.5
ULA,2021-11-01,357,30,4251.9,47959.7
ULA,2021-12-01,358,31,5123.1,74720.8
ULA,2022-01-01,359,31,4137.1,69889.8
ULA,2022-02-01,360,28,3711.0,67139.1
ULA,2022-03-01,361,31,2451.0,67773.6
ULA,2022-04-01,362,30,4168.0,69085.1
ULA,2022-05-01,363,31,2493.6,46633.8
ULA,2022-06-01,364,30,230.6,3719.4
ULA,2022-07-01,365,31,2676.2,45499.6
ULA,2022-08-01,366,31,3175.3,46676.4
ULA,2022-09-01,367,30,3960.5,36466.2
ULA,2022-10-01,368,31,3384.3,35273.6
ULA,2022-11-01,369,30,3943.7,35082.4
ULA,2022-12-01,370,31,6214.7,59081.5
ULA,2023-01-01,371,31,6886.3,57574.0
ULA,2023-02-01,372,28,7579.2,63338.3
ULA,2023-03-01,373,31,6821.4,49762.5
ULA,2023-04-01,374,30,7537.3,48932.5
ULA,2023-05-01,375,31,7432.1,62431.3
ULA,2023-06-01,376,30,5262.5,45611.5
ULA,2023-07-01,377,31,5147.5,46317.3
ULA,2023-08-01,378,31,6567.8,43407.7
ULA,2023-09-01,379,30,5732.1,55859.7
ULA,2023-10-01,380,31,5147.5,47565.1
ULA,2023-11-01,381,30,6067.6,52467.4
ULA,2023-12-01,382,31,5113.0,49206.5
ULA,2024-01-01,383,31,4191.8,44771.2
ULA,2024-02-01,384,29,4797.6,43330.2
ULA,2024-03-01,385,31,5666.9,47666.5
ULA,2024-04-01,386,30,5300.2,46898.8
ULA,2024-05-01,387,31,5062.3,46165.1
ULA,2024-06-01,388,30,3790.7,42313.6
ULA,2024-07-01,389,31,3199.7,36702.0
ULA,2024-08-01,390,31,3713.0,42778.8
ULA,2024-09-01,391,30,5052.8,54138.4
ULA,2024-10-01,392,31,5358.5,53461.3
ULA,2024-11-01,393,30,4992.0,42816.8
ULA,2024-12-01,394,31,5100.8,50848.0
ULA,2025-01-01,395,31,5758.2,56204.4
ULA,2025-02-01,396,28,2911.3,40636.6
ULA,2025-03-01,397,31,4346.0,40064.0
ULA,2025-04-01,398,30,5627.3,55117.5
ULA,2025-05-01,399,31,1426.4,32047.5
ULA,2025-06-01,400,30,853.3,11177.0
ULA,2025-07-01,401,31,7152.1,50679.6
ULA,2025-08-01,402,31,6902.5,49654.9
ULA,2025-09-01,403,30,4874.6,40894.2
ULA,2025-10-01,404,31,5340.2,52083.6
ULA,2025-11-01,405,30,5046.5,54469.7
ULA,2025-12-01,406,31,4662.6,51497.2
ULA,2026-01-01,407,31,4236.5,43850.1
ULA,2026-02-01,408,28,3324.6,47330.7
ULA,2026-03-01,409,31,1732.7,21407.6
ULA,2026-04-01,410,30,3553.7,33099.0
ULA,2026-05-01,411,31,4287.2,51722.4
URD,2006-05-01,0,31,35908.7,3633.9
URD,2006-06-01,1,30,29270.6,6073.9
URD,2006-07-01,2,31,42912.7,6172.1
URD,2006-08-01,3,31,41518.8,6961.4
URD,2006-09-01,4,30,39690.7,7482.8
URD,2006-10-01,5,31,34370.7,8974.1
URD,2006-11-01,6,30,27023.1,8241.7
URD,2006-12-01,7,31,21492.9,10104.3
URD,2007-01-01,8,31,184.6,278.0
URD,2007-02-01,9,28,8385.7,5303.6
URD,2007-03-01,10,31,25510.2,10808.3
URD,2007-04-01,11,30,25429.7,11590.0
URD,2007-05-01,12,31,21914.9,12248.9
URD,2007-06-01,13,30,18988.9,12263.0
URD,2007-07-01,14,31,15955.8,10487.7
URD,2007-08-01,15,31,16976.4,11270.9
URD,2007-09-01,16,30,14839.7,10613.0
URD,2007-10-01,17,31,8432.4,4867.5
URD,2007-11-01,18,30,7598.1,9942.1
URD,2007-12-01,19,31,10426.9,9104.0
URD,2008-01-01,20,31,11684.8,8815.9
URD,2008-02-01,21,29,10636.3,8261.3
URD,2008-03-01,22,31,10524.3,9175.0
URD,2008-04-01,23,30,7482.8,9241.8
URD,2008-05-01,24,31,7298.2,9375.9
URD,2008-06-01,25,30,9101.3,9778.5
URD,2008-07-01,26,31,4003.2,4080.3
URD,2008-08-01,27,31,1509.6,1641.4
URD,2008-09-01,28,30,9730.3,9902.2
URD,2008-10-01,29,31,10727.2,10376.1
URD,2008-11-01,30,30,12208.5,11707.4
URD,2008-12-01,31,31,10591.2,9664.0
URD,2009-01-01,32,31,9428.6,7344.9
URD,2009-02-01,33,28,9383.0,7352.3
URD,2009-03-01,34,31,4729.5,4057.9
URD,2009-04-01,35,30,0.0,0.0
URD,2009-05-01,36,31,0.0,0.0
URD,2009-06-01,37,30,0.0,0.0
URD,2009-07-01,38,31,0.0,0.0
URD,2009-08-01,39,31,11997.3,14405.7
URD,2009-09-01,40,30,10101.4,15085.0
URD,2009-10-01,41,31,10932.1,12484.2
URD,2009-11-01,42,30,9728.2,11640.3
URD,2009-12-01,43,31,8964.0,10607.4
URD,2010-01-01,44,31,7602.5,11845.1
URD,2010-02-01,45,28,8989.9,21484.2
URD,2010-03-01,46,31,8870.6,20133.4
URD,2010-04-01,47,30,8516.4,21391.6
URD,2010-05-01,48,31,7497.0,19181.9
URD,2010-06-01,49,30,8409.5,10401.2
URD,2010-07-01,50,31,8069.2,10173.2
URD,2010-08-01,51,31,3631.9,4258.8
URD,2010-09-01,52,30,4203.7,5876.8
URD,2010-10-01,53,31,5003.4,5786.6
URD,2010-11-01,54,30,7352.8,11449.5
URD,2010-12-01,55,31,7663.4,10926.0
URD,2011-01-01,56,31,6675.3,10250.3
URD,2011-02-01,57,28,6745.8,10160.3
URD,2011-03-01,58,31,6732.1,9913.5
URD,2011-04-01,59,30,3889.2,6738.5
URD,2011-05-01,60,31,793.3,1343.2
URD,2011-06-01,61,30,4901.9,9872.9
URD,2011-07-01,62,31,5774.4,10236.1
URD,2011-08-01,63,31,6500.8,10575.0
URD,2011-09-01,64,30,5075.9,11770.3
URD,2011-10-01,65,31,6334.4,13561.6
URD,2011-11-01,66,30,6468.0,15015.8
URD,2011-12-01,67,31,5169.8,10747.4
URD,2012-01-01,68,31,5723.7,18607.7
URD,2012-02-01,69,29,6613.0,14299.5
URD,2012-03-01,70,31,5326.0,8375.6
URD,2012-04-01,71,30,6109.5,18364.1
URD,2012-05-01,72,31,6291.8,14503.1
URD,2012-06-01,73,30,6103.2,8937.8
URD,2012-07-01,74,31,5526.9,9026.9
URD,2012-08-01,75,31,5208.4,13021.9
URD,2012-09-01,76,30,4478.3,8638.0
URD,2012-10-01,77,31,5393.0,9814.1
URD,2012-11-01,78,30,5111.5,8621.2
URD,2012-12-01,79,31,5127.2,11047.7
URD,2013-01-01,80,31,4788.4,16836.4
URD,2013-02-01,81,28,5063.3,15758.2
URD,2013-03-01,82,31,4656.5,8115.9
URD,2013-04-01,83,30,5312.8,8575.1
URD,2013-05-01,84,31,4973.0,8535.9
URD,2013-06-01,85,30,5688.1,10652.8
URD,2013-07-01,86,31,6088.9,11611.8
URD,2013-08-01,87,31,5772.4,11577.3
URD,2013-09-01,88,30,897.3,1765.3
URD,2013-10-01,89,31,596.5,2177.1
URD,2013-11-01,90,30,6245.8,11900.3
URD,2013-12-01,91,31,6411.5,11222.2
URD,2014-01-01,92,31,6866.0,11396.7
URD,2014-02-01,93,28,6887.3,10582.6
URD,2014-03-01,94,31,6571.8,10063.7
URD,2014-04-01,95,30,6338.0,9761.8
URD,2014-05-01,96,31,6782.8,10430.9
URD,2014-06-01,97,30,6755.2,10415.9
URD,2014-07-01,98,31,6941.1,10471.5
URD,2014-08-01,99,31,6535.3,10161.1
URD,2014-09-01,100,30,6455.4,9845.6
URD,2014-10-01,101,31,6401.4,9933.8
URD,2014-11-01,102,30,6826.5,10265.0
URD,2014-12-01,103,31,6780.8,9948.0
URD,2015-01-01,104,31,4632.1,15107.7
URD,2015-02-01,105,28,4232.1,14524.9
URD,2015-03-01,106,31,4749.8,17374.1
URD,2015-04-01,107,30,4824.3,17812.7
URD,2015-05-01,108,31,4784.3,17428.8
URD,2015-06-01,109,30,4914.4,16504.4
URD,2015-07-01,110,31,5269.2,15529.7
URD,2015-08-01,111,31,4230.4,13855.8
URD,2015-09-01,112,30,5235.2,15701.4
URD,2015-10-01,113,31,4993.3,14699.9
URD,2015-11-01,114,30,3096.7,10432.7
URD,2015-12-01,115,31,2093.9,12502.5
URD,2016-01-01,116,31,3431.0,15302.5
URD,2016-02-01,117,29,3927.9,14329.9
URD,2016-03-01,118,31,3650.1,12541.0
URD,2016-04-01,119,30,3690.0,12946.5
URD,2016-05-01,120,31,3745.5,12784.5
URD,2016-06-01,121,30,3537.0,12355.3
URD,2016-07-01,122,31,3394.5,10165.1
URD,2016-08-01,123,31,1629.3,4603.7
URD,2016-09-01,124,30,0.0,0.0
URD,2016-10-01,125,31,5886.0,8158.5
URD,2016-11-01,126,30,12032.4,9426.3
URD,2016-12-01,127,31,8777.3,9345.4
URD,2017-01-01,128,31,11250.6,10284.8
URD,2017-02-01,129,28,10555.6,9870.5
URD,2017-03-01,130,31,10067.7,9420.5
URD,2017-04-01,131,30,10485.1,9468.2
URD,2017-05-01,132,31,9053.3,9692.4
URD,2017-06-01,133,30,9531.1,11730.5
URD,2017-07-01,134,31,8489.2,11766.0
URD,2017-08-01,135,31,8943.7,12630.3
URD,2017-09-01,136,30,7853.9,11690.6
URD,2017-10-01,137,31,7353.0,12275.3
URD,2017-11-01,138,30,6933.5,12097.4
URD,2017-12-01,139,31,6667.2,12346.3
URD,2018-01-01,140,31,6164.0,12222.5
URD,2018-02-01,141,28,5575.5,11555.3
URD,2018-03-01,142,31,5602.0,11755.8
URD,2018-04-01,143,30,4891.4,11462.1
URD,2018-05-01,144,31,4626.0,11895.8
URD,2018-06-01,145,30,4599.9,12007.2
URD,2018-07-01,146,31,4634.2,13237.0
URD,2018-08-01,147,31,4540.8,12088.6
URD,2018-09-01,148,30,4063.2,11585.8
URD,2018-10-01,149,31,4145.2,11486.0
URD,2018-11-01,150,30,4040.1,11231.5
URD,2018-12-01,151,31,3980.8,11128.9
URD,2019-01-01,152,31,3047.5,10382.2
URD,2019-02-01,153,28,3248.2,11083.5
URD,2019-03-01,154,31,3268.7,11307.4
URD,2019-04-01,155,30,3325.2,11516.6
URD,2019-05-01,156,31,3173.3,11139.0
URD,2019-06-01,157,30,3304.2,11529.2
URD,2019-07-01,158,31,3451.3,11912.1
URD,2019-08-01,159,31,3071.9,11477.9
URD,2019-09-01,160,30,2773.8,10522.8
URD,2019-10-01,161,31,3122.6,11266.9
URD,2019-11-01,162,30,2495.0,9313.1
URD,2019-12-01,163,31,3903.7,7409.8
URD,2020-01-01,164,31,1763.2,6417.6
URD,2020-02-01,165,29,1479.2,5710.7
URD,2020-03-01,166,31,1801.7,7014.1
URD,2020-04-01,167,30,1979.2,8468.2
URD,2020-05-01,168,31,2591.0,10242.2
URD,2020-06-01,169,30,2564.1,9856.1
URD,2020-07-01,170,31,2544.3,10006.9
URD,2020-08-01,171,31,2532.2,9980.5
URD,2020-09-01,172,30,2159.5,8105.5
URD,2020-10-01,173,31,2244.0,8631.2
URD,2020-11-01,174,30,2442.5,9921.1
URD,2020-12-01,175,31,1964.0,8718.5
URD,2021-01-01,176,31,1864.6,8475.0
URD,2021-02-01,177,28,1857.7,8376.7
URD,2021-03-01,178,31,2304.9,9158.8
URD,2021-04-01,179,30,8801.5,11631.9
URD,2021-05-01,180,31,2156.8,5486.3
URD,2021-06-01,181,30,0.0,0.0
URD,2021-07-01,182,31,2507.8,8941.7
URD,2021-08-01,183,31,3668.4,12930.6
URD,2021-09-01,184,30,3811.6,13275.7
URD,2021-10-01,185,31,3917.9,13435.8
URD,2021-11-01,186,30,2993.9,10969.4
URD,2021-12-01,187,31,3404.6,13776.7
URD,2022-01-01,188,31,3579.1,15757.0
URD,2022-02-01,189,28,3425.7,15082.0
URD,2022-03-01,190,31,3368.1,14937.3
URD,2022-04-01,191,30,3352.5,15137.5
URD,2022-05-01,192,31,2670.1,12317.9
URD,2022-06-01,193,30,5168.1,14755.9
URD,2022-07-01,194,31,6066.6,15036.7
URD,2022-08-01,195,31,4167.5,12115.0
URD,2022-09-01,196,30,3157.5,17489.8
URD,2022-10-01,197,31,4514.5,28403.5
URD,2022-11-01,198,30,4654.5,28100.7
URD,2022-12-01,199,31,5324.0,27391.1
URD,2023-01-01,200,31,2402.3,14837.8
URD,2023-02-01,201,28,4580.3,25606.2
URD,2023-03-01,202,31,3806.3,24065.6
URD,2023-04-01,203,30,2744.4,19498.4
URD,2023-05-01,204,31,921.2,8748.9
URD,2023-06-01,205,30,0.0,0.0
URD,2023-07-01,206,31,998.3,7779.1
URD,2023-08-01,207,31,1564.3,10593.2
URD,2023-09-01,208,30,1031.5,7336.0
URD,2023-10-01,209,31,616.8,3883.4
URD,2023-11-01,210,30,0.0,0.0
URD,2023-12-01,211,31,4973.0,11055.8
URD,2024-01-01,212,31,3978.8,9469.2
URD,2024-02-01,213,29,3064.7,6370.0
URD,2024-03-01,214,31,2106.1,5991.5
URD,2024-04-01,215,30,3568.4,9711.5
URD,2024-05-01,216,31,4997.3,15109.7
URD,2024-06-01,217,30,4153.4,12474.8
URD,2024-07-01,218,31,4413.0,12709.5
URD,2024-08-01,219,31,3982.9,11088.3
URD,2024-09-01,220,30,0.0,0.0
URD,2024-10-01,221,31,286.1,1059.1
URD,2024-11-01,222,30,4006.6,12024.0
URD,2024-12-01,223,31,3631.9,10526.3
URD,2025-01-01,224,31,1809.8,5344.3
URD,2025-02-01,225,28,3890.7,10173.8
URD,2025-03-01,226,31,3954.5,8659.6
URD,2025-04-01,227,30,1027.3,2040.0
URD,2025-05-01,228,31,0.0,0.0
URD,2025-06-01,229,30,0.0,0.0
URD,2025-07-01,230,31,1899.1,3877.4
URD,2025-08-01,231,31,3550.7,6841.7
URD,2025-09-01,232,30,2476.1,4723.6
URD,2025-10-01,233,31,2357.7,4421.1
URD,2025-11-01,234,30,2559.9,6493.2
URD,2025-12-01,235,31,2442.9,5673.0
URD,2026-01-01,236,31,4070.1,9568.6
URD,2026-02-01,237,28,4335.5,10497.2
URD,2026-03-01,238,31,3881.4,10907.7
URD,2026-04-01,239,30,1870.2,5442.8
URD,2026-05-01,240,31,0.0,0.0
VALHALL,1998-05-01,0,31,91463.8,0.0
VALHALL,1998-06-01,1,30,100431.3,0.0
VALHALL,1998-07-01,2,31,98124.9,0.0
VALHALL,1998-08-01,3,31,38229.8,0.0
VALHALL,1998-09-01,4,30,93611.1,0.0
VALHALL,1998-10-01,5,31,96621.5,0.0
VALHALL,1998-11-01,6,30,92753.6,0.0
VALHALL,1998-12-01,7,31,89165.0,0.0
VALHALL,1999-01-01,8,31,95523.8,0.0
VALHALL,1999-02-01,9,28,96310.3,0.0
VALHALL,1999-03-01,10,31,92119.2,0.0
VALHALL,1999-04-01,11,30,92072.2,0.0
VALHALL,1999-05-01,12,31,88327.1,0.0
VALHALL,1999-06-01,13,30,89931.6,0.0
VALHALL,1999-07-01,14,31,91447.6,0.0
VALHALL,1999-08-01,15,31,90765.9,0.0
VALHALL,1999-09-01,16,30,98735.2,0.0
VALHALL,1999-10-01,17,31,92620.3,0.0
VALHALL,1999-11-01,18,30,86300.2,0.0
VALHALL,1999-12-01,19,31,84437.5,0.0
VALHALL,2000-01-01,20,31,79732.3,1962.0
VALHALL,2000-02-01,21,29,79893.5,3108.0
VALHALL,2000-03-01,22,31,84005.4,4041.7
VALHALL,2000-04-01,23,30,80503.2,3195.2
VALHALL,2000-05-01,24,31,67534.2,2824.3
VALHALL,2000-06-01,25,30,84262.4,3147.0
VALHALL,2000-07-01,26,31,81980.4,4520.5
VALHALL,2000-08-01,27,31,64756.5,3305.2
VALHALL,2000-09-01,28,30,60086.5,2522.2
VALHALL,2000-10-01,29,31,89432.8,5082.6
VALHALL,2000-11-01,30,30,84792.8,3952.1
VALHALL,2000-12-01,31,31,87014.3,4202.0
VALHALL,2001-01-01,32,31,83958.7,3680.5
VALHALL,2001-02-01,33,28,80668.9,3913.2
VALHALL,2001-03-01,34,31,76019.3,4070.1
VALHALL,2001-04-01,35,30,75779.5,4283.4
VALHALL,2001-05-01,36,31,78916.7,6068.6
VALHALL,2001-06-01,37,30,78077.4,5400.8
VALHALL,2001-07-01,38,31,76423.1,4804.6
VALHALL,2001-08-01,39,31,44675.8,2806.1
VALHALL,2001-09-01,40,30,83501.3,5604.2
VALHALL,2001-10-01,41,31,81899.3,5395.0
VALHALL,2001-11-01,42,30,74058.2,4597.8
VALHALL,2001-12-01,43,31,69072.1,4593.6
VALHALL,2002-01-01,44,31,67933.9,5003.4
VALHALL,2002-02-01,45,28,67981.5,5141.9
VALHALL,2002-03-01,46,31,64133.6,5405.2
VALHALL,2002-04-01,47,30,69389.1,6218.5
VALHALL,2002-05-01,48,31,65955.7,6620.5
VALHALL,2002-06-01,49,30,74846.5,7881.1
VALHALL,2002-07-01,50,31,80529.7,7673.6
VALHALL,2002-08-01,51,31,71872.1,5626.3
VALHALL,2002-09-01,52,30,82908.0,4639.8
VALHALL,2002-10-01,53,31,77015.6,5502.6
VALHALL,2002-11-01,54,30,68598.7,5101.0
VALHALL,2002-12-01,55,31,73170.7,4149.2
VALHALL,2003-01-01,56,31,72949.5,4266.9
VALHALL,2003-02-01,57,28,70735.5,4564.6
VALHALL,2003-03-01,58,31,66416.2,3938.2
VALHALL,2003-04-01,59,30,70808.5,4633.5
VALHALL,2003-05-01,60,31,74406.3,7935.3
VALHALL,2003-06-01,61,30,74215.4,5388.3
VALHALL,2003-07-01,62,31,73223.4,6342.6
VALHALL,2003-08-01,63,31,63979.4,5449.8
VALHALL,2003-09-01,64,30,55671.0,5426.0
VALHALL,2003-10-01,65,31,75504.0,7724.3
VALHALL,2003-11-01,66,30,82541.0,7767.9
VALHALL,2003-12-01,67,31,78600.2,7462.5
VALHALL,2004-01-01,68,31,80677.8,8115.9
VALHALL,2004-02-01,69,29,83478.7,9666.8
VALHALL,2004-03-01,70,31,82611.5,7101.4
VALHALL,2004-04-01,71,30,80283.0,9013.3
VALHALL,2004-05-01,72,31,81353.5,8312.7
VALHALL,2004-06-01,73,30,83704.7,9044.7
VALHALL,2004-07-01,74,31,80024.5,8602.8
VALHALL,2004-08-01,75,31,59931.6,6575.9
VALHALL,2004-09-01,76,30,74303.5,7872.7
VALHALL,2004-10-01,77,31,89108.2,9919.6
VALHALL,2004-11-01,78,30,93103.7,10717.8
VALHALL,2004-12-01,79,31,95846.4,11757.9
VALHALL,2005-01-01,80,31,97071.9,13346.5
VALHALL,2005-02-01,81,28,97828.9,11735.0
VALHALL,2005-03-01,82,31,92543.2,10449.2
VALHALL,2005-04-01,83,30,87157.8,9841.4
VALHALL,2005-05-01,84,31,86385.3,9927.7
VALHALL,2005-06-01,85,30,84914.4,9394.9
VALHALL,2005-07-01,86,31,81440.7,9842.5
VALHALL,2005-08-01,87,31,63878.0,7805.4
VALHALL,2005-09-01,88,30,82251.7,11214.7
VALHALL,2005-10-01,89,31,77094.7,9110.1
VALHALL,2005-11-01,90,30,76460.9,9063.6
VALHALL,2005-12-01,91,31,73059.1,7837.9
VALHALL,2006-01-01,92,31,75469.5,7722.3
VALHALL,2006-02-01,93,28,74087.1,7017.6
VALHALL,2006-03-01,94,31,68536.5,6926.9
VALHALL,2006-04-01,95,30,73800.3,8975.5
VALHALL,2006-05-01,96,31,72679.7,7381.4
VALHALL,2006-06-01,97,30,72531.9,8424.1
VALHALL,2006-07-01,98,31,66535.9,58209.1
VALHALL,2006-08-01,99,31,65748.7,34086.7
VALHALL,2006-09-01,100,30,73282.5,9212.5
VALHALL,2006-10-01,101,31,68339.7,8542.0
VALHALL,2006-11-01,102,30,58168.1,7061.3
VALHALL,2006-12-01,103,31,66891.0,9355.6
VALHALL,2007-01-01,104,31,65028.4,9615.3
VALHALL,2007-02-01,105,28,66413.5,9055.1
VALHALL,2007-03-01,106,31,60033.1,9022.8
VALHALL,2007-04-01,107,30,67969.7,10164.3
VALHALL,2007-05-01,108,31,66306.7,11327.7
VALHALL,2007-06-01,109,30,21957.7,4044.3
VALHALL,2007-07-01,110,31,67215.6,8937.6
VALHALL,2007-08-01,111,31,61071.9,8801.7
VALHALL,2007-09-01,112,30,59187.0,9979.8
VALHALL,2007-10-01,113,31,62344.1,27251.1
VALHALL,2007-11-01,114,30,51651.8,9147.5
VALHALL,2007-12-01,115,31,55837.2,25224.1
VALHALL,2008-01-01,116,31,48987.4,9335.3
VALHALL,2008-02-01,117,29,24053.1,8931.5
VALHALL,2008-03-01,118,31,55476.0,47090.3
VALHALL,2008-04-01,119,30,53568.1,8656.9
VALHALL,2008-05-01,120,31,51336.9,7726.3
VALHALL,2008-06-01,121,30,40850.2,6935.6
VALHALL,2008-07-01,122,31,53911.7,8081.4
VALHALL,2008-08-01,123,31,50626.8,15823.9
VALHALL,2008-09-01,124,30,49295.3,9652.7
VALHALL,2008-10-01,125,31,48321.9,7460.5
VALHALL,2008-11-01,126,30,50565.8,8097.1
VALHALL,2008-12-01,127,31,51150.3,7732.4
VALHALL,2009-01-01,128,31,48920.4,8953.8
VALHALL,2009-02-01,129,28,46713.0,8307.0
VALHALL,2009-03-01,130,31,46272.6,9562.5
VALHALL,2009-04-01,131,30,1352.3,379.5
VALHALL,2009-05-01,132,31,0.0,0.0
VALHALL,2009-06-01,133,30,26717.0,4568.5
VALHALL,2009-07-01,134,31,58083.3,9313.0
VALHALL,2009-08-01,135,31,51976.1,8949.8
VALHALL,2009-09-01,136,30,47806.7,7596.0
VALHALL,2009-10-01,137,31,50758.7,7945.4
VALHALL,2009-11-01,138,30,45177.5,9497.6
VALHALL,2009-12-01,139,31,44397.9,8848.3
VALHALL,2010-01-01,140,31,43022.2,6945.2
VALHALL,2010-02-01,141,28,44432.9,8480.0
VALHALL,2010-03-01,142,31,34549.3,6060.5
VALHALL,2010-04-01,143,30,31096.8,5184.9
VALHALL,2010-05-01,144,31,35756.5,5630.4
VALHALL,2010-06-01,145,30,5679.7,1698.2
VALHALL,2010-07-01,146,31,33185.8,6776.8
VALHALL,2010-08-01,147,31,39483.7,7448.3
VALHALL,2010-09-01,148,30,37994.6,7050.9
VALHALL,2010-10-01,149,31,39463.4,11268.9
VALHALL,2010-11-01,150,30,38273.4,6937.6
VALHALL,2010-12-01,151,31,49099.0,8645.4
VALHALL,2011-01-01,152,31,38152.7,8330.9
VALHALL,2011-02-01,153,28,39942.5,8803.5
VALHALL,2011-03-01,154,31,32913.9,7562.0
VALHALL,2011-04-01,155,30,39925.6,8541.5
VALHALL,2011-05-01,156,31,35600.3,7314.4
VALHALL,2011-06-01,157,30,29824.1,7499.5
VALHALL,2011-07-01,158,31,14815.5,3009.0
VALHALL,2011-08-01,159,31,0.0,26.4
VALHALL,2011-09-01,160,30,20802.5,3952.1
VALHALL,2011-10-01,161,31,34082.6,6541.4
VALHALL,2011-11-01,162,30,34264.7,5769.8
VALHALL,2011-12-01,163,31,20782.7,5547.2
VALHALL,2012-01-01,164,31,28888.4,7024.3
VALHALL,2012-02-01,165,29,30848.2,13915.6
VALHALL,2012-03-01,166,31,23515.7,7355.0
VALHALL,2012-04-01,167,30,15311.5,4281.3
VALHALL,2012-05-01,168,31,34417.4,8418.2
VALHALL,2012-06-01,169,30,40959.2,14340.7
VALHALL,2012-07-01,170,31,25437.2,6155.9
VALHALL,2012-08-01,171,31,0.0,20.3
VALHALL,2012-09-01,172,30,0.0,0.0
VALHALL,2012-10-01,173,31,0.0,0.0
VALHALL,2012-11-01,174,30,0.0,0.0
VALHALL,2012-12-01,175,31,0.0,0.0
VALHALL,2013-01-01,176,31,959.7,56.8
VALHALL,2013-02-01,177,28,11007.1,1381.5
VALHALL,2013-03-01,178,31,14947.4,1331.0
VALHALL,2013-04-01,179,30,19116.8,333.4
VALHALL,2013-05-01,180,31,29219.2,5466.0
VALHALL,2013-06-01,181,30,0.0,33.5
VALHALL,2013-07-01,182,31,40548.9,8517.6
VALHALL,2013-08-01,183,31,54786.2,12133.2
VALHALL,2013-09-01,184,30,49995.5,10480.9
VALHALL,2013-10-01,185,31,49344.5,10514.1
VALHALL,2013-11-01,186,30,42091.3,8604.4
VALHALL,2013-12-01,187,31,51422.2,11137.0
VALHALL,2014-01-01,188,31,49097.0,9605.1
VALHALL,2014-02-01,189,28,43525.4,8989.9
VALHALL,2014-03-01,190,31,44722.5,10284.8
VALHALL,2014-04-01,191,30,44573.7,11279.7
VALHALL,2014-05-01,192,31,35275.6,6732.1
VALHALL,2014-06-01,193,30,36564.7,7480.7
VALHALL,2014-07-01,194,31,31418.6,7533.6
VALHALL,2014-08-01,195,31,37468.9,8637.3
VALHALL,2014-09-01,196,30,24851.0,5623.1
VALHALL,2014-10-01,197,31,38684.3,8556.2
VALHALL,2014-11-01,198,30,36835.2,7491.2
VALHALL,2014-12-01,199,31,37282.3,8722.5
VALHALL,2015-01-01,200,31,26482.1,6910.7
VALHALL,2015-02-01,201,28,39973.9,9257.2
VALHALL,2015-03-01,202,31,44633.2,10305.1
VALHALL,2015-04-01,203,30,46938.7,10671.7
VALHALL,2015-05-01,204,31,47747.7,10443.1
VALHALL,2015-06-01,205,30,37696.9,9032.2
VALHALL,2015-07-01,206,31,38365.8,10840.8
VALHALL,2015-08-01,207,31,46633.8,12145.4
VALHALL,2015-09-01,208,30,46024.6,11824.8
VALHALL,2015-10-01,209,31,44584.5,11157.3
VALHALL,2015-11-01,210,30,39917.2,9906.4
VALHALL,2015-12-01,211,31,37893.0,10646.0
VALHALL,2016-01-01,212,31,37919.4,10871.2
VALHALL,2016-02-01,213,29,35162.2,9757.9
VALHALL,2016-03-01,214,31,34975.3,11031.5
VALHALL,2016-04-01,215,30,33369.5,11734.7
VALHALL,2016-05-01,216,31,34892.2,12567.4
VALHALL,2016-06-01,217,30,2.1,0.0
VALHALL,2016-07-01,218,31,36389.5,11784.2
VALHALL,2016-08-01,219,31,42314.1,14381.3
VALHALL,2016-09-01,220,30,38011.4,13546.1
VALHALL,2016-10-01,221,31,39102.3,14091.2
VALHALL,2016-11-01,222,30,41168.8,16057.9
VALHALL,2016-12-01,223,31,37783.4,14204.8
VALHALL,2017-01-01,224,31,34600.0,13040.2
VALHALL,2017-02-01,225,28,33232.6,12101.1
VALHALL,2017-03-01,226,31,32390.4,13271.5
VALHALL,2017-04-01,227,30,29704.6,12814.4
VALHALL,2017-05-01,228,31,29422.1,13521.0
VALHALL,2017-06-01,229,30,30142.8,14036.7
VALHALL,2017-07-01,230,31,28095.1,13677.3
VALHALL,2017-08-01,231,31,27575.7,13939.0
VALHALL,2017-09-01,232,30,21217.6,9239.7
VALHALL,2017-10-01,233,31,36994.2,17130.6
VALHALL,2017-11-01,234,30,31558.0,14781.0
VALHALL,2017-12-01,235,31,30925.5,15683.9
VALHALL,2018-01-01,236,31,32597.4,15535.8
VALHALL,2018-02-01,237,28,32585.7,16319.8
VALHALL,2018-03-01,238,31,26271.1,11143.1
VALHALL,2018-04-01,239,30,30843.1,12116.3
VALHALL,2018-05-01,240,31,31649.9,13746.3
VALHALL,2018-06-01,241,30,26754.7,13493.7
VALHALL,2018-07-01,242,31,31984.6,16536.1
VALHALL,2018-08-01,243,31,32932.2,14419.9
VALHALL,2018-09-01,244,30,32899.8,15227.6
VALHALL,2018-10-01,245,31,31871.0,14399.6
VALHALL,2018-11-01,246,30,35845.6,15462.4
VALHALL,2018-12-01,247,31,38946.0,17102.2
VALHALL,2019-01-01,248,31,40268.9,16893.2
VALHALL,2019-02-01,249,28,39219.1,16917.3
VALHALL,2019-03-01,250,31,42782.8,17272.6
VALHALL,2019-04-01,251,30,37141.3,16292.7
VALHALL,2019-05-01,252,31,30022.6,14898.7
VALHALL,2019-06-01,253,30,0.0,0.0
VALHALL,2019-07-01,254,31,32019.1,15061.0
VALHALL,2019-08-01,255,31,41360.5,17270.6
VALHALL,2019-09-01,256,30,38277.6,16517.0
VALHALL,2019-10-01,257,31,37298.5,12766.3
VALHALL,2019-11-01,258,30,40996.9,13630.0
VALHALL,2019-12-01,259,31,43273.8,16410.3
VALHALL,2020-01-01,260,31,42281.7,16850.6
VALHALL,2020-02-01,261,29,42781.5,14499.1
VALHALL,2020-03-01,262,31,49456.1,16621.3
VALHALL,2020-04-01,263,30,47236.4,15122.8
VALHALL,2020-05-01,264,31,43651.2,16331.2
VALHALL,2020-06-01,265,30,34201.8,12682.3
VALHALL,2020-07-01,266,31,45053.2,17928.0
VALHALL,2020-08-01,267,31,46503.9,15629.1
VALHALL,2020-09-01,268,30,49475.6,16426.9
VALHALL,2020-10-01,269,31,50277.8,16915.5
VALHALL,2020-11-01,270,30,46592.7,16934.2
VALHALL,2020-12-01,271,31,46741.3,16901.3
VALHALL,2021-01-01,272,31,46211.8,16032.9
VALHALL,2021-02-01,273,28,43781.5,15583.0
VALHALL,2021-03-01,274,31,50131.7,18376.4
VALHALL,2021-04-01,275,30,45525.6,17967.9
VALHALL,2021-05-01,276,31,39449.2,15436.4
VALHALL,2021-06-01,277,30,34853.9,15168.9
VALHALL,2021-07-01,278,31,38000.5,15858.4
VALHALL,2021-08-01,279,31,35403.5,14701.9
VALHALL,2021-09-01,280,30,38822.7,16288.5
VALHALL,2021-10-01,281,31,36079.1,14574.1
VALHALL,2021-11-01,282,30,41479.1,15508.6
VALHALL,2021-12-01,283,31,46388.3,16365.7
VALHALL,2022-01-01,284,31,41512.7,16594.9
VALHALL,2022-02-01,285,28,42393.3,16881.4
VALHALL,2022-03-01,286,31,37170.7,15809.7
VALHALL,2022-04-01,287,30,38837.4,16250.7
VALHALL,2022-05-01,288,31,31992.8,13886.3
VALHALL,2022-06-01,289,30,4849.4,0.0
VALHALL,2022-07-01,290,31,34608.1,15134.1
VALHALL,2022-08-01,291,31,38130.4,17662.2
VALHALL,2022-09-01,292,30,39074.3,17223.6
VALHALL,2022-10-01,293,31,36833.9,16739.0
VALHALL,2022-11-01,294,30,38812.3,15906.9
VALHALL,2022-12-01,295,31,38028.9,16570.6
VALHALL,2023-01-01,296,31,35135.6,15992.3
VALHALL,2023-02-01,297,28,38340.8,17618.2
VALHALL,2023-03-01,298,31,40147.2,18319.5
VALHALL,2023-04-01,299,30,36380.2,15483.4
VALHALL,2023-05-01,300,31,39571.0,17132.6
VALHALL,2023-06-01,301,30,36828.9,16697.3
VALHALL,2023-07-01,302,31,37067.2,17621.6
VALHALL,2023-08-01,303,31,33835.1,16619.3
VALHALL,2023-09-01,304,30,16179.5,6920.9
VALHALL,2023-10-01,305,31,29160.3,11228.3
VALHALL,2023-11-01,306,30,34466.0,17187.9
VALHALL,2023-12-01,307,31,37154.5,17252.3
VALHALL,2024-01-01,308,31,36604.6,16686.2
VALHALL,2024-02-01,309,29,32023.8,16336.1
VALHALL,2024-03-01,310,31,29556.0,15813.8
VALHALL,2024-04-01,311,30,34851.8,16959.4
VALHALL,2024-05-01,312,31,34419.4,16288.6
VALHALL,2024-06-01,313,30,30711.0,15183.6
VALHALL,2024-07-01,314,31,35022.0,17150.9
VALHALL,2024-08-01,315,31,35580.0,17221.9
VALHALL,2024-09-01,316,30,36602.4,18326.4
VALHALL,2024-10-01,317,31,38607.2,18654.3
VALHALL,2024-11-01,318,30,38529.2,19538.2
VALHALL,2024-12-01,319,31,35653.0,18573.2
VALHALL,2025-01-01,320,31,34498.5,18763.9
VALHALL,2025-02-01,321,28,33196.7,19417.5
VALHALL,2025-03-01,322,31,35066.6,20184.2
VALHALL,2025-04-01,323,30,34094.9,17494.0
VALHALL,2025-05-01,324,31,30864.7,15890.9
VALHALL,2025-06-01,325,30,889.0,218.0
VALHALL,2025-07-01,326,31,33143.2,18301.3
VALHALL,2025-08-01,327,31,34238.8,19323.9
VALHALL,2025-09-01,328,30,32847.4,20077.0
VALHALL,2025-10-01,329,31,33019.4,19967.1
VALHALL,2025-11-01,330,30,32197.5,20613.8
VALHALL,2025-12-01,331,31,32759.7,21227.1
VALHALL,2026-01-01,332,31,30456.8,20525.0
VALHALL,2026-02-01,333,28,26563.2,16429.9
VALHALL,2026-03-01,334,31,25822.7,18439.3
VALHALL,2026-04-01,335,30,24339.4,13739.0
VALHALL,2026-05-01,336,31,27054.3,20326.2
VARG,2000-01-01,0,31,33319.7,1020.6
VARG,2000-02-01,1,29,23048.9,937.0
VARG,2000-03-01,2,31,42807.2,1694.2
VARG,2000-04-01,3,30,30937.4,1700.3
VARG,2000-05-01,4,31,22994.3,2033.0
VARG,2000-06-01,5,30,22716.7,1979.2
VARG,2000-07-01,6,31,33518.5,1507.5
VARG,2000-08-01,7,31,33532.7,4589.5
VARG,2000-09-01,8,30,31675.4,5979.5
VARG,2000-10-01,9,31,26175.7,8931.5
VARG,2000-11-01,10,30,28453.0,14382.7
VARG,2000-12-01,11,31,28555.7,16112.0
VARG,2001-01-01,12,31,26013.4,16672.0
VARG,2001-02-01,13,28,25502.9,16852.2
VARG,2001-03-01,14,31,26037.7,19334.0
VARG,2001-04-01,15,30,24637.1,20534.1
VARG,2001-05-01,16,31,17552.6,14827.7
VARG,2001-06-01,17,30,22551.0,19012.0
VARG,2001-07-01,18,31,20289.7,20243.0
VARG,2001-08-01,19,31,16221.6,18017.2
VARG,2001-09-01,20,30,16439.4,21597.1
VARG,2001-10-01,21,31,17469.4,13314.1
VARG,2001-11-01,22,30,16242.4,17334.7
VARG,2001-12-01,23,31,16586.8,22838.1
VARG,2002-01-01,24,31,16195.2,25169.3
VARG,2002-02-01,25,28,13918.4,22398.4
VARG,2002-03-01,26,31,14766.8,23842.4
VARG,2002-04-01,27,30,15206.6,25825.9
VARG,2002-05-01,28,31,13721.9,23448.8
VARG,2002-06-01,29,30,14095.4,25675.0
VARG,2002-07-01,30,31,13667.1,26143.2
VARG,2002-08-01,31,31,13297.9,25000.9
VARG,2002-09-01,32,30,12877.3,25547.1
VARG,2002-10-01,33,31,12618.2,26522.7
VARG,2002-11-01,34,30,10828.9,21964.0
VARG,2002-12-01,35,31,10976.7,16207.4
VARG,2003-01-01,36,31,9722.8,13228.9
VARG,2003-02-01,37,28,15571.7,14145.3
VARG,2003-03-01,38,31,24094.0,12754.1
VARG,2003-04-01,39,30,18785.5,12082.7
VARG,2003-05-01,40,31,17934.0,13835.5
VARG,2003-06-01,41,30,17494.0,14265.3
VARG,2003-07-01,42,31,16235.8,10960.5
VARG,2003-08-01,43,31,17895.5,13657.0
VARG,2003-09-01,44,30,14261.1,10774.4
VARG,2003-10-01,45,31,15251.8,13973.5
VARG,2003-11-01,46,30,11659.2,15382.8
VARG,2003-12-01,47,31,11431.2,14127.7
VARG,2004-01-01,48,31,12713.5,13417.6
VARG,2004-02-01,49,29,22237.7,11644.8
VARG,2004-03-01,50,31,17988.8,8359.3
VARG,2004-04-01,51,30,22521.7,6208.0
VARG,2004-05-01,52,31,16274.4,7979.9
VARG,2004-06-01,53,30,28411.0,4620.9
VARG,2004-07-01,54,31,28973.7,4760.0
VARG,2004-08-01,55,31,30012.5,5579.7
VARG,2004-09-01,56,30,25459.0,6725.9
VARG,2004-10-01,57,31,14681.6,4463.7
VARG,2004-11-01,58,30,14772.6,895.2
VARG,2004-12-01,59,31,15298.4,902.9
VARG,2005-01-01,60,31,14730.3,793.3
VARG,2005-02-01,61,28,13687.1,786.2
VARG,2005-03-01,62,31,27206.4,3554.8
VARG,2005-04-01,63,30,27989.6,5795.0
VARG,2005-05-01,64,31,21269.7,5289.5
VARG,2005-06-01,65,30,17680.6,4664.9
VARG,2005-07-01,66,31,20687.4,4236.5
VARG,2005-08-01,67,31,15708.3,3932.1
VARG,2005-09-01,68,30,25134.0,5998.4
VARG,2005-10-01,69,31,32773.9,6616.5
VARG,2005-11-01,70,30,25876.2,13202.3
VARG,2005-12-01,71,31,21685.6,12498.4
VARG,2006-01-01,72,31,23266.2,11705.1
VARG,2006-02-01,73,28,20080.2,16504.0
VARG,2006-03-01,74,31,14146.0,12942.8
VARG,2006-04-01,75,30,11850.0,14120.6
VARG,2006-05-01,76,31,8974.1,11680.8
VARG,2006-06-01,77,30,10367.7,17487.7
VARG,2006-07-01,78,31,11100.5,18435.2
VARG,2006-08-01,79,31,10467.4,16189.1
VARG,2006-09-01,80,30,14317.7,13512.6
VARG,2006-10-01,81,31,14923.1,12867.7
VARG,2006-11-01,82,30,19571.8,16445.7
VARG,2006-12-01,83,31,17865.1,18930.3
VARG,2007-01-01,84,31,17432.9,20383.0
VARG,2007-02-01,85,28,16043.5,21906.5
VARG,2007-03-01,86,31,16487.4,28762.6
VARG,2007-04-01,87,30,14965.5,28647.9
VARG,2007-05-01,88,31,13874.1,30560.3
VARG,2007-06-01,89,30,14309.3,34067.7
VARG,2007-07-01,90,31,14312.3,35310.1
VARG,2007-08-01,91,31,11301.4,30976.3
VARG,2007-09-01,92,30,10445.3,29631.2
VARG,2007-10-01,93,31,12226.6,29844.1
VARG,2007-11-01,94,30,11906.6,28633.3
VARG,2007-12-01,95,31,11640.2,28421.8
VARG,2008-01-01,96,31,11187.7,28044.4
VARG,2008-02-01,97,29,11994.0,28985.1
VARG,2008-03-01,98,31,11415.0,26689.0
VARG,2008-04-01,99,30,10367.7,27224.4
VARG,2008-05-01,100,31,10110.3,29549.9
VARG,2008-06-01,101,30,8960.9,24217.8
VARG,2008-07-01,102,31,11632.1,26656.6
VARG,2008-08-01,103,31,9846.6,22485.0
VARG,2008-09-01,104,30,15948.8,34619.1
VARG,2008-10-01,105,31,13399.3,40370.4
VARG,2008-11-01,106,30,15338.7,32031.9
VARG,2008-12-01,107,31,14902.8,20786.8
VARG,2009-01-01,108,31,13490.6,17075.8
VARG,2009-02-01,109,28,14098.1,17310.4
VARG,2009-03-01,110,31,11987.1,15387.7
VARG,2009-04-01,111,30,13059.7,19081.2
VARG,2009-05-01,112,31,11076.1,9804.0
VARG,2009-06-01,113,30,12592.2,20154.6
VARG,2009-07-01,114,31,12287.4,21803.3
VARG,2009-08-01,115,31,11368.3,20620.4
VARG,2009-09-01,116,30,11812.2,22490.2
VARG,2009-10-01,117,31,11567.1,20277.5
VARG,2009-11-01,118,30,13321.8,16236.1
VARG,2009-12-01,119,31,26415.1,13833.5
VARG,2010-01-01,120,31,29572.2,9661.9
VARG,2010-02-01,121,28,30613.4,7700.5
VARG,2010-03-01,122,31,22127.9,11733.5
VARG,2010-04-01,123,30,22446.2,14810.4
VARG,2010-05-01,124,31,23840.4,15894.9
VARG,2010-06-01,125,30,24123.5,15009.6
VARG,2010-07-01,126,31,25019.2,13192.3
VARG,2010-08-01,127,31,12695.3,5518.8
VARG,2010-09-01,128,30,25675.0,9015.4
VARG,2010-10-01,129,31,25881.5,13441.9
VARG,2010-11-01,130,30,26293.5,13879.5
VARG,2010-12-01,131,31,26019.5,13356.7
VARG,2011-01-01,132,31,22909.1,10786.0
VARG,2011-02-01,133,28,22984.7,11966.3
VARG,2011-03-01,134,31,20604.2,9593.0
VARG,2011-04-01,135,30,16745.5,8585.6
VARG,2011-05-01,136,31,13971.5,9329.2
VARG,2011-06-01,137,30,9784.8,7644.2
VARG,2011-07-01,138,31,13847.7,8424.3
VARG,2011-08-01,139,31,11847.1,6624.6
VARG,2011-09-01,140,30,16013.8,8359.1
VARG,2011-10-01,141,31,18692.9,7677.6
VARG,2011-11-01,142,30,14898.4,4709.0
VARG,2011-12-01,143,31,18938.4,9649.8
VARG,2012-01-01,144,31,18810.6,16605.1
VARG,2012-02-01,145,29,15900.2,23025.0
VARG,2012-03-01,146,31,13675.2,14586.2
VARG,2012-04-01,147,30,10854.1,11667.6
VARG,2012-05-01,148,31,9988.6,8698.2
VARG,2012-06-01,149,30,12336.4,12669.8
VARG,2012-07-01,150,31,10621.6,15592.6
VARG,2012-08-01,151,31,8901.1,18479.8
VARG,2012-09-01,152,30,9044.7,21140.0
VARG,2012-10-01,153,31,9310.9,23558.3
VARG,2012-11-01,154,30,7034.1,22362.3
VARG,2012-12-01,155,31,7081.1,17605.4
VARG,2013-01-01,156,31,7353.0,13817.3
VARG,2013-02-01,157,28,9228.0,12581.8
VARG,2013-03-01,158,31,8217.3,11494.1
VARG,2013-04-01,159,30,7426.2,13982.2
VARG,2013-05-01,160,31,8712.4,19238.7
VARG,2013-06-01,161,30,7380.0,16844.1
VARG,2013-07-01,162,31,7446.3,14590.3
VARG,2013-08-01,163,31,7564.0,15444.5
VARG,2013-09-01,164,30,7197.6,16783.3
VARG,2013-10-01,165,31,7267.8,18354.0
VARG,2013-11-01,166,30,8839.3,22182.0
VARG,2013-12-01,167,31,8633.3,19236.6
VARG,2014-01-01,168,31,7572.1,19991.4
VARG,2014-02-01,169,28,7846.5,23782.2
VARG,2014-03-01,170,31,7284.0,21860.1
VARG,2014-04-01,171,30,6243.7,22672.6
VARG,2014-05-01,172,31,6837.6,24964.4
VARG,2014-06-01,173,30,6927.2,26635.2
VARG,2014-07-01,174,31,6912.7,26751.9
VARG,2014-08-01,175,31,6640.8,27707.6
VARG,2014-09-01,176,30,6642.0,28048.3
VARG,2014-10-01,177,31,6667.2,25268.8
VARG,2014-11-01,178,30,6589.6,19290.8
VARG,2014-12-01,179,31,6462.3,14687.7
VARG,2015-01-01,180,31,6705.7,18313.5
VARG,2015-02-01,181,28,6541.4,19051.4
VARG,2015-03-01,182,31,6070.7,22178.6
VARG,2015-04-01,183,30,5966.9,25465.3
VARG,2015-05-01,184,31,5374.7,17848.8
VARG,2015-06-01,185,30,4446.9,22697.8
VARG,2015-07-01,186,31,5569.5,23107.9
VARG,2015-08-01,187,31,5214.4,20809.1
VARG,2015-09-01,188,30,5235.2,19668.2
VARG,2015-10-01,189,31,5263.1,20981.6
VARG,2015-11-01,190,30,4847.3,17219.4
VARG,2015-12-01,191,31,5044.0,16377.8
VARG,2016-01-01,192,31,4877.6,18849.1
VARG,2016-02-01,193,29,4509.1,18030.0
VARG,2016-03-01,194,31,4337.9,16473.2
VARG,2016-04-01,195,30,4042.2,15865.0
VARG,2016-05-01,196,31,3161.1,12701.3
VARG,2016-06-01,197,30,88.1,371.1
VARG,2016-07-01,198,31,0.0,0.0
VESLEFRIKK,1995-03-01,0,31,86701.8,0.0
VESLEFRIKK,1995-04-01,1,30,88417.8,0.0
VESLEFRIKK,1995-05-01,2,31,85336.4,0.0
VESLEFRIKK,1995-06-01,3,30,42751.8,0.0
VESLEFRIKK,1995-07-01,4,31,78032.1,0.0
VESLEFRIKK,1995-08-01,5,31,83473.8,0.0
VESLEFRIKK,1995-09-01,6,30,74787.8,0.0
VESLEFRIKK,1995-10-01,7,31,81383.9,0.0
VESLEFRIKK,1995-11-01,8,30,70701.5,0.0
VESLEFRIKK,1995-12-01,9,31,73316.7,0.0
VESLEFRIKK,1996-01-01,10,31,78024.0,0.0
VESLEFRIKK,1996-02-01,11,29,78947.8,0.0
VESLEFRIKK,1996-03-01,12,31,72919.1,0.0
VESLEFRIKK,1996-04-01,13,30,77735.6,0.0
VESLEFRIKK,1996-05-01,14,31,66586.7,0.0
VESLEFRIKK,1996-06-01,15,30,68642.7,0.0
VESLEFRIKK,1996-07-01,16,31,71444.0,0.0
VESLEFRIKK,1996-08-01,17,31,50125.6,0.0
VESLEFRIKK,1996-09-01,18,30,70145.9,0.0
VESLEFRIKK,1996-10-01,19,31,67449.0,0.0
VESLEFRIKK,1996-11-01,20,30,69347.1,0.0
VESLEFRIKK,1996-12-01,21,31,68467.5,0.0
VESLEFRIKK,1997-01-01,22,31,56884.1,0.0
VESLEFRIKK,1997-02-01,23,28,59054.5,0.0
VESLEFRIKK,1997-03-01,24,31,60485.6,0.0
VESLEFRIKK,1997-04-01,25,30,61004.8,0.0
VESLEFRIKK,1997-05-01,26,31,62745.8,0.0
VESLEFRIKK,1997-06-01,27,30,28721.3,0.0
VESLEFRIKK,1997-07-01,28,31,62995.4,0.0
VESLEFRIKK,1997-08-01,29,31,71738.2,0.0
VESLEFRIKK,1997-09-01,30,30,66370.0,0.0
VESLEFRIKK,1997-10-01,31,31,59844.4,0.0
VESLEFRIKK,1997-11-01,32,30,64139.2,0.0
VESLEFRIKK,1997-12-01,33,31,63837.4,0.0
VESLEFRIKK,1998-01-01,34,31,59996.6,0.0
VESLEFRIKK,1998-02-01,35,28,60923.5,0.0
VESLEFRIKK,1998-03-01,36,31,65040.6,0.0
VESLEFRIKK,1998-04-01,37,30,57947.9,0.0
VESLEFRIKK,1998-05-01,38,31,59769.3,0.0
VESLEFRIKK,1998-06-01,39,30,60136.8,0.0
VESLEFRIKK,1998-07-01,40,31,56281.5,0.0
VESLEFRIKK,1998-08-01,41,31,52367.7,0.0
VESLEFRIKK,1998-09-01,42,30,51287.0,0.0
VESLEFRIKK,1998-10-01,43,31,47849.1,0.0
VESLEFRIKK,1998-11-01,44,30,52947.5,0.0
VESLEFRIKK,1998-12-01,45,31,51588.5,0.0
VESLEFRIKK,1999-01-01,46,31,46926.0,0.0
VESLEFRIKK,1999-02-01,47,28,44610.4,0.0
VESLEFRIKK,1999-03-01,48,31,48672.9,0.0
VESLEFRIKK,1999-04-01,49,30,56117.6,0.0
VESLEFRIKK,1999-05-01,50,31,35044.3,0.0
VESLEFRIKK,1999-06-01,51,30,0.0,0.0
VESLEFRIKK,1999-07-01,52,31,0.0,0.0
VESLEFRIKK,1999-08-01,53,31,0.0,0.0
VESLEFRIKK,1999-09-01,54,30,23121.3,0.0
VESLEFRIKK,1999-10-01,55,31,27405.3,0.0
VESLEFRIKK,1999-11-01,56,30,51488.3,0.0
VESLEFRIKK,1999-12-01,57,31,60542.4,0.0
VESLEFRIKK,2000-01-01,58,31,54968.8,46926.0
VESLEFRIKK,2000-02-01,59,29,45371.1,45839.6
VESLEFRIKK,2000-03-01,60,31,48246.8,51418.1
VESLEFRIKK,2000-04-01,61,30,50827.9,46926.1
VESLEFRIKK,2000-05-01,62,31,41754.1,46664.2
VESLEFRIKK,2000-06-01,63,30,39374.1,44779.2
VESLEFRIKK,2000-07-01,64,31,42864.0,55451.7
VESLEFRIKK,2000-08-01,65,31,14456.4,21468.5
VESLEFRIKK,2000-09-01,66,30,41527.4,66940.2
VESLEFRIKK,2000-10-01,67,31,37184.9,63516.8
VESLEFRIKK,2000-11-01,68,30,40124.7,76750.2
VESLEFRIKK,2000-12-01,69,31,39670.4,75240.2
VESLEFRIKK,2001-01-01,70,31,40686.9,74840.5
VESLEFRIKK,2001-02-01,71,28,41663.2,77095.0
VESLEFRIKK,2001-03-01,72,31,35253.3,68625.8
VESLEFRIKK,2001-04-01,73,30,40812.4,67885.8
VESLEFRIKK,2001-05-01,74,31,39597.3,72288.1
VESLEFRIKK,2001-06-01,75,30,21408.4,39759.9
VESLEFRIKK,2001-07-01,76,31,15162.5,24081.8
VESLEFRIKK,2001-08-01,77,31,35531.3,68972.7
VESLEFRIKK,2001-09-01,78,30,36348.8,72322.2
VESLEFRIKK,2001-10-01,79,31,35431.9,78577.9
VESLEFRIKK,2001-11-01,80,30,35051.0,78261.9
VESLEFRIKK,2001-12-01,81,31,32424.9,75015.0
VESLEFRIKK,2002-01-01,82,31,33451.6,79521.3
VESLEFRIKK,2002-02-01,83,28,31345.7,78523.7
VESLEFRIKK,2002-03-01,84,31,34725.8,85594.0
VESLEFRIKK,2002-04-01,85,30,31887.2,86080.1
VESLEFRIKK,2002-05-01,86,31,28001.8,84198.1
VESLEFRIKK,2002-06-01,87,30,29295.8,84581.0
VESLEFRIKK,2002-07-01,88,31,29241.5,80675.8
VESLEFRIKK,2002-08-01,89,31,16260.1,47650.3
VESLEFRIKK,2002-09-01,90,30,29025.3,80144.6
VESLEFRIKK,2002-10-01,91,31,26707.3,76573.2
VESLEFRIKK,2002-11-01,92,30,24022.8,80834.4
VESLEFRIKK,2002-12-01,93,31,26433.4,77293.5
VESLEFRIKK,2003-01-01,94,31,26743.8,74008.6
VESLEFRIKK,2003-02-01,95,28,28510.8,84555.1
VESLEFRIKK,2003-03-01,96,31,27437.7,81562.5
VESLEFRIKK,2003-04-01,97,30,27490.6,83855.6
VESLEFRIKK,2003-05-01,98,31,29379.5,74759.3
VESLEFRIKK,2003-06-01,99,30,22720.9,53146.7
VESLEFRIKK,2003-07-01,100,31,20220.7,47526.5
VESLEFRIKK,2003-08-01,101,31,30692.2,67864.9
VESLEFRIKK,2003-09-01,102,30,33317.1,70429.0
VESLEFRIKK,2003-10-01,103,31,31414.5,69699.1
VESLEFRIKK,2003-11-01,104,30,32929.2,76614.0
VESLEFRIKK,2003-12-01,105,31,37726.6,83741.6
VESLEFRIKK,2004-01-01,106,31,32942.3,87389.7
VESLEFRIKK,2004-02-01,107,29,27443.0,76985.0
VESLEFRIKK,2004-03-01,108,31,26680.9,78880.2
VESLEFRIKK,2004-04-01,109,30,28750.7,85872.5
VESLEFRIKK,2004-05-01,110,31,23736.9,82913.8
VESLEFRIKK,2004-06-01,111,30,27962.4,85576.9
VESLEFRIKK,2004-07-01,112,31,30185.0,83806.5
VESLEFRIKK,2004-08-01,113,31,27466.1,95574.5
VESLEFRIKK,2004-09-01,114,30,25025.0,100645.2
VESLEFRIKK,2004-10-01,115,31,24008.8,90922.1
VESLEFRIKK,2004-11-01,116,30,28503.3,91680.1
VESLEFRIKK,2004-12-01,117,31,24958.3,85817.2
VESLEFRIKK,2005-01-01,118,31,27975.4,102552.1
VESLEFRIKK,2005-02-01,119,28,25289.5,97869.3
VESLEFRIKK,2005-03-01,120,31,26003.3,98122.9
VESLEFRIKK,2005-04-01,121,30,35141.1,90206.2
VESLEFRIKK,2005-05-01,122,31,33475.9,85721.9
VESLEFRIKK,2005-06-01,123,30,8809.9,22224.0
VESLEFRIKK,2005-07-01,124,31,20190.3,57511.1
VESLEFRIKK,2005-08-01,125,31,20585.9,49912.6
VESLEFRIKK,2005-09-01,126,30,33925.1,82163.7
VESLEFRIKK,2005-10-01,127,31,33163.5,77214.4
VESLEFRIKK,2005-11-01,128,30,29362.9,88048.8
VESLEFRIKK,2005-12-01,129,31,21904.7,71886.3
VESLEFRIKK,2006-01-01,130,31,24033.1,84841.3
VESLEFRIKK,2006-02-01,131,28,24098.9,95032.1
VESLEFRIKK,2006-03-01,132,31,21030.3,96684.4
VESLEFRIKK,2006-04-01,133,30,18542.3,91973.6
VESLEFRIKK,2006-05-01,134,31,17905.6,89390.2
VESLEFRIKK,2006-06-01,135,30,18527.7,78326.9
VESLEFRIKK,2006-07-01,136,31,18224.2,76725.4
VESLEFRIKK,2006-08-01,137,31,18451.4,79685.7
VESLEFRIKK,2006-09-01,138,30,20301.4,94766.3
VESLEFRIKK,2006-10-01,139,31,19043.9,91482.1
VESLEFRIKK,2006-11-01,140,30,11380.3,60690.3
VESLEFRIKK,2006-12-01,141,31,18804.5,95836.3
VESLEFRIKK,2007-01-01,142,31,17992.9,92287.6
VESLEFRIKK,2007-02-01,143,28,17159.9,109462.7
VESLEFRIKK,2007-03-01,144,31,17767.7,113812.9
VESLEFRIKK,2007-04-01,145,30,17649.2,111610.4
VESLEFRIKK,2007-05-01,146,31,13155.8,92007.6
VESLEFRIKK,2007-06-01,147,30,9262.8,63491.3
VESLEFRIKK,2007-07-01,148,31,18985.1,102872.7
VESLEFRIKK,2007-08-01,149,31,18244.5,100360.9
VESLEFRIKK,2007-09-01,150,30,15038.9,91072.1
VESLEFRIKK,2007-10-01,151,31,14001.9,88956.0
VESLEFRIKK,2007-11-01,152,30,12474.8,73093.8
VESLEFRIKK,2007-12-01,153,31,16213.5,96633.6
VESLEFRIKK,2008-01-01,154,31,13991.8,85506.8
VESLEFRIKK,2008-02-01,155,29,14071.8,86714.7
VESLEFRIKK,2008-03-01,156,31,13975.5,76264.8
VESLEFRIKK,2008-04-01,157,30,13541.9,86834.9
VESLEFRIKK,2008-05-01,158,31,10619.6,73016.5
VESLEFRIKK,2008-06-01,159,30,11407.6,81991.7
VESLEFRIKK,2008-07-01,160,31,12005.4,87692.0
VESLEFRIKK,2008-08-01,161,31,8645.4,54853.1
VESLEFRIKK,2008-09-01,162,30,9904.3,76639.1
VESLEFRIKK,2008-10-01,163,31,11118.7,82804.2
VESLEFRIKK,2008-11-01,164,30,12602.7,94311.4
VESLEFRIKK,2008-12-01,165,31,12920.5,96118.3
VESLEFRIKK,2009-01-01,166,31,11719.3,87105.6
VESLEFRIKK,2009-02-01,167,28,11883.2,95739.7
VESLEFRIKK,2009-03-01,168,31,12017.6,92681.2
VESLEFRIKK,2009-04-01,169,30,13755.8,87811.9
VESLEFRIKK,2009-05-01,170,31,12993.5,75901.7
VESLEFRIKK,2009-06-01,171,30,4518.2,33883.2
VESLEFRIKK,2009-07-01,172,31,13545.4,97759.7
VESLEFRIKK,2009-08-01,173,31,12295.5,96353.6
VESLEFRIKK,2009-09-01,174,30,12166.6,100550.8
VESLEFRIKK,2009-10-01,175,31,10213.8,92251.1
VESLEFRIKK,2009-11-01,176,30,13594.4,116851.9
VESLEFRIKK,2009-12-01,177,31,11532.7,105001.1
VESLEFRIKK,2010-01-01,178,31,13060.5,111098.2
VESLEFRIKK,2010-02-01,179,28,12853.7,109487.4
VESLEFRIKK,2010-03-01,180,31,11774.1,104004.9
VESLEFRIKK,2010-04-01,181,30,12277.7,111778.1
VESLEFRIKK,2010-05-01,182,31,13713.8,113297.6
VESLEFRIKK,2010-06-01,183,30,14462.3,110277.0
VESLEFRIKK,2010-07-01,184,31,13320.2,107202.5
VESLEFRIKK,2010-08-01,185,31,11879.6,102708.4
VESLEFRIKK,2010-09-01,186,30,15626.0,117906.5
VESLEFRIKK,2010-10-01,187,31,14521.3,121405.3
VESLEFRIKK,2010-11-01,188,30,12325.9,96971.9
VESLEFRIKK,2010-12-01,189,31,12601.9,109830.1
VESLEFRIKK,2011-01-01,190,31,12346.3,101247.5
VESLEFRIKK,2011-02-01,191,28,11566.5,101777.9
VESLEFRIKK,2011-03-01,192,31,10607.4,96376.0
VESLEFRIKK,2011-04-01,193,30,12395.1,107352.2
VESLEFRIKK,2011-05-01,194,31,7292.1,59205.3
VESLEFRIKK,2011-06-01,195,30,6415.6,44840.0
VESLEFRIKK,2011-07-01,196,31,15320.7,90222.1
VESLEFRIKK,2011-08-01,197,31,13906.5,81625.4
VESLEFRIKK,2011-09-01,198,30,15441.5,93973.8
VESLEFRIKK,2011-10-01,199,31,14789.1,92040.1
VESLEFRIKK,2011-11-01,200,30,13980.1,85681.8
VESLEFRIKK,2011-12-01,201,31,12078.4,80710.3
VESLEFRIKK,2012-01-01,202,31,13772.6,67613.3
VESLEFRIKK,2012-02-01,203,29,14134.7,88371.7
VESLEFRIKK,2012-03-01,204,31,15533.8,97173.4
VESLEFRIKK,2012-04-01,205,30,16948.9,103752.3
VESLEFRIKK,2012-05-01,206,31,15237.5,96613.4
VESLEFRIKK,2012-06-01,207,30,7040.4,51842.6
VESLEFRIKK,2012-07-01,208,31,8030.7,62636.3
VESLEFRIKK,2012-08-01,209,31,14584.2,101612.7
VESLEFRIKK,2012-09-01,210,30,14120.6,102272.1
VESLEFRIKK,2012-10-01,211,31,15028.6,98386.7
VESLEFRIKK,2012-11-01,212,30,7136.8,76607.7
VESLEFRIKK,2012-12-01,213,31,12259.0,91407.0
VESLEFRIKK,2013-01-01,214,31,11824.8,82887.4
VESLEFRIKK,2013-02-01,215,28,11249.8,70007.7
VESLEFRIKK,2013-03-01,216,31,10221.9,62453.7
VESLEFRIKK,2013-04-01,217,30,9514.4,65816.5
VESLEFRIKK,2013-05-01,218,31,8809.8,60763.5
VESLEFRIKK,2013-06-01,219,30,9101.3,58384.0
VESLEFRIKK,2013-07-01,220,31,9442.8,62837.1
VESLEFRIKK,2013-08-01,221,31,7614.7,50645.1
VESLEFRIKK,2013-09-01,222,30,8493.3,56597.7
VESLEFRIKK,2013-10-01,223,31,8562.2,54694.9
VESLEFRIKK,2013-11-01,224,30,7312.9,50224.1
VESLEFRIKK,2013-12-01,225,31,8748.9,59895.1
VESLEFRIKK,2014-01-01,226,31,8308.6,60205.6
VESLEFRIKK,2014-02-01,227,28,7763.4,59016.3
VESLEFRIKK,2014-03-01,228,31,9028.9,63238.9
VESLEFRIKK,2014-04-01,229,30,6633.6,47926.2
VESLEFRIKK,2014-05-01,230,31,574.2,1852.4
VESLEFRIKK,2014-06-01,231,30,9229.2,69793.7
VESLEFRIKK,2014-07-01,232,31,8789.5,70364.6
VESLEFRIKK,2014-08-01,233,31,9138.5,71300.0
VESLEFRIKK,2014-09-01,234,30,9239.7,73804.5
VESLEFRIKK,2014-10-01,235,31,9629.5,82832.6
VESLEFRIKK,2014-11-01,236,30,10678.0,73812.9
VESLEFRIKK,2014-12-01,237,31,9716.7,76642.2
VESLEFRIKK,2015-01-01,238,31,8284.3,67511.9
VESLEFRIKK,2015-02-01,239,28,8918.0,69571.9
VESLEFRIKK,2015-03-01,240,31,8345.1,74885.1
VESLEFRIKK,2015-04-01,241,30,9503.9,74188.2
VESLEFRIKK,2015-05-01,242,31,7708.0,70040.0
VESLEFRIKK,2015-06-01,243,30,5862.1,50700.0
VESLEFRIKK,2015-07-01,244,31,6486.6,72616.8
VESLEFRIKK,2015-08-01,245,31,6951.2,87838.1
VESLEFRIKK,2015-09-01,246,30,6388.3,73666.1
VESLEFRIKK,2015-10-01,247,31,6614.4,83510.3
VESLEFRIKK,2015-11-01,248,30,8044.7,84627.2
VESLEFRIKK,2015-12-01,249,31,8065.1,87407.9
VESLEFRIKK,2016-01-01,250,31,6324.3,72929.2
VESLEFRIKK,2016-02-01,251,29,5565.4,67480.9
VESLEFRIKK,2016-03-01,252,31,5569.5,71754.4
VESLEFRIKK,2016-04-01,253,30,8002.7,95210.8
VESLEFRIKK,2016-05-01,254,31,8050.9,101180.6
VESLEFRIKK,2016-06-01,255,30,7558.2,104419.1
VESLEFRIKK,2016-07-01,256,31,7119.6,94959.7
VESLEFRIKK,2016-08-01,257,31,5488.4,67617.4
VESLEFRIKK,2016-09-01,258,30,4163.8,53394.1
VESLEFRIKK,2016-10-01,259,31,4723.4,58403.8
VESLEFRIKK,2016-11-01,260,30,8921.0,92780.8
VESLEFRIKK,2016-12-01,261,31,8568.3,93525.3
VESLEFRIKK,2017-01-01,262,31,8115.9,95775.4
VESLEFRIKK,2017-02-01,263,28,7673.6,91927.7
VESLEFRIKK,2017-03-01,264,31,6302.0,83388.5
VESLEFRIKK,2017-04-01,265,30,7688.2,92843.7
VESLEFRIKK,2017-05-01,266,31,5451.8,69108.7
VESLEFRIKK,2017-06-01,267,30,2987.7,51377.2
VESLEFRIKK,2017-07-01,268,31,6539.4,74552.4
VESLEFRIKK,2017-08-01,269,31,4546.9,64744.4
VESLEFRIKK,2017-09-01,270,30,3207.8,41732.8
VESLEFRIKK,2017-10-01,271,31,4828.9,47617.8
VESLEFRIKK,2017-11-01,272,30,2989.8,33937.7
VESLEFRIKK,2017-12-01,273,31,4849.2,51606.8
VESLEFRIKK,2018-01-01,274,31,5920.5,60666.1
VESLEFRIKK,2018-02-01,275,28,5559.7,63778.6
VESLEFRIKK,2018-03-01,276,31,5898.2,68857.1
VESLEFRIKK,2018-04-01,277,30,6048.7,78027.1
VESLEFRIKK,2018-05-01,278,31,42.6,81.2
VESLEFRIKK,2018-06-01,279,30,4553.8,54771.6
VESLEFRIKK,2018-07-01,280,31,5202.3,61922.1
VESLEFRIKK,2018-08-01,281,31,5397.1,70299.7
VESLEFRIKK,2018-09-01,282,30,4291.7,48414.7
VESLEFRIKK,2018-10-01,283,31,5317.9,53688.5
VESLEFRIKK,2018-11-01,284,30,3669.0,41508.5
VESLEFRIKK,2018-12-01,285,31,5273.3,49060.4
VESLEFRIKK,2019-01-01,286,31,5417.3,58799.5
VESLEFRIKK,2019-02-01,287,28,4126.6,45199.0
VESLEFRIKK,2019-03-01,288,31,5104.9,50610.6
VESLEFRIKK,2019-04-01,289,30,4321.1,44143.9
VESLEFRIKK,2019-05-01,290,31,3096.2,32692.8
VESLEFRIKK,2019-06-01,291,30,3650.2,34195.5
VESLEFRIKK,2019-07-01,292,31,4751.8,54345.9
VESLEFRIKK,2019-08-01,293,31,4200.0,46501.9
VESLEFRIKK,2019-09-01,294,30,3975.2,38894.0
VESLEFRIKK,2019-10-01,295,31,3368.1,38629.5
VESLEFRIKK,2019-11-01,296,30,3111.4,37604.6
VESLEFRIKK,2019-12-01,297,31,4394.7,57294.0
VESLEFRIKK,2020-01-01,298,31,4524.6,61702.9
VESLEFRIKK,2020-02-01,299,29,4756.4,62544.5
VESLEFRIKK,2020-03-01,300,31,4688.9,56042.1
VESLEFRIKK,2020-04-01,301,30,4555.9,57012.8
VESLEFRIKK,2020-05-01,302,31,3197.7,37219.4
VESLEFRIKK,2020-06-01,303,30,4558.0,51375.1
VESLEFRIKK,2020-07-01,304,31,3883.4,46684.5
VESLEFRIKK,2020-08-01,305,31,3934.2,43213.0
VESLEFRIKK,2020-09-01,306,30,3748.7,38200.1
VESLEFRIKK,2020-10-01,307,31,3489.8,35608.4
VESLEFRIKK,2020-11-01,308,30,3499.2,32377.8
VESLEFRIKK,2020-12-01,309,31,3495.9,32378.3
VESLEFRIKK,2021-01-01,310,31,3357.9,34458.0
VESLEFRIKK,2021-02-01,311,28,2347.4,22589.4
VESLEFRIKK,2021-03-01,312,31,3029.2,31122.3
VESLEFRIKK,2021-04-01,313,30,1411.0,13760.0
VESLEFRIKK,2021-05-01,314,31,2686.4,30136.3
VESLEFRIKK,2021-06-01,315,30,1935.2,22494.4
VESLEFRIKK,2021-07-01,316,31,2317.1,27910.5
VESLEFRIKK,2021-08-01,317,31,2430.7,28933.1
VESLEFRIKK,2021-09-01,318,30,2086.1,25624.6
VESLEFRIKK,2021-10-01,319,31,1511.6,15619.0
VESLEFRIKK,2021-11-01,320,30,1532.6,19961.7
VESLEFRIKK,2021-12-01,321,31,823.8,9532.1
VESLEFRIKK,2022-01-01,322,31,247.5,4315.6
VESLEFRIKK,2022-02-01,323,28,173.0,3848.0
VESLEFRIKK,2022-03-01,324,31,235.4,0.0
VESLEFRIKK,2022-04-01,325,30,0.0,0.0
VESLEFRIKK,2022-05-01,326,31,0.0,0.0
VESLEFRIKK,2022-06-01,327,30,0.0,0.0
VESLEFRIKK,2022-07-01,328,31,0.0,0.0
VESLEFRIKK,2022-08-01,329,31,0.0,0.0
VESLEFRIKK,2022-09-01,330,30,0.0,0.0
VESLEFRIKK,2022-10-01,331,31,0.0,0.0
VESLEFRIKK,2022-11-01,332,30,0.0,0.0
VESLEFRIKK,2022-12-01,333,31,0.0,0.0
VESLEFRIKK,2023-01-01,334,31,0.0,0.0
VESLEFRIKK,2023-02-01,335,28,0.0,0.0
VESLEFRIKK,2023-03-01,336,31,0.0,0.0
VESLEFRIKK,2023-04-01,337,30,0.0,0.0
VESLEFRIKK,2023-05-01,338,31,0.0,0.0
VESLEFRIKK,2023-06-01,339,30,0.0,0.0
VESLEFRIKK,2023-07-01,340,31,0.0,0.0
VESLEFRIKK,2023-08-01,341,31,0.0,0.0
VESLEFRIKK,2023-09-01,342,30,0.0,0.0
VESLEFRIKK,2023-10-01,343,31,0.0,0.0
VESLEFRIKK,2023-11-01,344,30,0.0,0.0
VESLEFRIKK,2023-12-01,345,31,0.0,0.0
VESLEFRIKK,2024-01-01,346,31,-103.5,0.0
VESLEFRIKK,2024-02-01,347,29,0.0,0.0
VESLEFRIKK,2024-03-01,348,31,0.0,0.0
VESLEFRIKK,2025-01-01,349,31,624.9,0.0
VESLEFRIKK,2025-04-01,350,30,469.6,0.0
VEST EKOFISK,1978-03-01,0,31,69143.2,0.0
VEST EKOFISK,1978-04-01,1,30,73339.1,0.0
VEST EKOFISK,1978-05-01,2,31,63752.2,0.0
VEST EKOFISK,1978-06-01,3,30,58939.6,0.0
VEST EKOFISK,1978-07-01,4,31,60682.4,0.0
VEST EKOFISK,1978-08-01,5,31,67209.6,0.0
VEST EKOFISK,1978-09-01,6,30,65858.4,0.0
VEST EKOFISK,1978-10-01,7,31,54721.3,0.0
VEST EKOFISK,1978-11-01,8,30,59646.2,0.0
VEST EKOFISK,1978-12-01,9,31,57466.5,0.0
VEST EKOFISK,1979-01-01,10,31,55153.4,0.0
VEST EKOFISK,1979-02-01,11,28,45439.3,0.0
VEST EKOFISK,1979-03-01,12,31,38430.7,0.0
VEST EKOFISK,1979-04-01,13,30,44026.5,0.0
VEST EKOFISK,1979-05-01,14,31,38406.3,0.0
VEST EKOFISK,1979-06-01,15,30,36025.9,0.0
VEST EKOFISK,1979-07-01,16,31,36269.8,0.0
VEST EKOFISK,1979-08-01,17,31,34042.0,0.0
VEST EKOFISK,1979-09-01,18,30,35273.2,0.0
VEST EKOFISK,1979-10-01,19,31,21466.5,0.0
VEST EKOFISK,1979-11-01,20,30,29580.9,0.0
VEST EKOFISK,1979-12-01,21,31,28358.9,0.0
VEST EKOFISK,1980-01-01,22,31,27587.9,0.0
VEST EKOFISK,1980-02-01,23,29,26362.9,0.0
VEST EKOFISK,1980-03-01,24,31,24414.6,0.0
VEST EKOFISK,1980-04-01,25,30,23452.6,0.0
VEST EKOFISK,1980-05-01,26,31,21799.2,0.0
VEST EKOFISK,1980-06-01,27,30,20789.9,0.0
VEST EKOFISK,1980-07-01,28,31,10836.7,0.0
VEST EKOFISK,1980-08-01,29,31,16840.4,0.0
VEST EKOFISK,1980-09-01,30,30,17554.8,0.0
VEST EKOFISK,1980-10-01,31,31,17788.0,0.0
VEST EKOFISK,1980-11-01,32,30,18079.0,0.0
VEST EKOFISK,1980-12-01,33,31,14480.7,0.0
VEST EKOFISK,1981-01-01,34,31,12774.4,0.0
VEST EKOFISK,1981-02-01,35,28,10676.9,0.0
VEST EKOFISK,1981-03-01,36,31,10978.7,0.0
VEST EKOFISK,1981-04-01,37,30,11185.4,0.0
VEST EKOFISK,1981-05-01,38,31,11021.4,0.0
VEST EKOFISK,1981-06-01,39,30,10810.1,0.0
VEST EKOFISK,1981-07-01,40,31,10712.9,0.0
VEST EKOFISK,1981-08-01,41,31,2887.2,0.0
VEST EKOFISK,1981-09-01,42,30,7585.5,0.0
VEST EKOFISK,1981-10-01,43,31,6206.6,0.0
VEST EKOFISK,1981-11-01,44,30,8212.4,0.0
VEST EKOFISK,1981-12-01,45,31,10021.1,0.0
VEST EKOFISK,1982-01-01,46,31,9832.4,0.0
VEST EKOFISK,1982-02-01,47,28,10252.4,0.0
VEST EKOFISK,1982-03-01,48,31,10015.0,0.0
VEST EKOFISK,1982-04-01,49,30,10501.9,0.0
VEST EKOFISK,1982-05-01,50,31,8065.1,0.0
VEST EKOFISK,1982-06-01,51,30,10275.4,0.0
VEST EKOFISK,1982-07-01,52,31,7071.0,0.0
VEST EKOFISK,1982-08-01,53,31,8190.9,0.0
VEST EKOFISK,1982-09-01,54,30,8711.4,0.0
VEST EKOFISK,1982-10-01,55,31,7050.7,0.0
VEST EKOFISK,1982-11-01,56,30,9015.4,0.0
VEST EKOFISK,1982-12-01,57,31,9195.3,0.0
VEST EKOFISK,1983-01-01,58,31,9536.1,0.0
VEST EKOFISK,1983-02-01,59,28,10018.8,0.0
VEST EKOFISK,1983-03-01,60,31,9181.1,0.0
VEST EKOFISK,1983-04-01,61,30,8472.4,0.0
VEST EKOFISK,1983-05-01,62,31,8568.3,0.0
VEST EKOFISK,1983-06-01,63,30,8874.9,0.0
VEST EKOFISK,1983-07-01,64,31,7913.0,0.0
VEST EKOFISK,1983-08-01,65,31,8124.0,0.0
VEST EKOFISK,1983-09-01,66,30,9457.8,0.0
VEST EKOFISK,1983-10-01,67,31,9045.1,0.0
VEST EKOFISK,1983-11-01,68,30,9036.3,0.0
VEST EKOFISK,1983-12-01,69,31,8826.0,0.0
VEST EKOFISK,1984-01-01,70,31,8588.6,0.0
VEST EKOFISK,1984-02-01,71,29,7402.4,0.0
VEST EKOFISK,1984-03-01,72,31,7097.3,0.0
VEST EKOFISK,1984-04-01,73,30,6793.0,0.0
VEST EKOFISK,1984-05-01,74,31,7164.3,0.0
VEST EKOFISK,1984-06-01,75,30,7059.3,0.0
VEST EKOFISK,1984-07-01,76,31,6742.3,0.0
VEST EKOFISK,1984-08-01,77,31,3950.4,0.0
VEST EKOFISK,1984-09-01,78,30,6250.0,0.0
VEST EKOFISK,1984-10-01,79,31,7097.3,0.0
VEST EKOFISK,1984-11-01,80,30,7023.6,0.0
VEST EKOFISK,1984-12-01,81,31,7117.6,0.0
VEST EKOFISK,1985-01-01,82,31,8026.6,0.0
VEST EKOFISK,1985-02-01,83,28,8158.8,0.0
VEST EKOFISK,1985-03-01,84,31,7570.1,0.0
VEST EKOFISK,1985-04-01,85,30,7206.0,0.0
VEST EKOFISK,1985-05-01,86,31,7288.1,0.0
VEST EKOFISK,1985-06-01,87,30,6793.0,0.0
VEST EKOFISK,1985-07-01,88,31,6228.9,0.0
VEST EKOFISK,1985-08-01,89,31,5892.1,0.0
VEST EKOFISK,1985-09-01,90,30,6029.8,0.0
VEST EKOFISK,1985-10-01,91,31,5175.9,0.0
VEST EKOFISK,1985-11-01,92,30,4929.1,0.0
VEST EKOFISK,1985-12-01,93,31,5528.9,0.0
VEST EKOFISK,1986-01-01,94,31,5723.7,0.0
VEST EKOFISK,1986-02-01,95,28,5840.5,0.0
VEST EKOFISK,1986-03-01,96,31,6137.6,0.0
VEST EKOFISK,1986-04-01,97,30,1977.1,0.0
VEST EKOFISK,1986-05-01,98,31,6391.2,0.0
VEST EKOFISK,1986-06-01,99,30,6304.5,0.0
VEST EKOFISK,1986-07-01,100,31,6176.2,0.0
VEST EKOFISK,1986-08-01,101,31,6131.5,0.0
VEST EKOFISK,1986-09-01,102,30,6025.6,0.0
VEST EKOFISK,1986-10-01,103,31,6237.0,0.0
VEST EKOFISK,1986-11-01,104,30,5625.2,0.0
VEST EKOFISK,1986-12-01,105,31,5991.5,0.0
VEST EKOFISK,1987-01-01,106,31,5524.9,0.0
VEST EKOFISK,1987-02-01,107,28,5600.2,0.0
VEST EKOFISK,1987-03-01,108,31,5766.3,0.0
VEST EKOFISK,1987-04-01,109,30,5010.9,0.0
VEST EKOFISK,1987-05-01,110,31,5238.8,0.0
VEST EKOFISK,1987-06-01,111,30,5516.2,0.0
VEST EKOFISK,1987-07-01,112,31,5275.3,0.0
VEST EKOFISK,1987-08-01,113,31,1223.5,0.0
VEST EKOFISK,1987-09-01,114,30,4505.6,0.0
VEST EKOFISK,1987-10-01,115,31,4591.6,0.0
VEST EKOFISK,1987-11-01,116,30,5048.6,0.0
VEST EKOFISK,1987-12-01,117,31,5386.9,0.0
VEST EKOFISK,1988-01-01,118,31,5705.5,0.0
VEST EKOFISK,1988-02-01,119,29,6491.5,0.0
VEST EKOFISK,1988-03-01,120,31,4851.3,0.0
VEST EKOFISK,1988-04-01,121,30,4899.8,0.0
VEST EKOFISK,1988-05-01,122,31,4818.8,0.0
VEST EKOFISK,1988-06-01,123,30,4734.1,0.0
VEST EKOFISK,1988-07-01,124,31,5031.8,0.0
VEST EKOFISK,1988-08-01,125,31,4277.1,0.0
VEST EKOFISK,1988-09-01,126,30,4935.4,0.0
VEST EKOFISK,1988-10-01,127,31,4372.4,0.0
VEST EKOFISK,1988-11-01,128,30,4470.0,0.0
VEST EKOFISK,1988-12-01,129,31,4163.4,0.0
VEST EKOFISK,1989-01-01,130,31,4435.3,0.0
VEST EKOFISK,1989-02-01,131,28,4353.4,0.0
VEST EKOFISK,1989-03-01,132,31,3648.1,0.0
VEST EKOFISK,1989-04-01,133,30,2824.1,0.0
VEST EKOFISK,1989-05-01,134,31,3220.0,0.0
VEST EKOFISK,1989-06-01,135,30,4050.6,0.0
VEST EKOFISK,1989-07-01,136,31,3788.1,0.0
VEST EKOFISK,1989-08-01,137,31,3733.3,0.0
VEST EKOFISK,1989-09-01,138,30,3522.3,0.0
VEST EKOFISK,1989-10-01,139,31,3706.9,0.0
VEST EKOFISK,1989-11-01,140,30,3526.5,0.0
VEST EKOFISK,1989-12-01,141,31,3345.8,0.0
VEST EKOFISK,1990-01-01,142,31,3171.3,0.0
VEST EKOFISK,1990-02-01,143,28,3261.7,0.0
VEST EKOFISK,1990-03-01,144,31,3149.0,0.0
VEST EKOFISK,1990-04-01,145,30,2851.4,0.0
VEST EKOFISK,1990-05-01,146,31,2982.6,0.0
VEST EKOFISK,1990-06-01,147,30,2847.2,0.0
VEST EKOFISK,1990-07-01,148,31,2404.3,0.0
VEST EKOFISK,1990-08-01,149,31,2631.6,0.0
VEST EKOFISK,1990-09-01,150,30,2576.7,0.0
VEST EKOFISK,1990-10-01,151,31,2400.3,0.0
VEST EKOFISK,1990-11-01,152,30,2130.1,0.0
VEST EKOFISK,1990-12-01,153,31,2077.7,0.0
VEST EKOFISK,1991-01-01,154,31,2160.9,0.0
VEST EKOFISK,1991-02-01,155,28,2024.0,0.0
VEST EKOFISK,1991-03-01,156,31,2093.9,0.0
VEST EKOFISK,1991-04-01,157,30,2308.4,0.0
VEST EKOFISK,1991-05-01,158,31,2536.2,0.0
VEST EKOFISK,1991-06-01,159,30,2360.8,0.0
VEST EKOFISK,1991-07-01,160,31,2233.9,0.0
VEST EKOFISK,1991-08-01,161,31,756.8,0.0
VEST EKOFISK,1991-09-01,162,30,2174.2,0.0
VEST EKOFISK,1991-10-01,163,31,2055.3,0.0
VEST EKOFISK,1991-11-01,164,30,2052.6,0.0
VEST EKOFISK,1991-12-01,165,31,1882.9,0.0
VEST EKOFISK,1992-01-01,166,31,2024.9,0.0
VEST EKOFISK,1992-02-01,167,29,1880.4,0.0
VEST EKOFISK,1992-03-01,168,31,1306.7,0.0
VEST EKOFISK,1992-04-01,169,30,2044.2,0.0
VEST EKOFISK,1992-05-01,170,31,1570.4,0.0
VEST EKOFISK,1992-06-01,171,30,1664.7,0.0
VEST EKOFISK,1992-07-01,172,31,2000.6,0.0
VEST EKOFISK,1992-08-01,173,31,1905.2,0.0
VEST EKOFISK,1992-09-01,174,30,1635.3,0.0
VEST EKOFISK,1992-10-01,175,31,1430.4,0.0
VEST EKOFISK,1992-11-01,176,30,1289.4,0.0
VEST EKOFISK,1992-12-01,177,31,1641.4,0.0
VEST EKOFISK,1993-01-01,178,31,1578.5,0.0
VEST EKOFISK,1993-02-01,179,28,1527.5,0.0
VEST EKOFISK,1993-03-01,180,31,1436.5,0.0
VEST EKOFISK,1993-04-01,181,30,1517.9,0.0
VEST EKOFISK,1993-05-01,182,31,1479.1,0.0
VEST EKOFISK,1993-06-01,183,30,1830.3,0.0
VEST EKOFISK,1993-07-01,184,31,2199.4,0.0
VEST EKOFISK,1993-08-01,185,31,2572.7,0.0
VEST EKOFISK,1993-09-01,186,30,2096.6,0.0
VEST EKOFISK,1993-10-01,187,31,2209.5,0.0
VEST EKOFISK,1993-11-01,188,30,2019.0,0.0
VEST EKOFISK,1993-12-01,189,31,1884.9,0.0
VEST EKOFISK,1994-01-01,190,31,1874.8,0.0
VEST EKOFISK,1994-02-01,191,28,1747.7,0.0
VEST EKOFISK,1994-03-01,192,31,1951.9,0.0
VEST EKOFISK,1994-04-01,193,30,1842.9,0.0
VEST EKOFISK,1994-05-01,194,31,1720.6,0.0
VEST EKOFISK,1994-06-01,195,30,1742.3,0.0
VEST EKOFISK,1994-07-01,196,31,1627.2,0.0
VEST EKOFISK,1994-08-01,197,31,963.8,0.0
VEST EKOFISK,1994-09-01,198,30,1622.8,0.0
VEST EKOFISK,1994-10-01,199,31,1775.3,0.0
VEST EKOFISK,1994-11-01,200,30,1696.1,0.0
VEST EKOFISK,1994-12-01,201,31,1558.2,0.0
VEST EKOFISK,1995-01-01,202,31,1458.8,0.0
VEST EKOFISK,1995-02-01,203,28,1570.2,0.0
VEST EKOFISK,1995-03-01,204,31,1473.0,0.0
VEST EKOFISK,1995-04-01,205,30,1530.5,0.0
VEST EKOFISK,1995-05-01,206,31,1347.2,0.0
VEST EKOFISK,1995-06-01,207,30,1308.3,0.0
VEST EKOFISK,1995-07-01,208,31,1049.0,0.0
VEST EKOFISK,1995-08-01,209,31,769.0,0.0
VEST EKOFISK,1995-09-01,210,30,981.2,0.0
VEST EKOFISK,1995-10-01,211,31,1044.9,0.0
VEST EKOFISK,1995-11-01,212,30,1039.9,0.0
VEST EKOFISK,1995-12-01,213,31,1136.2,0.0
VEST EKOFISK,1996-01-01,214,31,1099.7,0.0
VEST EKOFISK,1996-02-01,215,29,1179.9,0.0
VEST EKOFISK,1996-03-01,216,31,1142.3,0.0
VEST EKOFISK,1996-04-01,217,30,1136.4,0.0
VEST EKOFISK,1996-05-01,218,31,868.4,0.0
VEST EKOFISK,1996-06-01,219,30,819.8,0.0
VEST EKOFISK,1996-07-01,220,31,732.5,0.0
VEST EKOFISK,1996-08-01,221,31,722.3,0.0
VEST EKOFISK,1996-09-01,222,30,792.5,0.0
VEST EKOFISK,1996-10-01,223,31,888.7,0.0
VEST EKOFISK,1996-11-01,224,30,1014.8,0.0
VEST EKOFISK,1996-12-01,225,31,909.0,0.0
VEST EKOFISK,1997-01-01,226,31,724.3,0.0
VEST EKOFISK,1997-02-01,227,28,898.5,0.0
VEST EKOFISK,1997-03-01,228,31,754.8,0.0
VEST EKOFISK,1997-04-01,229,30,847.0,0.0
VEST EKOFISK,1997-05-01,230,31,744.6,0.0
VEST EKOFISK,1997-06-01,231,30,702.4,0.0
VEST EKOFISK,1997-07-01,232,31,651.3,0.0
VEST EKOFISK,1997-08-01,233,31,833.9,0.0
VEST EKOFISK,1997-09-01,234,30,826.1,0.0
VEST EKOFISK,1997-10-01,235,31,821.7,0.0
VEST EKOFISK,1997-11-01,236,30,821.9,0.0
VEST EKOFISK,1997-12-01,237,31,941.4,0.0
VEST EKOFISK,1998-01-01,238,31,823.8,0.0
VEST EKOFISK,1998-02-01,239,28,784.0,0.0
VEST EKOFISK,1998-03-01,240,31,756.8,0.0
VEST EKOFISK,1998-04-01,241,30,832.4,0.0
VEST EKOFISK,1998-05-01,242,31,799.4,0.0
VEST EKOFISK,1998-06-01,243,30,748.5,0.0
VEST EKOFISK,1998-07-01,244,31,564.1,0.0
VIGDIS,1998-11-01,0,30,103446.2,0.0
VIGDIS,1998-12-01,1,31,104268.7,0.0
VIGDIS,1999-01-01,2,31,90544.7,0.0
VIGDIS,1999-02-01,3,28,96923.6,0.0
VIGDIS,1999-03-01,4,31,89223.9,0.0
VIGDIS,1999-04-01,5,30,89325.6,0.0
VIGDIS,1999-05-01,6,31,97508.1,0.0
VIGDIS,1999-06-01,7,30,95808.3,0.0
VIGDIS,1999-07-01,8,31,92555.4,0.0
VIGDIS,1999-08-01,9,31,82925.9,0.0
VIGDIS,1999-09-01,10,30,57230.9,0.0
VIGDIS,1999-10-01,11,31,97155.1,0.0
VIGDIS,1999-11-01,12,30,80765.2,0.0
VIGDIS,1999-12-01,13,31,86405.6,0.0
VIGDIS,2000-01-01,14,31,91506.4,10828.6
VIGDIS,2000-02-01,15,29,92577.2,11913.7
VIGDIS,2000-03-01,16,31,90090.2,16718.7
VIGDIS,2000-04-01,17,30,56771.7,12017.7
VIGDIS,2000-05-01,18,31,91013.4,22834.0
VIGDIS,2000-06-01,19,30,75626.5,21450.3
VIGDIS,2000-07-01,20,31,82213.8,21515.2
VIGDIS,2000-08-01,21,31,60148.7,21198.7
VIGDIS,2000-09-01,22,30,17800.1,4641.9
VIGDIS,2000-10-01,23,31,68794.2,24883.3
VIGDIS,2000-11-01,24,30,66258.8,29167.9
VIGDIS,2000-12-01,25,31,71924.9,34328.1
VIGDIS,2001-01-01,26,31,66864.6,36202.9
VIGDIS,2001-02-01,27,28,65530.7,36593.2
VIGDIS,2001-03-01,28,31,73462.8,38278.5
VIGDIS,2001-04-01,29,30,72838.0,44657.6
VIGDIS,2001-05-01,30,31,68122.6,37065.2
VIGDIS,2001-06-01,31,30,61306.7,38709.5
VIGDIS,2001-07-01,32,31,68390.4,48330.0
VIGDIS,2001-08-01,33,31,66355.4,47717.3
VIGDIS,2001-09-01,34,30,61694.6,48114.9
VIGDIS,2001-10-01,35,31,59722.7,43499.0
VIGDIS,2001-11-01,36,30,51683.3,30908.1
VIGDIS,2001-12-01,37,31,43028.3,22196.9
VIGDIS,2002-01-01,38,31,43363.1,23199.2
VIGDIS,2002-02-01,39,28,49197.5,23303.7
VIGDIS,2002-03-01,40,31,40039.6,13480.5
VIGDIS,2002-04-01,41,30,49997.6,22188.3
VIGDIS,2002-05-01,42,31,44970.0,20989.7
VIGDIS,2002-06-01,43,30,51622.5,18752.0
VIGDIS,2002-07-01,44,31,67692.5,37274.2
VIGDIS,2002-08-01,45,31,75771.8,47729.4
VIGDIS,2002-09-01,46,30,7537.3,4857.8
VIGDIS,2002-10-01,47,31,49636.7,24550.5
VIGDIS,2002-11-01,48,30,79966.4,49767.0
VIGDIS,2002-12-01,49,31,70427.5,49571.7
VIGDIS,2003-01-01,50,31,63514.8,47855.2
VIGDIS,2003-02-01,51,28,66272.0,55743.4
VIGDIS,2003-03-01,52,31,63774.5,54970.8
VIGDIS,2003-04-01,53,30,55836.7,55140.6
VIGDIS,2003-05-01,54,31,57523.3,60132.5
VIGDIS,2003-06-01,55,30,57321.0,62438.8
VIGDIS,2003-07-01,56,31,55833.1,60785.8
VIGDIS,2003-08-01,57,31,54317.5,64998.0
VIGDIS,2003-09-01,58,30,27427.7,32841.1
VIGDIS,2003-10-01,59,31,45292.6,58409.9
VIGDIS,2003-11-01,60,30,76532.2,51530.2
VIGDIS,2003-12-01,61,31,71841.7,50845.9
VIGDIS,2004-01-01,62,31,74248.0,52519.8
VIGDIS,2004-02-01,63,29,75191.3,43553.6
VIGDIS,2004-03-01,64,31,74414.4,47885.7
VIGDIS,2004-04-01,65,30,78022.9,49523.8
VIGDIS,2004-05-01,66,31,81960.2,53043.3
VIGDIS,2004-06-01,67,30,58595.8,38137.2
VIGDIS,2004-07-01,68,31,76084.3,51789.4
VIGDIS,2004-08-01,69,31,36180.6,25522.4
VIGDIS,2004-09-01,70,30,40200.2,18164.9
VIGDIS,2004-10-01,71,31,76715.3,52061.3
VIGDIS,2004-11-01,72,30,68967.7,49064.6
VIGDIS,2004-12-01,73,31,0.0,0.0
VIGDIS,2005-01-01,74,31,27362.7,8215.3
VIGDIS,2005-02-01,75,28,60287.7,35961.9
VIGDIS,2005-03-01,76,31,76989.2,39197.6
VIGDIS,2005-04-01,77,30,63438.9,40483.2
VIGDIS,2005-05-01,78,31,62609.9,45605.1
VIGDIS,2005-06-01,79,30,65575.4,41043.0
VIGDIS,2005-07-01,80,31,66962.0,39106.3
VIGDIS,2005-08-01,81,31,70847.5,27247.0
VIGDIS,2005-09-01,82,30,73454.4,43976.2
VIGDIS,2005-10-01,83,31,60416.6,28760.6
VIGDIS,2005-11-01,84,30,66694.9,37707.4
VIGDIS,2005-12-01,85,31,68755.6,25376.3
VIGDIS,2006-01-01,86,31,73140.2,32707.0
VIGDIS,2006-02-01,87,28,68951.9,52155.9
VIGDIS,2006-03-01,88,31,56571.7,41035.9
VIGDIS,2006-04-01,89,30,0.0,0.0
VIGDIS,2006-05-01,90,31,53236.1,22953.7
VIGDIS,2006-06-01,91,30,88369.6,36508.1
VIGDIS,2006-07-01,92,31,80894.9,28001.8
VIGDIS,2006-08-01,93,31,77622.2,47191.8
VIGDIS,2006-09-01,94,30,91340.5,32593.7
VIGDIS,2006-10-01,95,31,55977.2,17540.4
VIGDIS,2006-11-01,96,30,65474.7,39225.3
VIGDIS,2006-12-01,97,31,65541.7,38627.5
VIGDIS,2007-01-01,98,31,66771.3,49030.0
VIGDIS,2007-02-01,99,28,67069.5,61361.5
VIGDIS,2007-03-01,100,31,72748.6,54654.3
VIGDIS,2007-04-01,101,30,74597.0,53318.6
VIGDIS,2007-05-01,102,31,66089.6,50306.2
VIGDIS,2007-06-01,103,30,64145.5,60776.2
VIGDIS,2007-07-01,104,31,59682.1,50198.7
VIGDIS,2007-08-01,105,31,0.0,0.0
VIGDIS,2007-09-01,106,30,45657.7,28178.3
VIGDIS,2007-10-01,107,31,58949.6,46607.4
VIGDIS,2007-11-01,108,30,50626.6,39516.7
VIGDIS,2007-12-01,109,31,52631.4,47828.9
VIGDIS,2008-01-01,110,31,60041.2,54733.4
VIGDIS,2008-02-01,111,29,63780.7,58607.9
VIGDIS,2008-03-01,112,31,65748.7,49638.7
VIGDIS,2008-04-01,113,30,50454.7,51760.9
VIGDIS,2008-05-01,114,31,41959.1,43036.4
VIGDIS,2008-06-01,115,30,50930.6,33646.2
VIGDIS,2008-07-01,116,31,61065.8,42740.2
VIGDIS,2008-08-01,117,31,26084.4,21178.4
VIGDIS,2008-09-01,118,30,10837.3,6283.5
VIGDIS,2008-10-01,119,31,64872.2,49833.5
VIGDIS,2008-11-01,120,30,63652.8,40682.4
VIGDIS,2008-12-01,121,31,72967.8,45688.3
VIGDIS,2009-01-01,122,31,67915.6,50369.1
VIGDIS,2009-02-01,123,28,61172.8,52778.2
VIGDIS,2009-03-01,124,31,63928.7,63831.3
VIGDIS,2009-04-01,125,30,36015.4,34652.6
VIGDIS,2009-05-01,126,31,44501.3,57074.9
VIGDIS,2009-06-01,127,30,55761.2,60790.9
VIGDIS,2009-07-01,128,31,56583.9,54948.5
VIGDIS,2009-08-01,129,31,45361.6,48031.8
VIGDIS,2009-09-01,130,30,2.1,0.0
VIGDIS,2009-10-01,131,31,31112.2,40031.5
VIGDIS,2009-11-01,132,30,41235.9,65449.6
VIGDIS,2009-12-01,133,31,40837.0,64158.0
VIGDIS,2010-01-01,134,31,45919.6,64362.9
VIGDIS,2010-02-01,135,28,48316.9,55801.8
VIGDIS,2010-03-01,136,31,39323.4,50099.3
VIGDIS,2010-04-01,137,30,24668.6,27840.8
VIGDIS,2010-05-01,138,31,45018.7,55956.9
VIGDIS,2010-06-01,139,30,27574.5,52016.6
VIGDIS,2010-07-01,140,31,43862.2,60568.7
VIGDIS,2010-08-01,141,31,702.0,840.0
VIGDIS,2010-09-01,142,30,7952.4,7241.7
VIGDIS,2010-10-01,143,31,45114.1,49350.6
VIGDIS,2010-11-01,144,30,39948.6,51448.5
VIGDIS,2010-12-01,145,31,39321.4,51566.2
VIGDIS,2011-01-01,146,31,40151.2,58278.0
VIGDIS,2011-02-01,147,28,34987.0,54346.1
VIGDIS,2011-03-01,148,31,37746.9,73667.8
VIGDIS,2011-04-01,149,30,43177.4,68183.5
VIGDIS,2011-05-01,150,31,39487.8,76857.3
VIGDIS,2011-06-01,151,30,36596.2,85696.4
VIGDIS,2011-07-01,152,31,34762.3,85985.6
VIGDIS,2011-08-01,153,31,18481.9,34634.5
VIGDIS,2011-09-01,154,30,7321.3,17850.5
VIGDIS,2011-10-01,155,31,37641.4,62784.4
VIGDIS,2011-11-01,156,30,46012.0,77081.5
VIGDIS,2011-12-01,157,31,44209.2,78295.8
VIGDIS,2012-01-01,158,31,43505.1,86659.2
VIGDIS,2012-02-01,159,29,40016.1,89757.6
VIGDIS,2012-03-01,160,31,32599.4,93862.1
VIGDIS,2012-04-01,161,30,34539.4,85134.5
VIGDIS,2012-05-01,162,31,32930.1,76199.9
VIGDIS,2012-06-01,163,30,30750.8,73123.1
VIGDIS,2012-07-01,164,31,35685.5,82958.4
VIGDIS,2012-08-01,165,31,30251.9,59584.7
VIGDIS,2012-09-01,166,30,10921.2,23708.4
VIGDIS,2012-10-01,167,31,28269.6,59355.4
VIGDIS,2012-11-01,168,30,29664.8,68659.5
VIGDIS,2012-12-01,169,31,34589.8,84516.7
VIGDIS,2013-01-01,170,31,33019.4,82079.9
VIGDIS,2013-02-01,171,28,33942.5,84570.9
VIGDIS,2013-03-01,172,31,30779.4,57105.3
VIGDIS,2013-04-01,173,30,35422.1,71842.1
VIGDIS,2013-05-01,174,31,28486.7,70959.1
VIGDIS,2013-06-01,175,30,25704.3,65730.5
VIGDIS,2013-07-01,176,31,34295.6,77084.5
VIGDIS,2013-08-01,177,31,34287.5,67558.5
VIGDIS,2013-09-01,178,30,30258.1,50978.8
VIGDIS,2013-10-01,179,31,24148.8,47670.6
VIGDIS,2013-11-01,180,30,39334.3,73691.3
VIGDIS,2013-12-01,181,31,44937.6,102442.6
VIGDIS,2014-01-01,182,31,39011.0,99220.6
VIGDIS,2014-02-01,183,28,47867.6,82710.9
VIGDIS,2014-03-01,184,31,44836.1,57442.1
VIGDIS,2014-04-01,185,30,43261.2,67009.4
VIGDIS,2014-05-01,186,31,34167.8,55429.4
VIGDIS,2014-06-01,187,30,6935.6,8843.5
VIGDIS,2014-07-01,188,31,40360.2,59379.8
VIGDIS,2014-08-01,189,31,44968.0,84658.7
VIGDIS,2014-09-01,190,30,37982.0,74165.1
VIGDIS,2014-10-01,191,31,39672.4,85742.1
VIGDIS,2014-11-01,192,30,38818.5,89116.0
VIGDIS,2014-12-01,193,31,39075.9,86596.3
VIGDIS,2015-01-01,194,31,38960.2,82767.7
VIGDIS,2015-02-01,195,28,37783.7,82472.8
VIGDIS,2015-03-01,196,31,34526.9,67789.8
VIGDIS,2015-04-01,197,30,40376.3,91093.1
VIGDIS,2015-05-01,198,31,36308.4,84403.0
VIGDIS,2015-06-01,199,30,34872.7,77811.1
VIGDIS,2015-07-01,200,31,37391.8,91041.8
VIGDIS,2015-08-01,201,31,33338.0,81444.8
VIGDIS,2015-09-01,202,30,22335.1,53148.8
VIGDIS,2015-10-01,203,31,35551.6,100141.7
VIGDIS,2015-11-01,204,30,35313.0,85021.3
VIGDIS,2015-12-01,205,31,37239.7,78324.2
VIGDIS,2016-01-01,206,31,36929.2,84027.7
VIGDIS,2016-02-01,207,29,31711.4,80548.5
VIGDIS,2016-03-01,208,31,31990.7,93714.0
VIGDIS,2016-04-01,209,30,31231.0,91837.4
VIGDIS,2016-05-01,210,31,27825.3,77502.5
VIGDIS,2016-06-01,211,30,30415.4,89594.0
VIGDIS,2016-07-01,212,31,28127.6,85180.1
VIGDIS,2016-08-01,213,31,30667.8,85194.3
VIGDIS,2016-09-01,214,30,29599.8,86560.2
VIGDIS,2016-10-01,215,31,25891.7,83500.1
VIGDIS,2016-11-01,216,30,28494.9,100467.0
VIGDIS,2016-12-01,217,31,25047.6,109008.3
VIGDIS,2017-01-01,218,31,23635.4,96690.5
VIGDIS,2017-02-01,219,28,25604.0,101393.8
VIGDIS,2017-03-01,220,31,23854.6,95925.5
VIGDIS,2017-04-01,221,30,27358.5,86273.0
VIGDIS,2017-05-01,222,31,23185.0,84354.3
VIGDIS,2017-06-01,223,30,21706.1,77022.8
VIGDIS,2017-07-01,224,31,22495.2,80493.2
VIGDIS,2017-08-01,225,31,2998.8,12427.4
VIGDIS,2017-09-01,226,30,12439.1,33023.5
VIGDIS,2017-10-01,227,31,29091.3,82272.6
VIGDIS,2017-11-01,228,30,28283.1,86692.3
VIGDIS,2017-12-01,229,31,25909.9,86567.9
VIGDIS,2018-01-01,230,31,22988.2,74885.1
VIGDIS,2018-02-01,231,28,21989.6,73561.5
VIGDIS,2018-03-01,232,31,22692.0,77334.1
VIGDIS,2018-04-01,233,30,25364.7,68779.0
VIGDIS,2018-05-01,234,31,26263.0,75286.9
VIGDIS,2018-06-01,235,30,28652.1,94682.5
VIGDIS,2018-07-01,236,31,26210.2,96250.2
VIGDIS,2018-08-01,237,31,22683.9,80580.5
VIGDIS,2018-09-01,238,30,21494.3,84113.5
VIGDIS,2018-10-01,239,31,22491.1,83885.6
VIGDIS,2018-11-01,240,30,22806.8,98842.1
VIGDIS,2018-12-01,241,31,22468.8,93291.9
VIGDIS,2019-01-01,242,31,23312.8,90658.3
VIGDIS,2019-02-01,243,28,23703.6,92509.5
VIGDIS,2019-03-01,244,31,21488.8,97532.5
VIGDIS,2019-04-01,245,30,24041.7,89640.1
VIGDIS,2019-05-01,246,31,16294.6,67375.9
VIGDIS,2019-06-01,247,30,2943.6,9929.5
VIGDIS,2019-07-01,248,31,20521.0,94836.0
VIGDIS,2019-08-01,249,31,18212.0,91279.2
VIGDIS,2019-09-01,250,30,10818.5,53884.7
VIGDIS,2019-10-01,251,31,11737.6,50561.9
VIGDIS,2019-11-01,252,30,12797.6,72286.6
VIGDIS,2019-12-01,253,31,16899.3,63153.6
VIGDIS,2020-01-01,254,31,15235.5,69441.4
VIGDIS,2020-02-01,255,29,16069.4,68389.6
VIGDIS,2020-03-01,256,31,16698.4,67591.0
VIGDIS,2020-04-01,257,30,16129.1,61333.9
VIGDIS,2020-05-01,258,31,16250.0,64959.4
VIGDIS,2020-06-01,259,30,14621.7,60778.3
VIGDIS,2020-07-01,260,31,15276.1,56472.3
VIGDIS,2020-08-01,261,31,16974.3,59016.6
VIGDIS,2020-09-01,262,30,9285.8,35147.4
VIGDIS,2020-10-01,263,31,0.0,0.0
VIGDIS,2020-11-01,264,30,0.0,0.0
VIGDIS,2020-12-01,265,31,11514.4,33256.8
VIGDIS,2021-01-01,266,31,15339.0,52876.9
VIGDIS,2021-02-01,267,28,20149.8,53348.7
VIGDIS,2021-03-01,268,31,20340.4,60258.3
VIGDIS,2021-04-01,269,30,21156.8,59908.2
VIGDIS,2021-05-01,270,31,24966.4,65174.5
VIGDIS,2021-06-01,271,30,29134.4,67309.2
VIGDIS,2021-07-01,272,31,28819.5,67319.1
VIGDIS,2021-08-01,273,31,27930.8,65917.1
VIGDIS,2021-09-01,274,30,28423.6,70902.8
VIGDIS,2021-10-01,275,31,27817.1,76977.0
VIGDIS,2021-11-01,276,30,24148.6,68575.6
VIGDIS,2021-12-01,277,31,27044.1,82195.5
VIGDIS,2022-01-01,278,31,23243.9,79947.4
VIGDIS,2022-02-01,279,28,21632.4,81066.5
VIGDIS,2022-03-01,280,31,23071.4,86196.6
VIGDIS,2022-04-01,281,30,22901.2,85491.0
VIGDIS,2022-05-01,282,31,20188.2,80757.0
VIGDIS,2022-06-01,283,30,21628.5,80496.9
VIGDIS,2022-07-01,284,31,25321.5,84707.4
VIGDIS,2022-08-01,285,31,25017.2,89112.3
VIGDIS,2022-09-01,286,30,23903.3,92445.4
VIGDIS,2022-10-01,287,31,22063.0,80661.6
VIGDIS,2022-11-01,288,30,19701.8,69948.9
VIGDIS,2022-12-01,289,31,24627.6,83634.1
VIGDIS,2023-01-01,290,31,20537.2,70634.5
VIGDIS,2023-02-01,291,28,21814.4,74972.2
VIGDIS,2023-03-01,292,31,18849.1,71762.6
VIGDIS,2023-04-01,293,30,17173.3,64176.9
VIGDIS,2023-05-01,294,31,13082.8,46804.2
VIGDIS,2023-06-01,295,30,16810.5,57061.1
VIGDIS,2023-07-01,296,31,17804.2,66953.9
VIGDIS,2023-08-01,297,31,18234.3,50290.0
VIGDIS,2023-09-01,298,30,18014.0,47016.3
VIGDIS,2023-10-01,299,31,19386.8,52396.1
VIGDIS,2023-11-01,300,30,17261.3,46012.0
VIGDIS,2023-12-01,301,31,17455.2,48679.0
VIGDIS,2024-01-01,302,31,16440.7,49652.9
VIGDIS,2024-02-01,303,29,14752.8,47789.5
VIGDIS,2024-03-01,304,31,14841.9,53396.3
VIGDIS,2024-04-01,305,30,14435.1,57281.2
VIGDIS,2024-05-01,306,31,444.3,1840.3
VIGDIS,2024-06-01,307,30,9604.5,14315.6
VIGDIS,2024-07-01,308,31,16000.4,64884.4
VIGDIS,2024-08-01,309,31,15978.1,64756.5
VIGDIS,2024-09-01,310,30,12755.7,58174.4
VIGDIS,2024-10-01,311,31,13107.1,62664.7
VIGDIS,2024-11-01,312,30,11080.5,54102.8
VIGDIS,2024-12-01,313,31,14890.6,67499.7
VIGDIS,2025-01-01,314,31,14470.6,58448.5
VIGDIS,2025-02-01,315,28,15091.0,59445.3
VIGDIS,2025-03-01,316,31,13774.7,56567.6
VIGDIS,2025-04-01,317,30,11520.8,44359.9
VIGDIS,2025-05-01,318,31,14484.8,62254.8
VIGDIS,2025-06-01,319,30,15017.9,74601.2
VIGDIS,2025-07-01,320,31,14874.4,77384.8
VIGDIS,2025-08-01,321,31,16317.0,92236.9
VIGDIS,2025-09-01,322,30,15676.3,79148.7
VIGDIS,2025-10-01,323,31,23365.6,92681.2
VIGDIS,2025-11-01,324,30,21146.3,78308.0
VIGDIS,2025-12-01,325,31,21689.7,87253.7
VIGDIS,2026-01-01,326,31,22209.1,91788.5
VIGDIS,2026-02-01,327,28,19507.4,71874.4
VIGDIS,2026-03-01,328,31,20107.1,70297.6
VIGDIS,2026-04-01,329,30,22278.5,87830.8
VIGDIS,2026-05-01,330,31,15763.1,70955.0
VISUND,2001-08-01,0,31,52396.1,11828.9
VISUND,2001-09-01,1,30,45718.5,12145.6
VISUND,2001-10-01,2,31,40617.9,12208.3
VISUND,2001-11-01,3,30,27098.6,7956.6
VISUND,2001-12-01,4,31,49843.6,6849.8
VISUND,2002-01-01,5,31,41835.3,2576.8
VISUND,2002-02-01,6,28,45032.7,1608.4
VISUND,2002-03-01,7,31,29056.8,393.6
VISUND,2002-04-01,8,30,39910.9,8212.4
VISUND,2002-05-01,9,31,52775.5,9767.5
VISUND,2002-06-01,10,30,38942.2,10877.2
VISUND,2002-07-01,11,31,43606.6,14127.7
VISUND,2002-08-01,12,31,55569.4,16004.5
VISUND,2002-09-01,13,30,22190.4,2872.3
VISUND,2002-10-01,14,31,52753.2,22184.7
VISUND,2002-11-01,15,30,44217.3,18051.7
VISUND,2002-12-01,16,31,42076.7,30243.8
VISUND,2003-01-01,17,31,24842.7,18260.7
VISUND,2003-02-01,18,28,36894.2,12855.9
VISUND,2003-03-01,19,31,37734.7,12297.6
VISUND,2003-04-01,20,30,22435.7,8411.6
VISUND,2003-05-01,21,31,18966.8,2729.0
VISUND,2003-06-01,22,30,44601.0,18817.0
VISUND,2003-07-01,23,31,42835.6,18865.3
VISUND,2003-08-01,24,31,48522.8,19656.6
VISUND,2003-09-01,25,30,36451.5,15215.0
VISUND,2003-10-01,26,31,38558.5,20957.2
VISUND,2003-11-01,27,30,36183.1,30950.0
VISUND,2003-12-01,28,31,30091.6,28434.0
VISUND,2004-01-01,29,31,33118.8,37000.3
VISUND,2004-02-01,30,29,37526.2,33947.6
VISUND,2004-03-01,31,31,39321.4,35596.2
VISUND,2004-04-01,32,30,34763.7,34950.3
VISUND,2004-05-01,33,31,36720.3,26942.7
VISUND,2004-06-01,34,30,27417.2,21093.9
VISUND,2004-07-01,35,31,37016.5,33088.4
VISUND,2004-08-01,36,31,35961.4,21322.4
VISUND,2004-09-01,37,30,21131.6,12030.3
VISUND,2004-10-01,38,31,11277.0,4319.7
VISUND,2004-11-01,39,30,35946.2,24117.2
VISUND,2004-12-01,40,31,34040.0,22464.7
VISUND,2005-01-01,41,31,33504.3,9747.2
VISUND,2005-02-01,42,28,29703.6,7410.7
VISUND,2005-03-01,43,31,31814.2,6985.7
VISUND,2005-04-01,44,30,329.2,0.0
VISUND,2005-05-01,45,31,32455.4,7781.1
VISUND,2005-06-01,46,30,32006.7,7499.5
VISUND,2005-07-01,47,31,4800.5,1266.1
VISUND,2005-08-01,48,31,0.0,0.0
VISUND,2005-09-01,49,30,0.0,0.0
VISUND,2005-10-01,50,31,21105.3,3185.5
VISUND,2005-11-01,51,30,21091.8,6983.8
VISUND,2005-12-01,52,31,24258.3,10495.9
VISUND,2006-01-01,53,31,16629.4,10199.6
VISUND,2006-02-01,54,28,0.0,0.0
VISUND,2006-03-01,55,31,0.0,0.0
VISUND,2006-04-01,56,30,0.0,0.0
VISUND,2006-05-01,57,31,2384.0,1485.2
VISUND,2006-06-01,58,30,28526.3,13267.3
VISUND,2006-07-01,59,31,27052.2,11605.7
VISUND,2006-08-01,60,31,31881.2,12575.5
VISUND,2006-09-01,61,30,25335.3,9038.4
VISUND,2006-10-01,62,31,37320.8,19802.7
VISUND,2006-11-01,63,30,35191.4,17993.0
VISUND,2006-12-01,64,31,44063.1,26461.8
VISUND,2007-01-01,65,31,48719.6,17585.1
VISUND,2007-02-01,66,28,46883.7,18979.5
VISUND,2007-03-01,67,31,42736.1,17508.0
VISUND,2007-04-01,68,30,45336.9,19253.1
VISUND,2007-05-01,69,31,38110.1,17118.4
VISUND,2007-06-01,70,30,38093.1,14527.3
VISUND,2007-07-01,71,31,44038.7,17459.3
VISUND,2007-08-01,72,31,28186.4,8515.6
VISUND,2007-09-01,73,30,27645.8,8705.1
VISUND,2007-10-01,74,31,43001.9,15126.0
VISUND,2007-11-01,75,30,37176.9,10439.0
VISUND,2007-12-01,76,31,26076.3,5086.6
VISUND,2008-01-01,77,31,33475.9,6017.9
VISUND,2008-02-01,78,29,27503.8,3526.6
VISUND,2008-03-01,79,31,37188.9,5267.2
VISUND,2008-04-01,80,30,38931.8,9659.0
VISUND,2008-05-01,81,31,36835.9,6435.9
VISUND,2008-06-01,82,30,9478.7,2071.4
VISUND,2008-07-01,83,31,29663.5,7752.7
VISUND,2008-08-01,84,31,29314.5,6529.2
VISUND,2008-09-01,85,30,25769.3,7201.8
VISUND,2008-10-01,86,31,28064.7,8286.3
VISUND,2008-11-01,87,30,32413.4,8086.6
VISUND,2008-12-01,88,31,26433.4,6194.4
VISUND,2009-01-01,89,31,34949.0,6886.3
VISUND,2009-02-01,90,28,31210.9,5209.3
VISUND,2009-03-01,91,31,32991.0,6870.1
VISUND,2009-04-01,92,30,26591.2,6738.5
VISUND,2009-05-01,93,31,23489.4,6208.6
VISUND,2009-06-01,94,30,21980.8,6013.0
VISUND,2009-07-01,95,31,18289.1,3717.1
VISUND,2009-08-01,96,31,24978.6,6212.7
VISUND,2009-09-01,97,30,30425.9,8122.2
VISUND,2009-10-01,98,31,23101.8,0.0
VISUND,2009-11-01,99,30,28645.8,10137.1
VISUND,2009-12-01,100,31,27036.0,9292.7
VISUND,2010-01-01,101,31,24217.8,10136.7
VISUND,2010-02-01,102,28,19588.2,4993.7
VISUND,2010-03-01,103,31,31002.6,11447.4
VISUND,2010-04-01,104,30,29960.4,8308.8
VISUND,2010-05-01,105,31,28078.9,7947.5
VISUND,2010-06-01,106,30,28467.6,8640.1
VISUND,2010-07-01,107,31,22756.9,5849.5
VISUND,2010-08-01,108,31,23998.6,7854.1
VISUND,2010-09-01,109,30,25897.2,6950.2
VISUND,2010-10-01,110,31,23822.1,7712.1
VISUND,2010-11-01,111,30,1193.0,201.3
VISUND,2010-12-01,112,31,30375.7,11654.4
VISUND,2011-01-01,113,31,29807.6,11650.3
VISUND,2011-02-01,114,28,27261.8,11409.2
VISUND,2011-03-01,115,31,26555.1,9268.3
VISUND,2011-04-01,116,30,7449.2,2335.6
VISUND,2011-05-01,117,31,0.0,0.0
VISUND,2011-06-01,118,30,0.0,0.0
VISUND,2011-07-01,119,31,1856.5,32.5
VISUND,2011-08-01,120,31,6017.9,365.2
VISUND,2011-09-01,121,30,2748.6,161.4
VISUND,2011-10-01,122,31,7458.5,324.6
VISUND,2011-11-01,123,30,15345.0,2539.0
VISUND,2011-12-01,124,31,14683.6,3485.8
VISUND,2012-01-01,125,31,12397.0,2966.4
VISUND,2012-02-01,126,29,13069.8,3459.4
VISUND,2012-03-01,127,31,11804.5,2964.3
VISUND,2012-04-01,128,30,14087.1,3998.2
VISUND,2012-05-01,129,31,7892.7,2724.9
VISUND,2012-06-01,130,30,0.0,0.0
VISUND,2012-07-01,131,31,34.5,36.5
VISUND,2012-08-01,132,31,16471.2,12934.7
VISUND,2012-09-01,133,30,18485.7,12449.6
VISUND,2012-10-01,134,31,19916.3,11421.1
VISUND,2012-11-01,135,30,18018.2,10128.7
VISUND,2012-12-01,136,31,16181.0,3564.9
VISUND,2013-01-01,137,31,14468.6,3146.9
VISUND,2013-02-01,138,28,14477.8,2659.7
VISUND,2013-03-01,139,31,17915.8,9018.8
VISUND,2013-04-01,140,30,0.0,0.0
VISUND,2013-05-01,141,31,13080.8,4074.2
VISUND,2013-06-01,142,30,24863.6,19594.8
VISUND,2013-07-01,143,31,23523.9,15221.3
VISUND,2013-08-01,144,31,10909.8,1824.0
VISUND,2013-09-01,145,30,29790.6,23427.4
VISUND,2013-10-01,146,31,12841.3,4388.7
VISUND,2013-11-01,147,30,26295.6,3648.1
VISUND,2013-12-01,148,31,27401.2,4114.7
VISUND,2014-01-01,149,31,28513.1,5630.4
VISUND,2014-02-01,150,28,14217.2,8848.4
VISUND,2014-03-01,151,31,30225.5,31138.6
VISUND,2014-04-01,152,30,33388.4,26643.6
VISUND,2014-05-01,153,31,29549.9,20766.5
VISUND,2014-06-01,154,30,9960.9,2285.3
VISUND,2014-07-01,155,31,37182.9,29868.4
VISUND,2014-08-01,156,31,33624.1,27934.8
VISUND,2014-09-01,157,30,39936.0,30792.8
VISUND,2014-10-01,158,31,45116.1,29720.3
VISUND,2014-11-01,159,30,26469.6,19542.4
VISUND,2014-12-01,160,31,24223.8,30635.4
VISUND,2015-01-01,161,31,21833.7,28318.3
VISUND,2015-02-01,162,28,35523.9,27915.5
VISUND,2015-03-01,163,31,44057.0,31152.8
VISUND,2015-04-01,164,30,41867.0,29901.7
VISUND,2015-05-01,165,31,43687.7,31501.8
VISUND,2015-06-01,166,30,47125.3,30687.9
VISUND,2015-07-01,167,31,13044.2,4419.1
VISUND,2015-08-01,168,31,33662.6,10398.5
VISUND,2015-09-01,169,30,36908.5,5927.1
VISUND,2015-10-01,170,31,47656.4,8722.5
VISUND,2015-11-01,171,30,45362.0,15072.5
VISUND,2015-12-01,172,31,37742.9,18001.0
VISUND,2016-01-01,173,31,47390.6,27117.2
VISUND,2016-02-01,174,29,48383.7,31687.6
VISUND,2016-03-01,175,31,40745.7,27778.6
VISUND,2016-04-01,176,30,44842.1,30463.6
VISUND,2016-05-01,177,31,46690.6,30398.0
VISUND,2016-06-01,178,30,38711.6,10778.6
VISUND,2016-07-01,179,31,52753.2,21754.6
VISUND,2016-08-01,180,31,46199.6,36292.1
VISUND,2016-09-01,181,30,30205.7,22423.1
VISUND,2016-10-01,182,31,46140.8,15263.9
VISUND,2016-11-01,183,30,44735.2,28442.5
VISUND,2016-12-01,184,31,37266.1,17189.4
VISUND,2017-01-01,185,31,32759.7,12601.9
VISUND,2017-02-01,186,28,35227.4,20069.0
VISUND,2017-03-01,187,31,35003.8,30176.8
VISUND,2017-04-01,188,30,35134.8,30658.6
VISUND,2017-05-01,189,31,34772.4,20450.0
VISUND,2017-06-01,190,30,9168.4,4623.0
VISUND,2017-07-01,191,31,33954.8,42492.7
VISUND,2017-08-01,192,31,34046.1,24361.8
VISUND,2017-09-01,193,30,36470.4,29035.8
VISUND,2017-10-01,194,31,39988.9,27594.0
VISUND,2017-11-01,195,30,40047.2,29025.3
VISUND,2017-12-01,196,31,36223.2,26348.2
VISUND,2018-01-01,197,31,37353.3,26508.5
VISUND,2018-02-01,198,28,29404.8,20857.4
VISUND,2018-03-01,199,31,35218.8,25260.6
VISUND,2018-04-01,200,30,30606.2,31744.6
VISUND,2018-05-01,201,31,28864.1,27360.6
VISUND,2018-06-01,202,30,31310.6,33723.8
VISUND,2018-07-01,203,31,30858.6,36957.6
VISUND,2018-08-01,204,31,30042.9,28200.6
VISUND,2018-09-01,205,30,33019.4,32071.7
VISUND,2018-10-01,206,31,34425.5,37093.6
VISUND,2018-11-01,207,30,33769.9,30893.4
VISUND,2018-12-01,208,31,31402.3,36316.5
VISUND,2019-01-01,209,31,30089.6,37312.7
VISUND,2019-02-01,210,28,28364.8,37127.8
VISUND,2019-03-01,211,31,27314.0,37089.5
VISUND,2019-04-01,212,30,21739.6,27903.6
VISUND,2019-05-01,213,31,27324.1,30101.8
VISUND,2019-06-01,214,30,26909.9,34914.7
VISUND,2019-07-01,215,31,26445.6,34129.3
VISUND,2019-08-01,216,31,25067.9,21111.4
VISUND,2019-09-01,217,30,21714.5,27958.2
VISUND,2019-10-01,218,31,26792.5,21888.5
VISUND,2019-11-01,219,30,26222.2,22127.5
VISUND,2019-12-01,220,31,23941.8,23607.0
VISUND,2020-01-01,221,31,24412.5,28929.0
VISUND,2020-02-01,222,29,24094.3,22135.8
VISUND,2020-03-01,223,31,23661.8,22888.8
VISUND,2020-04-01,224,30,21886.4,22609.7
VISUND,2020-05-01,225,31,21776.9,25051.7
VISUND,2020-06-01,226,30,21752.2,23739.8
VISUND,2020-07-01,227,31,21131.7,31942.0
VISUND,2020-08-01,228,31,17568.8,34900.3
VISUND,2020-09-01,229,30,20297.2,42468.7
VISUND,2020-10-01,230,31,58.8,2.0
VISUND,2020-11-01,231,30,4570.6,5512.0
VISUND,2020-12-01,232,31,16724.8,39177.3
VISUND,2021-01-01,233,31,18441.3,33232.5
VISUND,2021-02-01,234,28,18981.7,31150.2
VISUND,2021-03-01,235,31,18019.3,50797.2
VISUND,2021-04-01,236,30,18374.6,51199.0
VISUND,2021-05-01,237,31,17029.1,45895.3
VISUND,2021-06-01,238,30,16598.8,26526.2
VISUND,2021-07-01,239,31,18512.3,23949.9
VISUND,2021-08-01,240,31,19153.5,23061.2
VISUND,2021-09-01,241,30,18137.7,27115.3
VISUND,2021-10-01,242,31,17645.9,22990.2
VISUND,2021-11-01,243,30,16435.2,23838.3
VISUND,2021-12-01,244,31,13460.2,22144.2
VISUND,2022-01-01,245,31,14854.1,25439.2
VISUND,2022-02-01,246,28,14414.9,25031.2
VISUND,2022-03-01,247,31,14927.1,26015.4
VISUND,2022-04-01,248,30,13686.6,24333.1
VISUND,2022-05-01,249,31,13078.7,23398.1
VISUND,2022-06-01,250,30,11160.2,20961.8
VISUND,2022-07-01,251,31,11770.0,17388.3
VISUND,2022-08-01,252,31,11975.0,26356.3
VISUND,2022-09-01,253,30,11395.0,25243.1
VISUND,2022-10-01,254,31,16193.2,27007.6
VISUND,2022-11-01,255,30,14166.7,24712.6
VISUND,2022-12-01,256,31,11522.5,27271.4
VISUND,2023-01-01,257,31,10475.6,18049.7
VISUND,2023-02-01,258,28,11173.4,19019.9
VISUND,2023-03-01,259,31,12001.3,36915.0
VISUND,2023-04-01,260,30,11730.5,30088.3
VISUND,2023-05-01,261,31,10343.7,26064.1
VISUND,2023-06-01,262,30,8464.0,26893.1
VISUND,2023-07-01,263,31,7949.5,26056.0
VISUND,2023-08-01,264,31,7614.7,20307.9
VISUND,2023-09-01,265,30,4750.9,15384.9
VISUND,2023-10-01,266,31,10234.1,27109.0
VISUND,2023-11-01,267,30,8162.1,27253.7
VISUND,2023-12-01,268,31,10077.9,15221.3
VISUND,2024-01-01,269,31,8365.4,27995.7
VISUND,2024-02-01,270,29,8103.0,27080.8
VISUND,2024-03-01,271,31,9623.4,26114.8
VISUND,2024-04-01,272,30,9382.3,27006.3
VISUND,2024-05-01,273,31,2014.8,2895.3
VISUND,2024-06-01,274,30,1387.9,455.0
VISUND,2024-07-01,275,31,4666.6,1519.7
VISUND,2024-08-01,276,31,9897.3,24925.9
VISUND,2024-09-01,277,30,11843.7,28740.2
VISUND,2024-10-01,278,31,12626.3,27504.7
VISUND,2024-11-01,279,30,8960.9,28536.8
VISUND,2024-12-01,280,31,10747.4,26230.5
VISUND,2025-01-01,281,31,7089.2,27821.2
VISUND,2025-02-01,282,28,8765.3,30548.2
VISUND,2025-03-01,283,31,7712.1,28821.5
VISUND,2025-04-01,284,30,10271.2,26947.6
VISUND,2025-05-01,285,31,8310.7,24148.8
VISUND,2025-06-01,286,30,7304.6,31054.8
VISUND,2025-07-01,287,31,8468.9,34263.2
VISUND,2025-08-01,288,31,7215.0,34983.5
VISUND,2025-09-01,289,30,6621.1,31298.0
VISUND,2025-10-01,290,31,7596.5,28916.8
VISUND,2025-11-01,291,30,6533.0,25643.5
VISUND,2025-12-01,292,31,6214.7,15148.3
VISUND,2026-01-01,293,31,6661.1,2862.9
VISUND,2026-02-01,294,28,5964.1,3782.9
VISUND,2026-03-01,295,31,5991.5,2678.2
VISUND,2026-04-01,296,30,5807.6,3325.2
VISUND,2026-05-01,297,31,4684.9,5445.7
ÅSGARD,2001-05-01,0,31,147790.0,2515.9
ÅSGARD,2001-06-01,1,30,157460.9,2908.0
ÅSGARD,2001-07-01,2,31,163672.8,3063.7
ÅSGARD,2001-08-01,3,31,138617.0,2024.9
ÅSGARD,2001-09-01,4,30,132104.7,1715.0
ÅSGARD,2001-10-01,5,31,130273.9,1588.7
ÅSGARD,2001-11-01,6,30,125982.6,1599.7
ÅSGARD,2001-12-01,7,31,150646.8,1968.1
ÅSGARD,2002-01-01,8,31,135735.9,1960.0
ÅSGARD,2002-02-01,9,28,140076.1,1785.9
ÅSGARD,2002-03-01,10,31,138174.7,1787.5
ÅSGARD,2002-04-01,11,30,136574.6,2968.8
ÅSGARD,2002-05-01,12,31,132242.0,2996.8
ÅSGARD,2002-06-01,13,30,146317.5,3096.7
ÅSGARD,2002-07-01,14,31,156323.8,4098.5
ÅSGARD,2002-08-01,15,31,147083.9,3682.6
ÅSGARD,2002-09-01,16,30,127146.2,3052.6
ÅSGARD,2002-10-01,17,31,143149.8,4622.0
ÅSGARD,2002-11-01,18,30,148646.8,5084.3
ÅSGARD,2002-12-01,19,31,150297.8,5583.7
ÅSGARD,2003-01-01,20,31,123336.9,4372.4
ÅSGARD,2003-02-01,21,28,124688.5,4537.6
ÅSGARD,2003-03-01,22,31,133842.9,5561.4
ÅSGARD,2003-04-01,23,30,132196.9,5558.1
ÅSGARD,2003-05-01,24,31,136109.2,5259.1
ÅSGARD,2003-06-01,25,30,126267.7,4994.1
ÅSGARD,2003-07-01,26,31,124935.7,5382.9
ÅSGARD,2003-08-01,27,31,117134.3,5076.5
ÅSGARD,2003-09-01,28,30,64000.8,2757.0
ÅSGARD,2003-10-01,29,31,118883.3,5287.5
ÅSGARD,2003-11-01,30,30,118145.5,6094.8
ÅSGARD,2003-12-01,31,31,115592.3,5961.1
ÅSGARD,2004-01-01,32,31,110941.9,6064.6
ÅSGARD,2004-02-01,33,29,108136.8,6461.1
ÅSGARD,2004-03-01,34,31,104820.5,6640.8
ÅSGARD,2004-04-01,35,30,97898.6,6419.8
ÅSGARD,2004-05-01,36,31,105930.4,7243.4
ÅSGARD,2004-06-01,37,30,98848.4,7281.5
ÅSGARD,2004-07-01,38,31,100963.5,7156.2
ÅSGARD,2004-08-01,39,31,84512.6,5255.0
ÅSGARD,2004-09-01,40,30,85992.0,6673.5
ÅSGARD,2004-10-01,41,31,88956.0,7931.2
ÅSGARD,2004-11-01,42,30,90401.2,8918.9
ÅSGARD,2004-12-01,43,31,89617.5,8239.6
ÅSGARD,2005-01-01,44,31,87850.2,7986.0
ÅSGARD,2005-02-01,45,28,87345.1,8217.2
ÅSGARD,2005-03-01,46,31,84492.3,9087.7
ÅSGARD,2005-04-01,47,30,81958.2,9199.9
ÅSGARD,2005-05-01,48,31,80694.1,7574.1
ÅSGARD,2005-06-01,49,30,75647.4,6478.5
ÅSGARD,2005-07-01,50,31,78028.0,6494.7
ÅSGARD,2005-08-01,51,31,80529.7,7314.4
ÅSGARD,2005-09-01,52,30,80616.4,7260.5
ÅSGARD,2005-10-01,53,31,68084.0,5821.1
ÅSGARD,2005-11-01,54,30,77926.4,7581.3
ÅSGARD,2005-12-01,55,31,76319.6,7655.3
ÅSGARD,2006-01-01,56,31,71324.3,6618.5
ÅSGARD,2006-02-01,57,28,77247.7,8289.1
ÅSGARD,2006-03-01,58,31,80564.2,8079.3
ÅSGARD,2006-04-01,59,30,68770.6,7359.1
ÅSGARD,2006-05-01,60,31,54400.7,7239.4
ÅSGARD,2006-06-01,61,30,66537.7,7900.0
ÅSGARD,2006-07-01,62,31,72888.6,8608.9
ÅSGARD,2006-08-01,63,31,71003.7,8335.0
ÅSGARD,2006-09-01,64,30,57289.6,5507.8
ÅSGARD,2006-10-01,65,31,121186.2,7517.3
ÅSGARD,2006-11-01,66,30,127334.9,7214.4
ÅSGARD,2006-12-01,67,31,130501.2,7837.9
ÅSGARD,2007-01-01,68,31,134003.2,8166.6
ÅSGARD,2007-02-01,69,28,131025.5,8358.7
ÅSGARD,2007-03-01,70,31,118051.4,8468.9
ÅSGARD,2007-04-01,71,30,123575.7,9292.1
ÅSGARD,2007-05-01,72,31,123089.4,9276.4
ÅSGARD,2007-06-01,73,30,117160.1,10000.8
ÅSGARD,2007-07-01,74,31,135729.8,11098.5
ÅSGARD,2007-08-01,75,31,112268.9,9735.0
ÅSGARD,2007-09-01,76,30,61187.2,5008.8
ÅSGARD,2007-10-01,77,31,117864.8,9534.1
ÅSGARD,2007-11-01,78,30,123099.8,12499.9
ÅSGARD,2007-12-01,79,31,107671.2,12512.6
ÅSGARD,2008-01-01,80,31,112285.1,12488.3
ÅSGARD,2008-02-01,81,29,99500.3,13297.5
ÅSGARD,2008-03-01,82,31,103643.7,11563.1
ÅSGARD,2008-04-01,83,30,107478.0,10434.8
ÅSGARD,2008-05-01,84,31,110777.6,10970.6
ÅSGARD,2008-06-01,85,30,109046.3,10627.7
ÅSGARD,2008-07-01,86,31,109361.4,10836.7
ÅSGARD,2008-08-01,87,31,106003.4,10877.3
ÅSGARD,2008-09-01,88,30,61176.7,6797.2
ÅSGARD,2008-10-01,89,31,96497.7,9233.8
ÅSGARD,2008-11-01,90,30,103400.1,13084.9
ÅSGARD,2008-12-01,91,31,106524.9,19338.1
ÅSGARD,2009-01-01,92,31,96653.9,14549.7
ÅSGARD,2009-02-01,93,28,108638.3,16063.7
ÅSGARD,2009-03-01,94,31,102067.2,15767.1
ÅSGARD,2009-04-01,95,30,105471.6,15328.2
ÅSGARD,2009-05-01,96,31,103059.4,14777.0
ÅSGARD,2009-06-01,97,30,96284.3,15336.6
ÅSGARD,2009-07-01,98,31,103254.2,16290.6
ÅSGARD,2009-08-01,99,31,98210.2,15442.5
ÅSGARD,2009-09-01,100,30,79748.4,13191.8
ÅSGARD,2009-10-01,101,31,103369.8,15367.4
ÅSGARD,2009-11-01,102,30,93414.0,14110.1
ÅSGARD,2009-12-01,103,31,94898.9,14872.3
ÅSGARD,2010-01-01,104,31,94781.2,14434.1
ÅSGARD,2010-02-01,105,28,94486.3,15531.3
ÅSGARD,2010-03-01,106,31,90171.4,15866.5
ÅSGARD,2010-04-01,107,30,85600.0,14936.2
ÅSGARD,2010-05-01,108,31,96568.7,15965.9
ÅSGARD,2010-06-01,109,30,86447.0,16315.7
ÅSGARD,2010-07-01,110,31,95793.7,14641.0
ÅSGARD,2010-08-01,111,31,69224.3,13669.2
ÅSGARD,2010-09-01,112,30,73710.2,14076.6
ÅSGARD,2010-10-01,113,31,83778.1,15986.2
ÅSGARD,2010-11-01,114,30,87193.4,18185.9
ÅSGARD,2010-12-01,115,31,81931.7,18928.2
ÅSGARD,2011-01-01,116,31,77577.6,16126.2
ÅSGARD,2011-02-01,117,28,75158.6,16351.2
ÅSGARD,2011-03-01,118,31,69275.0,15535.8
ÅSGARD,2011-04-01,119,30,71240.4,15611.3
ÅSGARD,2011-05-01,120,31,69654.5,14077.0
ÅSGARD,2011-06-01,121,30,49897.0,4654.5
ÅSGARD,2011-07-01,122,31,50158.1,4701.1
ÅSGARD,2011-08-01,123,31,63281.5,8838.2
ÅSGARD,2011-09-01,124,30,74200.8,15013.8
ÅSGARD,2011-10-01,125,31,70581.7,13346.5
ÅSGARD,2011-11-01,126,30,69330.4,12208.5
ÅSGARD,2011-12-01,127,31,73324.9,13817.3
ÅSGARD,2012-01-01,128,31,71247.2,13916.7
ÅSGARD,2012-02-01,129,29,75978.6,13048.1
ÅSGARD,2012-03-01,130,31,75461.4,12859.6
ÅSGARD,2012-04-01,131,30,74450.3,13185.5
ÅSGARD,2012-05-01,132,31,74308.9,13853.8
ÅSGARD,2012-06-01,133,30,64942.2,12231.6
ÅSGARD,2012-07-01,134,31,69997.4,12494.4
ÅSGARD,2012-08-01,135,31,68644.0,11041.6
ÅSGARD,2012-09-01,136,30,57484.6,7654.7
ÅSGARD,2012-10-01,137,31,63713.6,10317.3
ÅSGARD,2012-11-01,138,30,65768.2,9686.3
ÅSGARD,2012-12-01,139,31,63127.3,10721.1
ÅSGARD,2013-01-01,140,31,55317.8,12153.5
ÅSGARD,2013-02-01,141,28,59285.9,10463.5
ÅSGARD,2013-03-01,142,31,53785.9,8840.2
ÅSGARD,2013-04-01,143,30,54373.2,11055.4
ÅSGARD,2013-05-01,144,31,55252.8,11737.6
ÅSGARD,2013-06-01,145,30,62199.8,14535.7
ÅSGARD,2013-07-01,146,31,57113.4,15588.6
ÅSGARD,2013-08-01,147,31,62260.9,16737.0
ÅSGARD,2013-09-01,148,30,17728.8,3264.4
ÅSGARD,2013-10-01,149,31,62269.0,16278.4
ÅSGARD,2013-11-01,150,30,54832.4,10411.7
ÅSGARD,2013-12-01,151,31,59726.7,11591.5
ÅSGARD,2014-01-01,152,31,55145.3,10473.5
ÅSGARD,2014-02-01,153,28,56585.7,10775.8
ÅSGARD,2014-03-01,154,31,54729.4,12078.4
ÅSGARD,2014-04-01,155,30,52888.8,12248.3
ÅSGARD,2014-05-01,156,31,58635.1,13932.9
ÅSGARD,2014-06-01,157,30,52597.4,11359.4
ÅSGARD,2014-07-01,158,31,48005.4,12328.0
ÅSGARD,2014-08-01,159,31,50024.2,15976.1
ÅSGARD,2014-09-01,160,30,46148.3,14250.6
ÅSGARD,2014-10-01,161,31,49732.0,14659.3
ÅSGARD,2014-11-01,162,30,53046.1,15498.1
ÅSGARD,2014-12-01,163,31,53439.0,19790.6
ÅSGARD,2015-01-01,164,31,49914.6,18092.3
ÅSGARD,2015-02-01,165,28,49646.7,19541.1
ÅSGARD,2015-03-01,166,31,49827.4,19009.4
ÅSGARD,2015-04-01,167,30,50018.6,17045.4
ÅSGARD,2015-05-01,168,31,36860.3,12297.6
ÅSGARD,2015-06-01,169,30,43621.9,13078.6
ÅSGARD,2015-07-01,170,31,45225.7,17901.6
ÅSGARD,2015-08-01,171,31,47847.1,20143.6
ÅSGARD,2015-09-01,172,30,44951.1,17060.0
ÅSGARD,2015-10-01,173,31,50097.2,17676.4
ÅSGARD,2015-11-01,174,30,47800.4,17588.4
ÅSGARD,2015-12-01,175,31,49391.2,16877.0
ÅSGARD,2016-01-01,176,31,49805.1,18796.4
ÅSGARD,2016-02-01,177,29,51962.4,18420.4
ÅSGARD,2016-03-01,178,31,47970.9,17767.7
ÅSGARD,2016-04-01,179,30,46689.2,16823.1
ÅSGARD,2016-05-01,180,31,43486.9,15890.9
ÅSGARD,2016-06-01,181,30,42317.8,16311.5
ÅSGARD,2016-07-01,182,31,48526.8,17309.1
ÅSGARD,2016-08-01,183,31,42003.7,13953.2
ÅSGARD,2016-09-01,184,30,17848.4,7440.8
ÅSGARD,2016-10-01,185,31,49295.8,17643.9
ÅSGARD,2016-11-01,186,30,44305.4,16948.9
ÅSGARD,2016-12-01,187,31,40303.4,14227.1
ÅSGARD,2017-01-01,188,31,45927.7,16321.0
ÅSGARD,2017-02-01,189,28,45560.6,17202.6
ÅSGARD,2017-03-01,190,31,43070.9,15901.0
ÅSGARD,2017-04-01,191,30,46313.9,15709.8
ÅSGARD,2017-05-01,192,31,44097.6,15266.0
ÅSGARD,2017-06-01,193,30,38334.2,15072.5
ÅSGARD,2017-07-01,194,31,36095.3,14511.2
ÅSGARD,2017-08-01,195,31,37318.8,15115.8
ÅSGARD,2017-09-01,196,30,35946.2,13869.0
ÅSGARD,2017-10-01,197,31,38242.0,13464.2
ÅSGARD,2017-11-01,198,30,35476.6,9847.7
ÅSGARD,2017-12-01,199,31,35969.5,8324.9
ÅSGARD,2018-01-01,200,31,39637.9,9950.1
ÅSGARD,2018-02-01,201,28,40108.7,9412.2
ÅSGARD,2018-03-01,202,31,36673.6,8044.9
ÅSGARD,2018-04-01,203,30,29084.0,5834.8
ÅSGARD,2018-05-01,204,31,35344.6,7424.0
ÅSGARD,2018-06-01,205,30,31899.8,8736.5
ÅSGARD,2018-07-01,206,31,31270.5,8146.3
ÅSGARD,2018-08-01,207,31,32700.9,7906.9
ÅSGARD,2018-09-01,208,30,27700.3,9264.9
ÅSGARD,2018-10-01,209,31,36890.7,9676.1
ÅSGARD,2018-11-01,210,30,35306.7,9300.5
ÅSGARD,2018-12-01,211,31,36415.9,9065.4
ÅSGARD,2019-01-01,212,31,33885.8,8714.4
ÅSGARD,2019-02-01,213,28,32365.5,9347.1
ÅSGARD,2019-03-01,214,31,29683.8,7328.6
ÅSGARD,2019-04-01,215,30,30325.2,7520.5
ÅSGARD,2019-05-01,216,31,26987.3,5437.6
ÅSGARD,2019-06-01,217,30,26473.8,7195.5
ÅSGARD,2019-07-01,218,31,27581.8,7699.9
ÅSGARD,2019-08-01,219,31,27731.9,7555.9
ÅSGARD,2019-09-01,220,30,30283.3,7962.9
ÅSGARD,2019-10-01,221,31,30272.2,8539.9
ÅSGARD,2019-11-01,222,30,27247.4,11785.0
ÅSGARD,2019-12-01,223,31,23221.5,9515.9
ÅSGARD,2020-01-01,224,31,25883.5,9475.3
ÅSGARD,2020-02-01,225,29,24575.8,9944.4
ÅSGARD,2020-03-01,226,31,23132.3,10863.1
ÅSGARD,2020-04-01,227,30,23291.1,11334.2
ÅSGARD,2020-05-01,228,31,26346.1,10077.9
ÅSGARD,2020-06-01,229,30,24073.2,11208.4
ÅSGARD,2020-07-01,230,31,23783.6,9881.1
ÅSGARD,2020-08-01,231,31,23160.7,8237.6
ÅSGARD,2020-09-01,232,30,19364.2,6604.3
ÅSGARD,2020-10-01,233,31,22763.0,8566.3
ÅSGARD,2020-11-01,234,30,22586.7,8422.0
ÅSGARD,2020-12-01,235,31,26626.1,9406.3
ÅSGARD,2021-01-01,236,31,23840.4,10317.3
ÅSGARD,2021-02-01,237,28,23380.1,10328.8
ÅSGARD,2021-03-01,238,31,22213.1,9402.2
ÅSGARD,2021-04-01,239,30,23014.4,10304.8
ÅSGARD,2021-05-01,240,31,3808.4,2814.2
ÅSGARD,2021-06-01,241,30,3530.7,2719.3
ÅSGARD,2021-07-01,242,31,19634.3,3364.0
ÅSGARD,2021-08-01,243,31,21813.4,4453.6
ÅSGARD,2021-09-01,244,30,20563.5,7097.0
ÅSGARD,2021-10-01,245,31,21322.4,8988.3
ÅSGARD,2021-11-01,246,30,19265.7,7642.1
ÅSGARD,2021-12-01,247,31,20462.1,7462.5
ÅSGARD,2022-01-01,248,31,19772.3,7186.6
ÅSGARD,2022-02-01,249,28,19345.6,8282.3
ÅSGARD,2022-03-01,250,31,17327.4,6316.2
ÅSGARD,2022-04-01,251,30,18628.3,6516.2
ÅSGARD,2022-05-01,252,31,19581.6,7876.5
ÅSGARD,2022-06-01,253,30,17072.6,5235.2
ÅSGARD,2022-07-01,254,31,18102.5,5151.5
ÅSGARD,2022-08-01,255,31,15247.7,4520.5
ÅSGARD,2022-09-01,256,30,16110.3,4658.6
ÅSGARD,2022-10-01,257,31,15556.1,4496.2
ÅSGARD,2022-11-01,258,30,12812.3,3461.5
ÅSGARD,2022-12-01,259,31,15160.4,3796.2
ÅSGARD,2023-01-01,260,31,13293.8,5027.8
ÅSGARD,2023-02-01,261,28,13925.2,4899.3
ÅSGARD,2023-03-01,262,31,14981.9,4737.6
ÅSGARD,2023-04-01,263,30,14531.5,4725.7
ÅSGARD,2023-05-01,264,31,14549.7,4469.8
ÅSGARD,2023-06-01,265,30,14143.7,5975.3
ÅSGARD,2023-07-01,266,31,14651.2,4764.0
ÅSGARD,2023-08-01,267,31,11305.4,4066.1
ÅSGARD,2023-09-01,268,30,19301.3,3719.4
ÅSGARD,2023-10-01,269,31,27190.2,5198.2
ÅSGARD,2023-11-01,270,30,27587.1,4528.7
ÅSGARD,2023-12-01,271,31,15089.4,4303.4
ÅSGARD,2024-01-01,272,31,12894.1,5100.8
ÅSGARD,2024-02-01,273,29,17080.1,6376.6
ÅSGARD,2024-03-01,274,31,27624.4,4711.3
ÅSGARD,2024-04-01,275,30,28333.5,4402.9
ÅSGARD,2024-05-01,276,31,28500.9,4904.0
ÅSGARD,2024-06-01,277,30,28637.5,5514.1
ÅSGARD,2024-07-01,278,31,28722.1,5391.0
ÅSGARD,2024-08-01,279,31,20403.3,3258.5
ÅSGARD,2024-09-01,280,30,1425.7,190.8
ÅSGARD,2024-10-01,281,31,20172.0,4262.9
ÅSGARD,2024-11-01,282,30,28226.5,7042.5
ÅSGARD,2024-12-01,283,31,33317.7,5628.4
ÅSGARD,2025-01-01,284,31,32786.1,5835.3
ÅSGARD,2025-02-01,285,28,31107.6,5171.1
ÅSGARD,2025-03-01,286,31,32950.4,7215.0
ÅSGARD,2025-04-01,287,30,33277.2,5191.2
ÅSGARD,2025-05-01,288,31,33415.1,4713.3
ÅSGARD,2025-06-01,289,30,19534.0,4342.1
ÅSGARD,2025-07-01,290,31,18455.5,5973.3
ÅSGARD,2025-08-01,291,31,25354.0,7125.7
ÅSGARD,2025-09-01,292,30,42093.4,5027.6
ÅSGARD,2025-10-01,293,31,40567.2,5271.3
ÅSGARD,2025-11-01,294,30,44043.3,7044.6
ÅSGARD,2025-12-01,295,31,44832.1,6616.5
ÅSGARD,2026-01-01,296,31,43811.5,8146.3
ÅSGARD,2026-02-01,297,28,39221.4,5867.5
ÅSGARD,2026-03-01,298,31,46710.9,6255.3
ÅSGARD,2026-04-01,299,30,42072.5,7424.1
ÅSGARD,2026-05-01,300,31,39749.5,8610.9
