pozo,fecha,horas,p_fondo,p_cabeza,t_cabeza,choke,dp_choke,oil
15/9-F-1 C,2014-04-22,24.0,289.42,107.36,37.94,43.343,78.94,631.47
15/9-F-1 C,2014-04-23,24.0,270.24,99.19,60.76,47.168,70.63,1166.46
15/9-F-1 C,2014-04-24,24.0,262.84,94.6,63.05,47.732,66.05,1549.81
15/9-F-1 C,2014-04-25,24.0,255.53,89.99,64.55,48.534,61.41,1248.7
15/9-F-1 C,2014-04-26,24.0,247.2,84.78,65.72,49.845,56.15,1345.78
15/9-F-1 C,2014-04-27,24.0,240.74,80.84,66.93,50.297,52.2,1349.56
15/9-F-1 C,2014-04-28,24.0,235.02,77.34,67.85,50.736,48.71,1345.61
15/9-F-1 C,2014-04-29,24.0,232.74,75.95,65.71,50.114,47.38,1279.46
15/9-F-1 C,2014-04-30,24.0,233.3,76.12,62.8,48.927,47.61,1225.62
15/9-F-1 C,2014-05-01,24.0,231.09,74.69,62.38,48.939,46.2,1212.9
15/9-F-1 C,2014-05-02,24.0,231.42,74.73,60.75,48.304,46.15,1074.04
15/9-F-1 C,2014-05-03,24.0,230.77,74.16,60.63,48.173,45.73,1044.17
15/9-F-1 C,2014-05-04,24.0,230.6,73.91,58.28,47.466,45.49,970.2
15/9-F-1 C,2014-05-05,24.0,229.42,72.99,54.9,47.84,44.55,946.12
15/9-F-1 C,2014-05-06,24.0,225.9,70.95,58.88,49.006,42.45,1002.83
15/9-F-1 C,2014-05-07,24.0,225.77,70.71,57.43,47.92,42.05,925.31
15/9-F-1 C,2014-05-08,24.0,225.69,70.55,57.66,47.297,41.16,913.86
15/9-F-1 C,2014-05-09,13.83,227.8,70.95,55.96,29.134,41.75,176.8
15/9-F-1 C,2014-05-10,24.0,226.06,70.9,57.37,48.134,41.9,944.19
15/9-F-1 C,2014-05-11,24.0,225.1,69.94,58.02,47.494,41.48,823.41
15/9-F-1 C,2014-05-12,24.0,226.02,70.23,56.89,46.934,41.81,769.01
15/9-F-1 C,2014-05-13,24.0,226.9,70.33,54.26,46.335,41.93,740.8
15/9-F-1 C,2014-05-14,24.0,225.58,69.37,55.0,45.162,40.98,713.24
15/9-F-1 C,2014-05-15,24.0,225.89,69.07,48.6,46.316,40.65,743.83
15/9-F-1 C,2014-05-16,24.0,225.7,68.59,48.38,46.346,40.14,736.09
15/9-F-1 C,2014-05-17,24.0,223.6,67.26,53.92,47.087,38.84,782.88
15/9-F-1 C,2014-05-18,24.0,220.1,65.41,53.83,47.77,36.99,834.68
15/9-F-1 C,2014-05-19,24.0,220.49,65.31,55.75,47.136,36.91,788.8
15/9-F-1 C,2014-05-20,24.0,220.15,64.92,55.63,47.142,36.51,783.06
15/9-F-1 C,2014-05-21,24.0,220.07,64.69,52.24,46.525,36.28,743.77
15/9-F-1 C,2014-05-22,24.0,219.98,64.44,53.66,46.289,36.02,735.41
15/9-F-1 C,2014-05-23,24.0,219.86,64.29,49.05,46.284,35.87,742.89
15/9-F-1 C,2014-05-24,24.0,219.92,64.17,54.69,46.242,35.75,746.54
15/9-F-1 C,2014-05-25,24.0,219.98,64.07,55.23,46.262,35.67,750.57
15/9-F-1 C,2014-05-26,24.0,219.97,63.93,55.1,46.265,35.53,727.26
15/9-F-1 C,2014-05-27,24.0,219.98,63.74,55.31,46.226,35.33,715.5
15/9-F-1 C,2014-05-28,24.0,219.27,63.55,55.51,46.215,35.16,695.01
15/9-F-1 C,2014-05-29,24.0,220.01,63.46,56.17,46.215,35.05,698.77
15/9-F-1 C,2014-05-30,24.0,220.0,63.34,55.85,46.232,34.92,704.08
15/9-F-1 C,2014-05-31,24.0,219.99,63.21,55.6,46.207,34.79,715.93
15/9-F-1 C,2014-06-01,24.0,220.01,63.14,55.96,46.265,34.73,724.21
15/9-F-1 C,2014-06-02,22.0,221.33,63.79,50.77,41.713,35.35,459.83
15/9-F-1 C,2014-06-03,24.0,220.24,62.37,53.05,46.193,33.95,715.1
15/9-F-1 C,2014-06-04,24.0,221.27,61.82,53.74,46.157,33.39,706.8
15/9-F-1 C,2014-06-05,24.0,221.04,62.29,54.24,47.042,33.84,677.29
15/9-F-1 C,2014-06-06,24.0,220.75,63.08,56.53,47.203,34.65,690.38
15/9-F-1 C,2014-06-07,24.0,220.64,63.36,56.62,47.194,34.93,694.3
15/9-F-1 C,2014-06-08,24.0,220.5,63.32,52.05,47.152,34.89,690.7
15/9-F-1 C,2014-06-09,19.5,221.45,62.34,53.56,38.979,34.67,238.45
15/9-F-1 C,2014-06-10,24.0,220.85,62.78,54.49,46.513,34.35,647.11
15/9-F-1 C,2014-06-11,24.0,218.41,61.73,54.3,47.815,33.31,745.92
15/9-F-1 C,2014-06-12,24.0,215.5,59.94,61.56,48.728,31.53,804.85
15/9-F-1 C,2014-06-13,24.0,214.82,60.14,62.33,48.264,31.74,818.89
15/9-F-1 C,2014-06-14,24.0,215.83,60.23,59.58,48.006,31.84,781.21
15/9-F-1 C,2014-06-15,24.0,214.88,59.92,60.77,48.04,31.54,786.16
15/9-F-1 C,2014-06-16,24.0,215.38,60.05,59.44,47.74,31.67,757.43
15/9-F-1 C,2014-06-17,24.0,216.12,60.14,58.61,47.624,31.76,726.5
15/9-F-1 C,2014-06-18,24.0,215.98,59.79,58.66,47.64,31.4,723.96
15/9-F-1 C,2014-06-19,24.0,215.82,59.44,57.55,47.607,31.05,715.28
15/9-F-1 C,2014-06-20,24.0,215.58,59.09,58.45,47.585,30.7,710.62
15/9-F-1 C,2014-06-21,24.0,215.3,58.7,58.7,47.611,30.31,708.04
15/9-F-1 C,2014-06-22,24.0,214.95,58.24,58.42,47.62,29.85,702.73
15/9-F-1 C,2014-06-23,24.0,214.86,57.46,57.88,47.66,28.78,695.74
15/9-F-1 C,2014-06-24,24.0,214.9,56.91,57.35,47.628,28.52,658.27
15/9-F-1 C,2014-06-25,24.0,214.82,56.88,58.01,46.568,28.48,576.35
15/9-F-1 C,2014-06-26,16.58,219.56,60.98,49.15,44.0,35.12,369.83
15/9-F-1 C,2014-06-27,23.83,217.25,54.46,50.51,44.375,26.03,418.45
15/9-F-1 C,2014-06-28,24.0,215.09,54.33,55.69,47.053,25.9,588.96
15/9-F-1 C,2014-06-29,24.0,215.26,55.06,55.97,46.832,26.65,571.88
15/9-F-1 C,2014-06-30,24.0,215.35,55.14,56.01,45.828,26.73,512.52
15/9-F-1 C,2014-07-01,24.0,215.38,54.97,56.25,46.787,26.56,563.26
15/9-F-1 C,2014-07-02,24.0,215.41,54.81,51.65,46.8,26.39,564.26
15/9-F-1 C,2014-07-03,24.0,215.33,54.55,50.82,46.804,26.13,565.09
15/9-F-1 C,2014-07-04,24.0,215.21,54.11,51.42,46.847,25.68,563.73
15/9-F-1 C,2014-07-05,24.0,215.12,53.63,54.23,46.856,25.2,563.46
15/9-F-1 C,2014-07-06,24.0,215.07,53.09,56.64,46.865,24.66,563.38
15/9-F-1 C,2014-07-08,24.0,215.05,52.02,57.49,46.804,23.59,523.33
15/9-F-1 C,2014-07-09,24.0,215.14,51.25,56.12,46.807,22.8,521.97
15/9-F-1 C,2014-07-10,24.0,215.17,50.93,57.49,46.792,22.48,490.49
15/9-F-1 C,2014-07-11,24.0,215.19,50.49,56.12,46.788,22.04,491.71
15/9-F-1 C,2014-07-12,24.0,215.46,49.54,56.63,46.859,21.08,488.44
15/9-F-1 C,2014-07-13,24.0,215.76,49.02,57.2,46.8,20.54,481.59
15/9-F-1 C,2014-07-14,24.0,215.98,48.57,56.78,47.003,20.1,492.02
15/9-F-1 C,2014-07-15,24.0,215.05,48.86,56.4,47.885,20.38,476.08
15/9-F-1 C,2014-07-16,24.0,214.83,48.49,56.42,47.761,20.02,466.34
15/9-F-1 C,2014-07-17,24.0,214.76,48.18,55.03,47.714,19.71,463.64
15/9-F-1 C,2014-07-18,24.0,214.92,47.45,58.94,47.695,19.01,459.37
15/9-F-1 C,2014-07-19,24.0,215.03,47.4,58.31,47.686,18.92,458.09
15/9-F-1 C,2014-07-20,22.42,216.04,47.22,55.55,43.934,18.54,290.87
15/9-F-1 C,2014-07-21,24.0,215.11,44.81,56.7,47.977,16.29,487.33
15/9-F-1 C,2014-07-22,24.0,215.06,46.35,58.76,47.701,17.87,468.63
15/9-F-1 C,2014-07-23,24.0,215.21,46.16,58.98,47.718,17.68,465.25
15/9-F-1 C,2014-07-24,24.0,215.38,46.1,59.72,47.633,17.61,466.58
15/9-F-1 C,2014-07-25,24.0,215.53,45.76,59.47,47.656,17.27,464.22
15/9-F-1 C,2014-07-26,24.0,215.61,45.5,60.04,47.61,17.05,458.9
15/9-F-1 C,2014-07-27,24.0,215.84,44.89,58.89,47.591,16.44,460.83
15/9-F-1 C,2014-07-28,24.0,216.09,44.64,59.25,47.602,16.2,457.95
15/9-F-1 C,2014-07-29,24.0,215.97,44.6,56.66,48.132,16.15,481.51
15/9-F-1 C,2014-07-30,24.0,214.63,44.99,57.16,48.717,16.52,489.43
15/9-F-1 C,2014-07-31,24.0,215.09,43.25,58.96,48.718,14.72,375.93
15/9-F-1 C,2014-08-01,24.0,215.03,43.67,59.04,48.721,15.15,378.38
15/9-F-1 C,2014-08-02,24.0,215.15,43.14,58.06,48.705,14.6,379.41
15/9-F-1 C,2014-08-03,24.0,215.13,43.25,57.61,48.699,14.74,377.42
15/9-F-1 C,2014-08-04,24.0,212.9,44.04,56.58,49.538,15.52,417.98
15/9-F-1 C,2014-08-05,24.0,210.17,43.41,63.58,49.633,14.91,507.75
15/9-F-1 C,2014-08-06,24.0,209.82,42.62,62.68,49.594,14.11,469.73
15/9-F-1 C,2014-08-07,24.0,210.09,41.05,60.7,50.195,12.54,521.26
15/9-F-1 C,2014-08-08,24.0,210.18,40.37,62.56,50.211,11.84,518.32
15/9-F-1 C,2014-08-09,24.0,210.55,40.15,58.14,49.946,11.61,493.37
15/9-F-1 C,2014-08-10,24.0,210.63,39.77,56.23,50.239,11.22,509.21
15/9-F-1 C,2014-08-11,24.0,213.45,37.35,50.72,49.437,8.75,351.8
15/9-F-1 C,2014-08-12,24.0,215.51,37.09,44.27,48.828,8.48,287.03
15/9-F-1 C,2014-08-13,24.0,215.89,37.89,50.89,48.578,9.29,278.58
15/9-F-1 C,2014-08-14,24.0,215.86,38.83,56.83,48.498,10.25,297.19
15/9-F-1 C,2014-08-15,24.0,215.78,39.54,57.33,48.472,10.98,297.33
15/9-F-1 C,2014-08-16,24.0,216.0,39.37,52.85,48.479,10.8,296.2
15/9-F-1 C,2014-08-17,24.0,216.02,39.84,53.76,48.473,11.26,296.12
15/9-F-1 C,2014-08-18,24.0,216.08,40.0,57.06,48.447,11.43,293.35
15/9-F-1 C,2014-09-03,19.17,248.02,42.19,46.49,40.67,13.35,103.77
15/9-F-1 C,2014-09-04,24.0,237.29,28.49,53.78,61.089,2.37,290.3
15/9-F-1 C,2014-09-05,24.0,223.51,38.92,66.29,53.051,10.31,427.63
15/9-F-1 C,2014-09-06,24.0,225.25,43.66,64.89,49.887,15.08,422.69
15/9-F-1 C,2014-09-07,24.0,225.94,44.94,60.69,49.634,16.37,412.14
15/9-F-1 C,2014-09-08,24.0,224.93,45.35,62.91,49.467,16.79,410.96
15/9-F-1 C,2014-09-09,24.0,224.68,45.54,61.99,49.472,16.99,409.11
15/9-F-1 C,2014-09-10,24.0,224.65,45.44,62.49,48.697,16.9,389.68
15/9-F-1 C,2014-09-11,24.0,225.96,45.06,57.54,48.653,16.52,380.29
15/9-F-1 C,2014-09-12,24.0,225.61,44.88,56.71,48.617,16.34,391.22
15/9-F-1 C,2014-09-13,24.0,225.3,44.5,58.73,48.647,15.96,391.65
15/9-F-1 C,2014-09-14,24.0,225.15,43.96,60.82,48.622,15.41,384.47
15/9-F-1 C,2014-09-15,24.0,224.94,43.65,59.24,48.623,15.09,342.35
15/9-F-1 C,2014-09-16,24.0,224.81,43.29,58.17,48.627,14.62,338.88
15/9-F-1 C,2014-09-17,24.0,224.62,42.91,58.46,48.642,14.32,344.5
15/9-F-1 C,2014-09-18,24.0,224.55,42.58,58.86,48.645,14.01,333.55
15/9-F-1 C,2014-09-19,24.0,224.56,42.26,59.27,48.6,13.69,329.6
15/9-F-1 C,2014-09-20,24.0,221.86,42.38,60.53,49.149,13.81,358.2
15/9-F-1 C,2014-09-21,24.0,219.55,41.89,61.65,49.4,13.34,377.72
15/9-F-1 C,2014-09-22,24.0,219.89,41.44,61.08,49.3,12.88,356.65
15/9-F-1 C,2014-09-23,24.0,219.72,41.07,58.68,49.187,12.5,354.31
15/9-F-1 C,2014-09-24,24.0,219.83,40.46,58.96,49.163,11.88,338.53
15/9-F-1 C,2014-09-25,24.0,220.01,40.01,55.7,49.13,11.42,324.9
15/9-F-1 C,2014-09-26,24.0,219.97,39.77,54.61,49.138,11.19,324.95
15/9-F-1 C,2014-09-27,24.0,219.9,39.67,53.28,49.132,11.09,322.07
15/9-F-1 C,2014-09-28,23.09,220.04,39.37,53.81,49.014,10.85,308.31
15/9-F-1 C,2014-10-01,24.0,226.03,8.08,52.41,53.672,2.64,55.2
15/9-F-1 C,2014-10-02,24.0,211.87,30.89,58.72,58.428,4.51,199.07
15/9-F-1 C,2014-10-03,24.0,221.13,35.0,51.46,51.875,5.62,275.22
15/9-F-1 C,2014-10-04,24.0,219.88,36.71,57.58,50.898,8.1,287.64
15/9-F-1 C,2014-10-05,24.0,219.47,37.62,57.28,50.546,8.98,323.18
15/9-F-1 C,2014-10-06,24.0,220.9,37.86,57.76,50.208,9.25,315.32
15/9-F-1 C,2014-10-07,24.0,220.65,38.22,55.12,50.43,9.6,322.31
15/9-F-1 C,2014-10-08,24.0,220.67,38.28,53.3,50.493,9.67,320.34
15/9-F-1 C,2014-10-09,24.0,220.47,38.33,53.2,50.453,9.7,325.92
15/9-F-1 C,2014-10-10,24.0,220.18,38.38,53.77,50.41,9.77,329.2
15/9-F-1 C,2014-10-11,24.0,220.16,38.22,52.71,50.396,9.62,325.01
15/9-F-1 C,2014-10-12,24.0,220.15,38.08,56.23,50.378,9.48,323.37
15/9-F-1 C,2014-10-13,24.0,220.33,37.81,60.76,50.361,9.21,320.68
15/9-F-1 C,2014-10-14,24.0,220.44,37.65,60.45,50.363,9.05,320.41
15/9-F-1 C,2014-10-15,24.0,220.22,37.67,60.62,50.467,9.06,322.67
15/9-F-1 C,2014-10-16,24.0,220.01,37.58,59.25,50.563,8.98,322.4
15/9-F-1 C,2014-10-17,24.0,220.21,37.36,59.52,50.559,8.76,321.25
15/9-F-1 C,2014-10-18,24.0,220.23,37.32,54.29,50.478,8.7,321.22
15/9-F-1 C,2014-10-19,24.0,220.22,37.13,50.17,50.52,8.51,323.37
15/9-F-1 C,2014-10-20,24.0,220.72,36.36,56.09,50.864,7.73,326.54
15/9-F-1 C,2014-10-21,24.0,220.41,36.82,55.69,50.912,8.18,316.21
15/9-F-1 C,2014-10-22,24.0,220.62,36.68,55.69,50.849,8.06,314.23
15/9-F-1 C,2014-10-23,24.0,220.62,36.73,49.99,50.819,8.11,313.92
15/9-F-1 C,2014-10-24,24.0,220.74,36.65,50.37,50.773,8.03,314.24
15/9-F-1 C,2014-10-25,24.0,220.86,36.59,48.38,50.784,7.96,317.47
15/9-F-1 C,2014-10-26,25.0,220.96,36.55,47.29,50.8,7.92,333.14
15/9-F-1 C,2014-10-27,24.0,219.96,37.0,53.3,50.779,8.44,318.2
15/9-F-1 C,2014-10-28,24.0,219.96,36.67,53.39,50.498,8.21,315.14
15/9-F-1 C,2014-10-29,24.0,220.72,36.08,59.32,50.499,7.61,304.36
15/9-F-1 C,2014-10-30,24.0,221.12,35.87,57.8,51.04,7.25,318.25
15/9-F-1 C,2014-10-31,24.0,219.49,36.84,58.46,51.31,8.23,322.58
15/9-F-1 C,2014-11-01,24.0,219.78,36.46,51.98,50.918,7.83,316.54
15/9-F-1 C,2014-11-02,24.0,220.07,36.23,50.97,50.906,7.59,321.29
15/9-F-1 C,2014-11-03,24.0,220.34,36.03,54.66,50.931,7.38,295.17
15/9-F-1 C,2014-11-04,24.0,220.49,35.89,58.74,50.892,7.24,290.68
15/9-F-1 C,2014-11-05,24.0,221.79,35.1,58.08,51.132,6.45,288.26
15/9-F-1 C,2014-11-06,24.0,221.69,35.14,54.92,51.64,6.49,292.13
15/9-F-1 C,2014-11-07,24.0,220.01,36.48,56.36,50.843,7.92,293.13
15/9-F-1 C,2014-11-08,24.0,219.99,36.28,53.55,50.808,7.82,292.29
15/9-F-1 C,2014-11-09,24.0,220.48,35.81,53.34,50.801,7.39,289.93
15/9-F-1 C,2014-11-10,24.0,222.47,34.39,54.09,51.7,5.84,283.28
15/9-F-1 C,2014-11-11,24.0,219.98,36.49,60.34,51.696,8.04,294.55
15/9-F-1 C,2014-11-12,24.0,219.18,36.44,59.23,51.636,8.0,295.28
15/9-F-1 C,2014-11-13,24.0,220.28,35.39,58.76,51.605,6.95,290.93
15/9-F-1 C,2014-11-14,24.0,220.88,35.23,58.25,51.584,6.79,290.46
15/9-F-1 C,2014-11-15,24.0,220.07,35.66,58.0,51.597,7.22,293.48
15/9-F-1 C,2014-11-16,24.0,221.14,34.78,56.5,52.042,6.35,292.77
15/9-F-1 C,2014-11-17,24.0,222.15,33.84,56.0,52.62,5.41,293.11
15/9-F-1 C,2014-11-18,24.0,220.41,36.08,59.36,50.949,7.66,289.07
15/9-F-1 C,2014-11-19,24.0,221.5,35.32,58.97,50.932,6.9,281.74
15/9-F-1 C,2014-11-20,24.0,220.0,36.44,60.77,50.943,8.02,285.32
15/9-F-1 C,2014-11-21,24.0,220.1,35.99,59.96,50.928,7.57,283.6
15/9-F-1 C,2014-11-22,24.0,219.92,35.93,57.61,50.927,7.51,283.17
15/9-F-1 C,2014-11-23,24.0,221.06,34.65,56.58,50.847,6.22,272.89
15/9-F-1 C,2014-11-30,12.0,247.36,38.62,34.17,35.116,32.54,1.26
15/9-F-1 C,2014-12-01,13.5,255.41,6.54,20.87,56.644,2.26,120.29
15/9-F-1 C,2015-01-01,9.5,298.44,106.03,21.34,44.0,77.95,94.01
15/9-F-1 C,2015-01-02,24.0,292.15,100.26,45.62,45.952,71.46,790.87
15/9-F-1 C,2015-01-03,24.0,279.99,95.44,60.85,47.799,66.34,916.81
15/9-F-1 C,2015-01-04,24.0,271.3,86.59,57.44,47.71,57.67,788.73
15/9-F-1 C,2015-01-05,24.0,265.07,81.69,56.25,47.867,52.7,790.15
15/9-F-1 C,2015-01-06,24.0,258.83,76.08,59.49,47.972,47.36,783.85
15/9-F-1 C,2015-01-07,24.0,254.71,70.75,53.0,47.376,42.01,574.29
15/9-F-1 C,2015-01-08,24.0,251.04,68.58,54.21,48.111,39.64,626.39
15/9-F-1 C,2015-01-09,17.67,247.72,58.99,48.26,36.355,31.62,355.75
15/9-F-1 C,2015-01-10,20.67,244.41,65.23,54.09,40.789,38.02,422.91
15/9-F-1 C,2015-01-11,24.0,243.65,59.7,54.04,47.869,30.23,486.97
15/9-F-1 C,2015-01-12,24.0,239.91,62.17,53.4,49.043,32.88,597.29
15/9-F-1 C,2015-01-13,24.0,234.21,59.51,56.32,50.156,30.12,610.33
15/9-F-1 C,2015-01-14,24.0,230.07,41.93,43.7,55.802,17.78,580.74
15/9-F-1 C,2015-01-15,24.0,230.81,45.86,53.75,50.54,23.55,461.02
15/9-F-1 C,2015-01-16,24.0,229.09,50.92,52.48,48.985,21.42,453.09
15/9-F-1 C,2015-01-17,24.0,228.88,50.39,52.67,48.974,20.97,418.97
15/9-F-1 C,2015-01-18,24.0,228.88,50.39,52.67,48.974,20.97,442.16
15/9-F-1 C,2015-01-19,24.0,228.88,50.39,52.67,48.974,20.97,447.32
15/9-F-1 C,2015-01-20,18.67,224.08,51.01,52.24,29.4,20.41,226.24
15/9-F-1 C,2015-01-21,1.0,226.79,18.21,18.18,18.765,0.41,7.64
15/9-F-1 C,2015-02-09,10.48,273.92,51.26,42.99,21.282,23.07,125.26
15/9-F-1 C,2015-02-10,24.0,266.94,61.24,62.48,48.896,32.59,402.41
15/9-F-1 C,2015-02-11,24.0,259.99,60.69,56.31,48.959,32.16,474.1
15/9-F-1 C,2015-02-12,24.0,254.66,58.59,58.91,48.945,30.12,466.03
15/9-F-1 C,2015-02-13,24.0,248.49,55.64,58.42,48.408,27.31,423.36
15/9-F-1 C,2015-02-14,24.0,247.16,53.77,62.62,49.025,25.17,421.26
15/9-F-1 C,2015-02-15,24.0,242.39,51.2,58.07,48.045,22.88,419.02
15/9-F-1 C,2015-02-16,24.0,242.44,50.02,56.41,49.028,21.45,419.54
15/9-F-1 C,2015-02-17,24.0,240.78,48.56,53.99,46.804,19.97,409.69
15/9-F-1 C,2015-02-18,24.0,237.66,49.57,54.73,50.764,20.96,519.64
15/9-F-1 C,2015-02-19,24.0,230.46,49.69,62.2,52.935,21.09,652.82
15/9-F-1 C,2015-02-20,24.0,226.45,46.89,64.84,53.107,18.08,638.16
15/9-F-1 C,2015-02-21,24.0,223.74,44.02,68.06,53.242,15.42,624.59
15/9-F-1 C,2015-02-22,24.0,222.11,41.52,63.3,53.325,12.91,475.6
15/9-F-1 C,2015-02-23,24.0,221.14,39.35,56.3,53.273,10.72,410.07
15/9-F-1 C,2015-02-24,24.0,219.29,39.4,63.13,55.836,10.44,625.9
15/9-F-1 C,2015-02-25,24.0,211.72,40.87,74.28,60.368,12.05,940.93
15/9-F-1 C,2015-02-26,24.0,208.74,37.11,68.83,60.361,8.47,738.49
15/9-F-1 C,2015-02-27,18.94,208.16,33.57,61.43,47.62,4.96,399.77
15/9-F-1 C,2015-03-18,8.21,269.12,37.31,47.54,19.219,18.62,91.76
15/9-F-1 C,2015-03-19,24.0,260.26,38.2,68.47,51.613,21.5,216.14
15/9-F-1 C,2015-03-20,24.0,252.95,41.19,70.3,51.832,24.52,222.87
15/9-F-1 C,2015-03-21,24.0,246.42,43.28,72.43,51.958,24.56,225.74
15/9-F-1 C,2015-03-22,24.0,241.95,43.29,59.77,53.545,14.72,385.1
15/9-F-1 C,2015-03-23,24.0,238.2,41.85,65.74,53.516,13.36,342.99
15/9-F-1 C,2015-03-24,24.0,235.29,40.57,68.67,53.539,12.08,355.76
15/9-F-1 C,2015-03-25,24.0,232.31,39.71,69.84,54.719,11.07,447.87
15/9-F-1 C,2015-03-26,24.0,223.93,39.9,75.17,60.038,8.74,609.35
15/9-F-1 C,2015-03-27,24.0,220.57,37.73,71.97,59.874,6.66,618.61
15/9-F-1 C,2015-03-28,24.0,217.49,36.46,68.14,59.896,6.99,565.02
15/9-F-1 C,2015-03-29,24.0,214.87,35.03,72.43,57.233,6.43,550.72
15/9-F-1 C,2015-03-30,24.0,212.16,34.28,72.81,63.471,5.3,624.44
15/9-F-1 C,2015-03-31,24.0,208.37,32.97,73.49,65.017,4.23,622.85
15/9-F-1 C,2015-04-01,6.46,211.3,28.46,34.81,17.947,0.52,57.52
15/9-F-1 C,2015-04-20,16.38,275.59,36.61,31.72,31.691,18.5,81.91
15/9-F-1 C,2015-04-21,24.0,262.87,32.88,74.12,52.616,20.16,172.87
15/9-F-1 C,2015-04-22,24.0,253.77,37.07,76.61,52.597,21.69,268.47
15/9-F-1 C,2015-04-23,24.0,248.85,39.36,72.49,52.659,15.13,320.34
15/9-F-1 C,2015-04-24,24.0,246.51,39.75,66.23,52.653,10.82,318.85
15/9-F-1 C,2015-04-25,24.0,243.7,39.35,67.09,52.704,10.42,340.53
15/9-F-1 C,2015-04-26,24.0,241.29,38.73,67.05,52.703,9.82,339.92
15/9-F-1 C,2015-04-27,24.0,236.87,38.68,70.36,55.267,9.7,396.95
15/9-F-1 C,2015-04-28,24.0,232.03,37.99,71.3,56.907,9.0,443.99
15/9-F-1 C,2015-04-29,24.0,224.94,37.2,76.53,59.771,8.28,574.96
15/9-F-1 C,2015-04-30,24.0,219.37,35.64,77.14,62.132,6.73,607.87
15/9-F-1 C,2015-05-01,24.0,213.64,34.07,77.72,65.019,5.31,664.96
15/9-F-1 C,2015-05-02,24.0,210.48,32.24,76.68,68.386,3.58,621.12
15/9-F-1 C,2015-05-03,9.71,209.44,31.26,75.01,28.405,2.68,211.5
15/9-F-1 C,2015-05-22,7.38,264.55,29.1,66.36,22.223,12.03,143.08
15/9-F-1 C,2015-05-23,24.0,249.2,28.98,83.42,73.665,6.57,502.61
15/9-F-1 C,2015-05-24,24.0,235.03,35.07,79.0,68.763,5.73,537.12
15/9-F-1 C,2015-05-25,24.0,233.43,36.27,74.12,57.352,7.48,504.77
15/9-F-1 C,2015-05-26,24.0,232.6,34.81,70.58,56.381,6.06,353.36
15/9-F-1 C,2015-05-27,20.0,232.83,32.17,56.43,56.465,3.48,294.17
15/9-F-1 C,2015-06-11,10.45,272.69,33.62,43.11,22.758,16.68,83.28
15/9-F-1 C,2015-06-12,24.0,259.99,33.44,74.25,60.862,5.69,212.85
15/9-F-1 C,2015-06-13,24.0,253.85,36.57,74.57,54.852,8.83,256.04
15/9-F-1 C,2015-06-14,24.0,251.03,38.69,67.98,51.82,10.96,235.07
15/9-F-1 C,2015-06-15,24.0,248.77,38.89,66.48,51.752,11.15,240.06
15/9-F-1 C,2015-06-16,24.0,246.56,38.21,63.71,51.483,10.5,245.4
15/9-F-1 C,2015-06-17,24.0,245.2,37.36,60.13,51.355,9.6,221.41
15/9-F-1 C,2015-06-18,24.0,243.78,36.69,62.83,51.823,8.93,223.27
15/9-F-1 C,2015-06-19,24.0,242.22,36.11,63.52,52.097,8.35,229.63
15/9-F-1 C,2015-06-20,24.0,240.64,35.45,63.17,52.448,7.69,219.05
15/9-F-1 C,2015-06-21,24.0,239.85,34.47,62.14,52.695,6.7,204.65
15/9-F-1 C,2015-06-22,24.0,238.53,34.57,64.55,53.392,6.81,211.31
15/9-F-1 C,2015-06-23,24.0,234.81,35.68,70.45,55.362,7.94,337.64
15/9-F-1 C,2015-06-24,24.0,228.97,36.32,74.71,56.584,8.63,422.22
15/9-F-1 C,2015-06-25,24.0,226.22,34.8,73.23,56.562,7.14,387.93
15/9-F-1 C,2015-06-26,24.0,224.21,33.78,72.32,58.214,5.96,446.62
15/9-F-1 C,2015-06-27,24.0,221.04,33.31,73.68,60.889,4.77,435.55
15/9-F-1 C,2015-06-28,24.0,218.24,32.4,72.15,62.826,3.91,451.91
15/9-F-1 C,2015-06-29,24.0,213.81,31.94,75.97,69.609,3.6,635.31
15/9-F-1 C,2015-06-30,24.0,207.22,30.86,77.13,73.331,3.12,645.3
15/9-F-1 C,2015-07-01,3.29,211.12,27.69,41.21,10.21,0.49,15.53
15/9-F-1 C,2015-07-22,22.38,268.88,28.3,64.06,55.015,10.21,110.7
15/9-F-1 C,2015-07-23,24.0,257.85,28.94,73.51,76.035,1.65,165.82
15/9-F-1 C,2015-07-24,24.0,248.66,32.46,77.3,62.365,4.82,264.65
15/9-F-1 C,2015-07-25,24.0,248.32,34.42,70.6,53.828,7.17,204.35
15/9-F-1 C,2015-07-26,24.0,245.79,34.48,69.99,53.759,7.23,229.61
15/9-F-1 C,2015-07-27,24.0,243.76,34.15,68.88,53.478,6.91,227.7
15/9-F-1 C,2015-07-28,24.0,242.08,33.54,67.5,53.414,6.28,223.78
15/9-F-1 C,2015-07-29,24.0,241.1,32.55,65.37,53.511,5.28,182.64
15/9-F-1 C,2015-07-30,24.0,240.01,32.47,65.54,54.514,5.2,201.69
15/9-F-1 C,2015-07-31,24.0,237.16,32.89,67.56,56.362,5.46,267.48
15/9-F-1 C,2015-08-01,24.0,231.57,33.71,68.34,58.65,5.98,350.0
15/9-F-1 C,2015-08-02,24.0,229.02,32.34,67.77,58.56,4.7,322.99
15/9-F-1 C,2015-08-03,24.0,225.79,32.08,73.15,62.104,3.93,384.65
15/9-F-1 C,2015-08-04,24.0,220.5,32.23,73.75,63.75,3.9,443.81
15/9-F-1 C,2015-08-05,24.0,213.11,30.26,72.73,70.878,5.83,732.83
15/9-F-1 C,2015-08-06,24.0,208.74,29.67,75.58,73.516,2.39,583.05
15/9-F-1 C,2015-08-07,3.79,210.44,26.83,71.1,11.826,1.2,53.69
15/9-F-1 C,2015-09-04,16.16,277.59,33.45,58.75,38.671,9.03,176.51
15/9-F-1 C,2015-09-05,24.0,265.46,33.55,78.66,58.933,6.86,291.3
15/9-F-1 C,2015-09-06,24.0,258.2,35.48,76.71,55.808,8.78,344.41
15/9-F-1 C,2015-09-07,24.0,253.93,36.65,73.61,53.856,9.98,360.29
15/9-F-1 C,2015-09-08,24.0,250.73,36.7,71.53,53.287,10.04,369.91
15/9-F-1 C,2015-09-09,24.0,247.68,36.23,70.85,53.289,9.57,370.14
15/9-F-1 C,2015-09-10,24.0,245.18,35.34,69.52,53.294,8.69,355.61
15/9-F-1 C,2015-09-11,24.0,243.32,34.09,67.37,53.265,7.44,334.51
15/9-F-1 C,2015-09-12,24.0,239.66,34.1,71.44,55.98,7.38,397.18
15/9-F-1 C,2015-09-13,24.0,235.34,33.46,70.46,56.809,6.75,411.79
15/9-F-1 C,2015-09-14,24.0,232.75,32.42,71.88,57.75,5.64,427.44
15/9-F-1 C,2015-09-15,24.0,228.47,31.92,73.62,60.309,4.95,434.04
15/9-F-1 C,2015-09-16,24.0,225.03,31.08,73.85,62.166,3.96,438.65
15/9-F-1 C,2015-09-17,24.0,220.58,31.01,76.78,65.798,3.37,515.22
15/9-F-1 C,2015-09-18,24.0,214.0,30.83,79.78,77.678,2.25,614.6
15/9-F-1 C,2015-09-19,24.0,211.5,28.53,72.66,93.635,1.08,509.6
15/9-F-1 C,2015-09-20,8.31,217.54,24.67,29.36,34.853,0.19,109.07
15/9-F-1 C,2015-10-14,6.11,282.5,54.69,35.89,13.459,31.84,68.45
15/9-F-1 C,2015-10-15,24.0,266.73,26.85,79.76,59.01,8.12,105.62
15/9-F-1 C,2015-10-16,24.0,257.86,29.48,80.06,55.38,10.76,157.84
15/9-F-1 C,2015-10-17,24.0,254.75,32.23,72.93,51.613,13.5,153.95
15/9-F-1 C,2015-10-18,24.0,253.1,32.81,69.05,50.165,14.09,150.21
15/9-F-1 C,2015-10-19,24.0,248.92,33.46,72.88,52.316,14.75,225.44
15/9-F-1 C,2015-10-20,24.0,244.91,33.77,69.84,51.121,15.09,220.67
15/9-F-1 C,2015-10-21,24.0,243.21,32.87,61.2,52.894,9.91,208.22
15/9-F-1 C,2015-10-22,24.0,240.39,32.26,64.32,55.4,6.16,217.89
15/9-F-1 C,2015-10-23,24.0,238.34,31.26,64.55,56.322,5.21,218.67
15/9-F-1 C,2015-10-24,24.0,234.84,30.99,66.51,58.328,4.64,252.89
15/9-F-1 C,2015-10-25,24.0,232.59,30.05,66.58,59.992,5.23,284.35
15/9-F-1 C,2015-10-26,24.0,226.84,32.35,70.54,55.619,13.63,393.65
15/9-F-1 C,2015-10-27,24.0,222.45,31.19,75.35,56.49,12.5,418.62
15/9-F-1 C,2015-10-28,24.0,219.68,29.96,73.91,56.472,11.28,399.81
15/9-F-1 C,2015-10-29,24.0,214.76,29.49,76.51,67.665,7.43,606.2
15/9-F-1 C,2015-10-30,1.69,213.32,29.39,73.71,6.644,1.21,3.32
15/9-F-1 C,2015-11-18,13.26,278.77,41.45,35.5,27.954,23.57,63.09
15/9-F-1 C,2015-11-19,24.0,270.76,26.84,64.63,56.911,5.68,57.47
15/9-F-1 C,2015-11-20,24.0,263.88,26.69,74.1,60.682,5.13,175.11
15/9-F-1 C,2015-11-21,24.0,251.5,29.0,81.46,60.689,7.43,252.27
15/9-F-1 C,2015-11-22,24.0,244.37,32.07,79.66,60.665,6.45,303.18
15/9-F-1 C,2015-11-23,24.0,239.83,33.11,71.81,60.62,5.64,303.74
15/9-F-1 C,2015-11-24,24.0,236.09,32.32,73.65,60.613,4.79,301.02
15/9-F-1 C,2015-11-25,24.0,232.99,31.16,74.78,62.965,3.62,308.88
15/9-F-1 C,2015-11-26,24.0,229.88,29.91,68.74,65.614,2.53,289.87
15/9-F-1 C,2015-11-27,24.0,227.09,29.65,69.43,55.419,10.64,311.81
15/9-F-1 C,2015-11-28,24.0,224.29,29.13,69.38,55.425,10.37,318.61
15/9-F-1 C,2015-11-29,24.0,222.15,28.49,70.79,55.49,9.75,324.82
15/9-F-1 C,2015-11-30,24.0,220.58,27.71,72.7,55.476,8.99,322.18
15/9-F-1 C,2015-12-01,24.0,219.29,27.1,71.46,55.738,8.56,318.37
15/9-F-1 C,2015-12-02,24.0,217.1,26.79,67.99,56.257,9.08,349.66
15/9-F-1 C,2015-12-03,24.0,215.27,26.29,71.86,56.997,8.58,352.55
15/9-F-1 C,2015-12-04,24.0,213.68,25.71,70.5,56.932,8.39,372.09
15/9-F-1 C,2015-12-05,24.0,212.13,25.11,67.01,56.805,8.38,334.45
15/9-F-1 C,2015-12-06,24.0,211.23,24.16,72.42,56.828,7.89,356.49
15/9-F-1 C,2015-12-07,24.0,209.87,24.05,74.38,57.602,8.35,361.71
15/9-F-1 C,2015-12-08,24.0,208.08,23.95,69.91,59.03,8.23,406.31
15/9-F-1 C,2015-12-09,5.66,207.59,23.18,73.22,13.99,7.71,97.79
15/9-F-1 C,2016-01-04,14.34,284.27,41.3,25.04,26.607,24.84,82.82
15/9-F-1 C,2016-01-05,24.0,277.92,27.46,51.21,49.878,13.17,32.67
15/9-F-1 C,2016-01-06,24.0,264.79,25.54,77.97,57.803,9.77,93.87
15/9-F-1 C,2016-01-07,24.0,255.16,26.86,79.19,57.472,11.1,164.52
15/9-F-1 C,2016-01-08,24.0,249.94,29.22,76.91,54.519,13.47,194.43
15/9-F-1 C,2016-01-09,24.0,246.18,30.49,74.3,53.017,14.76,205.53
15/9-F-1 C,2016-01-10,24.0,244.59,30.25,69.11,52.211,14.52,187.41
15/9-F-1 C,2016-01-11,24.0,243.2,29.34,66.24,51.286,13.62,170.45
15/9-F-1 C,2016-01-12,24.0,242.53,28.32,68.37,51.578,12.61,156.61
15/9-F-1 C,2016-01-13,23.5,240.06,28.23,71.2,52.318,13.07,232.69
15/9-F-1 C,2016-01-14,24.0,236.32,29.78,71.28,52.695,14.09,258.42
15/9-F-1 C,2016-01-15,24.0,235.44,28.3,68.11,52.144,12.61,199.68
15/9-F-1 C,2016-01-16,24.0,234.17,27.43,70.53,52.302,11.75,199.16
15/9-F-1 C,2016-01-17,24.0,233.17,26.67,70.7,52.332,11.0,197.21
15/9-F-1 C,2016-01-18,24.0,231.73,26.55,69.81,52.809,10.87,197.52
15/9-F-1 C,2016-01-19,24.0,229.56,26.87,73.31,53.833,11.19,257.83
15/9-F-1 C,2016-01-20,13.84,227.72,26.38,69.34,33.376,10.61,150.62
15/9-F-1 C,2016-02-06,22.08,282.77,48.8,17.87,40.327,27.94,65.72
15/9-F-1 C,2016-02-07,24.0,272.32,23.9,48.52,53.382,8.21,52.25
15/9-F-1 C,2016-02-08,24.0,265.14,24.95,68.17,54.219,9.21,72.77
15/9-F-1 C,2016-02-09,24.0,258.25,28.13,72.83,54.167,12.39,118.71
15/9-F-1 C,2016-02-10,24.0,251.45,31.4,78.31,54.142,15.65,207.31
15/9-F-1 C,2016-02-11,24.0,245.66,33.22,77.27,54.17,17.43,210.23
15/9-F-1 C,2016-02-12,24.0,241.08,33.3,74.49,53.736,17.29,308.45
15/9-F-1 C,2016-02-13,24.0,239.05,31.67,72.97,52.609,15.69,293.21
15/9-F-1 C,2016-02-14,24.0,236.79,30.47,72.5,52.712,14.5,241.12
15/9-F-1 C,2016-02-15,24.0,234.79,29.4,71.68,52.64,13.45,239.99
15/9-F-1 C,2016-02-16,24.0,233.14,28.56,61.75,52.647,12.63,237.43
15/9-F-1 C,2016-02-17,24.0,231.65,28.06,60.88,52.619,12.11,236.6
15/9-F-1 C,2016-02-18,24.0,230.41,27.48,68.71,52.604,11.54,232.24
15/9-F-1 C,2016-02-19,24.0,229.33,26.9,60.63,52.616,10.96,298.12
15/9-F-1 C,2016-02-20,24.0,228.53,26.16,65.0,52.571,10.25,307.88
15/9-F-1 C,2016-02-21,24.0,227.42,26.2,67.61,53.229,10.33,296.78
15/9-F-1 C,2016-02-22,24.0,225.84,25.9,70.94,53.596,9.92,304.54
15/9-F-1 C,2016-02-23,24.0,225.19,24.97,69.88,53.548,9.03,303.99
15/9-F-1 C,2016-02-24,24.0,224.6,24.72,70.6,54.272,8.76,327.03
15/9-F-1 C,2016-02-25,24.0,222.38,25.41,72.95,54.97,9.41,338.24
15/9-F-1 C,2016-02-26,5.66,223.46,18.83,62.43,15.77,3.7,24.87
15/9-F-1 C,2016-02-28,0.75,241.89,16.09,13.93,2.628,7.98,0.55
15/9-F-1 C,2016-03-17,21.76,289.08,47.56,24.63,39.2,27.18,50.3
15/9-F-1 C,2016-03-18,24.0,281.18,27.91,57.58,49.501,12.34,37.98
15/9-F-1 C,2016-03-19,24.0,275.32,26.89,61.41,51.161,11.25,63.63
15/9-F-1 C,2016-03-20,24.0,270.35,28.61,70.08,51.055,12.96,81.67
15/9-F-1 C,2016-03-21,24.0,265.65,30.88,71.75,51.042,15.2,108.85
15/9-F-1 C,2016-03-22,24.0,260.9,32.16,73.87,51.691,16.48,189.41
15/9-F-1 C,2016-03-23,24.0,255.51,33.59,74.75,52.678,17.49,243.92
15/9-F-1 C,2016-03-24,24.0,250.39,34.38,68.64,52.949,18.07,246.84
15/9-F-1 C,2016-03-25,24.0,246.17,34.18,72.98,52.935,17.99,248.04
15/9-F-1 C,2016-03-26,24.0,241.96,33.24,68.79,53.888,17.03,265.31
15/9-F-1 C,2016-03-27,23.0,238.13,31.86,67.32,54.1,15.66,253.28
15/9-F-1 C,2016-03-28,24.0,235.06,30.5,73.94,54.329,14.29,271.68
15/9-F-1 C,2016-03-29,24.0,231.52,29.48,76.35,54.764,13.28,275.74
15/9-F-1 C,2016-03-30,24.0,228.85,28.4,74.63,54.744,12.21,293.43
15/9-F-1 C,2016-03-31,24.0,226.56,27.59,74.73,54.69,11.86,287.42
15/9-F-1 C,2016-04-01,24.0,224.57,27.06,67.33,54.77,11.38,299.49
15/9-F-1 C,2016-04-02,24.0,223.01,26.38,69.56,54.688,10.68,284.72
15/9-F-1 C,2016-04-03,24.0,221.81,25.68,72.5,54.724,9.91,280.17
15/9-F-1 C,2016-04-04,24.0,220.78,25.11,71.75,55.068,9.2,281.93
15/9-F-1 C,2016-04-05,24.0,218.75,25.34,72.22,55.998,9.1,317.38
15/9-F-1 C,2016-04-06,20.82,218.44,25.61,66.57,45.143,9.83,208.0
15/9-F-11,2013-07-24,7.0,1.93,28.05,18.19,3.257,18.85,17.85
15/9-F-11,2013-07-25,24.0,163.59,102.12,36.97,8.549,72.96,725.0
15/9-F-11,2013-07-28,0.84,0.0,0.0,0.0,2.464,0.0,56.01
15/9-F-11,2013-07-29,4.0,0.0,0.0,0.0,2.537,0.0,123.59
15/9-F-11,2013-07-31,5.08,273.95,94.56,55.96,2.541,66.4,190.35
15/9-F-11,2013-08-03,15.07,277.8,96.5,41.02,6.116,68.44,590.09
15/9-F-11,2013-08-04,24.0,273.59,96.2,52.46,9.951,67.94,1066.46
15/9-F-11,2013-08-05,24.0,272.3,95.51,55.18,9.759,67.26,1059.61
15/9-F-11,2013-08-06,24.0,271.56,95.04,57.21,9.882,66.8,1070.45
15/9-F-11,2013-08-07,24.0,271.07,94.74,58.38,9.789,66.51,1069.96
15/9-F-11,2013-08-08,24.0,270.69,94.52,58.63,9.784,66.28,1062.22
15/9-F-11,2013-08-09,24.0,270.25,94.3,57.73,9.915,66.06,1074.0
15/9-F-11,2013-08-10,24.0,269.99,94.06,58.43,9.881,65.84,1070.3
15/9-F-11,2013-08-11,24.0,269.96,93.97,58.2,9.881,65.43,1054.09
15/9-F-11,2013-08-12,24.0,269.87,93.86,58.75,9.847,65.16,1038.69
15/9-F-11,2013-08-13,24.0,269.56,93.56,58.55,9.865,65.22,1050.89
15/9-F-11,2013-08-14,24.0,269.41,93.23,58.85,9.796,64.99,1044.55
15/9-F-11,2013-08-15,24.0,269.36,93.08,57.46,9.837,64.82,1044.6
15/9-F-11,2013-08-16,24.0,267.61,91.85,58.58,9.911,63.58,1075.73
15/9-F-11,2013-08-17,24.0,266.96,91.44,57.52,10.092,63.18,1088.86
15/9-F-11,2013-08-18,24.0,268.02,91.94,56.5,9.786,63.67,1041.92
15/9-F-11,2013-08-19,24.0,266.03,90.75,60.08,9.866,62.49,1047.06
15/9-F-11,2013-08-20,24.0,266.56,91.01,59.5,9.813,62.76,1024.24
15/9-F-11,2013-08-21,24.0,266.43,90.86,59.89,10.102,62.61,1050.43
15/9-F-11,2013-08-22,24.0,266.42,90.79,60.81,10.025,62.55,1045.41
15/9-F-11,2013-08-23,24.0,266.42,90.78,60.12,10.088,62.54,1038.88
15/9-F-11,2013-08-24,24.0,266.46,90.75,59.1,10.058,62.51,1030.14
15/9-F-11,2013-08-25,24.0,266.63,90.8,60.04,10.081,62.55,1029.58
15/9-F-11,2013-08-26,24.0,266.76,90.83,60.19,10.124,62.57,1030.05
15/9-F-11,2013-08-27,19.64,267.3,91.2,58.27,8.399,62.86,697.86
15/9-F-11,2013-09-02,1.69,291.27,102.22,23.82,1.57,72.25,15.16
15/9-F-11,2013-09-03,24.0,276.03,93.64,49.96,9.482,65.03,940.96
15/9-F-11,2013-09-04,24.0,270.22,92.53,55.42,9.643,63.97,969.43
15/9-F-11,2013-09-05,24.0,267.26,90.7,58.4,9.846,62.28,1016.4
15/9-F-11,2013-09-06,24.0,262.95,88.21,61.94,10.236,59.73,1156.84
15/9-F-11,2013-09-07,24.0,262.64,88.0,61.84,10.228,59.57,1150.65
15/9-F-11,2013-09-08,24.0,262.7,88.03,62.55,10.203,59.6,1140.41
15/9-F-11,2013-09-09,24.0,262.92,88.16,62.62,9.942,59.72,1109.4
15/9-F-11,2013-09-10,24.0,262.89,88.13,61.73,10.165,59.71,1118.97
15/9-F-11,2013-09-11,24.0,262.92,88.14,62.13,10.17,59.62,1102.58
15/9-F-11,2013-09-12,18.64,263.05,87.79,61.93,8.325,59.49,809.9
15/9-F-11,2013-09-14,6.36,271.36,89.76,44.29,3.298,61.96,329.15
15/9-F-11,2013-09-15,24.0,263.56,87.42,54.63,10.072,59.08,982.21
15/9-F-11,2013-09-16,22.5,261.93,86.81,57.46,9.401,58.6,947.47
15/9-F-11,2013-09-17,24.0,260.89,86.48,58.82,9.965,57.99,1042.0
15/9-F-11,2013-09-18,10.98,259.76,84.47,62.14,5.418,56.32,474.31
15/9-F-11,2013-09-20,16.27,269.08,88.99,48.9,6.765,61.57,642.66
15/9-F-11,2013-09-21,9.81,265.4,86.84,56.15,5.044,58.84,309.88
15/9-F-11,2013-09-22,24.0,265.17,87.83,54.67,9.714,59.6,1034.51
15/9-F-11,2013-09-23,24.0,261.31,86.53,62.21,10.24,58.19,1074.59
15/9-F-11,2013-09-24,24.0,260.9,86.37,62.54,10.354,58.02,1142.53
15/9-F-11,2013-09-25,24.0,262.0,86.98,61.82,10.06,58.64,1107.51
15/9-F-11,2013-09-26,24.0,260.71,86.24,62.54,10.155,57.9,1124.52
15/9-F-11,2013-09-27,8.31,261.53,86.43,62.62,4.538,58.26,299.46
15/9-F-11,2013-09-28,12.36,263.97,85.5,52.73,5.838,57.08,380.03
15/9-F-11,2013-09-29,24.0,253.09,85.12,60.37,10.354,56.64,1158.6
15/9-F-11,2013-09-30,24.0,255.18,84.74,61.53,10.417,56.26,1194.95
15/9-F-11,2013-10-01,24.0,258.32,84.75,60.77,10.429,56.27,1195.94
15/9-F-11,2013-10-02,24.0,258.25,84.72,60.35,10.428,56.24,1249.05
15/9-F-11,2013-10-03,24.0,258.21,84.68,59.73,10.447,56.2,1245.28
15/9-F-11,2013-10-04,24.0,258.25,84.72,60.53,10.451,56.22,1242.87
15/9-F-11,2013-10-05,24.0,258.24,84.65,62.89,10.301,56.18,1235.41
15/9-F-11,2013-10-06,24.0,256.7,83.83,60.94,10.393,55.34,1256.2
15/9-F-11,2013-10-07,24.0,256.55,83.71,59.94,10.272,55.23,1251.09
15/9-F-11,2013-10-08,24.0,256.51,83.59,61.53,10.468,55.11,1251.81
15/9-F-11,2013-10-09,24.0,256.05,83.23,63.13,10.592,54.74,1256.98
15/9-F-11,2013-10-10,24.0,255.33,82.79,62.92,10.673,54.3,1271.99
15/9-F-11,2013-10-11,12.31,256.0,81.86,63.57,8.439,53.45,655.2
15/9-F-11,2013-10-12,10.19,266.94,87.18,45.53,4.597,58.27,362.61
15/9-F-11,2013-10-13,24.0,254.63,81.68,61.98,10.397,53.19,1178.27
15/9-F-11,2013-10-14,24.0,254.66,82.13,62.44,10.452,53.4,1183.06
15/9-F-11,2013-10-15,24.0,254.88,82.25,63.14,10.424,53.34,1198.75
15/9-F-11,2013-10-16,24.0,255.02,82.32,63.45,10.44,53.5,1197.21
15/9-F-11,2013-10-17,24.0,255.11,82.34,63.02,10.307,53.91,1198.18
15/9-F-11,2013-10-18,24.0,255.25,82.39,63.16,10.518,53.93,1215.93
15/9-F-11,2013-10-19,24.0,255.23,82.38,61.51,10.624,53.89,1221.59
15/9-F-11,2013-10-20,24.0,255.27,82.41,59.91,10.395,53.97,1210.15
15/9-F-11,2013-10-21,24.0,255.35,82.47,58.63,10.616,54.03,1218.52
15/9-F-11,2013-10-22,24.0,255.44,82.49,60.35,10.526,54.05,1219.97
15/9-F-11,2013-10-23,24.0,255.5,82.51,61.57,10.529,54.06,1221.28
15/9-F-11,2013-10-24,24.0,254.41,81.86,61.69,10.608,53.43,1250.87
15/9-F-11,2013-10-25,24.0,254.31,81.84,62.39,10.719,53.4,1249.12
15/9-F-11,2013-10-26,24.0,254.74,82.08,62.28,10.655,53.62,1236.82
15/9-F-11,2013-10-27,24.31,256.05,82.21,60.02,10.389,53.86,1219.94
15/9-F-11,2013-10-28,7.86,259.64,81.76,46.42,3.762,53.18,250.93
15/9-F-11,2013-10-29,13.48,255.06,80.19,60.52,6.632,51.8,557.18
15/9-F-11,2013-10-30,10.36,258.14,81.19,49.51,5.066,53.37,414.96
15/9-F-11,2013-10-31,24.0,253.41,80.74,58.58,10.603,52.29,1197.34
15/9-F-11,2013-11-01,24.0,251.09,79.62,58.97,10.587,51.15,1212.36
15/9-F-11,2013-11-02,24.0,252.81,80.71,61.31,10.619,52.24,1252.76
15/9-F-11,2013-11-03,17.33,256.93,81.74,55.92,7.956,53.53,773.31
15/9-F-11,2013-11-04,24.0,253.53,80.6,60.54,10.304,52.28,1155.15
15/9-F-11,2013-11-05,24.0,255.49,82.07,60.98,10.347,53.76,1180.75
15/9-F-11,2013-11-06,22.67,258.39,83.71,57.85,9.385,54.32,1127.93
15/9-F-11,2013-11-07,24.0,254.13,81.35,59.37,10.492,52.97,1164.19
15/9-F-11,2013-11-08,24.0,252.74,80.55,59.31,10.493,52.2,1186.6
15/9-F-11,2013-11-09,24.0,254.55,81.56,62.69,10.519,53.23,1174.61
15/9-F-11,2013-11-10,24.0,253.52,80.86,62.83,10.739,52.53,1201.41
15/9-F-11,2013-11-11,24.0,251.46,79.69,60.43,10.966,51.27,1257.28
15/9-F-11,2013-11-12,24.0,252.81,80.53,61.22,10.537,52.03,1167.56
15/9-F-11,2013-11-13,24.0,254.98,81.7,60.16,10.51,53.17,1150.55
15/9-F-11,2013-11-14,24.0,253.84,81.44,60.67,10.503,53.12,1162.76
15/9-F-11,2013-11-15,24.0,253.75,81.08,60.9,10.486,52.76,1172.19
15/9-F-11,2013-11-16,24.0,253.18,80.81,60.9,10.496,52.49,1185.38
15/9-F-11,2013-11-17,24.0,254.94,81.81,61.46,10.528,53.5,1156.62
15/9-F-11,2013-11-18,24.0,255.37,82.06,61.57,10.524,53.73,1155.28
15/9-F-11,2013-11-19,24.0,255.9,82.35,61.13,10.611,54.02,1145.31
15/9-F-11,2013-11-20,24.0,252.43,80.45,60.31,10.986,52.1,1222.99
15/9-F-11,2013-11-21,24.0,251.32,79.79,63.35,11.078,51.45,1245.11
15/9-F-11,2013-11-22,24.0,251.57,79.88,64.61,10.783,51.56,1213.11
15/9-F-11,2013-11-23,24.0,251.95,80.09,64.59,10.938,51.77,1216.54
15/9-F-11,2013-11-24,24.0,251.55,79.86,63.38,11.073,51.55,1232.91
15/9-F-11,2013-11-25,24.0,251.55,79.86,63.94,11.047,51.55,1227.25
15/9-F-11,2013-11-26,24.0,252.32,80.31,62.81,10.857,52.0,1200.78
15/9-F-11,2013-11-27,24.0,251.24,80.41,63.88,10.877,52.11,1202.03
15/9-F-11,2013-11-28,24.0,252.65,80.46,63.78,10.824,52.15,1193.42
15/9-F-11,2013-11-29,24.0,252.48,80.34,62.02,10.9,52.02,1196.26
15/9-F-11,2013-11-30,24.0,249.98,78.86,64.52,11.166,50.52,1253.95
15/9-F-11,2013-12-01,24.0,248.94,78.28,65.11,11.244,49.95,1274.74
15/9-F-11,2013-12-02,24.0,248.78,78.18,62.43,11.268,49.83,1326.29
15/9-F-11,2013-12-03,24.0,248.86,78.18,63.19,11.234,49.85,1314.55
15/9-F-11,2013-12-04,24.0,248.03,77.67,64.55,11.504,49.33,1340.01
15/9-F-11,2013-12-05,23.73,247.83,77.61,60.84,11.303,49.24,1306.06
15/9-F-11,2013-12-06,16.61,258.15,81.76,47.95,6.991,53.04,605.59
15/9-F-11,2013-12-07,24.0,247.62,76.29,60.18,11.171,47.96,1166.9
15/9-F-11,2013-12-08,24.0,247.86,76.87,60.73,10.889,48.54,1170.31
15/9-F-11,2013-12-09,13.5,250.27,77.31,56.46,7.521,49.34,590.11
15/9-F-11,2013-12-10,19.23,255.44,79.34,53.33,8.308,50.91,780.7
15/9-F-11,2013-12-11,1.77,275.2,92.72,24.34,1.444,64.23,62.69
15/9-F-11,2013-12-12,24.0,253.45,78.0,55.07,10.451,49.52,1096.97
15/9-F-11,2013-12-13,8.23,254.31,78.92,59.86,4.384,50.79,364.15
15/9-F-11,2013-12-14,22.94,254.65,79.14,53.25,9.963,51.05,1023.24
15/9-F-11,2013-12-15,22.83,252.23,79.17,58.33,9.95,50.82,1086.49
15/9-F-11,2013-12-16,24.0,251.13,78.63,58.39,10.497,50.29,1228.17
15/9-F-11,2013-12-17,24.0,246.15,76.07,60.54,11.033,47.73,1276.23
15/9-F-11,2013-12-18,24.0,245.55,75.74,60.9,11.338,47.39,1311.5
15/9-F-11,2013-12-19,24.0,245.62,75.79,59.52,11.325,47.42,1306.85
15/9-F-11,2013-12-20,18.83,250.19,77.57,54.94,9.171,49.59,916.69
15/9-F-11,2013-12-21,24.0,249.17,76.9,56.38,10.524,48.41,1149.7
15/9-F-11,2013-12-22,24.0,245.91,75.78,61.3,11.133,47.44,1268.29
15/9-F-11,2013-12-23,24.0,245.65,75.73,61.29,11.295,47.38,1300.33
15/9-F-11,2013-12-24,24.0,245.11,75.42,60.35,11.431,47.05,1332.52
15/9-F-11,2013-12-25,24.0,244.72,75.27,58.61,11.233,46.9,1321.87
15/9-F-11,2013-12-26,21.14,246.15,75.87,60.11,10.745,47.59,1133.69
15/9-F-11,2013-12-27,15.69,253.55,78.48,50.21,8.867,47.84,648.24
15/9-F-11,2013-12-28,24.0,245.72,75.4,58.47,11.073,46.5,1219.26
15/9-F-11,2013-12-29,24.0,246.1,75.86,64.43,11.06,47.43,1240.64
15/9-F-11,2013-12-30,24.0,246.09,75.95,61.67,11.186,47.52,1269.54
15/9-F-11,2013-12-31,21.58,250.79,78.67,58.2,9.557,50.11,973.43
15/9-F-11,2014-01-01,24.0,249.53,77.16,59.57,10.694,48.66,1199.06
15/9-F-11,2014-01-02,24.0,245.62,75.79,61.54,11.38,47.26,1327.31
15/9-F-11,2014-01-03,24.0,245.72,75.87,62.13,11.359,47.17,1296.68
15/9-F-11,2014-01-04,14.48,246.71,76.16,60.23,8.46,47.46,753.22
15/9-F-11,2014-01-05,6.36,258.6,79.98,45.03,3.447,51.04,287.7
15/9-F-11,2014-01-06,24.0,248.38,77.67,57.84,10.515,49.21,1109.93
15/9-F-11,2014-01-07,24.0,245.8,76.0,60.07,10.925,47.55,1202.73
15/9-F-11,2014-01-08,24.0,245.9,75.72,62.43,10.654,47.28,1218.19
15/9-F-11,2014-01-09,24.0,245.13,75.34,64.6,11.026,46.9,1241.32
15/9-F-11,2014-01-10,24.0,244.82,75.15,64.91,11.065,46.72,1253.36
15/9-F-11,2014-01-11,24.0,244.25,74.79,64.56,11.191,46.36,1279.02
15/9-F-11,2014-01-12,24.0,244.3,74.83,64.36,11.204,46.4,1276.71
15/9-F-11,2014-01-13,24.0,243.5,74.42,61.22,11.207,45.98,1289.27
15/9-F-11,2014-01-14,24.0,243.9,74.62,61.73,11.433,46.18,1311.79
15/9-F-11,2014-01-15,24.0,243.99,74.68,59.97,11.431,46.21,1274.05
15/9-F-11,2014-01-16,24.0,244.15,74.75,59.61,11.214,46.28,1250.06
15/9-F-11,2014-01-17,24.0,243.93,74.61,60.77,11.282,46.17,1297.07
15/9-F-11,2014-01-18,24.0,244.17,74.78,60.82,11.531,46.37,1282.74
15/9-F-11,2014-01-19,24.0,244.44,74.95,59.75,11.539,46.54,1231.07
15/9-F-11,2014-01-20,24.0,244.51,75.02,58.88,11.373,46.63,1236.35
15/9-F-11,2014-01-21,24.0,245.0,75.31,60.61,11.586,46.92,1245.46
15/9-F-11,2014-01-22,24.0,245.36,75.52,60.85,11.554,47.13,1296.27
15/9-F-11,2014-01-23,24.0,245.72,75.72,61.65,11.551,47.29,1352.45
15/9-F-11,2014-01-24,24.0,245.99,75.9,61.21,11.58,47.51,1296.83
15/9-F-11,2014-01-25,16.92,247.3,76.21,59.83,8.458,47.74,653.96
15/9-F-11,2014-01-26,24.0,242.31,72.54,61.16,11.522,44.03,1138.27
15/9-F-11,2014-01-27,24.0,244.17,74.17,60.87,11.494,45.62,1128.83
15/9-F-11,2014-01-28,24.0,243.34,73.84,62.41,11.462,45.31,1185.93
15/9-F-11,2014-01-29,8.31,244.98,73.04,62.84,5.264,44.87,473.89
15/9-F-11,2014-01-31,22.02,254.66,78.67,53.5,10.084,50.25,1162.85
15/9-F-11,2014-02-01,24.0,246.53,75.35,60.61,11.371,46.88,1182.42
15/9-F-11,2014-02-02,24.0,240.62,72.32,59.8,11.86,43.51,1324.83
15/9-F-11,2014-02-03,24.0,240.03,72.05,62.98,11.96,43.62,1353.04
15/9-F-11,2014-02-04,24.0,239.8,71.99,63.25,12.03,43.56,1362.32
15/9-F-11,2014-02-05,24.0,239.9,72.05,63.36,11.98,43.49,1355.11
15/9-F-11,2014-02-06,8.0,241.35,71.21,63.41,4.671,41.54,336.75
15/9-F-11,2014-02-08,6.5,257.74,79.52,42.83,2.8,50.18,140.99
15/9-F-11,2014-02-09,24.0,244.72,73.35,58.99,11.302,44.78,1165.83
15/9-F-11,2014-02-10,4.0,241.72,69.92,59.37,3.56,41.7,117.82
15/9-F-11,2014-02-12,23.0,252.67,75.77,50.54,9.458,45.87,953.58
15/9-F-11,2014-02-13,24.0,242.34,72.75,57.99,11.129,44.28,1196.82
15/9-F-11,2014-02-14,24.0,241.1,72.35,61.96,11.21,44.04,1237.04
15/9-F-11,2014-02-15,24.0,241.25,72.47,63.7,11.195,44.09,1219.55
15/9-F-11,2014-02-16,24.0,241.81,72.83,64.5,11.197,44.49,1237.45
15/9-F-11,2014-02-17,24.0,241.43,72.63,65.28,11.127,44.31,1234.86
15/9-F-11,2014-02-18,17.17,253.3,78.62,52.88,7.036,50.01,649.74
15/9-F-11,2014-02-19,24.0,247.44,74.61,60.1,10.149,46.08,1081.91
15/9-F-11,2014-02-20,24.0,240.92,72.17,61.72,11.04,43.62,1230.32
15/9-F-11,2014-02-21,24.0,240.31,71.96,59.69,11.06,43.4,1248.17
15/9-F-11,2014-02-22,24.0,240.89,72.33,59.65,10.922,43.78,1241.05
15/9-F-11,2014-02-23,24.0,240.39,72.12,59.29,11.062,43.58,1243.91
15/9-F-11,2014-02-24,24.0,240.28,72.06,61.07,10.826,43.52,1210.72
15/9-F-11,2014-02-25,24.0,238.19,71.81,63.38,11.088,43.27,1223.99
15/9-F-11,2014-02-26,24.0,239.72,71.71,62.79,11.094,43.17,1223.72
15/9-F-11,2014-02-27,24.0,239.98,71.86,62.04,11.078,43.33,1209.75
15/9-F-11,2014-02-28,24.0,240.11,71.88,62.98,11.012,43.34,1208.28
15/9-F-11,2014-03-01,24.0,239.91,71.8,62.43,11.065,43.31,1188.83
15/9-F-11,2014-03-02,24.0,239.98,71.85,62.88,11.116,43.13,1200.67
15/9-F-11,2014-03-03,24.0,240.12,71.93,62.36,10.824,43.38,1199.47
15/9-F-11,2014-03-04,24.0,240.06,71.89,63.22,11.056,43.36,1194.84
15/9-F-11,2014-03-05,24.0,240.33,72.03,61.71,10.903,43.52,1178.12
15/9-F-11,2014-03-06,24.0,240.16,71.92,60.46,10.935,43.4,1189.71
15/9-F-11,2014-03-07,24.0,238.52,70.98,61.91,11.231,42.47,1216.72
15/9-F-11,2014-03-08,24.0,235.25,69.25,62.85,11.769,40.73,1332.15
15/9-F-11,2014-03-09,24.0,235.31,69.27,61.76,11.621,40.74,1306.23
15/9-F-11,2014-03-10,24.0,234.73,68.89,66.65,11.752,40.36,1326.01
15/9-F-11,2014-03-11,24.0,234.83,68.97,64.18,11.82,40.45,1329.45
15/9-F-11,2014-03-12,24.0,235.06,69.1,62.53,11.768,40.23,1309.27
15/9-F-11,2014-03-13,24.0,234.92,68.96,65.6,11.721,40.43,1319.73
15/9-F-11,2014-03-14,24.0,234.74,68.89,63.84,11.791,40.35,1310.19
15/9-F-11,2014-03-15,24.0,234.71,68.85,66.21,11.849,40.3,1324.86
15/9-F-11,2014-03-16,24.0,234.75,68.85,65.9,11.827,40.3,1307.78
15/9-F-11,2014-03-17,24.0,234.77,68.85,66.31,11.802,40.32,1309.6
15/9-F-11,2014-03-18,24.0,235.33,69.15,66.02,11.706,40.61,1272.58
15/9-F-11,2014-03-19,24.0,235.56,69.3,63.23,11.646,40.6,1284.05
15/9-F-11,2014-03-20,24.0,235.24,69.11,59.33,11.672,40.39,1308.95
15/9-F-11,2014-03-21,24.0,235.11,69.03,60.41,11.683,40.47,1294.7
15/9-F-11,2014-03-22,13.33,237.12,69.43,60.51,7.151,41.12,598.56
15/9-F-11,2014-03-23,24.0,241.77,70.44,56.92,10.022,40.86,940.92
15/9-F-11,2014-03-24,6.56,237.75,68.5,63.85,3.774,39.59,246.43
15/9-F-11,2014-03-25,7.11,256.41,78.14,46.12,3.52,47.76,219.97
15/9-F-11,2014-03-26,24.0,242.58,70.69,62.28,10.454,41.18,1172.89
15/9-F-11,2014-03-27,10.56,238.58,69.12,61.57,10.322,40.37,497.54
15/9-F-11,2014-03-28,6.5,260.2,79.08,47.04,8.386,48.38,179.61
15/9-F-11,2014-03-29,12.44,259.27,76.35,48.68,7.896,44.22,357.54
15/9-F-11,2014-03-30,23.0,235.74,67.73,65.67,11.054,39.27,1111.8
15/9-F-11,2014-03-31,24.0,235.02,68.19,66.22,11.633,39.76,1261.62
15/9-F-11,2014-04-01,24.0,235.16,68.42,65.87,11.655,39.97,1260.09
15/9-F-11,2014-04-02,24.0,235.4,68.61,65.66,11.648,40.16,1262.15
15/9-F-11,2014-04-03,24.0,235.29,68.56,65.63,11.646,40.12,1266.28
15/9-F-11,2014-04-04,24.0,235.33,68.61,64.56,11.624,40.17,1280.31
15/9-F-11,2014-04-05,24.0,235.42,68.68,63.48,11.534,40.23,1286.67
15/9-F-11,2014-04-06,18.06,236.57,68.85,64.34,9.708,40.48,925.83
15/9-F-11,2014-04-07,3.5,259.07,81.89,45.6,1.841,53.51,52.88
15/9-F-11,2014-04-08,24.0,243.11,70.58,61.21,10.369,42.15,1040.68
15/9-F-11,2014-04-09,24.0,235.15,68.02,66.58,11.188,39.58,1217.92
15/9-F-11,2014-04-10,21.96,244.14,72.63,60.91,9.238,44.39,985.07
15/9-F-11,2014-04-11,24.0,235.31,68.49,65.73,11.275,39.95,1259.32
15/9-F-11,2014-04-12,24.0,235.12,68.48,62.15,11.262,39.94,1254.79
15/9-F-11,2014-04-13,24.0,235.38,68.61,65.2,11.323,40.07,1250.18
15/9-F-11,2014-04-14,24.0,235.55,68.73,65.35,11.093,40.2,1245.44
15/9-F-11,2014-04-15,24.0,235.53,68.72,65.44,11.354,40.19,1256.97
15/9-F-11,2014-04-16,24.0,234.92,68.76,62.1,11.322,40.22,1248.98
15/9-F-11,2014-04-17,24.0,235.12,68.52,64.16,11.341,39.97,1267.54
15/9-F-11,2014-04-18,24.0,235.55,68.74,66.02,11.35,40.22,1256.91
15/9-F-11,2014-04-19,24.0,234.99,68.44,66.47,11.484,39.91,1283.57
15/9-F-11,2014-04-20,24.0,235.05,68.51,66.37,11.543,39.98,1284.97
15/9-F-11,2014-04-21,24.0,235.87,68.94,66.72,11.407,40.41,1261.85
15/9-F-11,2014-04-22,24.0,236.0,69.01,66.37,11.345,40.48,1206.79
15/9-F-11,2014-04-23,24.0,235.83,68.94,65.14,11.43,40.36,1278.99
15/9-F-11,2014-04-24,24.0,235.7,68.9,65.06,6.684,40.28,833.38
15/9-F-11,2014-04-25,24.0,235.91,69.0,65.9,11.41,40.38,1294.23
15/9-F-11,2014-04-26,24.0,236.16,69.14,64.89,11.41,40.5,1280.42
15/9-F-11,2014-04-27,24.0,236.66,69.39,66.36,11.32,40.73,1266.17
15/9-F-11,2014-04-28,24.0,235.89,68.92,67.55,11.505,40.26,1295.64
15/9-F-11,2014-04-29,24.0,235.97,69.0,66.63,11.7,40.33,1267.79
15/9-F-11,2014-04-30,24.0,233.9,67.77,67.03,11.841,39.09,1256.92
15/9-F-11,2014-05-01,24.0,230.0,65.65,67.67,12.483,36.96,1349.88
15/9-F-11,2014-05-02,24.0,229.86,65.54,67.75,12.523,36.73,1350.61
15/9-F-11,2014-05-03,24.0,229.75,65.42,68.01,12.492,36.75,1342.36
15/9-F-11,2014-05-04,24.0,229.74,65.37,67.7,12.583,36.67,1344.44
15/9-F-11,2014-05-05,24.0,229.91,65.4,66.7,12.5,36.7,1318.46
15/9-F-11,2014-05-06,24.0,230.11,65.42,66.14,12.444,36.69,1292.56
15/9-F-11,2014-05-07,24.0,230.34,65.36,67.66,12.368,35.87,1281.25
15/9-F-11,2014-05-08,22.33,230.5,65.33,65.75,11.488,35.28,1156.6
15/9-F-11,2014-05-09,13.17,256.71,77.14,47.8,5.747,48.06,493.47
15/9-F-11,2014-05-10,24.0,233.16,65.18,64.36,11.488,36.25,1206.07
15/9-F-11,2014-05-11,24.0,231.19,64.94,64.78,11.583,35.96,1111.36
15/9-F-11,2014-05-12,24.0,230.73,64.85,66.48,11.639,35.85,1089.83
15/9-F-11,2014-05-13,24.0,231.11,65.12,65.84,11.613,36.23,1108.5
15/9-F-11,2014-05-14,24.0,230.57,64.77,65.93,11.588,36.3,1120.87
15/9-F-11,2014-05-15,24.0,229.05,63.79,64.93,11.617,35.28,1051.71
15/9-F-11,2014-05-16,24.0,225.12,61.62,65.58,12.017,33.11,1069.25
15/9-F-11,2014-05-17,24.0,225.4,61.64,66.47,12.008,33.3,1065.51
15/9-F-11,2014-05-18,24.0,225.32,61.5,65.58,11.753,33.16,1060.68
15/9-F-11,2014-05-19,24.0,225.15,61.29,66.15,12.024,32.95,1070.94
15/9-F-11,2014-05-20,24.0,225.14,61.19,66.6,11.724,32.84,1039.28
15/9-F-11,2014-05-21,24.0,225.31,61.21,66.18,11.865,32.87,1051.25
15/9-F-11,2014-05-22,24.0,225.21,61.02,66.51,11.793,32.68,1056.25
15/9-F-11,2014-05-23,24.0,225.11,60.91,64.81,11.794,32.55,1067.53
15/9-F-11,2014-05-24,24.0,225.21,60.86,67.72,11.825,32.54,1079.36
15/9-F-11,2014-05-25,24.0,225.04,60.75,67.77,12.062,32.39,1102.34
15/9-F-11,2014-05-26,24.0,225.1,60.78,67.86,11.934,32.29,1057.78
15/9-F-11,2014-05-27,24.0,225.24,60.73,68.11,12.178,32.23,1063.17
15/9-F-11,2014-05-28,24.0,224.8,60.81,68.37,12.155,32.31,1087.43
15/9-F-11,2014-05-29,24.0,225.55,60.79,68.71,12.191,32.27,1096.32
15/9-F-11,2014-05-30,24.0,225.65,60.78,68.41,12.299,32.26,1111.83
15/9-F-11,2014-05-31,24.0,225.56,60.67,68.36,12.321,32.15,1134.99
15/9-F-11,2014-06-01,24.0,225.12,60.39,68.7,12.447,31.86,1152.6
15/9-F-11,2014-06-02,21.67,228.66,61.89,64.39,10.813,33.11,1068.24
15/9-F-11,2014-06-03,24.0,225.12,59.72,66.68,12.012,31.14,1109.18
15/9-F-11,2014-06-04,24.0,225.58,60.28,68.16,12.131,31.71,1109.98
15/9-F-11,2014-06-05,24.0,225.17,60.09,68.25,12.204,31.53,1178.62
15/9-F-11,2014-06-06,24.0,225.92,60.43,69.08,12.23,31.86,1180.81
15/9-F-11,2014-06-07,24.0,225.24,60.01,69.37,12.354,31.44,1199.75
15/9-F-11,2014-06-08,24.0,225.11,59.91,68.1,12.333,31.35,1197.7
15/9-F-11,2014-06-09,24.0,225.21,59.87,69.14,12.325,31.3,1349.24
15/9-F-11,2014-06-10,24.0,225.37,59.89,68.56,12.258,31.33,1189.09
15/9-F-11,2014-06-11,24.0,225.38,59.85,67.88,12.036,31.29,1172.31
15/9-F-11,2014-06-12,24.0,224.83,59.47,69.58,12.087,30.92,1175.15
15/9-F-11,2014-06-13,24.0,224.69,59.35,69.3,12.203,30.79,1116.79
15/9-F-11,2014-06-14,24.0,224.87,59.4,68.84,12.246,30.84,1102.45
15/9-F-11,2014-06-15,24.0,224.95,59.38,68.9,12.241,30.84,1104.3
15/9-F-11,2014-06-16,24.0,223.11,58.26,69.01,12.31,29.72,1120.89
15/9-F-11,2014-06-17,24.0,220.39,56.8,69.55,13.093,28.23,1156.42
15/9-F-11,2014-06-18,24.0,220.03,56.59,69.7,13.236,28.02,1160.01
15/9-F-11,2014-06-19,24.0,219.93,56.48,69.1,13.163,27.91,1147.01
15/9-F-11,2014-06-20,24.0,219.91,56.37,69.34,13.204,27.81,1146.84
15/9-F-11,2014-06-21,24.0,219.47,56.08,69.63,13.319,27.52,1146.08
15/9-F-11,2014-06-22,24.0,219.92,56.26,69.36,13.321,27.7,1136.02
15/9-F-11,2014-06-23,24.0,219.94,56.2,69.55,13.325,27.31,1117.48
15/9-F-11,2014-06-24,24.0,219.7,56.04,69.56,13.33,27.49,1169.41
15/9-F-11,2014-06-25,24.0,220.15,56.24,69.66,12.974,27.68,1199.09
15/9-F-11,2014-06-26,16.33,234.44,64.22,61.61,7.664,36.54,660.56
15/9-F-11,2014-06-27,23.33,230.93,59.72,63.83,11.122,30.71,964.21
15/9-F-11,2014-06-28,24.0,219.88,55.11,69.38,12.649,26.45,1119.75
15/9-F-11,2014-06-29,24.0,220.16,55.54,69.09,12.44,26.89,1107.66
15/9-F-11,2014-06-30,24.0,220.3,55.7,68.73,12.514,27.06,1141.0
15/9-F-11,2014-07-01,24.0,220.07,55.6,69.0,12.594,26.95,1109.35
15/9-F-11,2014-07-02,24.0,220.11,55.65,67.7,12.59,27.01,1109.15
15/9-F-11,2014-07-03,24.0,220.09,55.63,67.67,12.6,26.97,1110.91
15/9-F-11,2014-07-04,24.0,219.99,55.6,67.64,12.731,26.94,1111.67
15/9-F-11,2014-07-05,24.0,220.05,55.6,68.17,12.701,26.93,1107.58
15/9-F-11,2014-07-06,24.0,220.04,55.57,69.26,12.596,26.89,1098.4
15/9-F-11,2014-07-07,24.0,220.26,55.68,68.9,12.489,27.02,1110.52
15/9-F-11,2014-07-08,24.0,220.24,55.65,69.31,12.337,26.99,1104.61
15/9-F-11,2014-07-09,24.0,220.1,55.59,69.8,12.333,26.93,1100.81
15/9-F-11,2014-07-10,24.0,219.9,55.48,69.5,12.226,26.78,1109.35
15/9-F-11,2014-07-11,24.0,220.56,55.85,69.74,12.149,27.22,1106.42
15/9-F-11,2014-07-12,24.0,219.43,55.27,69.89,12.58,26.64,1120.08
15/9-F-11,2014-07-13,24.0,218.93,54.95,69.71,12.494,26.27,1109.35
15/9-F-11,2014-07-14,24.0,218.74,54.89,70.0,12.456,26.25,1091.38
15/9-F-11,2014-07-15,24.0,217.94,54.48,69.1,12.531,25.84,1117.68
15/9-F-11,2014-07-16,24.0,217.78,54.38,69.1,12.537,25.74,1110.34
15/9-F-11,2014-07-17,24.0,217.99,54.47,68.72,12.442,25.84,1102.21
15/9-F-11,2014-07-18,24.0,218.01,54.44,70.05,12.453,25.8,1095.2
15/9-F-11,2014-07-19,24.0,217.96,54.41,69.31,12.47,25.76,1094.58
15/9-F-11,2014-07-20,22.67,220.08,55.47,67.67,11.394,26.53,1063.56
15/9-F-11,2014-07-21,24.0,220.6,55.05,68.44,11.504,26.43,1047.69
15/9-F-11,2014-07-22,24.0,220.56,55.47,69.76,11.608,26.85,1047.04
15/9-F-11,2014-07-23,24.0,220.28,55.42,69.61,11.612,26.8,1037.74
15/9-F-11,2014-07-24,24.0,220.18,55.4,70.32,11.618,26.77,1051.17
15/9-F-11,2014-07-25,24.0,220.12,55.41,70.4,11.778,26.77,1056.31
15/9-F-11,2014-07-26,24.0,220.52,55.61,70.54,11.717,27.03,1044.72
15/9-F-11,2014-07-27,24.0,220.22,55.47,70.25,11.73,26.92,1052.32
15/9-F-11,2014-07-28,24.0,220.25,55.46,70.35,11.767,26.92,1047.4
15/9-F-11,2014-07-29,24.0,220.26,55.48,69.76,11.777,26.93,1040.16
15/9-F-11,2014-07-30,24.0,220.28,55.49,69.21,11.803,26.86,997.38
15/9-F-11,2014-07-31,24.0,220.06,55.35,69.95,11.872,26.69,1255.25
15/9-F-11,2014-08-01,24.0,220.03,55.33,69.98,11.917,26.67,1268.08
15/9-F-11,2014-08-02,24.0,220.04,55.37,69.72,11.863,26.7,1267.54
15/9-F-11,2014-08-03,24.0,220.07,55.39,69.3,11.861,26.72,1261.33
15/9-F-11,2014-08-04,24.0,220.0,55.38,67.95,11.842,26.72,1280.23
15/9-F-11,2014-08-05,24.0,220.16,55.41,70.04,11.852,26.75,1236.61
15/9-F-11,2014-08-06,24.0,219.84,55.24,69.55,11.922,26.59,1242.96
15/9-F-11,2014-08-07,24.0,220.38,55.45,69.57,11.647,26.82,1182.78
15/9-F-11,2014-08-08,24.0,219.92,55.2,70.22,11.685,26.55,1179.46
15/9-F-11,2014-08-09,24.0,220.08,55.25,67.07,11.944,26.58,1175.77
15/9-F-11,2014-08-10,24.0,220.19,55.33,66.85,11.744,26.65,1163.78
15/9-F-11,2014-08-11,24.0,219.92,55.17,65.62,11.774,26.49,1205.65
15/9-F-11,2014-08-12,24.0,220.23,55.32,64.16,11.976,26.63,1214.29
15/9-F-11,2014-08-13,24.0,219.94,55.1,67.54,12.111,26.42,1222.62
15/9-F-11,2014-08-14,24.0,220.32,55.25,69.39,12.112,26.58,1229.06
15/9-F-11,2014-08-15,24.0,219.97,55.06,69.3,12.136,26.41,1235.28
15/9-F-11,2014-08-16,24.0,219.86,55.02,67.87,12.133,26.36,1229.35
15/9-F-11,2014-08-17,24.0,220.02,55.06,68.33,12.154,26.46,1231.86
15/9-F-11,2014-08-18,24.0,220.08,55.06,68.7,12.2,26.51,1227.95
15/9-F-11,2014-08-19,1.33,228.85,50.66,68.25,5.018,24.03,79.31
15/9-F-11,2014-08-25,22.62,256.25,72.35,53.55,7.896,44.03,740.85
15/9-F-11,2014-08-26,24.0,255.57,71.68,60.24,7.725,43.28,583.1
15/9-F-11,2014-08-27,24.0,259.99,74.57,57.53,7.018,46.3,521.8
15/9-F-11,2014-08-28,23.17,251.55,72.04,57.66,7.491,44.7,589.54
15/9-F-11,2014-08-29,24.0,261.59,75.7,54.51,6.623,47.49,516.94
15/9-F-11,2014-08-30,24.0,265.07,77.13,53.43,6.309,48.8,481.7
15/9-F-11,2014-08-31,24.0,265.79,77.35,54.86,6.01,49.13,469.7
15/9-F-11,2014-09-01,24.0,265.81,77.05,53.29,6.38,48.67,488.42
15/9-F-11,2014-09-02,24.0,259.08,73.57,57.55,7.032,45.13,610.72
15/9-F-11,2014-09-03,20.33,227.29,55.7,67.25,10.545,26.89,1123.32
15/9-F-11,2014-09-04,24.0,220.12,53.67,69.85,13.023,24.91,1319.35
15/9-F-11,2014-09-05,24.0,220.24,54.15,70.06,12.629,25.66,1258.26
15/9-F-11,2014-09-06,24.0,219.88,53.99,69.91,12.279,25.5,1245.86
15/9-F-11,2014-09-07,24.0,219.48,53.86,69.43,12.521,25.38,1240.68
15/9-F-11,2014-09-08,24.0,219.52,53.9,69.53,12.495,25.42,1236.58
15/9-F-11,2014-09-09,24.0,219.31,53.8,69.39,12.477,25.33,1229.27
15/9-F-11,2014-09-10,24.0,219.57,53.94,70.01,12.349,25.48,1220.28
15/9-F-11,2014-09-11,24.0,219.76,54.07,70.01,12.311,25.6,1195.64
15/9-F-11,2014-09-12,24.0,220.21,54.29,69.72,12.159,25.83,1222.65
15/9-F-11,2014-09-13,24.0,219.67,54.0,69.9,12.214,25.55,1223.26
15/9-F-11,2014-09-14,24.0,219.64,53.97,70.06,12.167,25.5,1201.18
15/9-F-11,2014-09-15,24.0,219.55,53.93,68.88,12.155,25.47,1227.24
15/9-F-11,2014-09-16,24.0,219.58,53.93,67.92,12.18,25.35,1216.49
15/9-F-11,2014-09-17,24.0,220.08,54.15,68.65,11.877,25.67,1203.66
15/9-F-11,2014-09-18,24.0,220.16,54.15,69.14,12.121,25.67,1200.48
15/9-F-11,2014-09-19,24.0,220.31,54.18,69.39,12.078,25.71,1189.08
15/9-F-11,2014-09-20,24.0,220.49,54.22,69.62,11.767,25.76,1186.37
15/9-F-11,2014-09-21,24.0,220.57,54.22,68.97,12.011,25.76,1188.93
15/9-F-11,2014-09-22,24.0,220.41,54.09,69.37,12.057,25.62,1193.53
15/9-F-11,2014-09-23,24.0,220.22,53.98,69.37,12.057,25.51,1187.64
15/9-F-11,2014-09-24,24.0,220.15,53.9,69.73,12.091,25.41,1187.34
15/9-F-11,2014-09-25,24.0,220.18,53.89,68.38,12.056,25.44,1187.17
15/9-F-11,2014-09-26,24.0,220.18,53.85,67.91,12.035,25.37,1184.83
15/9-F-11,2014-09-27,24.0,220.47,53.99,67.61,11.983,25.54,1168.83
15/9-F-11,2014-09-28,24.0,220.7,54.06,67.91,11.979,25.61,1164.44
15/9-F-11,2014-09-29,1.09,230.43,52.68,69.39,2.557,24.27,39.68
15/9-F-11,2014-09-30,21.24,248.88,67.52,54.82,7.437,39.35,680.46
15/9-F-11,2014-10-01,24.0,219.7,51.84,68.68,12.025,23.41,1129.14
15/9-F-11,2014-10-02,24.0,219.56,52.45,68.41,12.058,24.02,1196.43
15/9-F-11,2014-10-03,24.0,219.84,52.8,66.41,12.075,23.87,1092.77
15/9-F-11,2014-10-04,24.0,219.67,52.74,67.55,12.067,24.31,1143.0
15/9-F-11,2014-10-05,24.0,219.48,52.68,68.57,12.095,24.18,1133.6
15/9-F-11,2014-10-06,24.0,219.4,52.67,66.21,12.065,24.22,1124.63
15/9-F-11,2014-10-07,24.0,219.22,52.59,62.6,12.078,24.13,1136.26
15/9-F-11,2014-10-08,24.0,219.65,52.8,66.16,12.007,24.35,1117.8
15/9-F-11,2014-10-09,24.0,219.81,52.88,66.35,11.928,24.42,1103.71
15/9-F-11,2014-10-10,24.0,220.34,53.16,67.44,11.591,24.7,1082.55
15/9-F-11,2014-10-11,24.0,219.92,52.93,67.69,11.854,24.49,1096.68
15/9-F-11,2014-10-12,24.0,220.19,53.04,68.34,11.822,24.59,1089.01
15/9-F-11,2014-10-13,24.0,220.08,52.95,69.4,11.859,24.5,1084.69
15/9-F-11,2014-10-14,24.0,219.69,52.75,69.58,11.887,24.3,1086.55
15/9-F-11,2014-10-15,24.0,219.7,52.73,69.14,11.89,24.29,1087.94
15/9-F-11,2014-10-16,24.0,219.63,52.69,67.69,11.97,24.24,1089.13
15/9-F-11,2014-10-17,24.0,219.61,52.7,68.23,12.012,24.26,1089.63
15/9-F-11,2014-10-18,24.0,219.99,52.89,65.9,11.868,24.45,1080.18
15/9-F-11,2014-10-19,24.0,220.39,53.04,65.52,11.73,24.59,1070.84
15/9-F-11,2014-10-20,24.0,220.36,52.96,68.4,11.713,24.5,1058.72
15/9-F-11,2014-10-21,24.0,219.86,52.71,67.27,11.755,24.24,1084.5
15/9-F-11,2014-10-22,24.0,219.94,52.72,67.6,11.681,24.27,1072.14
15/9-F-11,2014-10-23,24.0,220.33,52.88,66.13,11.605,24.45,1064.29
15/9-F-11,2014-10-24,24.0,220.8,53.09,66.44,11.485,24.64,1054.46
15/9-F-11,2014-10-25,24.0,220.42,52.86,64.87,11.516,24.42,1068.23
15/9-F-11,2014-10-26,25.0,220.58,52.94,63.46,11.425,24.51,1110.58
15/9-F-11,2014-10-27,24.0,220.46,52.83,66.41,11.46,24.42,1065.09
15/9-F-11,2014-10-28,24.0,220.5,52.8,66.37,11.46,24.43,1063.62
15/9-F-11,2014-10-29,24.0,220.32,52.68,68.97,11.493,24.26,1030.57
15/9-F-11,2014-10-30,24.0,219.86,52.52,68.05,11.603,24.1,1071.73
15/9-F-11,2014-10-31,24.0,220.05,52.58,67.59,11.559,24.14,1073.25
15/9-F-11,2014-11-01,24.0,220.62,52.8,66.43,11.453,24.36,1054.42
15/9-F-11,2014-11-02,24.0,220.37,52.63,65.78,11.185,24.19,1042.65
15/9-F-11,2014-11-03,24.0,220.03,52.4,67.58,11.244,23.93,1026.75
15/9-F-11,2014-11-04,24.0,220.14,52.44,68.55,11.456,23.99,1033.12
15/9-F-11,2014-11-05,24.0,219.92,52.29,68.63,11.503,23.84,1022.89
15/9-F-11,2014-11-06,24.0,219.77,52.17,66.69,11.533,23.72,1026.32
15/9-F-11,2014-11-07,24.0,219.85,52.17,64.36,11.498,23.75,1047.36
15/9-F-11,2014-11-08,24.0,220.07,52.24,66.35,11.444,23.87,1039.83
15/9-F-11,2014-11-09,24.0,220.0,52.21,67.04,11.5,23.84,1037.21
15/9-F-11,2014-11-10,24.0,219.89,52.11,68.23,11.5,23.64,990.65
15/9-F-11,2014-11-11,24.0,219.9,52.09,67.6,11.395,23.73,1019.84
15/9-F-11,2014-11-12,24.0,219.97,52.08,65.85,11.351,23.71,1019.63
15/9-F-11,2014-11-13,24.0,220.03,52.08,66.71,11.309,23.74,1001.28
15/9-F-11,2014-11-14,24.0,220.06,52.06,66.95,11.264,23.71,995.77
15/9-F-11,2014-11-15,24.0,219.94,51.96,65.71,11.248,23.6,1004.24
15/9-F-11,2014-11-16,24.0,219.75,51.84,64.19,11.279,23.48,993.88
15/9-F-11,2014-11-17,24.0,219.6,51.75,64.79,11.278,23.4,980.83
15/9-F-11,2014-11-18,24.0,219.55,51.69,66.62,11.248,23.35,1005.51
15/9-F-11,2014-11-19,24.0,219.38,51.58,68.09,11.225,23.24,978.26
15/9-F-11,2014-11-20,24.0,219.05,51.41,68.06,11.212,23.08,989.16
15/9-F-11,2014-11-21,24.0,218.83,51.27,67.45,11.188,22.92,981.25
15/9-F-11,2014-11-22,24.0,218.55,51.08,64.98,11.2,22.74,980.88
15/9-F-11,2014-11-23,24.0,218.52,51.16,68.29,11.17,22.82,944.45
15/9-F-11,2014-11-24,24.0,219.46,51.35,68.21,11.173,23.05,981.97
15/9-F-11,2014-11-25,24.0,223.27,53.88,67.35,10.543,25.48,861.08
15/9-F-11,2014-11-26,24.0,263.13,71.57,49.21,5.021,42.32,300.43
15/9-F-11,2014-11-27,24.0,266.03,71.71,45.97,5.012,42.44,315.64
15/9-F-11,2014-11-28,20.73,267.08,72.48,45.68,4.605,43.22,517.82
15/9-F-11,2014-11-29,10.44,276.48,82.42,32.81,2.448,52.68,271.57
15/9-F-11,2014-11-30,13.23,278.33,73.9,40.07,2.761,44.64,146.81
15/9-F-11,2014-12-01,17.77,279.24,75.54,37.37,3.604,46.26,130.07
15/9-F-11,2014-12-02,24.0,281.35,73.59,43.76,4.176,44.3,207.03
15/9-F-11,2014-12-03,24.0,282.76,74.65,44.54,3.762,45.35,193.28
15/9-F-11,2014-12-04,23.17,274.92,71.8,46.52,4.684,42.27,379.68
15/9-F-11,2014-12-05,24.0,282.36,78.65,43.27,3.106,49.38,421.41
15/9-F-11,2014-12-06,24.0,276.67,76.28,45.35,4.014,46.99,266.7
15/9-F-11,2014-12-07,24.0,282.35,78.57,43.35,3.676,49.26,222.63
15/9-F-11,2014-12-08,24.0,285.54,78.98,42.36,3.515,49.67,202.47
15/9-F-11,2014-12-09,24.0,284.82,79.02,40.52,3.526,49.72,208.3
15/9-F-11,2014-12-10,24.0,279.1,78.78,42.35,4.73,49.46,290.89
15/9-F-11,2014-12-11,24.0,289.74,80.6,36.87,3.5,51.28,192.29
15/9-F-11,2014-12-12,24.0,284.82,80.64,43.14,3.519,51.31,233.23
15/9-F-11,2014-12-13,24.0,289.48,81.36,40.56,3.451,52.04,191.55
15/9-F-11,2014-12-14,24.0,279.97,79.39,42.76,4.559,50.07,300.44
15/9-F-11,2014-12-15,24.0,284.27,80.78,43.42,4.423,51.47,272.5
15/9-F-11,2014-12-16,24.0,282.14,80.63,45.49,4.492,51.32,285.71
15/9-F-11,2014-12-17,24.0,281.62,79.95,45.69,4.52,50.64,295.77
15/9-F-11,2014-12-18,22.08,275.24,77.28,45.88,4.731,48.02,358.41
15/9-F-11,2014-12-19,23.33,278.89,80.07,44.28,5.193,50.53,362.87
15/9-F-11,2014-12-20,24.0,280.99,80.25,46.07,4.802,50.92,317.56
15/9-F-11,2014-12-21,24.0,284.0,81.8,42.51,4.537,52.48,284.18
15/9-F-11,2014-12-22,24.0,286.25,81.98,42.67,4.454,52.64,273.16
15/9-F-11,2014-12-23,24.0,286.14,82.13,43.83,4.501,52.79,275.81
15/9-F-11,2014-12-24,24.0,286.16,82.25,44.65,4.526,52.91,277.21
15/9-F-11,2014-12-25,24.0,286.02,82.43,45.9,4.559,53.1,284.56
15/9-F-11,2014-12-26,24.0,286.4,82.61,45.27,4.55,53.29,291.27
15/9-F-11,2014-12-27,24.0,285.71,82.59,45.78,4.623,53.25,284.48
15/9-F-11,2014-12-28,24.0,286.95,83.1,45.26,4.478,53.76,280.53
15/9-F-11,2014-12-29,23.5,285.57,83.05,47.21,4.634,53.5,330.5
15/9-F-11,2014-12-30,24.0,284.38,82.35,45.63,3.987,53.02,293.75
15/9-F-11,2014-12-31,24.0,282.23,81.82,43.59,4.899,52.5,339.68
15/9-F-11,2015-01-01,24.0,275.36,78.61,45.73,5.973,49.49,571.41
15/9-F-11,2015-01-02,24.0,261.9,72.72,55.76,7.391,44.14,711.15
15/9-F-11,2015-01-03,24.0,253.33,68.38,60.56,8.008,39.53,834.36
15/9-F-11,2015-01-04,24.0,247.29,65.07,62.86,7.987,36.44,816.68
15/9-F-11,2015-01-05,24.0,244.85,63.88,63.19,8.186,35.08,822.12
15/9-F-11,2015-01-06,24.0,241.74,62.07,63.7,8.838,33.52,868.95
15/9-F-11,2015-01-07,24.0,236.03,59.09,63.19,9.153,30.44,926.15
15/9-F-11,2015-01-08,24.0,226.75,54.16,65.07,10.393,25.36,1015.35
15/9-F-11,2015-01-09,17.83,227.23,53.72,61.18,8.342,24.66,824.03
15/9-F-11,2015-01-10,20.33,228.59,54.5,61.2,9.29,24.38,945.62
15/9-F-11,2015-01-11,24.0,221.37,51.07,66.66,11.681,21.58,1167.01
15/9-F-11,2015-01-12,24.0,220.87,51.08,62.5,11.497,21.57,1089.48
15/9-F-11,2015-01-13,24.0,219.93,50.56,63.23,11.54,21.31,1103.27
15/9-F-11,2015-01-14,24.0,219.52,50.33,63.31,11.55,20.9,987.37
15/9-F-11,2015-01-15,24.0,219.6,50.3,63.22,11.732,20.9,1070.17
15/9-F-11,2015-01-16,24.0,219.49,50.22,64.07,11.77,20.81,1088.7
15/9-F-11,2015-01-18,24.0,219.8,50.4,64.8,12.0,21.0,1083.4
15/9-F-11,2015-01-19,24.0,219.8,50.4,64.8,12.0,21.0,1004.72
15/9-F-11,2015-01-20,22.17,221.91,51.03,65.15,10.815,21.43,896.9
15/9-F-11,2015-01-21,24.0,219.05,49.61,67.39,11.81,21.16,958.68
15/9-F-11,2015-01-22,24.0,214.91,47.86,67.39,12.233,19.34,963.57
15/9-F-11,2015-01-23,24.0,212.69,46.81,63.57,12.914,18.28,981.8
15/9-F-11,2015-01-24,24.0,209.92,45.49,68.32,13.871,16.92,1021.26
15/9-F-11,2015-01-25,24.0,209.91,45.54,66.54,13.853,17.14,1006.31
15/9-F-11,2015-01-26,24.0,209.8,45.43,68.6,13.948,17.16,1006.49
15/9-F-11,2015-01-27,24.0,209.97,45.54,68.0,13.964,17.28,1049.98
15/9-F-11,2015-01-28,24.0,209.83,45.46,65.99,14.156,17.17,946.4
15/9-F-11,2015-01-29,24.0,210.04,45.49,68.07,14.216,17.14,946.36
15/9-F-11,2015-01-30,24.0,210.17,45.53,67.57,14.213,17.22,919.8
15/9-F-11,2015-01-31,24.0,210.04,45.47,68.13,14.249,17.1,907.74
15/9-F-11,2015-02-01,24.0,209.87,45.42,67.57,14.285,17.04,937.48
15/9-F-11,2015-02-02,24.0,209.96,45.46,67.61,14.348,17.16,901.47
15/9-F-11,2015-02-03,24.0,210.08,45.47,68.07,14.351,17.18,898.3
15/9-F-11,2015-02-04,15.94,210.86,45.61,67.73,17.671,17.32,625.33
15/9-F-11,2015-02-05,5.39,216.35,48.04,50.31,12.379,19.79,228.78
15/9-F-11,2015-02-06,24.0,209.94,42.57,67.3,14.745,14.3,702.96
15/9-F-11,2015-02-07,24.0,209.73,43.73,67.22,13.406,15.46,792.97
15/9-F-11,2015-02-08,17.11,210.84,44.05,66.86,14.885,15.87,623.95
15/9-F-11,2015-02-09,17.72,213.81,44.13,63.66,14.923,15.72,744.19
15/9-F-11,2015-02-10,24.0,209.58,43.72,68.25,15.049,15.4,865.75
15/9-F-11,2015-02-11,24.0,209.54,44.2,66.21,14.976,15.85,895.84
15/9-F-11,2015-02-12,24.0,209.82,44.48,67.45,14.973,16.04,940.2
15/9-F-11,2015-02-13,24.0,208.37,44.38,66.91,14.89,16.17,962.2
15/9-F-11,2015-02-14,24.0,209.91,44.76,66.75,15.243,16.42,965.2
15/9-F-11,2015-02-15,24.0,208.47,44.62,64.26,15.059,16.52,969.44
15/9-F-11,2015-02-16,24.0,210.35,45.05,66.28,15.523,16.68,976.99
15/9-F-11,2015-02-17,24.0,210.9,45.28,66.61,15.414,16.91,994.39
15/9-F-11,2015-02-18,24.0,210.6,45.18,64.95,15.628,16.82,1001.96
15/9-F-11,2015-02-19,24.0,210.08,45.07,65.56,15.922,16.69,1030.53
15/9-F-11,2015-02-20,24.0,210.48,45.34,68.21,15.973,16.7,1009.31
15/9-F-11,2015-02-21,24.0,210.29,45.36,69.65,16.136,16.96,996.11
15/9-F-11,2015-02-22,24.0,210.01,45.27,68.44,16.346,16.86,1047.18
15/9-F-11,2015-02-23,24.0,210.29,45.43,66.26,16.217,17.0,1038.28
15/9-F-11,2015-02-24,24.0,210.57,45.59,68.46,16.196,16.97,1014.53
15/9-F-11,2015-02-25,24.0,210.7,45.66,69.96,16.158,17.21,1022.01
15/9-F-11,2015-02-26,24.0,210.95,45.18,68.37,16.609,16.75,1046.43
15/9-F-11,2015-02-27,24.0,211.36,45.15,67.39,16.695,16.76,1056.64
15/9-F-11,2015-02-28,24.0,210.89,45.23,66.71,16.838,16.84,1058.8
15/9-F-11,2015-03-01,24.0,211.01,45.4,67.5,16.784,16.85,1056.24
15/9-F-11,2015-03-02,24.0,210.97,45.31,70.29,16.798,16.98,1051.49
15/9-F-11,2015-03-03,24.0,210.9,45.38,69.33,16.777,17.06,1053.04
15/9-F-11,2015-03-04,24.0,208.73,44.72,69.82,15.961,16.64,1050.75
15/9-F-11,2015-03-05,24.0,209.43,44.68,68.43,17.271,16.2,1077.56
15/9-F-11,2015-03-06,24.0,201.51,40.88,69.3,20.365,12.23,1213.31
15/9-F-11,2015-03-07,24.0,199.78,40.21,66.2,20.649,11.76,1218.64
15/9-F-11,2015-03-08,24.0,200.5,40.58,69.87,20.207,12.15,1210.61
15/9-F-11,2015-03-09,24.0,200.22,40.47,69.5,20.029,12.01,1201.66
15/9-F-11,2015-03-10,24.0,200.23,40.47,69.55,20.397,12.03,1213.89
15/9-F-11,2015-03-11,24.0,200.03,40.42,70.13,20.601,12.0,1222.74
15/9-F-11,2015-03-12,24.0,200.15,40.43,70.36,20.56,12.01,1217.77
15/9-F-11,2015-03-13,24.0,200.14,40.33,69.89,20.87,11.93,1218.6
15/9-F-11,2015-03-14,24.0,200.06,40.19,71.29,21.27,11.77,1247.39
15/9-F-11,2015-03-15,24.0,210.86,46.17,73.02,21.927,17.62,1632.83
15/9-F-11,2015-03-16,24.0,219.38,51.98,73.55,22.465,23.2,2002.08
15/9-F-11,2015-03-17,24.0,219.63,52.38,73.56,22.466,23.6,2025.24
15/9-F-11,2015-03-18,24.0,219.46,52.59,75.02,22.269,23.82,2021.7
15/9-F-11,2015-03-19,24.0,219.11,52.62,74.48,21.963,23.9,2000.27
15/9-F-11,2015-03-20,24.0,219.37,52.72,74.3,21.748,23.99,2035.82
15/9-F-11,2015-03-21,24.0,219.28,52.44,74.78,21.834,23.73,2064.61
15/9-F-11,2015-03-22,24.0,252.28,75.73,55.8,12.001,47.16,1145.2
15/9-F-11,2015-03-23,23.83,287.05,98.88,36.24,4.405,70.54,333.88
15/9-F-11,2015-03-24,24.0,292.25,100.99,39.52,4.483,72.65,356.5
15/9-F-11,2015-03-25,24.0,285.37,94.85,47.43,7.321,66.28,800.79
15/9-F-11,2015-03-26,24.0,225.21,50.83,74.81,25.639,19.5,1994.47
15/9-F-11,2015-03-27,24.0,219.56,50.65,75.53,24.686,19.23,1954.67
15/9-F-11,2015-03-28,24.0,219.38,50.78,73.48,23.09,21.13,2013.54
15/9-F-11,2015-03-29,24.0,220.26,51.33,75.53,21.524,22.57,1835.3
15/9-F-11,2015-03-30,24.0,220.09,51.31,74.98,21.994,22.31,1927.71
15/9-F-11,2015-03-31,24.0,219.66,51.1,74.7,21.947,22.32,1917.89
15/9-F-11,2015-04-01,24.0,220.2,51.43,74.51,21.567,22.64,1811.03
15/9-F-11,2015-04-02,24.0,220.49,51.55,74.63,21.321,22.19,1825.33
15/9-F-11,2015-04-03,24.0,219.99,51.28,75.07,21.499,21.91,1826.31
15/9-F-11,2015-04-04,24.0,219.75,51.11,74.89,21.465,21.76,1818.47
15/9-F-11,2015-04-05,24.0,219.68,51.1,74.77,21.476,21.78,1810.13
15/9-F-11,2015-04-06,24.0,219.65,51.0,74.51,21.456,21.67,1807.87
15/9-F-11,2015-04-07,24.0,219.54,50.99,75.07,21.384,21.69,1790.6
15/9-F-11,2015-04-08,24.0,220.02,51.34,74.78,20.962,22.04,1764.01
15/9-F-11,2015-04-09,24.0,219.94,51.31,73.04,20.971,21.97,1758.87
15/9-F-11,2015-04-10,24.0,219.63,51.13,73.39,21.016,21.78,1744.19
15/9-F-11,2015-04-11,24.0,219.66,51.14,73.72,21.003,21.76,1750.06
15/9-F-11,2015-04-12,24.0,220.05,51.37,72.5,20.704,22.03,1728.98
15/9-F-11,2015-04-13,24.0,220.91,51.8,74.12,20.494,22.49,1708.77
15/9-F-11,2015-04-14,24.0,220.92,51.78,73.32,20.477,22.45,1714.46
15/9-F-11,2015-04-15,24.0,220.88,51.71,75.21,20.786,22.35,1769.28
15/9-F-11,2015-04-16,24.0,220.97,51.72,75.29,20.949,22.33,1768.7
15/9-F-11,2015-04-17,24.0,221.36,51.93,75.61,20.524,22.53,1780.83
15/9-F-11,2015-04-18,24.0,221.85,52.25,75.48,20.981,22.87,1802.92
15/9-F-11,2015-04-19,24.0,222.2,52.43,75.65,20.987,23.09,1820.19
15/9-F-11,2015-04-20,24.0,221.89,52.26,75.76,21.232,23.21,1815.28
15/9-F-11,2015-04-21,24.0,221.79,52.16,75.92,21.258,23.48,1832.35
15/9-F-11,2015-04-22,24.0,221.89,52.16,76.02,21.251,23.46,1832.51
15/9-F-11,2015-04-23,24.0,221.73,52.12,75.98,21.303,23.43,1918.58
15/9-F-11,2015-04-24,24.0,221.55,52.14,75.92,21.293,23.48,1908.81
15/9-F-11,2015-04-25,24.0,221.25,52.01,75.61,21.4,23.34,1900.52
15/9-F-11,2015-04-26,24.0,221.12,51.96,75.58,21.417,23.29,1898.58
15/9-F-11,2015-04-27,24.0,220.83,51.83,75.3,21.511,23.17,1916.48
15/9-F-11,2015-04-28,24.0,220.6,51.7,74.74,21.555,23.05,1913.38
15/9-F-11,2015-04-29,24.0,220.61,51.69,75.3,21.459,23.01,1907.06
15/9-F-11,2015-04-30,24.0,220.5,51.63,75.68,21.419,22.8,1911.21
15/9-F-11,2015-05-01,24.0,220.46,51.59,75.71,21.368,22.88,1905.67
15/9-F-11,2015-05-02,24.0,220.48,51.41,75.69,21.396,22.72,1892.91
15/9-F-11,2015-05-03,24.0,220.42,51.14,74.8,21.463,22.49,1874.02
15/9-F-11,2015-05-04,24.0,220.1,50.72,73.91,21.615,21.62,1851.56
15/9-F-11,2015-05-05,24.0,219.94,50.39,74.3,21.674,21.58,1854.68
15/9-F-11,2015-05-06,24.0,219.88,50.28,73.85,21.682,21.58,1820.38
15/9-F-11,2015-05-07,24.0,219.83,50.11,75.42,21.684,21.4,1824.93
15/9-F-11,2015-05-08,24.0,219.99,50.01,75.33,21.631,21.31,1798.79
15/9-F-11,2015-05-09,24.0,220.23,49.92,75.34,21.709,21.23,1810.44
15/9-F-11,2015-05-10,24.0,220.33,50.05,75.58,21.65,21.37,1805.42
15/9-F-11,2015-05-11,24.0,220.31,50.0,73.44,21.605,21.32,1802.17
15/9-F-11,2015-05-12,24.0,220.06,49.83,72.89,21.593,21.13,1798.26
15/9-F-11,2015-05-13,24.0,219.69,49.55,75.65,21.831,20.93,1802.0
15/9-F-11,2015-05-14,24.0,219.66,49.51,75.84,21.923,20.95,1816.11
15/9-F-11,2015-05-15,24.0,219.51,49.45,75.31,21.964,20.88,1818.57
15/9-F-11,2015-05-16,24.0,219.76,49.61,75.3,21.638,21.04,1805.8
15/9-F-11,2015-05-17,24.0,220.12,49.81,75.68,21.421,21.25,1784.95
15/9-F-11,2015-05-18,24.0,220.02,49.75,75.15,21.515,21.19,1780.78
15/9-F-11,2015-05-19,24.0,220.03,49.72,74.96,21.43,21.14,1783.91
15/9-F-11,2015-05-20,24.0,220.07,49.69,76.15,21.333,21.13,1774.94
15/9-F-11,2015-05-21,24.0,220.05,49.66,74.67,21.289,21.12,1747.38
15/9-F-11,2015-05-22,24.0,220.02,49.59,75.19,21.309,21.01,1726.85
15/9-F-11,2015-05-23,24.0,219.94,49.46,75.98,21.329,20.8,1638.67
15/9-F-11,2015-05-24,24.0,219.88,49.4,75.5,21.365,20.44,1755.84
15/9-F-11,2015-05-25,24.0,219.75,49.24,76.29,21.332,20.55,1652.5
15/9-F-11,2015-05-26,24.0,219.69,49.16,76.32,21.335,20.52,1705.95
15/9-F-11,2015-05-27,24.0,219.68,49.11,75.84,20.817,20.51,1666.9
15/9-F-11,2015-05-28,24.0,220.26,49.43,75.61,20.909,20.83,1705.52
15/9-F-11,2015-05-29,24.0,220.52,49.56,74.71,20.704,20.98,1680.64
15/9-F-11,2015-05-30,24.0,220.44,49.44,76.14,20.765,20.87,1670.98
15/9-F-11,2015-05-31,24.0,220.2,49.21,76.11,20.421,20.65,1671.7
15/9-F-11,2015-06-01,24.0,220.14,49.1,74.32,20.829,20.53,1682.83
15/9-F-11,2015-06-02,24.0,219.98,48.93,73.28,20.864,20.32,1683.12
15/9-F-11,2015-06-03,24.0,220.01,48.8,76.08,20.8,20.24,1666.9
15/9-F-11,2015-06-04,24.0,220.06,48.74,76.03,20.733,20.2,1659.03
15/9-F-11,2015-06-05,24.0,219.82,48.53,75.3,20.804,19.99,1663.57
15/9-F-11,2015-06-06,24.0,219.85,48.46,72.96,20.684,19.91,1651.21
15/9-F-11,2015-06-07,22.82,226.65,52.41,72.63,17.846,23.55,1497.33
15/9-F-11,2015-06-08,24.0,220.21,48.33,76.26,20.917,19.73,1673.32
15/9-F-11,2015-06-09,24.0,220.06,48.2,76.58,20.796,19.6,1655.26
15/9-F-11,2015-06-10,24.0,220.26,48.24,76.5,20.646,19.67,1633.02
15/9-F-11,2015-06-11,24.0,220.16,48.12,76.35,20.63,19.55,1616.16
15/9-F-11,2015-06-12,24.0,220.13,48.01,76.33,20.576,19.41,1616.27
15/9-F-11,2015-06-13,24.0,220.17,47.9,76.88,20.599,19.3,1597.64
15/9-F-11,2015-06-14,24.0,220.0,47.69,76.3,20.778,19.09,1579.97
15/9-F-11,2015-06-15,24.0,219.97,47.53,76.38,20.759,18.95,1583.82
15/9-F-11,2015-06-16,24.0,219.96,47.37,76.6,20.723,18.79,1566.01
15/9-F-11,2015-06-17,24.0,220.08,47.27,76.18,20.609,18.69,1550.64
15/9-F-11,2015-06-18,24.0,220.22,47.23,76.42,20.669,18.32,1553.41
15/9-F-11,2015-06-19,24.0,220.23,47.04,76.53,20.805,17.99,1538.14
15/9-F-11,2015-06-20,24.0,220.34,46.9,76.97,20.707,18.33,1574.94
15/9-F-11,2015-06-21,24.0,220.62,46.92,76.57,20.818,18.34,1568.89
15/9-F-11,2015-06-22,24.0,221.19,47.06,77.02,20.754,18.45,1597.79
15/9-F-11,2015-06-23,24.0,220.92,46.75,76.85,21.177,18.12,1606.67
15/9-F-11,2015-06-24,24.0,221.15,46.7,77.07,21.344,18.08,1622.92
15/9-F-11,2015-06-25,24.0,220.79,46.32,77.51,21.815,17.67,1649.49
15/9-F-11,2015-06-26,24.0,220.72,46.11,77.21,22.366,17.46,1650.64
15/9-F-11,2015-06-27,24.0,221.37,46.28,77.54,22.212,17.45,1662.45
15/9-F-11,2015-06-28,24.0,229.6,50.97,76.79,17.998,22.41,1465.02
15/9-F-11,2015-06-29,24.0,227.7,49.67,77.58,19.2,20.84,1545.73
15/9-F-11,2015-06-30,24.0,226.1,48.59,77.42,20.025,19.98,1618.91
15/9-F-11,2015-07-01,24.0,221.85,45.96,76.83,22.887,17.36,1681.69
15/9-F-11,2015-07-02,24.0,220.47,45.07,76.53,23.942,16.09,1561.86
15/9-F-11,2015-07-03,24.0,220.38,44.93,77.84,23.925,15.88,1554.86
15/9-F-11,2015-07-04,24.0,219.86,44.55,77.98,23.999,15.9,1533.34
15/9-F-11,2015-07-05,24.0,219.72,44.36,77.41,23.906,15.72,1519.99
15/9-F-11,2015-07-06,24.0,219.69,44.17,78.05,23.905,15.53,1506.39
15/9-F-11,2015-07-07,24.0,219.63,44.03,77.87,23.952,15.38,1500.72
15/9-F-11,2015-07-08,24.0,219.53,43.82,77.67,23.939,15.17,1481.75
15/9-F-11,2015-07-09,24.0,219.51,43.65,77.17,24.001,15.02,1473.25
15/9-F-11,2015-07-10,24.0,219.57,43.52,77.49,24.008,14.9,1462.23
15/9-F-11,2015-07-11,24.0,219.55,43.35,77.35,23.982,14.72,1436.82
15/9-F-11,2015-07-12,24.0,219.69,43.19,77.51,23.958,14.56,1426.88
15/9-F-11,2015-07-13,24.0,220.0,43.13,78.12,23.418,14.31,1417.43
15/9-F-11,2015-07-14,24.0,220.03,42.81,78.24,23.911,14.23,1412.23
15/9-F-11,2015-07-15,24.0,220.05,42.66,78.12,23.918,14.06,1394.07
15/9-F-11,2015-07-16,24.0,220.12,42.59,78.25,23.868,13.99,1375.3
15/9-F-11,2015-07-17,24.0,219.96,42.44,76.68,23.959,13.85,1368.17
15/9-F-11,2015-07-18,24.0,220.03,42.36,74.55,23.908,13.75,1364.31
15/9-F-11,2015-07-19,24.0,220.17,42.3,77.11,23.916,13.7,1344.57
15/9-F-11,2015-07-20,24.0,220.19,42.2,77.34,23.949,13.61,1335.28
15/9-F-11,2015-07-21,24.0,220.38,42.23,75.36,23.875,13.63,1344.53
15/9-F-11,2015-07-22,24.0,220.57,42.17,78.07,23.839,13.57,1355.39
15/9-F-11,2015-07-23,24.0,220.63,42.16,76.72,23.872,13.56,1356.95
15/9-F-11,2015-07-24,24.0,220.82,42.15,77.65,23.847,13.57,1342.47
15/9-F-11,2015-07-25,24.0,220.24,41.75,78.11,24.334,13.16,1345.15
15/9-F-11,2015-07-26,24.0,220.18,41.67,77.93,24.471,13.07,1332.97
15/9-F-11,2015-07-27,24.0,220.22,41.62,78.18,24.445,13.02,1321.31
15/9-F-11,2015-07-28,24.0,220.21,41.57,78.22,24.46,12.97,1299.1
15/9-F-11,2015-07-29,24.0,219.95,41.39,77.88,24.796,12.81,1335.51
15/9-F-11,2015-07-30,24.0,220.06,41.4,77.5,24.803,12.82,1310.45
15/9-F-11,2015-07-31,24.0,219.98,41.29,77.75,24.964,12.71,1289.69
15/9-F-11,2015-08-01,24.0,219.96,41.25,76.61,24.95,12.67,1283.49
15/9-F-11,2015-08-02,24.0,220.1,41.22,77.37,24.769,12.65,1277.28
15/9-F-11,2015-08-03,24.0,220.12,41.15,75.66,24.882,12.59,1267.78
15/9-F-11,2015-08-04,24.0,220.21,41.13,76.73,24.874,12.58,1272.72
15/9-F-11,2015-08-05,24.0,220.3,41.11,77.11,24.882,12.53,1276.71
15/9-F-11,2015-08-06,24.0,220.45,41.14,76.8,24.864,12.57,1256.08
15/9-F-11,2015-08-07,24.0,220.56,41.09,78.41,24.68,12.51,1236.69
15/9-F-11,2015-08-08,24.0,220.56,41.07,77.4,24.75,12.49,1216.54
15/9-F-11,2015-08-09,24.0,220.59,40.99,76.56,24.852,12.43,1229.59
15/9-F-11,2015-08-10,24.0,220.64,40.95,77.44,24.836,12.38,1221.71
15/9-F-11,2015-08-11,24.0,220.63,40.9,76.95,24.766,12.31,1201.51
15/9-F-11,2015-08-12,24.0,220.68,40.83,77.87,24.734,12.26,1210.98
15/9-F-11,2015-08-13,24.0,220.64,40.75,77.75,24.851,12.18,1205.33
15/9-F-11,2015-08-14,24.0,220.68,40.68,76.65,24.797,12.13,1205.98
15/9-F-11,2015-08-15,24.0,220.77,40.67,75.47,24.772,12.1,1204.85
15/9-F-11,2015-08-16,24.0,220.92,40.59,78.25,24.694,12.04,1199.53
15/9-F-11,2015-08-17,24.0,221.02,40.53,78.29,24.731,11.97,1185.78
15/9-F-11,2015-08-18,24.0,221.06,40.51,76.8,24.718,11.96,1192.7
15/9-F-11,2015-08-19,24.0,221.06,40.5,74.65,24.25,11.96,1191.93
15/9-F-11,2015-08-20,24.0,221.14,40.42,76.08,24.771,11.88,1204.72
15/9-F-11,2015-08-21,24.0,221.18,40.34,76.12,24.259,11.8,1179.2
15/9-F-11,2015-08-22,24.0,221.17,40.29,76.31,24.231,11.74,1176.63
15/9-F-11,2015-08-23,24.0,221.12,40.21,76.83,24.704,11.69,1163.24
15/9-F-11,2015-08-24,24.0,221.0,40.09,77.28,24.69,11.55,1160.11
15/9-F-11,2015-08-25,24.0,220.89,39.96,77.26,24.737,11.41,1158.64
15/9-F-11,2015-08-26,14.28,221.39,39.79,75.91,15.651,11.23,671.06
15/9-F-11,2015-08-31,17.74,268.23,68.83,61.49,8.138,39.35,447.37
15/9-F-11,2015-09-01,24.0,229.79,41.27,79.06,25.695,12.48,1154.34
15/9-F-11,2015-09-02,24.0,222.25,37.08,79.05,29.59,8.09,1192.8
15/9-F-11,2015-09-03,24.0,223.32,39.24,78.59,27.284,9.26,1098.55
15/9-F-11,2015-09-04,24.0,231.27,42.76,75.61,23.213,13.39,955.69
15/9-F-11,2015-09-05,24.0,220.37,37.58,77.82,27.444,8.87,1079.01
15/9-F-11,2015-09-06,24.0,220.0,37.46,78.17,27.466,8.75,1043.55
15/9-F-11,2015-09-07,24.0,219.72,37.41,78.43,27.473,8.72,1036.29
15/9-F-11,2015-09-08,24.0,219.53,37.38,78.58,27.492,8.69,1027.85
15/9-F-11,2015-09-09,24.0,219.58,37.47,78.57,27.223,8.79,1028.02
15/9-F-11,2015-09-10,24.0,219.73,37.63,77.49,26.955,8.96,1024.19
15/9-F-11,2015-09-11,24.0,219.82,37.63,76.36,26.972,8.93,1027.57
15/9-F-11,2015-09-12,24.0,219.83,37.6,76.21,26.962,8.92,1041.37
15/9-F-11,2015-09-13,24.0,219.86,37.54,77.02,27.007,8.84,1032.61
15/9-F-11,2015-09-14,24.0,219.8,37.51,77.4,26.964,8.81,1005.36
15/9-F-11,2015-09-15,24.0,219.69,37.47,78.08,27.021,8.77,1040.99
15/9-F-11,2015-09-16,24.0,219.6,37.46,77.83,27.07,8.75,1051.22
15/9-F-11,2015-09-17,24.0,219.57,37.4,78.62,26.981,8.68,1040.85
15/9-F-11,2015-09-18,24.0,219.55,37.39,78.61,27.005,8.68,1082.77
15/9-F-11,2015-09-19,24.0,219.62,37.36,78.65,27.031,8.61,1051.51
15/9-F-11,2015-09-20,24.0,219.71,37.42,78.51,26.995,8.6,1006.61
15/9-F-11,2015-09-21,24.0,219.74,37.42,77.79,27.009,8.55,1065.57
15/9-F-11,2015-09-22,22.72,231.4,44.2,74.96,19.04,14.66,810.98
15/9-F-11,2015-09-23,24.0,221.23,38.09,78.07,26.494,8.93,1070.19
15/9-F-11,2015-09-24,24.0,220.48,37.63,76.25,26.977,8.45,1069.42
15/9-F-11,2015-09-25,24.0,220.4,37.53,77.29,26.982,8.37,1067.92
15/9-F-11,2015-09-26,24.0,220.71,37.59,78.35,26.598,8.52,1070.45
15/9-F-11,2015-09-27,24.0,220.92,37.64,77.88,26.476,8.55,1056.78
15/9-F-11,2015-09-28,24.0,221.07,37.67,76.69,26.497,8.52,1052.85
15/9-F-11,2015-09-29,24.0,221.17,37.67,75.24,25.903,8.53,1050.53
15/9-F-11,2015-09-30,24.0,220.93,37.49,77.08,26.199,8.37,1088.75
15/9-F-11,2015-10-01,24.0,220.3,37.09,77.98,26.085,9.21,1104.83
15/9-F-11,2015-10-02,24.0,219.93,36.82,78.0,24.123,11.12,1117.65
15/9-F-11,2015-10-03,24.0,215.98,34.6,78.18,27.955,8.88,1162.37
15/9-F-11,2015-10-04,24.0,215.55,34.3,78.81,28.128,8.59,1159.62
15/9-F-11,2015-10-05,24.0,215.31,34.23,77.11,28.346,8.53,1151.09
15/9-F-11,2015-10-06,24.0,215.34,34.18,75.01,28.341,8.49,1145.05
15/9-F-11,2015-10-07,24.0,215.27,34.11,76.02,28.431,8.43,1148.87
15/9-F-11,2015-10-08,24.0,215.36,34.08,77.08,28.845,8.07,1133.96
15/9-F-11,2015-10-09,24.0,210.94,31.66,78.94,42.444,4.97,1188.88
15/9-F-11,2015-10-10,24.0,209.96,30.99,78.62,43.83,4.9,1187.22
15/9-F-11,2015-10-11,24.0,209.48,30.85,76.78,43.447,5.03,1190.45
15/9-F-11,2015-10-12,24.0,209.55,30.91,77.39,43.046,5.08,1176.43
15/9-F-11,2015-10-13,23.17,218.98,35.7,76.45,32.771,9.44,1037.47
15/9-F-11,2015-10-14,24.0,213.51,32.88,78.43,35.064,6.23,1141.23
15/9-F-11,2015-10-15,24.0,212.32,32.29,78.25,46.108,4.35,1150.21
15/9-F-11,2015-10-16,24.0,209.46,30.72,79.43,45.383,4.65,1182.94
15/9-F-11,2015-10-17,24.0,209.36,30.73,79.49,44.703,4.68,1169.51
15/9-F-11,2015-10-18,24.0,209.35,30.74,79.44,43.392,4.81,1172.3
15/9-F-11,2015-10-19,24.0,209.78,30.89,79.23,42.941,4.75,1135.6
15/9-F-11,2015-10-20,24.0,209.86,30.95,79.04,42.981,4.73,1137.63
15/9-F-11,2015-10-21,24.0,209.67,30.87,77.06,42.948,4.76,1129.59
15/9-F-11,2015-10-22,24.0,209.87,30.77,76.57,42.954,4.68,1129.0
15/9-F-11,2015-10-23,24.0,209.94,30.72,77.51,42.969,4.72,1115.41
15/9-F-11,2015-10-24,24.0,210.41,30.9,77.25,42.963,4.63,1102.06
15/9-F-11,2015-10-25,24.0,210.28,30.82,77.66,42.886,4.64,1164.72
15/9-F-11,2015-10-26,1.53,224.89,38.59,74.86,2.269,12.89,10.71
15/9-F-11,2015-10-29,9.0,286.14,92.89,26.79,9.5,65.35,268.69
15/9-F-11,2015-10-30,17.2,240.01,37.08,66.72,65.129,9.13,811.29
15/9-F-11,2015-11-03,23.31,278.43,77.29,57.31,10.489,50.16,863.3
15/9-F-11,2015-11-04,24.0,243.87,49.77,79.68,25.128,21.46,1481.57
15/9-F-11,2015-11-05,24.0,232.02,41.51,79.2,34.054,12.75,1535.69
15/9-F-11,2015-11-06,24.0,225.47,37.19,80.15,41.718,9.03,1428.62
15/9-F-11,2015-11-07,24.0,222.31,33.44,80.78,52.498,6.56,1413.79
15/9-F-11,2015-11-08,24.0,220.92,32.01,79.7,83.909,5.13,1398.35
15/9-F-11,2015-11-09,24.0,220.68,31.59,78.59,99.96,4.68,1304.41
15/9-F-11,2015-11-10,24.0,220.45,31.46,80.75,99.996,4.7,1292.4
15/9-F-11,2015-11-11,24.0,219.39,30.93,80.25,100.0,4.89,1360.35
15/9-F-11,2015-11-12,24.0,220.36,31.52,79.3,100.0,4.78,1295.84
15/9-F-11,2015-11-13,24.0,221.07,32.24,78.55,100.0,4.77,1286.74
15/9-F-11,2015-11-14,24.0,220.45,32.21,80.54,100.0,4.88,1314.3
15/9-F-11,2015-11-15,24.0,220.35,32.48,81.04,100.0,4.9,1321.18
15/9-F-11,2015-11-16,24.0,220.38,32.77,78.22,97.917,4.92,1321.76
15/9-F-11,2015-11-17,24.0,220.55,32.8,77.4,100.0,4.91,1312.14
15/9-F-11,2015-11-18,24.0,218.81,31.89,80.99,100.0,5.15,1298.28
15/9-F-11,2015-11-19,24.0,217.69,31.3,81.26,100.0,5.24,1338.18
15/9-F-11,2015-11-20,24.0,218.34,31.73,80.83,100.0,5.0,1281.18
15/9-F-11,2015-11-21,24.0,219.33,32.36,80.34,100.0,4.81,1316.69
15/9-F-11,2015-11-22,24.0,219.74,32.45,80.63,100.0,4.75,1280.9
15/9-F-11,2015-11-23,24.0,219.7,32.28,79.39,100.0,4.75,1284.19
15/9-F-11,2015-11-24,24.0,219.91,32.27,80.61,100.0,4.68,1272.84
15/9-F-11,2015-11-25,24.0,220.02,32.27,80.49,100.0,4.65,1259.01
15/9-F-11,2015-11-26,24.0,219.96,32.15,79.52,100.0,4.66,1250.58
15/9-F-11,2015-11-27,24.0,220.32,32.25,78.61,100.0,4.55,1240.99
15/9-F-11,2015-11-28,24.0,220.34,32.19,78.76,100.0,4.54,1230.7
15/9-F-11,2015-11-29,24.0,220.36,32.13,79.52,100.0,4.5,1218.0
15/9-F-11,2015-11-30,24.0,220.32,31.99,80.37,100.0,4.47,1208.25
15/9-F-11,2015-12-01,24.0,220.42,31.95,80.36,100.0,4.45,1190.89
15/9-F-11,2015-12-02,24.0,220.78,32.08,78.14,100.0,4.36,1185.75
15/9-F-11,2015-12-03,24.0,220.9,32.08,80.36,100.0,4.36,1189.44
15/9-F-11,2015-12-04,24.0,220.17,31.58,79.06,100.0,4.53,1168.78
15/9-F-11,2015-12-05,24.0,220.52,31.63,77.27,100.0,4.49,1221.25
15/9-F-11,2015-12-06,24.0,220.78,31.61,80.5,100.0,4.48,1204.14
15/9-F-11,2015-12-07,24.0,221.37,31.85,80.23,100.0,4.55,1215.25
15/9-F-11,2015-12-08,24.0,221.99,32.12,79.14,100.0,4.58,1210.73
15/9-F-11,2015-12-09,20.17,235.56,38.18,72.97,39.149,10.92,973.0
15/9-F-11,2015-12-10,24.0,228.88,36.06,77.66,31.344,9.54,1168.18
15/9-F-11,2015-12-11,24.0,225.28,33.76,80.39,44.114,7.06,1221.03
15/9-F-11,2015-12-12,24.0,222.65,32.05,81.36,71.795,5.29,1220.87
15/9-F-11,2015-12-13,24.0,221.89,31.48,81.32,100.0,4.81,1223.58
15/9-F-11,2015-12-14,24.0,221.71,31.32,80.33,100.0,4.72,1213.2
15/9-F-11,2015-12-15,24.0,221.54,31.2,79.81,100.0,4.69,1206.37
15/9-F-11,2015-12-16,24.0,221.48,31.15,79.47,100.0,4.67,1190.22
15/9-F-11,2015-12-17,24.0,221.46,31.03,78.96,100.0,4.59,1200.1
15/9-F-11,2015-12-18,24.0,221.48,30.94,77.92,100.0,4.51,1181.96
15/9-F-11,2015-12-19,24.0,221.49,30.83,78.4,100.0,4.44,1173.04
15/9-F-11,2015-12-20,24.0,221.55,30.71,77.83,100.0,4.36,1155.77
15/9-F-11,2015-12-21,24.0,221.69,30.67,77.37,100.0,4.37,1149.91
15/9-F-11,2015-12-22,24.0,221.81,30.61,78.61,100.0,4.29,1137.37
15/9-F-11,2015-12-23,24.0,221.53,30.36,77.26,97.917,4.34,1136.43
15/9-F-11,2015-12-24,24.0,221.55,30.25,77.74,100.0,4.31,1124.81
15/9-F-11,2015-12-25,24.0,221.71,30.17,79.41,97.917,4.26,1120.24
15/9-F-11,2015-12-26,24.0,221.8,30.11,79.48,100.0,4.23,1110.87
15/9-F-11,2015-12-27,24.0,222.18,30.14,78.53,100.0,4.12,1085.91
15/9-F-11,2015-12-28,24.0,222.13,30.04,78.06,100.0,4.17,1098.33
15/9-F-11,2015-12-29,24.0,222.23,29.99,77.82,100.0,4.12,1088.75
15/9-F-11,2015-12-30,24.0,222.37,29.95,78.25,100.0,4.07,1088.15
15/9-F-11,2015-12-31,24.0,222.49,29.92,78.43,100.0,4.04,1079.58
15/9-F-11,2016-01-01,24.0,222.58,29.9,79.34,100.0,4.02,1075.6
15/9-F-11,2016-01-02,24.0,222.98,30.03,77.63,100.0,3.97,1052.84
15/9-F-11,2016-01-03,21.67,233.82,40.23,65.47,72.054,5.06,767.34
15/9-F-11,2016-01-04,24.0,237.29,35.9,67.32,67.308,7.79,854.55
15/9-F-11,2016-01-05,24.0,223.83,30.13,78.87,100.0,4.17,1064.37
15/9-F-11,2016-01-06,24.0,224.08,30.12,78.95,100.0,4.06,1049.77
15/9-F-11,2016-01-07,24.0,224.03,30.02,78.34,100.0,4.05,1054.93
15/9-F-11,2016-01-08,24.0,224.55,30.17,78.6,100.0,3.99,1062.46
15/9-F-11,2016-01-09,24.0,224.86,30.27,78.4,100.0,4.05,1066.1
15/9-F-11,2016-01-10,24.0,225.25,30.33,78.28,100.0,4.06,1069.38
15/9-F-11,2016-01-11,24.0,225.84,30.53,80.03,100.0,4.08,1080.11
15/9-F-11,2016-01-12,24.0,226.35,30.59,80.68,100.0,4.07,1085.46
15/9-F-11,2016-01-13,23.33,231.58,32.91,80.18,81.804,6.15,975.22
15/9-F-11,2016-01-14,24.0,227.36,31.0,81.12,100.0,4.26,1095.77
15/9-F-11,2016-01-15,24.0,227.02,30.64,80.74,100.0,4.22,1095.24
15/9-F-11,2016-01-16,24.0,226.88,30.44,81.02,100.0,4.22,1089.1
15/9-F-11,2016-01-17,24.0,226.81,30.27,81.24,100.0,4.17,1077.76
15/9-F-11,2016-01-18,24.0,226.99,30.28,80.91,100.0,4.1,1069.7
15/9-F-11,2016-01-19,24.0,227.36,30.39,80.98,100.0,3.99,1037.73
15/9-F-11,2016-01-20,20.83,230.96,30.97,79.9,86.417,4.06,884.99
15/9-F-11,2016-01-21,24.0,230.12,31.72,80.55,99.99,3.9,999.89
15/9-F-11,2016-01-22,24.0,229.61,31.4,79.12,99.99,3.91,986.66
15/9-F-11,2016-01-23,24.0,228.16,30.48,79.0,100.0,4.1,1017.71
15/9-F-11,2016-01-24,24.0,227.29,29.85,80.17,99.99,4.15,1029.68
15/9-F-11,2016-01-25,22.67,233.26,32.8,77.39,71.306,6.27,1018.58
15/9-F-11,2016-01-26,24.0,235.56,32.9,75.08,75.78,6.14,909.7
15/9-F-11,2016-01-27,24.0,227.64,29.87,81.44,100.0,4.12,1047.12
15/9-F-11,2016-01-28,24.0,227.66,29.75,78.91,100.0,4.04,999.13
15/9-F-11,2016-01-29,24.0,227.7,29.69,76.75,100.0,3.98,1003.85
15/9-F-11,2016-01-30,24.0,227.79,29.69,77.35,100.0,3.94,998.54
15/9-F-11,2016-01-31,24.0,227.78,29.53,80.98,100.0,3.81,983.98
15/9-F-11,2016-02-01,24.0,227.92,29.59,78.45,100.0,3.84,974.41
15/9-F-11,2016-02-02,24.0,228.08,29.6,77.97,100.0,3.77,974.86
15/9-F-11,2016-02-03,24.0,228.27,29.63,80.5,100.0,3.76,958.24
15/9-F-11,2016-02-04,23.58,234.53,32.19,78.93,77.456,6.22,814.92
15/9-F-11,2016-02-05,24.0,229.41,30.2,78.28,92.011,4.32,959.73
15/9-F-11,2016-02-06,24.0,228.36,29.46,79.38,100.0,3.74,964.7
15/9-F-11,2016-02-07,24.0,228.62,29.48,77.96,100.0,3.66,943.02
15/9-F-11,2016-02-08,24.0,228.95,29.52,79.45,100.0,3.55,941.1
15/9-F-11,2016-02-09,24.0,229.3,29.62,80.58,100.0,3.48,945.72
15/9-F-11,2016-02-10,24.0,229.93,29.84,81.25,100.0,3.38,933.96
15/9-F-11,2016-02-11,24.0,230.95,30.3,80.67,100.0,3.27,946.58
15/9-F-11,2016-02-12,24.0,231.27,30.39,78.81,100.0,3.28,894.51
15/9-F-11,2016-02-13,24.0,231.53,30.41,80.77,100.0,3.24,868.54
15/9-F-11,2016-02-14,24.0,232.02,30.54,80.74,100.0,3.21,884.88
15/9-F-11,2016-02-15,24.0,232.13,30.44,80.73,100.0,3.2,881.95
15/9-F-11,2016-02-16,24.0,232.33,30.44,77.59,100.0,3.24,872.42
15/9-F-11,2016-02-17,24.0,232.69,30.49,77.58,100.0,3.18,869.87
15/9-F-11,2016-02-18,24.0,232.9,30.44,80.5,100.0,3.12,854.03
15/9-F-11,2016-02-19,24.0,232.76,30.28,78.04,100.0,3.2,825.63
15/9-F-11,2016-02-20,24.0,232.71,30.04,79.33,100.0,3.16,853.38
15/9-F-11,2016-02-21,24.0,233.11,30.06,80.02,100.0,3.14,812.43
15/9-F-11,2016-02-22,24.0,232.75,29.69,80.87,100.0,3.23,827.96
15/9-F-11,2016-02-23,24.0,233.31,29.81,80.3,100.0,3.28,827.24
15/9-F-11,2016-02-24,24.0,233.82,29.88,80.48,100.0,3.31,824.52
15/9-F-11,2016-02-25,24.0,234.89,30.26,80.66,100.0,3.27,841.92
15/9-F-11,2016-02-26,24.0,233.65,29.46,81.35,100.0,3.53,915.13
15/9-F-11,2016-02-27,24.0,234.3,29.59,81.3,100.0,3.51,909.45
15/9-F-11,2016-02-28,24.0,235.08,29.8,81.6,100.0,3.5,920.21
15/9-F-11,2016-02-29,24.0,235.61,29.9,79.45,100.0,3.57,913.26
15/9-F-11,2016-03-01,24.0,235.99,29.97,79.12,100.0,3.59,927.68
15/9-F-11,2016-03-02,24.0,236.28,29.87,81.42,100.0,3.47,914.24
15/9-F-11,2016-03-03,24.0,236.46,29.82,81.7,100.0,3.46,904.67
15/9-F-11,2016-03-04,24.0,236.59,29.76,81.34,100.0,3.46,897.9
15/9-F-11,2016-03-05,24.0,236.62,29.66,81.37,100.0,3.44,885.43
15/9-F-11,2016-03-06,24.0,236.8,29.61,81.16,100.0,3.41,884.02
15/9-F-11,2016-03-07,24.0,236.9,29.55,81.51,100.0,3.36,874.84
15/9-F-11,2016-03-08,24.0,237.17,29.58,80.31,100.0,3.35,864.92
15/9-F-11,2016-03-09,24.0,237.47,29.58,80.73,100.0,3.32,853.72
15/9-F-11,2016-03-10,24.0,237.65,29.55,80.77,100.0,3.33,853.34
15/9-F-11,2016-03-11,24.0,237.91,29.53,79.91,100.0,3.3,842.42
15/9-F-11,2016-03-12,24.0,237.44,29.19,79.23,100.0,3.34,840.27
15/9-F-11,2016-03-13,24.0,238.82,29.7,79.17,100.0,3.2,810.39
15/9-F-11,2016-03-14,24.0,237.39,28.9,81.37,100.0,3.3,833.66
15/9-F-11,2016-03-15,24.0,237.57,28.84,81.69,100.0,3.25,826.61
15/9-F-11,2016-03-16,24.0,237.76,28.81,81.61,100.0,3.23,836.04
15/9-F-11,2016-03-17,24.0,237.96,28.77,81.67,100.0,3.18,793.99
15/9-F-11,2016-03-18,24.0,238.53,28.9,81.67,100.0,3.14,782.53
15/9-F-11,2016-03-19,24.0,238.51,28.78,81.57,100.0,3.15,775.2
15/9-F-11,2016-03-20,24.0,238.92,28.84,81.68,100.0,3.09,780.31
15/9-F-11,2016-03-21,24.0,239.53,29.01,81.68,100.0,3.04,771.82
15/9-F-11,2016-03-22,24.0,239.68,28.96,81.82,100.0,3.02,747.5
15/9-F-11,2016-03-23,24.0,240.16,29.05,81.6,100.0,2.99,742.17
15/9-F-11,2016-03-24,24.0,240.46,29.12,79.74,100.0,2.99,747.21
15/9-F-11,2016-03-25,24.0,240.51,28.98,81.04,100.0,2.95,751.04
15/9-F-11,2016-03-26,24.0,241.12,29.17,78.8,100.0,2.93,736.54
15/9-F-11,2016-03-27,23.0,241.75,29.35,77.65,100.0,2.86,700.36
15/9-F-11,2016-03-28,24.0,242.06,29.36,80.2,100.0,2.82,719.31
15/9-F-11,2016-03-29,24.0,242.19,29.24,81.42,100.0,2.78,724.26
15/9-F-11,2016-03-30,24.0,242.44,29.22,81.37,100.0,2.78,707.54
15/9-F-11,2016-03-31,24.0,243.16,29.37,81.22,100.0,2.7,693.73
15/9-F-11,2016-04-01,24.0,243.58,29.45,79.39,100.0,2.71,681.67
15/9-F-11,2016-04-02,24.0,243.85,29.43,79.65,100.0,2.68,671.45
15/9-F-11,2016-04-03,24.0,243.85,29.3,80.36,100.0,2.69,675.8
15/9-F-11,2016-04-04,24.0,243.62,29.02,80.84,100.0,2.69,676.6
15/9-F-11,2016-04-05,24.0,243.6,28.86,80.93,100.0,2.69,674.13
15/9-F-11,2016-04-06,22.83,248.96,29.65,77.83,79.946,3.36,557.55
15/9-F-11,2016-04-07,24.0,244.29,28.72,81.6,99.999,2.73,669.68
15/9-F-11,2016-04-08,24.0,243.47,28.26,81.54,99.994,2.72,618.92
15/9-F-11,2016-04-09,24.0,243.79,28.19,81.18,99.988,2.67,603.35
15/9-F-11,2016-04-10,24.0,244.16,28.13,80.16,99.996,2.64,599.95
15/9-F-11,2016-04-11,24.0,244.44,28.11,80.6,99.997,2.61,586.37
15/9-F-11,2016-04-12,24.0,244.71,28.06,80.3,100.0,2.55,568.36
15/9-F-11,2016-04-13,24.0,244.84,28.05,80.79,99.999,2.53,567.41
15/9-F-11,2016-04-14,24.0,244.89,28.03,81.35,99.995,2.51,571.11
15/9-F-11,2016-04-15,24.0,244.94,28.02,81.16,99.987,2.5,555.12
15/9-F-11,2016-04-16,1.99,250.63,32.39,80.06,6.445,7.01,22.74
15/9-F-11,2016-04-18,10.59,285.25,36.54,60.78,14.241,11.63,162.02
15/9-F-11,2016-04-19,24.0,270.86,28.64,82.52,100.0,2.79,303.43
15/9-F-11,2016-04-20,13.49,268.55,29.09,82.32,54.692,3.1,150.74
15/9-F-11,2016-04-23,2.17,296.35,62.92,31.06,1.948,40.48,65.06
15/9-F-11,2016-04-24,24.0,271.89,33.45,77.54,60.072,7.87,461.16
15/9-F-11,2016-04-25,24.0,262.21,28.57,82.3,99.949,2.95,478.79
15/9-F-11,2016-04-26,24.0,258.74,28.31,82.53,99.95,2.81,488.94
15/9-F-11,2016-04-27,24.0,256.14,28.2,82.49,99.947,2.61,482.1
15/9-F-11,2016-04-28,24.0,254.16,28.08,82.07,100.0,2.53,487.26
15/9-F-11,2016-04-29,24.0,252.99,28.19,81.32,100.0,2.64,524.84
15/9-F-11,2016-04-30,24.0,251.94,28.17,82.07,100.0,2.62,524.45
15/9-F-11,2016-05-01,24.0,251.54,28.33,80.19,100.0,2.61,510.73
15/9-F-11,2016-05-02,24.0,250.96,28.46,80.07,100.0,2.65,529.84
15/9-F-11,2016-05-03,24.0,250.22,28.19,81.62,100.0,2.67,529.53
15/9-F-11,2016-05-04,24.0,249.67,28.3,81.18,100.0,2.71,524.89
15/9-F-11,2016-05-05,24.0,249.32,28.24,81.09,100.0,2.67,528.12
15/9-F-11,2016-05-06,24.0,249.3,28.35,81.16,100.0,2.79,530.3
15/9-F-11,2016-05-07,24.0,249.21,28.34,82.23,100.0,2.78,527.97
15/9-F-11,2016-05-08,24.0,249.17,28.55,82.01,100.0,2.93,526.22
15/9-F-11,2016-05-09,24.0,249.33,28.47,80.98,100.0,2.93,519.43
15/9-F-11,2016-05-10,24.0,249.48,28.42,82.8,100.0,2.87,513.3
15/9-F-11,2016-05-11,24.0,249.57,28.4,82.91,100.0,2.84,511.56
15/9-F-11,2016-05-12,24.0,249.63,28.39,82.73,100.0,2.82,507.33
15/9-F-11,2016-05-13,24.0,249.7,28.41,82.15,100.0,2.84,503.72
15/9-F-11,2016-05-14,24.0,249.72,28.41,81.67,100.0,2.85,499.28
15/9-F-11,2016-05-15,24.0,250.2,28.66,81.77,100.0,2.8,464.72
15/9-F-11,2016-05-16,24.0,249.96,28.43,82.46,100.0,2.86,503.05
15/9-F-11,2016-05-17,24.0,249.97,28.42,82.53,100.0,2.86,494.92
15/9-F-11,2016-05-18,24.0,250.01,28.41,82.26,100.0,2.84,492.22
15/9-F-11,2016-05-19,24.0,250.06,28.39,82.32,100.0,2.84,487.62
15/9-F-11,2016-05-20,24.0,250.11,28.37,81.83,100.0,2.82,486.94
15/9-F-11,2016-05-21,24.0,250.19,28.37,81.8,100.0,2.82,480.05
15/9-F-11,2016-05-22,24.0,250.25,28.31,82.19,100.0,2.76,482.26
15/9-F-11,2016-05-23,24.0,250.33,28.3,82.63,100.0,2.75,484.2
15/9-F-11,2016-05-24,24.0,250.37,28.29,82.27,100.0,2.77,487.5
15/9-F-11,2016-05-25,24.0,250.42,28.27,82.6,100.0,2.73,489.56
15/9-F-11,2016-05-26,24.0,250.37,28.24,82.7,100.0,2.7,489.67
15/9-F-11,2016-05-27,24.0,250.31,28.2,82.7,100.0,2.66,485.01
15/9-F-11,2016-05-28,24.0,250.33,28.18,82.82,100.0,2.64,486.67
15/9-F-11,2016-05-29,24.0,250.33,28.18,82.65,100.0,2.66,482.01
15/9-F-11,2016-05-30,24.0,250.37,28.17,83.01,100.0,2.63,480.45
15/9-F-11,2016-05-31,24.0,250.39,28.18,82.68,100.0,2.65,489.68
15/9-F-11,2016-06-01,24.0,250.37,28.19,82.55,100.0,2.65,489.27
15/9-F-11,2016-06-02,24.0,250.35,28.2,82.5,100.0,2.65,485.42
15/9-F-11,2016-06-03,24.0,250.34,28.16,83.07,100.0,2.62,463.16
15/9-F-11,2016-06-04,24.0,250.38,28.17,82.79,100.0,2.64,489.13
15/9-F-11,2016-06-05,24.0,250.43,28.16,82.71,100.0,2.62,491.8
15/9-F-11,2016-06-06,24.0,250.5,28.16,82.74,100.0,2.62,492.54
15/9-F-11,2016-06-07,24.0,250.54,28.17,82.74,100.0,2.63,494.17
15/9-F-11,2016-06-08,22.42,253.54,29.82,80.34,78.437,4.63,426.92
15/9-F-11,2016-06-09,24.0,251.17,28.36,82.94,100.0,2.91,479.12
15/9-F-11,2016-06-10,24.0,251.03,28.3,83.08,100.0,2.84,493.94
15/9-F-11,2016-06-11,24.0,250.92,28.25,83.14,100.0,2.78,495.73
15/9-F-11,2016-06-12,24.0,250.78,28.21,82.95,100.0,2.77,472.0
15/9-F-11,2016-06-13,24.0,250.74,28.17,83.42,100.0,2.72,494.25
15/9-F-11,2016-06-14,24.0,250.7,28.15,82.78,100.0,2.71,495.97
15/9-F-11,2016-06-15,24.0,250.69,28.15,83.11,100.0,2.69,492.73
15/9-F-11,2016-06-16,24.0,250.66,28.15,83.15,100.0,2.63,496.68
15/9-F-11,2016-06-17,24.0,250.69,28.15,83.22,100.0,2.68,490.41
15/9-F-11,2016-06-18,24.0,250.69,28.17,82.63,100.0,2.72,491.08
15/9-F-11,2016-06-19,24.0,250.69,28.17,82.88,100.0,2.73,491.55
15/9-F-11,2016-06-20,24.0,247.82,28.19,81.58,100.0,2.74,492.63
15/9-F-11,2016-06-21,24.0,250.73,28.16,82.53,100.0,2.71,491.13
15/9-F-11,2016-06-22,24.0,250.76,28.18,81.89,100.0,2.75,490.04
15/9-F-11,2016-06-23,24.0,250.76,28.17,82.67,100.0,2.73,490.31
15/9-F-11,2016-06-24,24.0,250.84,28.14,83.37,100.0,2.69,490.94
15/9-F-11,2016-06-25,24.0,250.87,28.13,83.39,100.0,2.68,487.12
15/9-F-11,2016-06-26,24.0,250.92,28.14,83.25,100.0,2.69,488.4
15/9-F-11,2016-06-27,24.0,250.96,28.14,82.88,100.0,2.69,481.51
15/9-F-11,2016-06-28,24.0,251.05,28.16,81.87,100.0,2.71,485.3
15/9-F-11,2016-06-29,24.0,251.08,28.13,82.74,100.0,2.68,485.8
15/9-F-11,2016-06-30,24.0,251.17,28.15,82.08,100.0,2.68,481.56
15/9-F-11,2016-07-01,24.0,251.38,28.24,82.24,100.0,2.66,488.27
15/9-F-11,2016-07-02,24.0,251.31,28.13,82.59,100.0,2.67,482.07
15/9-F-11,2016-07-03,24.0,251.37,28.11,82.89,100.0,2.65,486.12
15/9-F-11,2016-07-04,24.0,251.41,28.09,83.29,100.0,2.65,477.82
15/9-F-11,2016-07-05,24.0,251.48,28.09,83.4,100.0,2.65,483.57
15/9-F-11,2016-07-06,24.0,251.53,28.09,83.33,100.0,2.65,465.8
15/9-F-11,2016-07-07,24.0,251.61,28.11,82.13,100.0,2.66,480.48
15/9-F-11,2016-07-08,24.0,251.66,28.12,82.09,100.0,2.66,478.35
15/9-F-11,2016-07-09,23.5,252.35,28.5,82.3,92.681,2.93,444.4
15/9-F-11,2016-07-10,24.0,251.6,28.16,81.27,100.0,2.69,472.4
15/9-F-11,2016-07-11,23.67,252.22,28.5,81.59,93.087,2.88,453.73
15/9-F-11,2016-07-12,24.0,251.87,28.27,83.36,100.0,2.6,474.35
15/9-F-11,2016-07-13,24.0,252.22,28.45,83.15,89.791,2.56,470.58
15/9-F-11,2016-07-14,24.0,251.3,27.27,83.43,97.347,2.88,488.01
15/9-F-11,2016-07-15,24.0,247.19,24.3,84.15,100.0,3.32,464.35
15/9-F-11,2016-07-16,24.0,247.27,24.89,82.81,100.0,3.32,502.17
15/9-F-11,2016-07-17,20.83,253.31,28.31,80.77,63.47,6.83,374.6
15/9-F-11,2016-07-18,24.0,248.98,25.38,84.26,93.606,3.43,446.26
15/9-F-11,2016-07-19,24.0,248.32,25.22,83.72,100.0,3.1,470.63
15/9-F-11,2016-07-20,24.0,248.36,25.17,81.88,100.0,3.06,475.86
15/9-F-11,2016-07-21,24.0,248.46,25.08,84.07,100.0,2.99,467.17
15/9-F-11,2016-07-22,24.0,248.49,25.06,84.2,100.0,3.0,445.26
15/9-F-11,2016-07-23,24.0,248.34,24.89,83.36,100.0,3.0,445.0
15/9-F-11,2016-07-24,24.0,251.59,24.67,83.67,100.0,3.08,458.61
15/9-F-11,2016-07-25,24.0,251.23,24.67,82.29,100.0,3.09,458.62
15/9-F-11,2016-07-26,24.0,251.19,24.57,83.09,100.0,3.12,454.03
15/9-F-11,2016-07-27,24.0,251.2,24.59,83.1,100.0,3.15,445.56
15/9-F-11,2016-07-28,24.0,251.36,24.65,83.14,100.0,3.17,451.59
15/9-F-11,2016-07-29,24.0,251.34,24.63,84.13,100.0,3.18,457.03
15/9-F-11,2016-07-30,24.0,251.08,24.58,84.49,100.0,3.2,465.67
15/9-F-11,2016-07-31,24.0,250.92,24.59,84.22,100.0,3.21,456.52
15/9-F-11,2016-08-01,24.0,250.61,24.58,84.28,100.0,3.19,468.5
15/9-F-11,2016-08-02,24.0,250.47,24.61,84.14,100.0,3.18,457.4
15/9-F-11,2016-08-03,24.0,251.14,25.2,83.19,100.0,3.05,442.04
15/9-F-11,2016-08-04,24.0,252.77,26.4,83.57,100.0,2.75,423.06
15/9-F-11,2016-08-05,24.0,252.71,26.42,83.89,100.0,2.74,433.87
15/9-F-11,2016-08-06,24.0,252.61,26.46,83.63,100.0,2.81,422.88
15/9-F-11,2016-08-07,24.0,252.55,26.54,79.68,100.0,2.86,427.39
15/9-F-11,2016-08-08,24.0,252.46,26.55,81.04,100.0,2.85,426.3
15/9-F-11,2016-08-09,23.67,253.35,27.17,82.64,92.943,3.56,398.32
15/9-F-11,2016-08-10,24.0,252.42,26.64,83.3,98.44,2.95,420.34
15/9-F-11,2016-08-11,24.0,252.35,26.73,82.23,98.431,3.0,428.54
15/9-F-11,2016-08-12,24.0,252.3,26.78,81.48,98.452,3.02,439.14
15/9-F-11,2016-08-13,24.0,252.18,26.71,83.12,98.44,3.11,440.09
15/9-F-11,2016-08-14,24.0,252.27,26.83,83.99,98.446,3.23,455.37
15/9-F-11,2016-08-15,24.0,252.34,26.95,84.1,98.433,3.3,468.16
15/9-F-11,2016-08-16,24.0,252.34,27.09,84.09,98.438,3.4,480.21
15/9-F-11,2016-08-17,24.0,252.14,27.11,84.14,98.448,3.43,475.69
15/9-F-11,2016-08-18,24.0,251.95,27.11,84.17,98.454,3.42,485.66
15/9-F-11,2016-08-19,24.0,251.8,27.11,84.24,98.448,3.41,490.46
15/9-F-11,2016-08-20,24.0,251.64,27.14,83.25,98.457,3.44,473.86
15/9-F-11,2016-08-21,24.0,251.59,27.15,83.69,98.455,3.45,492.55
15/9-F-11,2016-08-22,24.0,251.51,27.18,84.35,98.457,3.48,494.34
15/9-F-11,2016-08-23,24.0,251.42,27.21,84.12,99.193,3.51,504.33
15/9-F-11,2016-08-24,24.0,251.33,27.23,83.88,100.0,3.53,502.48
15/9-F-11,2016-08-25,24.0,251.23,27.2,84.43,100.0,3.49,503.26
15/9-F-11,2016-08-26,24.0,251.08,27.18,83.52,100.0,3.48,510.85
15/9-F-11,2016-08-27,24.0,251.13,27.01,84.35,100.0,3.49,539.67
15/9-F-11,2016-08-28,24.0,251.63,27.02,84.51,100.0,3.5,529.67
15/9-F-11,2016-08-29,24.0,252.32,26.95,84.5,100.0,3.44,500.07
15/9-F-11,2016-08-30,24.0,253.78,26.75,81.69,100.0,3.3,507.33
15/9-F-11,2016-08-31,24.0,253.79,26.73,80.8,100.0,3.28,541.9
15/9-F-11,2016-09-01,24.0,253.69,26.68,82.94,100.0,3.18,525.86
15/9-F-11,2016-09-02,24.0,253.66,26.62,82.28,100.0,3.1,498.15
15/9-F-11,2016-09-03,24.0,253.74,26.65,83.17,97.917,3.11,518.27
15/9-F-11,2016-09-04,24.0,253.75,26.65,84.84,100.0,3.09,523.42
15/9-F-11,2016-09-05,24.0,253.8,26.73,84.33,97.917,3.31,514.41
15/9-F-11,2016-09-06,24.0,253.78,26.8,81.79,100.0,3.37,518.66
15/9-F-11,2016-09-07,24.0,253.76,26.74,84.67,100.0,3.23,523.9
15/9-F-11,2016-09-08,24.0,253.76,26.8,83.11,100.0,3.32,526.56
15/9-F-11,2016-09-09,24.0,253.82,26.87,82.4,100.0,3.38,528.35
15/9-F-11,2016-09-10,24.0,253.75,26.9,82.61,100.0,3.45,530.82
15/9-F-11,2016-09-11,24.0,253.73,26.96,81.77,100.0,3.47,533.14
15/9-F-11,2016-09-12,24.0,253.66,26.98,83.75,100.0,3.47,536.77
15/9-F-11,2016-09-13,24.0,253.4,27.0,83.82,100.0,3.5,543.81
15/9-F-11,2016-09-14,24.0,253.21,26.95,84.78,100.0,3.39,541.88
15/9-F-11,2016-09-15,24.0,252.94,26.9,82.59,100.0,3.41,534.87
15/9-F-11,2016-09-16,24.0,252.89,26.87,83.61,100.0,3.4,530.27
15/9-F-11,2016-09-17,8.28,253.55,27.46,85.03,73.764,4.19,180.04
15/9-F-12,2008-02-12,11.5,308.06,106.81,16.29,14.484,92.48,284.65
15/9-F-12,2008-02-13,24.0,303.03,120.89,53.37,22.833,89.62,1869.7
15/9-F-12,2008-02-14,22.5,295.59,113.72,72.74,31.25,80.12,3124.09
15/9-F-12,2008-02-15,23.15,297.66,116.83,70.0,28.519,84.25,2608.28
15/9-F-12,2008-02-16,24.0,295.94,115.43,71.52,30.228,82.36,3051.8
15/9-F-12,2008-02-17,24.0,295.55,115.21,73.64,29.974,82.17,2982.63
15/9-F-12,2008-02-18,23.0,294.21,113.28,74.16,30.308,80.26,2980.52
15/9-F-12,2008-02-19,24.0,293.83,113.77,74.9,30.487,81.27,3046.19
15/9-F-12,2008-02-20,24.0,293.06,113.4,73.04,29.907,80.77,3057.18
15/9-F-12,2008-02-21,24.0,292.54,113.11,71.74,30.493,79.98,3030.33
15/9-F-12,2008-02-22,23.67,292.36,113.08,72.33,29.634,79.95,2907.56
15/9-F-12,2008-02-23,15.14,292.09,112.6,69.6,28.957,79.16,1851.72
15/9-F-12,2008-02-24,24.0,290.54,111.19,73.19,30.8,77.93,3126.7
15/9-F-12,2008-02-25,24.0,290.21,111.45,73.11,30.683,78.26,3045.54
15/9-F-12,2008-02-26,24.0,289.54,110.93,72.31,30.923,77.72,3046.54
15/9-F-12,2008-02-27,24.0,288.93,110.33,74.7,30.849,77.13,3035.54
15/9-F-12,2008-02-28,23.67,288.85,110.63,73.45,29.9,77.47,2971.55
15/9-F-12,2008-02-29,24.0,287.51,109.45,73.4,31.024,76.21,3070.54
15/9-F-12,2008-03-01,24.0,286.89,108.83,74.6,31.062,75.57,3068.48
15/9-F-12,2008-03-02,24.0,286.26,108.32,75.22,31.087,74.76,3066.54
15/9-F-12,2008-03-03,24.0,285.73,108.06,75.12,30.964,74.36,3043.54
15/9-F-12,2008-03-04,24.0,285.38,108.08,74.28,30.602,74.44,2983.19
15/9-F-12,2008-03-05,24.0,284.83,107.87,72.5,30.576,74.26,2967.05
15/9-F-12,2008-03-06,24.0,284.29,107.31,75.0,30.589,73.37,2950.88
15/9-F-12,2008-03-07,22.83,284.42,107.75,71.04,28.825,73.57,2656.62
15/9-F-12,2008-03-08,23.0,284.41,108.03,69.25,27.948,73.8,2578.48
15/9-F-12,2008-03-09,24.0,282.39,105.93,73.14,31.159,71.56,2996.83
15/9-F-12,2008-03-10,24.0,281.52,105.29,73.34,31.305,71.06,3021.4
15/9-F-12,2008-03-11,24.0,280.89,104.81,73.97,31.37,71.28,3010.4
15/9-F-12,2008-03-12,23.78,281.08,105.05,73.89,29.859,71.87,2794.44
15/9-F-12,2008-03-13,24.0,279.49,103.44,75.31,31.643,70.45,3058.89
15/9-F-12,2008-03-14,23.83,279.11,103.22,75.17,30.927,70.39,2964.81
15/9-F-12,2008-03-15,24.0,277.95,102.14,76.26,32.074,69.87,3131.37
15/9-F-12,2008-03-16,24.0,277.29,101.74,76.0,32.052,69.81,3135.37
15/9-F-12,2008-03-17,24.0,276.56,101.3,75.25,32.074,69.32,3143.37
15/9-F-12,2008-03-18,24.0,275.98,100.91,75.38,32.046,69.07,3132.37
15/9-F-12,2008-03-19,24.0,275.36,100.46,75.59,32.045,69.1,3139.62
15/9-F-12,2008-03-20,24.0,274.79,100.12,74.68,32.012,68.92,3156.67
15/9-F-12,2008-03-21,24.0,274.07,99.57,75.36,32.087,68.25,3192.14
15/9-F-12,2008-03-22,24.0,273.46,99.17,75.32,32.078,67.79,3172.12
15/9-F-12,2008-03-23,24.0,272.88,98.79,75.35,32.061,67.41,3160.26
15/9-F-12,2008-03-24,24.0,272.24,98.4,74.81,32.128,67.01,3153.35
15/9-F-12,2008-03-25,24.0,271.68,98.04,74.96,32.042,66.66,3130.58
15/9-F-12,2008-03-26,7.48,271.42,97.9,75.26,30.925,66.58,960.26
15/9-F-12,2008-03-28,1.19,279.42,92.24,24.1,21.333,68.21,73.44
15/9-F-12,2008-03-29,24.0,271.47,97.28,69.26,32.0,65.74,3137.26
15/9-F-12,2008-03-30,10.98,270.74,97.37,73.11,30.683,66.02,1430.95
15/9-F-12,2008-03-31,14.02,271.56,98.12,70.45,31.0,67.13,1950.58
15/9-F-12,2008-04-01,24.0,270.36,97.43,73.54,29.812,66.39,3060.6
15/9-F-12,2008-04-02,24.0,269.64,96.66,75.81,31.818,65.6,3053.67
15/9-F-12,2008-04-03,24.0,268.86,96.12,75.92,32.001,65.05,3103.12
15/9-F-12,2008-04-04,24.0,268.18,95.69,75.22,32.081,64.62,3110.68
15/9-F-12,2008-04-05,24.0,267.46,95.14,75.46,32.201,63.92,3303.3
15/9-F-12,2008-04-06,24.0,266.86,94.79,75.41,32.211,63.12,3028.41
15/9-F-12,2008-04-07,24.0,266.48,94.74,75.27,32.033,63.17,2998.8
15/9-F-12,2008-04-08,24.0,265.9,94.54,74.63,32.048,62.82,3054.12
15/9-F-12,2008-04-09,24.0,265.4,94.22,74.84,32.0,62.79,3025.8
15/9-F-12,2008-04-10,24.0,264.92,93.81,75.41,31.252,62.25,3003.22
15/9-F-12,2008-04-11,24.0,264.33,93.62,74.2,31.944,62.07,3015.97
15/9-F-12,2008-04-12,12.98,264.01,93.15,73.89,30.885,61.66,1615.37
15/9-F-12,2008-04-13,4.0,268.1,93.62,48.68,25.823,63.31,429.77
15/9-F-12,2008-04-14,21.26,265.61,83.88,64.02,28.764,56.14,2578.63
15/9-F-12,2008-04-15,20.55,263.68,93.04,74.17,32.061,61.28,2494.26
15/9-F-12,2008-04-16,24.0,263.01,93.0,74.46,31.904,61.32,2847.56
15/9-F-12,2008-04-17,9.38,262.98,92.81,74.87,31.653,61.08,1120.57
15/9-F-12,2008-04-18,21.57,263.17,92.88,72.28,31.719,61.14,2448.14
15/9-F-12,2008-04-19,22.71,263.14,93.02,73.23,30.033,61.73,2513.65
15/9-F-12,2008-04-20,24.0,262.17,92.64,75.05,31.483,61.0,2752.75
15/9-F-12,2008-04-21,24.0,261.61,92.33,74.86,31.52,60.69,2752.3
15/9-F-12,2008-04-22,24.0,261.11,92.17,74.25,31.483,60.55,2737.24
15/9-F-12,2008-04-23,24.0,260.56,91.86,73.58,31.487,60.25,2735.53
15/9-F-12,2008-04-24,24.0,260.13,91.58,73.7,30.814,59.94,2730.33
15/9-F-12,2008-04-25,24.0,260.52,91.78,74.27,31.499,60.09,2727.65
15/9-F-12,2008-04-26,24.0,261.14,92.24,73.42,31.412,60.55,2747.01
15/9-F-12,2008-04-27,15.96,260.42,90.71,75.76,31.49,58.91,1985.59
15/9-F-12,2008-04-29,5.25,263.69,89.0,51.51,25.843,60.11,546.58
15/9-F-12,2008-04-30,24.0,261.28,90.86,68.97,32.544,58.92,3011.83
15/9-F-12,2008-05-01,24.0,260.79,90.67,74.21,33.434,58.5,3167.59
15/9-F-12,2008-05-02,24.0,261.18,90.77,75.91,33.39,58.59,3163.92
15/9-F-12,2008-05-03,24.0,261.61,91.06,76.33,33.374,58.88,3173.19
15/9-F-12,2008-05-04,24.0,262.09,91.37,75.44,33.375,59.2,3188.85
15/9-F-12,2008-05-05,24.0,262.65,91.72,76.32,33.309,59.75,3186.96
15/9-F-12,2008-05-06,24.0,263.04,91.81,77.02,33.221,60.09,3176.89
15/9-F-12,2008-05-07,24.0,263.49,92.1,77.25,33.111,60.38,3171.32
15/9-F-12,2008-05-08,24.0,263.92,92.4,77.34,33.058,60.49,3170.85
15/9-F-12,2008-05-09,24.0,264.35,92.78,77.02,33.024,60.51,3188.02
15/9-F-12,2008-05-10,24.0,264.23,91.58,77.48,34.096,59.2,3415.68
15/9-F-12,2008-05-11,24.0,264.09,89.61,78.75,35.629,57.06,3701.51
15/9-F-12,2008-05-12,24.0,264.09,87.64,79.1,36.16,54.96,4002.28
15/9-F-12,2008-05-13,24.0,264.09,85.87,79.54,37.294,53.01,4253.12
15/9-F-12,2008-05-14,24.0,264.09,85.75,79.71,38.211,52.89,4279.91
15/9-F-12,2008-05-15,24.0,264.09,84.43,80.17,39.271,51.21,4439.62
15/9-F-12,2008-05-16,24.0,264.09,83.45,80.27,40.148,49.36,4582.9
15/9-F-12,2008-05-17,24.0,264.09,82.83,80.16,40.728,48.65,4677.42
15/9-F-12,2008-05-18,24.0,264.09,82.84,80.05,40.749,49.25,4688.63
15/9-F-12,2008-05-19,24.0,264.09,82.93,80.2,40.755,49.68,4687.74
15/9-F-12,2008-05-20,24.0,297.65,81.26,80.58,42.159,47.85,4885.56
15/9-F-12,2008-05-21,24.0,257.2,80.17,80.78,43.101,46.7,5013.12
15/9-F-12,2008-05-22,24.0,258.15,80.22,80.85,43.122,46.74,5017.55
15/9-F-12,2008-05-23,24.0,258.33,80.2,81.05,43.092,46.72,5019.23
15/9-F-12,2008-05-24,24.0,258.34,80.17,81.04,43.195,46.69,5034.28
15/9-F-12,2008-05-25,24.0,258.31,80.02,81.19,43.34,46.52,5045.72
15/9-F-12,2008-05-26,24.0,258.32,79.96,80.95,43.387,46.46,5053.01
15/9-F-12,2008-05-27,24.0,257.98,79.97,80.86,43.462,46.47,5065.87
15/9-F-12,2008-05-28,24.0,258.42,80.16,79.5,43.486,46.66,5072.27
15/9-F-12,2008-05-29,24.0,258.46,80.2,78.99,43.561,46.7,5086.33
15/9-F-12,2008-05-30,20.19,260.65,83.32,79.74,40.123,50.01,3869.22
15/9-F-12,2008-06-01,0.5,279.42,91.39,22.05,16.828,72.7,22.94
15/9-F-12,2008-06-02,13.42,259.79,81.3,77.77,42.494,47.88,4019.51
15/9-F-12,2008-06-03,24.0,259.09,0.0,79.21,43.222,33.46,4999.75
15/9-F-12,2008-06-04,24.0,258.46,1.03,77.9,43.422,32.43,5067.01
15/9-F-12,2008-06-05,24.0,258.42,67.03,79.6,43.419,33.54,5040.47
15/9-F-12,2008-06-06,24.0,258.52,80.3,79.78,43.397,46.82,5058.13
15/9-F-12,2008-06-07,24.0,258.63,80.21,81.26,43.334,46.7,5057.56
15/9-F-12,2008-06-08,24.0,258.65,80.15,80.79,43.39,46.64,5070.12
15/9-F-12,2008-06-09,24.0,258.71,80.26,80.18,43.4,46.74,5081.36
15/9-F-12,2008-06-10,24.0,258.76,80.19,80.65,43.406,46.67,5081.78
15/9-F-12,2008-06-11,24.0,258.32,79.95,80.43,43.448,46.42,5087.06
15/9-F-12,2008-06-12,24.0,257.21,79.4,80.33,43.461,45.89,5060.12
15/9-F-12,2008-06-13,24.0,256.56,79.04,80.43,43.453,45.53,5032.29
15/9-F-12,2008-06-14,22.67,259.0,81.69,77.35,38.536,49.28,4332.16
15/9-F-12,2008-06-15,24.0,256.64,78.75,80.82,43.718,45.26,5087.53
15/9-F-12,2008-06-16,24.0,256.86,78.83,80.86,43.747,45.33,5102.25
15/9-F-12,2008-06-17,24.0,257.12,79.17,79.87,43.833,45.62,5102.84
15/9-F-12,2008-06-18,24.0,257.44,79.36,79.73,43.811,45.86,5135.06
15/9-F-12,2008-06-19,24.0,257.75,79.48,79.68,42.875,45.96,5140.62
15/9-F-12,2008-06-20,23.5,259.65,81.98,78.97,40.892,49.03,4721.66
15/9-F-12,2008-06-21,24.0,258.76,80.46,80.74,42.831,47.02,5037.62
15/9-F-12,2008-06-22,24.0,258.43,79.81,79.34,42.818,46.3,5147.1
15/9-F-12,2008-06-23,24.0,258.85,80.05,80.48,43.441,46.55,5114.6
15/9-F-12,2008-06-24,24.0,259.12,80.11,80.87,42.547,46.61,5123.74
15/9-F-12,2008-06-25,24.0,259.31,80.39,80.02,43.488,46.9,5135.48
15/9-F-12,2008-06-26,15.83,259.96,81.19,79.57,42.24,47.74,4232.54
15/9-F-12,2008-06-27,24.0,259.66,80.42,80.98,43.457,46.83,5126.41
15/9-F-12,2008-06-28,24.0,259.61,80.49,81.11,43.493,46.83,5075.74
15/9-F-12,2008-06-29,24.0,259.69,80.21,80.39,43.492,47.17,5121.12
15/9-F-12,2008-06-30,24.0,245.4,85.72,79.62,39.409,52.96,4372.28
15/9-F-12,2008-07-01,22.67,264.33,87.23,77.11,36.962,54.52,3980.51
15/9-F-12,2008-07-02,24.0,260.34,81.13,79.22,43.204,48.12,5114.67
15/9-F-12,2008-07-03,24.0,260.49,81.4,80.08,42.989,48.4,5083.67
15/9-F-12,2008-07-04,24.0,260.67,81.31,81.25,42.973,48.3,5080.84
15/9-F-12,2008-07-05,24.0,260.79,81.28,81.43,42.973,48.25,5086.26
15/9-F-12,2008-07-06,24.0,260.89,81.35,81.38,42.985,48.32,5087.7
15/9-F-12,2008-07-07,24.0,260.94,81.5,81.05,43.003,48.47,5094.92
15/9-F-12,2008-07-08,24.0,261.15,81.67,80.1,42.979,48.65,5095.75
15/9-F-12,2008-07-09,24.0,261.37,81.57,81.68,42.948,48.53,5094.03
15/9-F-12,2008-07-10,21.35,261.49,81.68,81.54,42.961,48.65,4621.52
15/9-F-12,2008-07-11,13.17,263.1,84.28,78.21,40.255,51.08,2855.54
15/9-F-12,2008-07-12,6.31,274.83,100.15,61.97,32.111,68.71,686.84
15/9-F-12,2008-07-13,24.0,264.31,87.27,79.09,47.858,54.69,4169.38
15/9-F-12,2008-07-14,23.25,264.46,88.71,77.03,44.36,56.38,3818.8
15/9-F-12,2008-07-15,24.0,260.22,83.96,79.15,48.694,51.32,4304.71
15/9-F-12,2008-07-16,24.0,263.3,89.77,78.35,44.468,57.63,3526.92
15/9-F-12,2008-07-17,24.0,264.58,91.62,78.42,42.88,59.57,3341.55
15/9-F-12,2008-07-18,24.0,265.29,92.67,77.96,42.044,60.73,3215.85
15/9-F-12,2008-07-19,24.0,265.65,93.17,77.33,41.692,61.22,3176.28
15/9-F-12,2008-07-20,24.0,265.73,93.18,77.24,41.654,61.26,3186.03
15/9-F-12,2008-07-21,24.0,265.76,93.23,77.01,41.659,61.33,3182.55
15/9-F-12,2008-07-22,24.0,265.85,93.24,77.57,41.655,61.34,3166.64
15/9-F-12,2008-07-23,24.0,265.85,93.32,77.65,41.662,61.43,3148.96
15/9-F-12,2008-07-24,24.0,265.85,93.3,77.56,41.669,61.02,3148.89
15/9-F-12,2008-07-25,24.0,265.91,93.47,76.64,41.697,60.96,3163.29
15/9-F-12,2008-07-26,24.0,266.02,93.57,76.68,41.67,61.05,3145.11
15/9-F-12,2008-07-27,24.0,266.07,93.6,76.93,41.646,61.05,3177.3
15/9-F-12,2008-07-28,24.0,266.15,93.55,77.86,41.637,61.0,3143.1
15/9-F-12,2008-07-29,24.0,265.13,92.07,76.71,42.956,59.62,3346.15
15/9-F-12,2008-07-30,24.0,270.57,98.53,71.51,33.331,67.01,2434.33
15/9-F-12,2008-07-31,24.0,271.25,97.75,64.4,31.979,66.2,2316.52
15/9-F-12,2008-08-01,24.0,267.57,95.34,75.22,40.143,63.48,2976.42
15/9-F-12,2008-08-02,24.0,267.47,90.5,72.35,38.324,60.2,3031.55
15/9-F-12,2008-08-03,24.0,267.48,95.15,76.62,40.232,63.24,2993.48
15/9-F-12,2008-08-04,24.0,267.33,94.97,77.27,40.141,63.08,3093.31
15/9-F-12,2008-08-05,24.0,267.4,94.97,77.17,40.222,63.07,2998.53
15/9-F-12,2008-08-06,7.52,267.93,95.32,76.14,36.887,63.38,919.75
15/9-F-12,2008-08-08,6.98,274.2,101.6,62.0,28.201,69.07,808.23
15/9-F-12,2008-08-09,24.0,261.38,85.51,77.37,47.51,52.43,4060.24
15/9-F-12,2008-08-10,24.0,259.03,83.48,79.31,49.184,50.4,4349.22
15/9-F-12,2008-08-11,24.0,258.12,82.62,78.56,49.691,49.49,4412.46
15/9-F-12,2008-08-12,24.0,256.95,81.47,80.06,49.431,48.28,4418.03
15/9-F-12,2008-08-13,24.0,256.48,81.25,80.08,50.242,48.08,4448.97
15/9-F-12,2008-08-14,24.0,256.92,81.95,80.04,49.356,48.86,4353.59
15/9-F-12,2008-08-15,24.0,254.87,79.84,80.53,51.231,46.52,4499.01
15/9-F-12,2008-08-16,24.0,250.17,73.13,80.94,57.232,39.57,5479.4
15/9-F-12,2008-08-17,24.0,249.0,72.65,80.3,57.284,39.11,5443.61
15/9-F-12,2008-08-18,24.0,247.95,72.45,79.89,56.926,38.96,5374.18
15/9-F-12,2008-08-19,24.0,247.15,72.13,80.28,56.704,38.67,5315.03
15/9-F-12,2008-08-20,24.0,246.26,71.47,81.28,56.72,38.02,4980.89
15/9-F-12,2008-08-21,24.0,248.76,75.74,80.18,52.229,42.44,4450.0
15/9-F-12,2008-08-22,24.0,262.71,94.17,73.22,34.976,61.58,2049.86
15/9-F-12,2008-08-23,24.0,264.05,95.06,72.9,34.902,62.69,2059.29
15/9-F-12,2008-08-24,24.0,265.07,95.88,70.99,34.978,63.38,2080.27
15/9-F-12,2008-08-25,24.0,266.07,96.51,70.82,34.971,64.0,2089.77
15/9-F-12,2008-08-26,24.0,267.07,96.97,72.57,34.931,64.21,2093.46
15/9-F-12,2008-08-27,24.0,267.49,97.25,72.26,34.774,64.86,2084.4
15/9-F-12,2008-08-28,23.83,267.1,96.79,72.65,34.619,64.95,2086.63
15/9-F-12,2008-08-29,24.0,266.38,96.19,73.87,35.879,64.22,2189.55
15/9-F-12,2008-08-30,24.0,267.0,97.03,72.28,34.848,65.07,2058.63
15/9-F-12,2008-08-31,10.5,268.17,97.6,69.86,30.028,65.82,624.7
15/9-F-12,2008-09-01,24.0,267.86,97.54,69.87,34.258,65.59,2029.12
15/9-F-12,2008-09-02,9.71,268.14,97.84,71.39,32.688,65.91,837.23
15/9-F-12,2008-09-06,8.5,270.22,95.42,51.12,32.439,63.47,760.58
15/9-F-12,2008-09-07,24.0,268.7,97.44,69.26,35.508,65.37,2173.11
15/9-F-12,2008-09-08,5.71,269.61,98.56,70.64,30.484,66.53,500.19
15/9-F-12,2008-09-10,23.6,273.55,97.28,40.06,22.269,67.13,1181.97
15/9-F-12,2008-09-11,24.0,260.0,87.3,73.9,44.185,55.04,4067.32
15/9-F-12,2008-09-12,24.0,259.2,87.57,73.41,42.838,55.43,3735.86
15/9-F-12,2008-09-13,24.0,256.71,85.25,75.05,45.711,52.93,4057.56
15/9-F-12,2008-09-14,24.0,255.09,84.22,76.84,45.834,51.92,4036.38
15/9-F-12,2008-09-15,24.0,253.33,82.85,77.65,46.24,50.51,4046.64
15/9-F-12,2008-09-16,24.0,251.53,81.8,77.83,46.283,49.49,4004.96
15/9-F-12,2008-09-17,24.0,249.43,80.65,77.78,46.224,48.38,3937.38
15/9-F-12,2008-09-18,24.0,253.18,85.06,67.7,36.734,53.03,2503.26
15/9-F-12,2008-09-19,24.0,251.72,84.24,70.3,37.126,52.1,2551.19
15/9-F-12,2008-09-20,24.0,245.82,79.23,76.73,44.885,47.04,3605.75
15/9-F-12,2008-09-21,22.17,245.89,79.55,72.97,41.211,46.45,2858.81
15/9-F-12,2008-09-22,18.29,242.49,76.26,77.7,45.305,44.1,2846.55
15/9-F-12,2008-09-23,24.0,241.21,75.44,77.73,46.179,43.17,3652.8
15/9-F-12,2008-09-24,24.0,239.9,74.65,77.64,46.377,42.38,3629.3
15/9-F-12,2008-09-25,24.0,240.84,76.3,76.4,44.146,44.12,3389.78
15/9-F-12,2008-09-26,24.0,237.61,73.09,76.39,46.807,40.83,3575.59
15/9-F-12,2008-09-27,24.0,239.53,75.01,72.71,43.368,42.79,3174.51
15/9-F-12,2008-09-28,24.0,238.21,74.0,76.38,45.034,41.87,3371.21
15/9-F-12,2008-09-29,24.0,236.52,72.47,76.91,46.551,40.22,3512.44
15/9-F-12,2008-09-30,24.0,236.11,72.06,77.32,46.62,39.9,3627.46
15/9-F-12,2008-10-01,24.0,235.13,71.12,77.64,47.288,38.81,3606.89
15/9-F-12,2008-10-02,24.0,234.7,70.94,77.3,47.31,38.63,3319.85
15/9-F-12,2008-10-03,24.0,234.17,70.75,76.34,47.346,38.45,3593.88
15/9-F-12,2008-10-04,24.0,241.52,77.03,64.93,36.546,45.14,2463.91
15/9-F-12,2008-10-05,24.0,233.89,70.62,75.26,47.064,38.39,3377.17
15/9-F-12,2008-10-06,22.33,242.25,78.94,70.0,36.348,47.63,2126.84
15/9-F-12,2008-10-07,24.0,239.52,77.15,71.83,40.825,45.63,2726.28
15/9-F-12,2008-10-08,24.0,239.49,77.07,73.18,40.827,45.5,2719.29
15/9-F-12,2008-10-09,24.0,239.48,77.18,73.14,40.83,45.62,2713.82
15/9-F-12,2008-10-10,24.0,239.42,77.22,71.59,40.849,45.68,2720.48
15/9-F-12,2008-10-11,24.0,239.17,76.94,71.77,40.915,45.24,2739.75
15/9-F-12,2008-10-12,24.0,238.34,75.8,73.33,41.854,44.15,2824.96
15/9-F-12,2008-10-13,24.0,238.3,75.94,73.36,41.786,44.27,2827.75
15/9-F-12,2008-10-14,24.0,238.36,75.92,74.73,41.79,44.26,2829.21
15/9-F-12,2008-10-15,24.0,238.34,76.09,73.77,41.847,44.44,2825.33
15/9-F-12,2008-10-16,24.0,238.35,76.04,74.11,41.828,44.35,2825.29
15/9-F-12,2008-10-17,24.0,238.31,76.03,73.97,41.826,44.35,2832.05
15/9-F-12,2008-10-18,19.0,235.45,72.01,70.13,43.579,39.9,2520.4
15/9-F-12,2008-10-19,24.0,239.88,77.17,72.05,40.27,45.5,2714.13
15/9-F-12,2008-10-20,24.0,240.74,78.45,69.86,39.72,46.95,2664.34
15/9-F-12,2008-10-21,24.0,241.08,78.71,71.0,39.547,47.2,2653.43
15/9-F-12,2008-10-22,24.0,234.77,72.05,74.77,46.547,39.88,3420.75
15/9-F-12,2008-10-23,24.0,235.28,72.49,73.33,45.95,40.4,3363.1
15/9-F-12,2008-10-24,24.0,234.73,71.84,73.31,46.545,39.65,3426.21
15/9-F-12,2008-10-25,24.0,234.09,71.06,72.75,47.308,38.8,3524.62
15/9-F-12,2008-10-26,25.0,233.66,70.28,75.27,47.944,37.89,3836.99
15/9-F-12,2008-10-27,24.0,233.87,70.41,76.26,47.801,37.95,3622.02
15/9-F-12,2008-10-28,24.0,234.18,70.74,75.58,47.52,38.38,3728.48
15/9-F-12,2008-10-29,23.17,238.98,75.13,72.03,40.559,43.09,2822.93
15/9-F-12,2008-10-30,24.0,235.71,72.46,76.0,46.264,40.24,3471.47
15/9-F-12,2008-10-31,24.0,234.49,71.3,76.64,46.824,39.06,3515.61
15/9-F-12,2008-11-01,22.5,238.28,74.13,72.01,41.04,42.03,2758.29
15/9-F-12,2008-11-02,24.0,230.62,65.8,75.95,54.135,33.29,4443.46
15/9-F-12,2008-11-03,24.0,224.53,57.84,78.49,63.605,25.24,4938.78
15/9-F-12,2008-11-04,24.0,223.53,56.33,79.23,65.914,23.48,5124.32
15/9-F-12,2008-11-05,24.0,222.95,55.96,78.21,66.817,23.08,5188.07
15/9-F-12,2008-11-06,24.0,222.61,55.84,76.15,67.278,22.94,5204.11
15/9-F-12,2008-11-07,24.0,221.63,54.27,76.21,70.744,21.3,5136.25
15/9-F-12,2008-11-08,24.0,221.66,54.32,77.01,70.758,21.33,5141.34
15/9-F-12,2008-11-09,24.0,222.0,54.73,76.38,69.842,21.74,5114.03
15/9-F-12,2008-11-10,24.0,222.58,55.52,76.43,68.196,22.56,5059.68
15/9-F-12,2008-11-11,24.0,222.71,55.56,77.59,68.214,22.59,5076.6
15/9-F-12,2008-11-12,24.0,222.86,55.3,79.11,68.203,22.32,5065.13
15/9-F-12,2008-11-13,24.0,222.99,55.63,77.91,68.237,22.66,5083.98
15/9-F-12,2008-11-14,24.0,223.16,55.79,76.95,68.267,22.8,5106.19
15/9-F-12,2008-11-15,24.0,223.43,55.97,77.97,67.782,22.99,5097.33
15/9-F-12,2008-11-16,24.0,223.45,55.87,78.65,67.733,22.9,5082.14
15/9-F-12,2008-11-17,24.0,223.52,56.11,77.22,66.339,23.14,5076.81
15/9-F-12,2008-11-18,24.0,223.43,55.96,78.49,67.762,22.97,5074.4
15/9-F-12,2008-11-19,24.0,221.75,53.86,78.96,72.565,20.77,5223.41
15/9-F-12,2008-11-20,23.88,222.21,54.58,78.51,70.345,21.56,5116.54
15/9-F-12,2008-11-21,18.29,228.07,60.37,72.88,60.752,27.23,3553.89
15/9-F-12,2008-11-22,24.0,223.64,56.05,78.06,67.749,22.6,5033.51
15/9-F-12,2008-11-23,24.0,226.08,59.56,77.16,62.848,26.14,4831.15
15/9-F-12,2008-11-24,24.0,224.08,56.95,78.42,65.975,23.74,4971.19
15/9-F-12,2008-11-25,24.0,223.72,56.02,78.68,67.965,22.76,5062.55
15/9-F-12,2008-11-26,24.0,223.32,55.11,78.62,70.484,21.77,5145.94
15/9-F-12,2008-11-27,24.0,223.08,54.58,76.73,72.356,21.18,5200.4
15/9-F-12,2008-11-28,24.0,243.63,78.58,72.35,42.022,45.61,2897.09
15/9-F-12,2008-11-29,24.0,230.68,62.64,77.03,62.311,29.43,4853.4
15/9-F-12,2008-11-30,24.0,225.88,56.09,79.68,70.25,22.64,5255.58
15/9-F-12,2008-12-01,24.0,228.74,59.34,78.81,66.292,25.98,5095.38
15/9-F-12,2008-12-02,24.0,228.34,57.78,79.04,70.498,24.34,5276.15
15/9-F-12,2008-12-03,24.0,227.37,56.79,79.84,70.109,23.28,5333.02
15/9-F-12,2008-12-04,24.0,227.92,57.69,77.05,69.736,24.19,5434.56
15/9-F-12,2008-12-05,24.0,230.11,60.38,76.77,65.062,27.02,5209.39
15/9-F-12,2008-12-06,24.0,230.26,59.52,79.87,66.461,26.08,5292.17
15/9-F-12,2008-12-07,24.0,231.71,60.42,78.69,66.669,26.96,5322.5
15/9-F-12,2008-12-08,24.0,233.13,62.01,78.76,64.092,28.6,5241.8
15/9-F-12,2008-12-09,24.0,233.03,61.68,79.71,64.53,28.25,5277.55
15/9-F-12,2008-12-10,24.0,233.36,61.87,79.32,64.693,28.43,5286.4
15/9-F-12,2008-12-11,24.0,235.82,64.97,77.32,61.636,31.69,5126.1
15/9-F-12,2008-12-12,24.0,234.94,63.77,77.43,62.65,30.4,5239.81
15/9-F-12,2008-12-13,24.0,235.41,64.0,75.88,62.669,30.62,5281.86
15/9-F-12,2008-12-14,24.0,236.04,64.25,76.39,62.662,30.85,5302.74
15/9-F-12,2008-12-15,24.0,236.53,64.49,77.84,62.792,31.08,5270.91
15/9-F-12,2008-12-16,24.0,236.97,64.51,77.47,63.253,31.05,5300.99
15/9-F-12,2008-12-17,24.0,237.54,64.52,78.28,63.255,31.0,5338.2
15/9-F-12,2008-12-18,24.0,238.35,64.94,77.6,63.25,31.41,5377.18
15/9-F-12,2008-12-19,24.0,238.97,65.16,78.3,63.323,31.61,5386.94
15/9-F-12,2008-12-20,24.0,239.68,65.28,79.2,63.347,31.71,5417.44
15/9-F-12,2008-12-21,24.0,240.39,65.77,78.29,63.373,32.18,5472.22
15/9-F-12,2008-12-22,24.0,241.12,65.78,80.29,63.351,32.18,5497.25
15/9-F-12,2008-12-23,24.0,241.98,66.42,80.22,63.085,32.81,5513.05
15/9-F-12,2008-12-24,24.0,243.0,67.02,80.92,62.441,33.43,5508.26
15/9-F-12,2008-12-25,24.0,243.92,68.08,80.19,62.039,34.52,5491.41
15/9-F-12,2008-12-26,24.0,244.82,68.64,80.28,61.755,35.07,5497.48
15/9-F-12,2008-12-27,24.0,245.57,68.65,80.93,60.503,35.03,5571.07
15/9-F-12,2008-12-28,24.0,246.56,69.55,80.22,61.284,35.95,5495.65
15/9-F-12,2008-12-29,24.0,247.32,70.03,79.66,61.205,36.42,5507.18
15/9-F-12,2008-12-30,24.0,248.08,70.38,80.21,61.216,36.74,5527.55
15/9-F-12,2008-12-31,24.0,248.83,70.44,80.99,61.218,36.76,5547.46
15/9-F-12,2009-01-01,24.0,249.77,71.02,81.06,60.628,37.35,5556.56
15/9-F-12,2009-01-02,24.0,250.68,71.71,80.95,60.216,38.05,5555.73
15/9-F-12,2009-01-03,24.0,250.94,71.77,80.97,60.298,38.08,5727.05
15/9-F-12,2009-01-04,24.0,250.58,71.3,80.9,60.696,37.6,5589.89
15/9-F-12,2009-01-05,24.0,250.82,71.05,80.73,61.314,37.31,5629.04
15/9-F-12,2009-01-06,22.0,250.89,77.94,74.77,51.607,44.56,4672.3
15/9-F-12,2009-01-13,24.0,257.56,82.74,79.69,51.454,49.58,5110.2
15/9-F-12,2009-01-14,24.0,260.67,81.36,81.1,52.768,48.08,5267.76
15/9-F-12,2009-01-15,24.0,261.67,82.84,78.97,52.007,49.64,4526.49
15/9-F-12,2009-01-16,24.0,262.39,83.51,77.79,51.767,50.32,4385.0
15/9-F-12,2009-01-17,24.0,264.16,85.47,77.76,50.139,52.34,4234.92
15/9-F-12,2009-01-18,24.0,263.94,84.64,78.37,51.302,51.44,4352.4
15/9-F-12,2009-01-19,24.0,264.03,84.26,77.96,51.793,51.02,4426.35
15/9-F-12,2009-01-20,24.0,265.18,85.55,78.58,50.835,52.38,4298.53
15/9-F-12,2009-01-21,23.15,266.66,87.07,77.34,47.848,54.01,4123.6
15/9-F-12,2009-01-22,23.68,266.42,86.17,76.23,49.87,53.08,4350.84
15/9-F-12,2009-01-23,24.0,265.46,84.73,79.72,51.994,51.46,4499.42
15/9-F-12,2009-01-24,24.0,266.08,85.18,79.98,51.805,51.86,4473.36
15/9-F-12,2009-01-25,24.0,266.58,85.48,79.34,51.795,52.19,4494.66
15/9-F-12,2009-01-26,24.0,267.38,86.24,79.37,51.385,53.0,4425.1
15/9-F-12,2009-01-27,24.0,267.93,86.64,79.23,51.343,53.41,4425.36
15/9-F-12,2009-01-28,24.0,267.26,84.72,80.72,53.134,51.35,4967.11
15/9-F-12,2009-01-29,24.0,264.55,80.62,80.42,56.456,47.03,5586.1
15/9-F-12,2009-01-30,24.0,267.99,86.75,78.75,51.03,53.58,4398.31
15/9-F-12,2009-01-31,24.0,268.41,86.93,78.42,51.039,53.78,4388.45
15/9-F-12,2009-02-01,24.0,267.33,84.56,79.2,53.209,51.22,5224.6
15/9-F-12,2009-02-02,24.0,268.74,86.84,78.65,51.126,53.65,4401.95
15/9-F-12,2009-02-03,24.0,269.18,87.17,78.08,51.15,53.95,4422.08
15/9-F-12,2009-02-04,24.0,266.81,82.56,80.89,55.025,48.99,5437.81
15/9-F-12,2009-02-05,24.0,269.25,86.76,81.41,51.28,53.5,4487.91
15/9-F-12,2009-02-06,24.0,269.52,86.94,81.21,51.328,53.66,4430.31
15/9-F-12,2009-02-07,15.84,271.94,90.07,80.21,47.929,57.03,2738.23
15/9-F-12,2009-02-08,21.82,270.94,87.45,81.02,51.282,54.15,4189.32
15/9-F-12,2009-02-09,24.0,274.47,92.34,80.57,47.634,59.35,4258.6
15/9-F-12,2009-02-10,24.0,271.88,88.59,81.56,50.58,55.35,4393.0
15/9-F-12,2009-02-11,24.0,272.01,88.44,81.45,50.853,55.21,4431.4
15/9-F-12,2009-02-12,24.0,272.42,88.64,81.47,50.875,55.41,4498.08
15/9-F-12,2009-02-13,22.0,275.66,92.25,78.17,45.493,60.04,3944.99
15/9-F-12,2009-02-14,24.0,273.91,90.47,80.73,49.792,57.38,4330.62
15/9-F-12,2009-02-15,24.0,275.2,91.95,81.11,48.759,58.94,4221.09
15/9-F-12,2009-02-16,22.64,276.12,92.09,79.58,47.311,59.08,4056.66
15/9-F-12,2009-02-17,24.0,274.27,89.68,81.63,50.822,56.45,4479.41
15/9-F-12,2009-02-18,24.0,275.13,90.52,82.1,50.255,57.35,4436.07
15/9-F-12,2009-02-19,24.0,275.62,90.83,82.23,50.182,57.65,4434.21
15/9-F-12,2009-02-20,24.0,275.99,91.1,81.61,50.226,57.93,4439.64
15/9-F-12,2009-02-21,24.0,283.53,100.95,76.22,41.986,68.07,3876.08
15/9-F-12,2009-02-22,24.0,277.31,91.67,81.77,50.338,58.44,4535.89
15/9-F-12,2009-02-23,24.0,277.71,91.86,82.11,50.283,58.64,4498.48
15/9-F-12,2009-02-24,24.0,278.0,92.08,81.91,50.329,58.85,4487.34
15/9-F-12,2009-02-25,22.0,281.63,96.79,77.04,45.4,63.9,4036.23
15/9-F-12,2009-02-26,24.0,279.87,93.75,81.26,49.458,60.6,4421.95
15/9-F-12,2009-02-27,24.0,280.48,94.32,82.05,49.202,61.19,4359.66
15/9-F-12,2009-02-28,24.0,280.68,94.53,81.19,49.407,61.38,4433.4
15/9-F-12,2009-03-01,24.0,280.74,94.26,80.31,49.855,61.06,4448.63
15/9-F-12,2009-03-02,24.0,280.42,93.04,81.07,50.759,59.71,4592.63
15/9-F-12,2009-03-03,24.0,280.91,93.66,80.38,49.466,60.35,4638.29
15/9-F-12,2009-03-04,24.0,281.56,94.56,79.28,49.902,61.32,4474.26
15/9-F-12,2009-03-05,11.17,283.36,96.22,79.64,47.958,63.26,2440.8
15/9-F-12,2009-03-06,24.0,286.42,100.45,79.8,45.168,67.58,4366.16
15/9-F-12,2009-03-07,24.0,293.23,111.0,76.8,39.793,78.63,3360.6
15/9-F-12,2009-03-08,24.0,286.87,101.41,77.1,45.995,68.48,4021.37
15/9-F-12,2009-03-09,18.52,276.9,86.19,81.44,55.059,52.33,4197.14
15/9-F-12,2009-03-10,21.22,277.64,87.06,82.13,55.147,53.28,4692.91
15/9-F-12,2009-03-11,23.5,283.72,97.92,76.76,43.698,64.66,5414.32
15/9-F-12,2009-03-12,24.0,276.29,89.31,80.82,52.277,56.31,4870.32
15/9-F-12,2009-03-13,19.94,276.74,89.13,80.08,45.522,56.13,3676.71
15/9-F-12,2009-03-15,6.5,294.43,78.13,20.08,32.5,68.01,613.72
15/9-F-12,2009-03-16,13.0,290.41,85.28,49.37,36.1,59.01,1409.33
15/9-F-12,2009-03-18,22.14,270.12,89.03,74.38,47.341,56.79,3449.39
15/9-F-12,2009-03-19,24.0,265.69,85.15,80.43,50.707,52.79,4321.87
15/9-F-12,2009-03-20,24.0,261.61,82.59,79.13,51.37,50.42,4217.85
15/9-F-12,2009-03-21,24.0,259.89,79.4,81.4,53.823,46.9,4440.66
15/9-F-12,2009-03-22,24.0,258.14,78.51,81.14,53.944,46.03,4437.68
15/9-F-12,2009-03-23,24.0,256.31,77.55,80.73,53.952,45.08,4418.22
15/9-F-12,2009-03-24,24.0,254.48,76.65,80.41,53.984,44.23,4353.47
15/9-F-12,2009-03-25,4.19,257.13,81.69,76.92,45.011,50.0,723.91
15/9-F-12,2009-03-30,6.14,275.05,98.73,47.61,25.944,65.98,456.47
15/9-F-12,2009-03-31,24.0,253.87,74.28,77.54,56.992,41.31,4922.0
15/9-F-12,2009-04-01,24.0,250.44,70.0,81.07,60.949,36.9,5287.84
15/9-F-12,2009-04-02,24.0,249.59,69.84,80.53,60.986,36.76,5144.72
15/9-F-12,2009-04-03,24.0,250.84,72.73,80.01,57.463,39.88,4733.54
15/9-F-12,2009-04-04,24.0,251.41,74.17,79.87,55.712,41.46,4497.69
15/9-F-12,2009-04-05,24.0,250.84,73.67,78.95,55.809,40.94,4536.0
15/9-F-12,2009-04-06,24.0,245.28,65.44,80.06,65.205,32.23,5544.62
15/9-F-12,2009-04-07,24.0,242.58,62.91,79.32,68.013,29.62,5677.96
15/9-F-12,2009-04-08,24.0,243.6,66.24,79.36,62.477,33.24,5143.67
15/9-F-12,2009-04-09,24.0,243.26,66.57,80.11,61.476,33.62,5237.66
15/9-F-12,2009-04-10,24.0,239.17,61.22,79.51,68.527,28.02,5605.38
15/9-F-12,2009-04-11,24.0,237.08,59.62,80.18,70.542,26.4,5595.21
15/9-F-12,2009-04-12,24.0,235.7,59.21,80.63,69.866,26.06,5377.85
15/9-F-12,2009-04-13,24.0,235.74,60.8,80.68,65.975,27.81,4985.07
15/9-F-12,2009-04-14,24.0,234.75,60.39,80.41,66.216,27.42,4997.55
15/9-F-12,2009-04-15,24.0,232.98,58.53,80.43,69.278,25.1,5316.56
15/9-F-12,2009-04-16,24.0,233.3,60.28,80.3,65.14,27.28,5112.74
15/9-F-12,2009-04-17,24.0,233.17,60.92,80.4,63.184,28.17,4838.54
15/9-F-12,2009-04-18,24.0,230.51,57.58,80.57,68.563,24.65,5271.47
15/9-F-12,2009-04-19,24.0,226.61,52.53,80.32,80.991,19.35,5613.54
15/9-F-12,2009-04-20,24.0,228.99,57.52,80.29,67.529,24.72,4906.23
15/9-F-12,2009-04-21,24.0,228.74,58.43,78.88,65.61,25.71,4845.36
15/9-F-12,2009-04-22,23.17,235.19,65.78,77.3,54.947,33.73,4018.17
15/9-F-12,2009-04-23,24.0,228.11,58.53,78.69,64.505,25.88,4752.83
15/9-F-12,2009-04-24,24.0,226.98,57.69,78.64,65.471,25.03,4789.55
15/9-F-12,2009-04-25,24.0,225.86,56.62,78.84,66.65,23.94,4813.6
15/9-F-12,2009-04-26,24.0,224.7,55.71,78.95,68.008,23.0,4855.76
15/9-F-12,2009-04-27,24.0,223.77,54.92,78.95,69.102,22.19,4871.19
15/9-F-12,2009-04-28,24.0,223.47,54.65,79.74,67.675,21.92,4882.81
15/9-F-12,2009-04-29,24.0,223.29,54.63,79.38,69.124,21.92,4842.11
15/9-F-12,2009-04-30,24.0,223.26,54.66,79.32,67.715,21.98,4860.46
15/9-F-12,2009-05-01,24.0,223.35,54.8,78.79,69.167,22.12,4860.67
15/9-F-12,2009-05-02,24.0,223.71,55.06,78.83,68.269,22.37,4814.28
15/9-F-12,2009-05-03,24.0,223.83,55.04,79.6,68.193,22.35,4812.61
15/9-F-12,2009-05-04,2.48,230.29,61.98,79.26,46.845,29.7,438.93
15/9-F-12,2009-05-06,20.86,232.68,63.2,70.23,55.126,31.74,3551.6
15/9-F-12,2009-05-07,23.83,229.45,60.72,75.3,61.366,28.17,4446.68
15/9-F-12,2009-05-08,24.0,226.76,57.52,76.88,65.691,24.84,4815.42
15/9-F-12,2009-05-09,24.0,226.27,56.58,77.67,67.307,23.84,4805.75
15/9-F-12,2009-05-10,24.0,226.44,56.06,80.17,67.723,23.3,4892.7
15/9-F-12,2009-05-11,24.0,227.95,57.92,80.27,64.741,25.24,4810.91
15/9-F-12,2009-05-12,24.0,228.74,58.68,80.47,63.693,26.05,4771.11
15/9-F-12,2009-05-13,24.0,230.26,59.6,80.58,62.417,27.0,4684.63
15/9-F-12,2009-05-14,24.0,230.69,59.77,80.23,62.837,27.13,4712.31
15/9-F-12,2009-05-15,24.0,231.13,60.19,78.49,62.836,27.55,4733.92
15/9-F-12,2009-05-16,24.0,231.61,60.51,77.42,62.842,27.86,4741.22
15/9-F-12,2009-05-17,24.0,232.1,60.74,78.1,62.862,28.07,4745.17
15/9-F-12,2009-05-18,24.0,232.58,60.9,79.7,62.895,28.22,5227.04
15/9-F-12,2009-05-19,24.0,233.03,61.18,79.73,62.908,28.48,5013.35
15/9-F-12,2009-05-20,24.0,233.55,61.43,80.26,62.728,28.73,5010.5
15/9-F-12,2009-05-21,24.0,234.08,61.6,80.63,62.648,28.86,5030.59
15/9-F-12,2009-05-22,24.0,234.67,61.67,81.26,62.393,28.92,5037.15
15/9-F-12,2009-05-23,24.0,237.01,64.65,80.82,58.775,32.08,4796.2
15/9-F-12,2009-05-24,24.0,237.88,65.48,80.22,58.235,32.92,4763.66
15/9-F-12,2009-05-25,24.0,237.76,64.89,80.18,59.559,32.23,4851.33
15/9-F-12,2009-05-26,24.0,237.81,64.44,80.93,60.24,31.71,4911.6
15/9-F-12,2009-05-27,24.0,238.5,64.65,79.73,60.354,31.89,4925.85
15/9-F-12,2009-05-28,24.0,238.98,64.57,81.26,60.599,31.81,4940.31
15/9-F-12,2009-05-29,24.0,238.03,62.77,81.2,63.945,29.83,5096.84
15/9-F-12,2009-05-30,24.0,236.21,59.93,81.46,67.884,26.9,5406.74
15/9-F-12,2009-05-31,24.0,235.94,59.72,81.82,67.897,26.68,5389.94
15/9-F-12,2009-06-01,24.0,235.15,58.61,82.08,69.231,25.51,5469.32
15/9-F-12,2009-06-02,24.0,234.76,58.17,81.74,69.952,25.05,5497.96
15/9-F-12,2009-06-03,24.0,234.19,57.82,81.31,70.394,24.71,5888.69
15/9-F-12,2009-06-04,24.0,233.15,57.06,81.16,71.287,23.94,5509.13
15/9-F-12,2009-06-05,24.0,232.04,56.37,81.28,72.122,23.24,5521.14
15/9-F-12,2009-06-06,21.98,239.61,65.25,75.96,57.458,33.7,3891.66
15/9-F-12,2009-06-07,24.0,232.76,58.04,80.5,68.92,25.39,5264.7
15/9-F-12,2009-06-08,24.0,230.08,55.83,81.2,71.393,23.13,5422.42
15/9-F-12,2009-06-09,24.0,229.31,55.57,81.23,71.12,22.88,5357.49
15/9-F-12,2009-06-10,24.0,228.36,55.0,81.27,71.386,22.33,5346.85
15/9-F-12,2009-06-11,22.83,232.43,60.07,77.65,62.364,27.77,4218.09
15/9-F-12,2009-06-12,24.0,227.55,54.92,80.64,70.818,22.32,4995.2
15/9-F-12,2009-06-13,22.5,231.05,59.56,78.76,61.915,27.3,4132.22
15/9-F-12,2009-06-14,24.0,228.43,57.55,80.92,65.354,25.17,4668.7
15/9-F-12,2009-06-15,24.0,225.1,53.48,80.91,73.616,20.69,4994.99
15/9-F-12,2009-06-16,24.0,221.74,49.25,80.87,85.33,16.28,5262.8
15/9-F-12,2009-06-17,24.0,220.94,49.28,79.42,85.973,16.35,5081.09
15/9-F-12,2009-06-18,24.0,220.46,48.87,79.43,86.011,15.95,5037.77
15/9-F-12,2009-06-19,24.0,219.91,48.59,80.26,85.993,15.69,5054.35
15/9-F-12,2009-06-20,24.0,219.37,48.36,80.8,85.997,15.47,5122.69
15/9-F-12,2009-06-21,24.0,233.81,67.24,79.18,49.617,35.44,3421.75
15/9-F-12,2009-06-22,24.0,235.22,69.4,78.43,47.67,37.72,3345.0
15/9-F-12,2009-06-23,24.0,234.72,68.61,79.14,48.196,36.91,3393.7
15/9-F-12,2009-06-24,24.0,234.74,68.68,79.09,48.2,36.97,3399.54
15/9-F-12,2009-06-25,24.0,234.72,68.9,78.46,48.234,37.11,3234.13
15/9-F-12,2009-06-26,24.0,234.74,68.97,77.88,48.31,37.13,2864.24
15/9-F-12,2009-06-27,24.0,234.7,68.91,77.84,48.387,37.06,2727.37
15/9-F-12,2009-06-28,24.0,233.01,66.92,78.95,50.378,34.9,2723.71
15/9-F-12,2009-06-29,24.0,232.3,65.79,80.27,51.217,33.71,2793.58
15/9-F-12,2009-06-30,24.0,232.29,65.71,80.44,51.189,33.63,2789.43
15/9-F-12,2009-07-01,24.0,232.25,65.86,80.16,51.189,33.8,2775.48
15/9-F-12,2009-07-02,24.0,232.24,65.87,80.19,51.231,33.81,2766.16
15/9-F-12,2009-07-03,24.0,232.25,65.8,80.5,51.24,33.73,2761.91
15/9-F-12,2009-07-04,24.0,232.25,65.82,80.31,51.214,33.73,2747.27
15/9-F-12,2009-07-05,24.0,232.25,65.9,79.7,51.199,33.81,2746.36
15/9-F-12,2009-07-06,24.0,232.27,65.7,80.39,51.184,33.58,3414.92
15/9-F-12,2009-07-07,24.0,232.28,65.7,80.16,51.172,33.57,3404.37
15/9-F-12,2009-07-08,24.0,232.22,65.74,79.24,51.195,33.73,3501.35
15/9-F-12,2009-07-09,24.0,232.19,65.75,79.06,51.22,33.65,3500.07
15/9-F-12,2009-07-10,24.0,232.2,65.71,79.1,51.243,33.62,3485.7
15/9-F-12,2009-07-11,24.0,231.81,65.26,79.34,51.783,33.13,3514.43
15/9-F-12,2009-07-12,24.0,231.71,65.23,79.13,51.938,33.09,3523.09
15/9-F-12,2009-07-13,24.0,231.7,65.24,79.28,51.988,33.09,3564.05
15/9-F-12,2009-07-14,24.0,232.07,65.74,78.75,51.458,33.64,3514.2
15/9-F-12,2009-07-15,24.0,232.61,66.41,79.24,50.768,34.36,3450.9
15/9-F-12,2009-07-16,24.0,232.64,66.27,79.71,50.738,34.21,3446.15
15/9-F-12,2009-07-17,24.0,232.69,66.35,79.24,50.705,34.53,3450.11
15/9-F-12,2009-07-18,24.0,233.11,66.34,79.06,51.28,34.97,3395.67
15/9-F-12,2009-07-19,22.17,240.72,73.22,74.01,42.468,41.63,2808.21
15/9-F-12,2009-07-20,24.0,237.76,70.35,77.87,48.357,38.76,3443.72
15/9-F-12,2009-07-21,24.0,235.98,67.85,79.93,50.793,35.99,3714.36
15/9-F-12,2009-07-22,24.0,236.93,68.67,78.78,50.821,36.81,3721.03
15/9-F-12,2009-07-23,24.0,238.34,69.71,78.92,50.32,37.87,3682.11
15/9-F-12,2009-07-24,24.0,239.42,70.21,79.15,50.378,38.29,3689.01
15/9-F-12,2009-07-25,24.0,240.54,70.53,80.07,49.257,38.64,3737.42
15/9-F-12,2009-07-26,24.0,241.7,71.26,80.23,50.299,39.37,3718.65
15/9-F-12,2009-07-27,24.0,243.0,72.33,79.47,50.114,40.39,3704.42
15/9-F-12,2009-07-28,24.0,244.3,73.1,79.61,49.905,41.11,3734.37
15/9-F-12,2009-07-29,24.0,245.43,73.86,79.16,49.937,41.86,3741.77
15/9-F-12,2009-07-30,24.0,246.62,74.28,80.21,49.845,42.24,3755.47
15/9-F-12,2009-07-31,24.0,248.7,75.97,80.32,48.866,44.0,3692.52
15/9-F-12,2009-08-01,24.0,249.77,76.9,79.3,48.764,44.94,3691.35
15/9-F-12,2009-08-02,10.66,251.03,77.95,79.13,46.087,46.04,1632.31
15/9-F-12,2009-08-04,0.25,280.05,108.34,16.06,1.2,106.04,11.98
15/9-F-12,2009-08-05,23.84,252.23,74.19,73.17,53.6,41.9,4407.16
15/9-F-12,2009-08-06,24.0,246.18,67.18,80.66,61.002,34.18,4663.07
15/9-F-12,2009-08-07,22.91,244.79,65.52,81.03,62.592,32.17,4360.71
15/9-F-12,2009-08-08,13.93,259.38,84.07,75.49,40.599,51.6,2424.2
15/9-F-12,2009-08-09,24.0,246.09,68.39,81.56,58.516,34.93,4366.57
15/9-F-12,2009-08-10,24.0,243.91,66.13,80.67,60.535,32.55,4437.79
15/9-F-12,2009-08-11,24.0,242.31,64.36,81.63,62.178,31.19,4445.56
15/9-F-12,2009-08-12,24.0,240.24,61.91,81.04,64.987,29.01,4594.22
15/9-F-12,2009-08-13,24.0,239.39,61.32,82.02,65.275,28.43,4549.48
15/9-F-12,2009-08-14,24.0,237.64,59.52,81.03,67.525,26.57,4638.62
15/9-F-12,2009-08-15,24.0,235.78,57.9,78.38,70.024,24.9,4721.86
15/9-F-12,2009-08-16,24.0,235.07,57.11,79.78,71.521,24.06,4767.4
15/9-F-12,2009-08-17,24.0,235.22,56.69,82.22,71.691,23.64,4783.38
15/9-F-12,2009-08-18,24.0,235.54,56.94,81.89,71.745,23.9,4779.42
15/9-F-12,2009-08-19,24.0,235.86,57.22,81.16,71.982,24.18,4795.27
15/9-F-12,2009-08-20,24.0,236.23,57.34,80.77,71.988,24.28,4800.54
15/9-F-12,2009-08-21,24.0,236.62,57.49,80.52,71.822,24.41,4793.55
15/9-F-12,2009-08-22,24.0,236.92,57.48,79.37,71.832,24.39,4795.4
15/9-F-12,2009-08-23,24.0,237.12,57.56,81.44,71.879,24.49,4788.33
15/9-F-12,2009-08-24,24.0,237.33,57.44,79.89,72.365,24.35,4817.27
15/9-F-12,2009-08-25,24.0,236.88,56.31,80.65,74.911,23.13,4950.96
15/9-F-12,2009-08-26,13.99,245.16,58.48,77.91,55.682,32.52,2665.86
15/9-F-12,2009-08-27,21.34,248.32,71.06,78.77,55.12,38.68,3733.66
15/9-F-12,2009-08-28,24.0,239.71,59.35,80.93,69.239,26.29,4689.98
15/9-F-12,2009-08-29,2.16,243.33,64.08,81.48,54.451,31.41,308.37
15/9-F-12,2009-09-05,11.58,270.35,94.16,58.65,28.534,62.9,1278.61
15/9-F-12,2009-09-06,14.34,260.68,83.29,74.44,44.431,51.08,2441.38
15/9-F-12,2009-09-07,24.0,248.13,69.36,79.65,55.284,36.82,5053.84
15/9-F-12,2009-09-08,24.0,251.41,70.25,80.8,58.102,37.29,4573.77
15/9-F-12,2009-09-09,24.0,251.66,69.99,81.83,58.101,37.01,4354.63
15/9-F-12,2009-09-10,24.0,251.83,69.95,82.77,58.096,36.97,4340.51
15/9-F-12,2009-09-11,24.0,251.3,69.0,82.93,59.31,35.95,4393.44
15/9-F-12,2009-09-12,24.0,249.99,67.3,82.64,61.331,34.15,4477.04
15/9-F-12,2009-09-13,24.0,249.87,66.91,82.81,61.839,33.74,4489.88
15/9-F-12,2009-09-14,24.0,250.14,66.92,83.15,61.994,33.74,4464.08
15/9-F-12,2009-09-15,24.0,249.83,65.81,83.2,64.337,32.46,4526.12
15/9-F-12,2009-09-16,24.0,250.18,66.26,83.09,63.025,32.81,4512.23
15/9-F-12,2009-09-17,24.0,250.68,66.88,83.12,62.371,33.46,4464.89
15/9-F-12,2009-09-18,24.0,250.39,66.55,82.32,63.077,33.11,4492.25
15/9-F-12,2009-09-19,24.0,253.23,70.58,81.89,59.248,37.12,4154.3
15/9-F-12,2009-09-20,24.0,260.06,80.12,81.53,49.253,46.51,3305.88
15/9-F-12,2009-09-21,24.0,259.31,79.16,79.67,50.391,45.37,4206.64
15/9-F-12,2009-09-22,24.0,259.48,79.21,79.52,50.408,45.4,4199.23
15/9-F-12,2009-09-23,24.0,259.66,79.13,80.92,50.398,45.34,4322.81
15/9-F-12,2009-09-24,24.0,255.68,72.77,81.86,57.022,39.19,4684.69
15/9-F-12,2009-09-25,24.0,251.72,66.63,81.01,63.733,33.12,5057.91
15/9-F-12,2009-09-26,10.82,251.95,66.46,82.99,62.92,32.9,2272.73
15/9-F-12,2009-09-27,0.5,286.31,112.13,17.3,0.6,97.74,32.03
15/9-F-12,2009-10-01,22.01,261.97,79.62,72.66,48.727,46.81,3565.94
15/9-F-12,2009-10-02,24.0,253.21,68.17,81.98,61.728,34.75,4883.02
15/9-F-12,2009-10-03,24.0,252.84,67.75,79.96,62.451,34.29,5037.57
15/9-F-12,2009-10-04,24.0,252.78,67.22,81.87,62.733,33.75,5032.99
15/9-F-12,2009-10-05,24.0,252.77,66.96,82.87,62.994,33.49,5072.51
15/9-F-12,2009-10-06,24.0,260.21,78.11,80.4,52.213,45.26,4326.83
15/9-F-12,2009-10-07,24.0,257.44,73.67,82.31,55.74,40.55,4616.27
15/9-F-12,2009-10-08,24.0,257.94,74.31,81.82,55.215,41.22,4545.12
15/9-F-12,2009-10-09,24.0,258.34,74.84,82.14,54.676,41.81,4420.65
15/9-F-12,2009-10-10,24.0,254.27,74.04,80.17,53.653,41.47,4441.14
15/9-F-12,2009-10-11,24.0,258.23,74.76,82.24,54.733,41.72,4426.34
15/9-F-12,2009-10-12,24.0,257.75,73.96,82.58,55.375,40.89,4454.14
15/9-F-12,2009-10-13,21.75,258.17,74.78,82.4,52.824,41.78,3766.37
15/9-F-12,2009-10-14,24.0,258.4,76.0,80.89,53.56,43.09,4257.96
15/9-F-12,2009-10-15,23.17,262.74,80.85,76.5,45.562,47.76,3550.58
15/9-F-12,2009-10-16,24.0,254.41,70.01,82.36,59.209,36.48,4728.63
15/9-F-12,2009-10-17,6.49,253.23,68.11,82.91,58.086,34.54,1377.02
15/9-F-12,2009-10-18,23.5,258.22,75.75,78.3,52.392,42.53,4118.7
15/9-F-12,2009-10-19,24.0,256.93,74.75,81.93,53.766,41.5,4334.82
15/9-F-12,2009-10-20,24.0,256.6,74.61,81.07,54.011,41.38,4339.02
15/9-F-12,2009-10-21,24.0,256.49,74.64,79.05,54.009,41.42,4333.24
15/9-F-12,2009-10-22,24.0,256.47,74.6,79.0,54.014,41.38,4324.32
15/9-F-12,2009-10-23,7.99,254.63,71.57,80.05,53.9,38.22,1587.3
15/9-F-12,2009-10-24,2.68,281.01,98.92,46.4,24.844,74.43,167.17
15/9-F-12,2009-10-25,24.83,261.87,77.56,75.85,51.154,45.04,4190.37
15/9-F-12,2009-10-26,24.0,260.7,77.13,82.33,52.151,44.68,4306.5
15/9-F-12,2009-10-27,24.0,260.42,76.81,82.56,52.216,44.35,4313.37
15/9-F-12,2009-10-28,24.0,260.02,76.34,81.49,52.588,43.86,4348.44
15/9-F-12,2009-10-29,23.32,259.57,73.89,78.75,57.142,42.87,4274.9
15/9-F-12,2009-10-30,24.0,253.4,66.11,82.21,65.988,33.04,4957.61
15/9-F-12,2009-10-31,24.0,254.23,67.41,81.97,64.187,34.41,4840.81
15/9-F-12,2009-11-01,24.0,254.05,67.05,81.45,64.259,34.01,4852.06
15/9-F-12,2009-11-02,24.0,254.31,67.39,80.83,63.91,34.34,4829.38
15/9-F-12,2009-11-03,24.0,254.32,67.28,81.13,63.823,34.23,4817.07
15/9-F-12,2009-11-04,15.5,257.93,72.21,79.19,56.604,39.48,3153.99
15/9-F-12,2009-11-05,24.0,258.32,73.38,79.8,56.642,40.71,4434.99
15/9-F-12,2009-11-06,24.0,258.46,73.58,81.0,56.45,40.93,4403.93
15/9-F-12,2009-11-07,24.0,258.03,72.68,82.3,57.263,39.97,4448.0
15/9-F-12,2009-11-08,24.0,257.82,72.13,83.11,57.67,39.42,4470.57
15/9-F-12,2009-11-09,23.33,260.22,75.37,79.88,52.673,42.79,4089.83
15/9-F-12,2009-11-10,24.0,259.53,73.95,81.0,56.101,41.27,4245.19
15/9-F-12,2009-11-11,24.0,258.28,72.9,81.74,56.532,40.22,4401.54
15/9-F-12,2009-11-12,24.0,258.14,72.76,79.96,56.935,40.08,4408.51
15/9-F-12,2009-11-13,24.0,258.35,72.91,80.76,56.805,40.2,4378.76
15/9-F-12,2009-11-14,24.0,258.06,72.35,81.25,57.365,39.63,4413.39
15/9-F-12,2009-11-15,24.0,257.4,71.25,81.53,58.31,38.51,4446.8
15/9-F-12,2009-11-16,24.0,256.24,69.46,81.62,60.355,36.54,4517.33
15/9-F-12,2009-11-17,24.0,254.04,65.78,81.36,64.943,32.39,4724.62
15/9-F-12,2009-11-18,24.0,253.02,63.95,82.48,67.055,30.45,4874.86
15/9-F-12,2009-11-19,24.0,253.25,64.52,81.18,66.707,31.08,4842.29
15/9-F-12,2009-11-20,23.0,258.44,70.96,78.44,58.024,37.86,4004.63
15/9-F-12,2009-11-21,24.0,253.37,64.42,82.19,66.73,30.97,4846.82
15/9-F-12,2009-11-22,24.0,253.09,64.22,81.63,67.053,30.76,4840.84
15/9-F-12,2009-11-23,21.5,256.62,68.73,80.56,60.943,35.49,3930.03
15/9-F-12,2009-11-24,22.42,256.39,68.81,80.26,61.221,35.4,4126.56
15/9-F-12,2009-11-25,24.0,252.73,64.57,80.36,67.114,30.79,4837.35
15/9-F-12,2009-11-26,24.0,252.75,64.53,79.86,67.097,30.58,4880.73
15/9-F-12,2009-11-27,24.0,252.84,63.96,82.61,66.048,29.99,4864.71
15/9-F-12,2009-11-28,24.0,252.93,63.39,83.74,67.843,29.42,4855.39
15/9-F-12,2009-11-29,24.0,252.25,61.92,83.42,70.1,28.2,5013.4
15/9-F-12,2009-11-30,24.0,252.0,61.4,83.45,69.294,27.69,5062.11
15/9-F-12,2009-12-01,24.0,252.17,61.69,82.96,70.522,27.99,5031.44
15/9-F-12,2009-12-02,24.0,252.21,61.84,81.32,70.524,28.13,5047.98
15/9-F-12,2009-12-03,24.0,252.13,61.71,80.51,70.714,27.98,5043.73
15/9-F-12,2009-12-04,24.0,251.49,60.58,81.62,72.767,26.8,5485.34
15/9-F-12,2009-12-05,24.0,253.41,63.51,81.58,69.459,29.83,5189.7
15/9-F-12,2009-12-06,24.0,252.99,62.78,81.32,69.432,29.11,5303.4
15/9-F-12,2009-12-07,24.0,251.51,60.47,81.84,72.926,26.67,5467.62
15/9-F-12,2009-12-08,24.0,251.4,60.15,82.86,73.079,26.35,5604.33
15/9-F-12,2009-12-09,24.0,251.44,60.33,82.33,72.906,26.54,5601.13
15/9-F-12,2009-12-10,24.0,251.66,60.44,83.85,71.953,26.66,5549.21
15/9-F-12,2009-12-11,24.0,251.86,60.77,84.21,70.915,27.03,5480.45
15/9-F-12,2009-12-12,24.0,251.79,60.79,84.16,70.742,27.06,5465.07
15/9-F-12,2009-12-13,23.0,253.19,62.05,83.01,68.151,28.39,5049.73
15/9-F-12,2009-12-14,24.0,252.15,61.17,83.94,69.89,27.45,5380.51
15/9-F-12,2009-12-15,24.0,252.19,61.16,83.83,70.57,27.44,5366.63
15/9-F-12,2009-12-16,24.0,251.87,61.02,83.4,69.942,27.31,5358.32
15/9-F-12,2009-12-17,22.86,252.18,61.37,81.45,68.832,27.98,5017.66
15/9-F-12,2009-12-18,23.48,271.19,88.11,73.8,40.842,55.78,2516.72
15/9-F-12,2009-12-19,15.02,250.04,58.67,81.7,73.503,25.16,3377.75
15/9-F-12,2009-12-20,20.14,252.5,62.68,80.28,69.732,29.16,4228.61
15/9-F-12,2009-12-21,24.0,247.85,57.65,81.75,76.154,24.0,5347.19
15/9-F-12,2009-12-22,24.0,247.1,56.96,81.52,77.302,23.29,5355.93
15/9-F-12,2009-12-23,24.0,248.07,58.31,82.56,73.549,24.73,5153.65
15/9-F-12,2009-12-24,24.0,248.53,58.91,83.11,72.076,25.37,5063.78
15/9-F-12,2009-12-25,24.0,248.52,58.84,82.44,72.529,25.31,5164.96
15/9-F-12,2009-12-26,24.0,248.72,58.58,83.79,72.73,25.02,5148.7
15/9-F-12,2009-12-27,24.0,248.65,58.45,83.72,72.938,24.88,5098.58
15/9-F-12,2009-12-28,24.0,248.48,58.21,83.52,73.334,24.64,5298.31
15/9-F-12,2009-12-29,24.0,248.39,58.13,83.22,73.617,24.56,5281.46
15/9-F-12,2009-12-30,24.0,248.35,58.12,82.77,73.735,24.55,5280.42
15/9-F-12,2009-12-31,24.0,248.42,58.11,83.46,73.423,24.53,5243.21
15/9-F-12,2010-01-01,24.0,248.27,58.03,82.37,73.835,24.47,5261.93
15/9-F-12,2010-01-02,24.0,248.14,57.88,81.99,74.126,24.33,5256.37
15/9-F-12,2010-01-03,24.0,248.07,57.58,83.47,74.231,24.02,5227.61
15/9-F-12,2010-01-04,24.0,248.1,57.58,83.29,74.065,24.03,5199.02
15/9-F-12,2010-01-05,24.0,248.05,57.56,82.92,74.136,24.01,5206.38
15/9-F-12,2010-01-06,24.0,248.05,57.6,82.8,74.094,24.06,5200.27
15/9-F-12,2010-01-07,24.0,248.01,57.42,83.04,72.825,23.88,5189.62
15/9-F-12,2010-01-08,24.0,248.0,57.31,83.0,72.94,23.78,5185.95
15/9-F-12,2010-01-09,22.83,255.41,67.37,79.29,60.41,34.55,4034.53
15/9-F-12,2010-01-10,24.0,248.43,58.13,81.51,71.873,24.4,5140.65
15/9-F-12,2010-01-11,24.0,247.9,57.14,82.28,74.679,23.37,5157.86
15/9-F-12,2010-01-12,24.0,247.75,57.1,80.9,75.14,23.33,5161.22
15/9-F-12,2010-01-13,24.0,247.61,56.92,80.4,75.047,23.18,5136.39
15/9-F-12,2010-01-14,24.0,247.24,56.48,80.73,75.249,22.75,5092.0
15/9-F-12,2010-01-15,24.0,246.88,56.02,81.76,75.24,22.33,5033.93
15/9-F-12,2010-01-16,24.0,246.51,55.61,80.44,75.165,21.97,4979.19
15/9-F-12,2010-01-17,24.0,246.21,55.09,81.63,75.234,21.48,4905.73
15/9-F-12,2010-01-18,24.0,246.06,54.74,82.76,75.154,21.17,4689.19
15/9-F-12,2010-01-19,24.0,245.94,54.53,83.13,75.175,20.97,4647.39
15/9-F-12,2010-01-20,24.0,245.77,54.35,81.19,75.196,20.89,4628.38
15/9-F-12,2010-01-21,24.0,245.76,54.11,81.62,75.251,20.68,4586.62
15/9-F-12,2010-01-22,24.0,245.87,54.0,81.37,75.249,20.58,4563.26
15/9-F-12,2010-01-23,24.0,246.72,54.83,81.25,74.026,20.89,4010.69
15/9-F-12,2010-01-24,24.0,247.16,54.24,81.81,75.266,20.83,4441.06
15/9-F-12,2010-01-25,24.0,248.76,54.57,83.54,75.261,21.25,4596.67
15/9-F-12,2010-01-26,23.33,253.94,61.33,81.03,64.598,28.38,3953.58
15/9-F-12,2010-01-27,24.0,250.52,56.36,83.17,72.129,23.15,4419.93
15/9-F-12,2010-01-28,24.0,248.75,52.68,83.99,81.162,19.36,4625.59
15/9-F-12,2010-01-29,24.0,248.62,51.77,84.54,83.687,18.41,4705.52
15/9-F-12,2010-01-30,24.0,248.73,51.34,84.22,85.116,17.96,4720.13
15/9-F-12,2010-01-31,24.0,249.08,51.25,84.6,85.239,17.88,4702.17
15/9-F-12,2010-02-01,24.0,249.61,51.39,84.83,84.22,18.06,4673.25
15/9-F-12,2010-02-02,24.0,250.8,52.63,84.67,81.744,19.33,4544.83
15/9-F-12,2010-02-03,24.0,251.9,53.85,85.18,77.166,20.53,4285.02
15/9-F-12,2010-02-04,24.0,254.11,57.06,83.77,72.821,23.97,4111.36
15/9-F-12,2010-02-05,24.0,252.87,55.21,83.06,74.075,22.06,4257.01
15/9-F-12,2010-02-06,24.0,253.17,55.09,83.56,74.038,21.94,4234.42
15/9-F-12,2010-02-07,24.0,254.47,56.05,85.4,73.209,22.94,4140.35
15/9-F-12,2010-02-08,24.0,252.97,53.98,85.52,76.252,20.75,4326.64
15/9-F-12,2010-02-09,24.0,253.16,53.87,85.63,76.215,20.65,4300.52
15/9-F-12,2010-02-10,24.0,253.48,54.03,85.26,75.994,20.82,4248.97
15/9-F-12,2010-02-11,24.0,254.28,54.51,85.79,74.473,21.32,4106.17
15/9-F-12,2010-02-12,24.0,256.96,57.85,85.76,69.938,24.93,3815.94
15/9-F-12,2010-02-13,24.0,258.09,59.46,85.84,66.404,26.59,3737.49
15/9-F-12,2010-02-14,13.59,257.85,55.44,84.76,64.484,25.09,2111.37
15/9-F-12,2010-02-15,13.8,254.25,57.36,83.0,70.476,24.23,2059.14
15/9-F-12,2010-02-16,24.0,253.5,57.33,82.36,70.735,24.21,4108.39
15/9-F-12,2010-02-17,24.0,253.93,56.9,82.03,70.767,23.81,4040.4
15/9-F-12,2010-02-18,22.04,259.91,63.26,79.49,63.033,30.24,3211.46
15/9-F-12,2010-02-19,24.0,254.17,56.46,84.46,71.586,23.31,4027.02
15/9-F-12,2010-02-20,24.0,254.55,55.92,85.58,70.837,22.76,3945.82
15/9-F-12,2010-02-21,24.0,254.95,55.47,85.68,72.837,22.29,4037.43
15/9-F-12,2010-02-22,24.0,255.39,55.22,85.78,72.938,22.04,3994.39
15/9-F-12,2010-02-23,23.5,259.6,59.6,84.92,65.906,26.73,3461.1
15/9-F-12,2010-02-24,24.0,256.38,55.58,85.35,72.296,22.72,3991.13
15/9-F-12,2010-02-25,18.5,254.71,55.65,81.95,69.431,23.45,3287.55
15/9-F-12,2010-02-26,19.69,264.38,64.72,79.43,59.277,32.17,2860.87
15/9-F-12,2010-02-27,17.6,257.12,55.42,85.17,67.017,23.94,3107.96
15/9-F-12,2010-03-03,23.5,265.38,69.36,77.74,54.659,36.81,3466.01
15/9-F-12,2010-03-04,24.0,256.52,62.18,85.04,62.79,29.29,4144.87
15/9-F-12,2010-03-05,24.0,256.63,62.93,84.56,60.895,29.76,4025.56
15/9-F-12,2010-03-06,20.82,256.53,63.13,84.08,59.834,30.04,3444.62
15/9-F-12,2010-03-08,13.34,256.21,61.28,82.33,63.669,27.8,2405.72
15/9-F-12,2010-03-09,24.0,251.62,57.89,85.07,67.704,24.29,4344.86
15/9-F-12,2010-03-10,24.0,250.6,56.88,85.26,67.802,23.32,4258.59
15/9-F-12,2010-03-11,23.67,254.04,60.77,83.84,61.125,27.46,3500.93
15/9-F-12,2010-03-12,15.33,251.91,59.09,84.68,60.393,25.8,2540.89
15/9-F-12,2010-03-13,24.0,249.57,56.25,85.25,64.271,22.85,3716.44
15/9-F-12,2010-03-14,24.0,248.59,53.96,84.95,70.19,20.46,3801.87
15/9-F-12,2010-03-15,24.0,248.36,52.31,85.68,73.667,18.75,3860.92
15/9-F-12,2010-03-16,24.0,249.98,53.31,85.55,70.748,19.8,3717.81
15/9-F-12,2010-03-17,24.0,249.33,51.73,84.59,76.126,18.16,3831.2
15/9-F-12,2010-03-18,24.0,248.35,50.5,83.76,79.85,16.88,3926.86
15/9-F-12,2010-03-19,24.0,247.76,50.14,82.94,80.0,16.56,3887.46
15/9-F-12,2010-03-20,24.0,247.16,49.46,85.46,80.078,15.91,3848.11
15/9-F-12,2010-03-21,24.0,246.57,48.94,86.05,80.642,15.44,3827.75
15/9-F-12,2010-03-22,24.0,246.02,48.84,85.36,80.917,15.39,3454.15
15/9-F-12,2010-03-23,24.0,245.48,48.43,85.17,81.157,15.0,3413.36
15/9-F-12,2010-03-24,24.0,245.86,48.47,85.0,81.334,15.06,3405.79
15/9-F-12,2010-03-25,24.0,246.39,48.39,84.93,82.183,14.97,3426.37
15/9-F-12,2010-03-26,24.0,246.65,47.86,84.32,86.566,14.39,3524.65
15/9-F-12,2010-03-27,24.0,247.01,47.4,84.53,89.864,13.88,3587.86
15/9-F-12,2010-03-28,23.0,247.28,46.91,85.33,92.688,13.36,3510.63
15/9-F-12,2010-03-29,24.0,247.68,46.56,86.36,99.947,13.0,3739.71
15/9-F-12,2010-03-30,24.0,248.36,47.02,83.84,100.0,13.48,3473.56
15/9-F-12,2010-03-31,24.0,248.92,46.92,84.6,97.917,13.37,3485.06
15/9-F-12,2010-04-01,11.17,274.01,73.17,72.39,38.453,41.67,786.82
15/9-F-12,2010-04-02,24.0,250.89,48.31,84.77,89.779,14.95,3407.69
15/9-F-12,2010-04-03,23.5,255.14,52.83,83.5,81.008,19.45,3186.88
15/9-F-12,2010-04-04,24.0,251.46,47.55,86.09,93.851,13.99,3495.15
15/9-F-12,2010-04-05,24.0,252.64,48.46,85.82,84.92,14.94,3428.88
15/9-F-12,2010-04-06,24.0,254.03,49.46,85.26,80.2,15.98,3342.4
15/9-F-12,2010-04-07,24.0,254.79,49.37,86.56,79.238,15.87,3330.01
15/9-F-12,2010-04-08,24.0,255.34,49.28,87.05,79.251,15.77,3198.19
15/9-F-12,2010-04-09,24.0,255.86,49.35,87.44,78.547,15.86,3170.37
15/9-F-12,2010-04-10,24.0,255.4,49.32,87.39,78.114,15.86,3148.09
15/9-F-12,2010-04-11,24.0,254.71,49.21,87.14,78.241,15.78,3124.35
15/9-F-12,2010-04-12,24.0,254.1,48.94,87.14,78.334,15.52,3107.58
15/9-F-12,2010-04-13,24.0,253.47,48.49,87.13,78.94,15.07,3100.02
15/9-F-12,2010-04-14,24.0,252.75,48.07,87.15,79.735,14.67,3215.36
15/9-F-12,2010-04-15,24.0,251.98,47.59,87.15,80.914,14.2,3220.01
15/9-F-12,2010-04-16,24.0,251.04,46.96,86.81,84.009,13.59,3258.75
15/9-F-12,2010-04-17,23.33,254.28,51.16,84.59,71.784,18.05,2865.27
15/9-F-12,2010-04-18,24.0,250.41,47.45,86.51,78.622,14.12,3150.88
15/9-F-12,2010-04-19,24.0,249.19,46.79,86.06,81.945,13.47,3190.98
15/9-F-12,2010-04-20,24.0,247.29,45.46,85.64,97.481,12.12,3403.93
15/9-F-12,2010-04-21,24.0,246.41,44.88,86.31,99.892,11.56,2968.51
15/9-F-12,2010-04-22,24.0,245.45,44.71,85.98,99.928,11.42,2949.86
15/9-F-12,2010-04-23,24.0,244.2,44.4,86.33,99.962,11.14,2903.27
15/9-F-12,2010-04-24,24.0,252.84,53.35,85.01,70.811,20.41,2516.03
15/9-F-12,2010-04-25,24.0,258.29,58.77,82.67,51.242,25.22,2154.23
15/9-F-12,2010-04-26,24.0,269.76,66.61,72.61,38.128,33.4,1635.39
15/9-F-12,2010-04-27,24.0,254.95,53.95,86.07,58.722,20.46,2507.96
15/9-F-12,2010-04-28,24.0,268.37,66.66,74.35,42.227,33.24,1793.49
15/9-F-12,2010-04-29,24.0,265.35,61.22,78.51,48.904,27.92,2119.15
15/9-F-12,2010-04-30,24.0,257.11,54.02,85.94,59.81,20.45,2574.11
15/9-F-12,2010-05-01,24.0,257.74,53.87,86.8,60.18,20.25,2587.54
15/9-F-12,2010-05-02,24.0,257.78,53.07,87.06,62.111,19.43,2641.29
15/9-F-12,2010-05-03,24.0,257.64,52.56,87.05,63.224,18.87,2658.88
15/9-F-12,2010-05-04,15.5,263.14,57.88,80.92,53.515,24.62,1522.51
15/9-F-12,2010-05-05,24.0,259.2,54.16,86.74,59.623,20.62,2573.93
15/9-F-12,2010-05-06,24.0,259.75,54.62,85.88,59.219,21.09,2530.85
15/9-F-12,2010-05-07,24.0,260.28,54.61,86.43,59.255,21.24,2493.99
15/9-F-12,2010-05-08,24.0,260.9,54.39,87.07,59.212,20.99,2482.15
15/9-F-12,2010-05-09,24.0,261.44,54.42,87.01,59.179,21.02,2474.84
15/9-F-12,2010-05-10,24.0,262.0,54.5,86.62,59.162,21.12,2766.03
15/9-F-12,2010-05-11,24.0,262.69,54.63,87.16,58.819,21.25,2748.61
15/9-F-12,2010-05-12,24.0,263.47,54.98,87.31,58.458,21.5,2712.34
15/9-F-12,2010-05-13,24.0,263.9,55.01,86.86,58.813,21.6,2666.04
15/9-F-12,2010-05-14,24.0,264.49,55.19,86.6,58.874,21.8,2701.72
15/9-F-12,2010-05-15,24.0,265.05,55.14,87.36,57.674,21.76,2696.78
15/9-F-12,2010-05-16,24.0,265.67,54.98,87.92,58.878,21.59,2685.18
15/9-F-12,2010-05-17,24.0,266.26,55.06,87.97,58.883,21.68,2669.66
15/9-F-12,2010-05-18,24.0,267.22,55.84,88.14,57.924,22.46,2640.27
15/9-F-12,2010-05-19,24.0,268.34,56.67,88.08,57.139,23.35,2573.72
15/9-F-12,2010-05-20,24.0,269.44,57.25,88.23,56.29,23.97,2549.16
15/9-F-12,2010-05-21,24.0,270.52,57.91,88.13,55.333,24.69,2520.76
15/9-F-12,2010-05-22,24.0,271.37,58.43,88.31,54.841,25.23,2503.59
15/9-F-12,2010-05-23,24.0,271.92,58.51,88.34,54.869,25.3,2500.34
15/9-F-12,2010-05-24,24.0,272.46,58.75,87.84,54.9,25.5,2496.19
15/9-F-12,2010-05-25,24.0,273.1,58.95,87.59,54.704,25.69,2483.03
15/9-F-12,2010-05-26,24.0,273.69,59.13,88.08,54.619,25.88,2475.77
15/9-F-12,2010-05-27,24.0,274.05,59.36,87.97,54.654,26.1,2420.87
15/9-F-12,2010-05-28,21.67,276.96,61.44,85.66,50.137,28.3,2013.37
15/9-F-12,2010-05-29,24.0,274.2,58.86,88.3,54.79,25.63,2455.94
15/9-F-12,2010-05-30,24.0,276.01,61.18,86.81,52.543,27.93,2345.76
15/9-F-12,2010-05-31,24.0,295.85,81.41,79.7,31.888,48.4,1522.45
15/9-F-12,2010-06-01,24.0,292.42,78.23,82.57,36.969,45.37,1812.37
15/9-F-12,2010-06-02,24.0,279.89,65.0,87.07,50.253,31.95,2421.43
15/9-F-12,2010-06-03,24.0,279.38,64.33,88.42,50.478,31.26,2404.05
15/9-F-12,2010-06-04,24.0,279.58,64.06,88.5,50.905,31.0,2384.74
15/9-F-12,2010-06-05,24.0,279.89,63.91,88.37,51.063,30.83,2349.81
15/9-F-12,2010-06-06,24.0,280.16,63.74,88.02,51.249,30.66,2343.56
15/9-F-12,2010-06-07,24.0,280.27,63.28,88.71,51.585,30.17,2380.74
15/9-F-12,2010-06-08,24.0,280.31,63.21,88.51,51.749,30.09,2384.64
15/9-F-12,2010-06-09,24.0,280.15,62.74,88.73,52.013,29.61,2381.92
15/9-F-12,2010-06-10,24.0,280.2,62.61,88.79,52.056,29.49,2377.7
15/9-F-12,2010-06-11,24.0,280.2,62.44,88.7,52.14,29.29,2420.55
15/9-F-12,2010-06-12,24.0,280.14,62.4,87.87,52.204,29.27,2408.2
15/9-F-12,2010-06-13,24.0,279.17,61.17,88.77,53.345,27.97,2434.38
15/9-F-12,2010-06-14,22.83,279.29,61.5,88.78,52.766,28.35,2391.83
15/9-F-12,2010-06-15,24.0,280.01,62.25,88.71,51.828,29.16,2383.61
15/9-F-12,2010-06-16,24.0,280.73,63.11,88.41,50.939,30.07,2353.23
15/9-F-12,2010-06-17,24.0,280.17,62.17,88.78,51.946,29.07,2377.86
15/9-F-12,2010-06-18,24.0,280.25,62.2,88.22,51.985,29.1,2370.38
15/9-F-12,2010-06-19,22.33,285.76,67.42,83.64,44.695,34.34,1944.86
15/9-F-12,2010-06-20,24.0,279.2,60.13,88.59,52.792,27.03,2342.72
15/9-F-12,2010-06-21,24.0,279.16,60.18,89.1,52.84,27.06,2347.6
15/9-F-12,2010-06-22,24.0,279.68,60.78,88.98,52.342,27.83,2329.46
15/9-F-12,2010-06-23,24.0,280.15,61.38,88.52,51.925,28.32,2314.21
15/9-F-12,2010-06-24,24.0,280.64,61.75,88.66,51.385,28.71,2312.64
15/9-F-12,2010-06-25,24.0,280.61,61.78,88.99,51.195,28.75,2284.2
15/9-F-12,2010-06-26,24.0,280.72,61.71,89.16,51.258,28.7,2281.66
15/9-F-12,2010-06-27,24.0,280.68,61.9,88.42,51.313,28.89,2277.83
15/9-F-12,2010-06-28,24.0,280.89,61.93,88.07,51.319,28.93,2271.85
15/9-F-12,2010-06-29,24.0,281.09,61.83,87.91,51.325,28.81,2266.84
15/9-F-12,2010-06-30,24.0,281.29,61.58,89.27,51.284,28.56,2262.5
15/9-F-12,2010-07-01,24.0,281.35,61.88,88.26,51.293,28.86,2254.67
15/9-F-12,2010-07-02,24.0,281.1,61.52,88.18,51.685,28.61,2257.16
15/9-F-12,2010-07-03,24.0,273.16,51.22,89.13,67.677,18.42,2574.63
15/9-F-12,2010-07-04,24.0,271.8,49.5,89.0,71.931,16.64,2607.44
15/9-F-12,2010-07-05,24.0,271.59,48.62,89.18,73.821,15.72,2617.56
15/9-F-12,2010-07-06,24.0,271.6,47.9,90.51,75.347,15.0,2625.72
15/9-F-12,2010-07-07,24.0,271.63,47.76,89.16,76.927,14.88,2544.95
15/9-F-12,2010-07-08,24.0,271.79,47.34,88.88,77.922,14.44,2553.36
15/9-F-12,2010-07-09,24.0,271.95,47.06,89.72,78.833,14.17,2555.11
15/9-F-12,2010-07-10,22.33,278.15,52.49,87.36,67.481,19.95,1939.01
15/9-F-12,2010-07-11,24.0,273.0,46.87,89.24,78.437,14.09,2424.14
15/9-F-12,2010-07-12,24.0,276.11,50.59,90.44,71.055,17.69,2269.88
15/9-F-12,2010-07-13,24.0,282.7,58.66,89.63,51.125,25.73,1826.45
15/9-F-12,2010-07-14,24.0,282.64,58.92,89.2,51.222,25.97,1827.73
15/9-F-12,2010-07-15,24.0,282.56,59.18,87.13,51.33,26.24,1826.06
15/9-F-12,2010-07-16,24.0,282.58,59.33,87.76,51.235,26.39,1823.13
15/9-F-12,2010-07-17,24.0,282.61,59.35,88.08,51.221,26.44,1815.13
15/9-F-12,2010-07-18,24.0,282.68,59.37,88.32,51.184,26.44,1806.68
15/9-F-12,2010-07-19,24.0,282.69,59.28,89.0,51.199,26.33,1802.24
15/9-F-12,2010-07-20,24.0,282.56,59.32,88.56,51.303,26.39,1801.56
15/9-F-12,2010-07-21,24.0,282.61,59.33,88.12,51.157,26.38,1792.8
15/9-F-12,2010-07-22,24.0,282.65,59.23,89.64,51.137,26.3,1784.02
15/9-F-12,2010-07-23,24.0,282.65,59.21,89.75,51.136,26.27,1862.91
15/9-F-12,2010-07-24,24.0,282.65,59.24,89.79,51.214,26.3,1864.5
15/9-F-12,2010-07-25,24.0,282.72,59.37,89.57,51.266,26.44,1864.86
15/9-F-12,2010-07-26,24.0,282.82,59.21,90.0,51.264,26.26,1857.44
15/9-F-12,2010-07-27,24.0,282.78,59.34,89.28,51.266,26.4,1859.6
15/9-F-12,2010-07-28,24.0,282.83,59.16,90.06,51.262,26.23,1857.2
15/9-F-12,2010-07-29,24.0,282.87,59.18,89.91,51.316,26.23,1854.41
15/9-F-12,2010-07-30,24.0,283.08,59.45,89.51,51.023,26.51,1846.25
15/9-F-12,2010-07-31,24.0,283.15,59.57,88.82,50.981,26.65,1843.09
15/9-F-12,2010-08-01,24.0,283.23,59.54,89.74,50.99,26.61,1840.05
15/9-F-12,2010-08-02,24.0,283.11,59.73,90.24,51.04,26.8,1845.51
15/9-F-12,2010-08-03,24.0,283.03,59.88,89.81,51.06,26.95,1842.67
15/9-F-12,2010-08-04,24.0,283.07,59.78,90.41,51.092,26.83,1841.26
15/9-F-12,2010-08-05,22.17,284.69,60.15,87.69,47.342,27.31,1571.99
15/9-F-12,2010-08-06,24.0,282.69,58.49,89.96,50.957,25.68,1795.62
15/9-F-12,2010-08-07,22.5,286.85,61.68,86.06,44.772,29.15,1497.63
15/9-F-12,2010-08-08,24.0,282.88,58.32,90.1,50.913,25.97,1800.73
15/9-F-12,2010-08-09,24.0,282.87,58.56,90.22,51.023,26.19,1813.43
15/9-F-12,2010-08-10,24.0,282.98,58.77,89.98,51.053,26.39,1819.75
15/9-F-12,2010-08-11,24.0,283.01,58.67,90.09,51.074,26.28,1821.23
15/9-F-12,2010-08-12,24.0,282.99,58.83,89.86,51.184,26.44,1818.76
15/9-F-12,2010-08-13,24.0,282.95,58.56,90.19,51.262,26.17,1820.43
15/9-F-12,2010-08-14,24.0,282.95,58.51,90.51,51.309,26.12,1821.21
15/9-F-12,2010-08-15,23.09,283.45,59.09,90.32,49.593,26.82,1728.56
15/9-F-12,2010-08-29,23.5,301.52,84.39,68.72,30.087,52.76,1070.35
15/9-F-12,2010-08-30,24.0,299.95,84.87,80.63,32.736,52.33,1242.2
15/9-F-12,2010-08-31,24.0,301.91,87.17,78.56,29.396,54.63,1125.98
15/9-F-12,2010-09-01,20.42,302.65,87.01,73.08,26.874,54.64,983.23
15/9-F-12,2010-09-02,24.0,286.79,70.13,87.02,45.571,37.84,1940.09
15/9-F-12,2010-09-03,24.0,284.17,66.36,88.26,47.717,33.92,2007.25
15/9-F-12,2010-09-04,24.0,282.12,62.99,88.87,49.738,30.4,2080.81
15/9-F-12,2010-09-05,24.0,281.69,61.8,88.59,50.55,29.2,2071.12
15/9-F-12,2010-09-06,24.0,281.77,61.39,87.88,50.8,28.45,2041.11
15/9-F-12,2010-09-07,24.0,281.9,61.23,85.98,50.805,28.16,2037.38
15/9-F-12,2010-09-08,24.0,282.07,60.93,86.54,50.784,27.85,2016.26
15/9-F-12,2010-09-09,24.0,282.39,60.73,87.01,50.807,27.69,2000.42
15/9-F-12,2010-09-10,24.0,282.5,60.33,87.96,50.847,27.3,1893.54
15/9-F-12,2010-09-11,24.0,282.32,59.5,89.15,51.323,26.58,1907.68
15/9-F-12,2010-09-12,24.0,276.72,51.73,90.52,62.176,19.65,2023.3
15/9-F-12,2010-09-13,24.0,276.3,50.89,88.74,64.17,18.8,1968.77
15/9-F-12,2010-09-14,24.0,275.1,48.62,89.78,69.082,16.45,2038.68
15/9-F-12,2010-09-15,24.0,274.68,47.27,90.35,72.189,15.06,2055.21
15/9-F-12,2010-09-16,24.0,275.1,46.97,90.79,70.771,14.79,2047.27
15/9-F-12,2010-09-17,24.0,275.57,46.17,90.84,70.772,14.16,2048.29
15/9-F-12,2010-09-18,22.5,282.68,52.02,87.23,59.78,20.12,1452.33
15/9-F-12,2010-09-19,24.0,275.87,45.01,92.07,74.096,13.16,1870.38
15/9-F-12,2010-09-20,21.49,279.42,49.22,90.23,64.461,16.92,1456.41
15/9-F-12,2010-09-21,4.18,294.66,56.24,69.86,39.137,24.67,172.22
15/9-F-12,2010-09-22,15.66,294.43,63.85,85.04,37.782,32.3,595.31
15/9-F-12,2010-09-24,23.34,274.54,59.07,81.97,48.953,27.27,1827.69
15/9-F-12,2010-09-25,24.0,267.08,55.09,88.24,54.785,22.55,2119.34
15/9-F-12,2010-09-26,23.17,268.51,55.69,88.01,51.513,23.14,1959.45
15/9-F-12,2010-09-27,24.0,266.35,53.47,89.29,55.779,20.91,2083.05
15/9-F-12,2010-09-28,24.0,266.8,53.23,88.66,55.878,20.71,2048.5
15/9-F-12,2010-09-29,24.0,267.02,52.77,88.08,56.385,20.27,2023.29
15/9-F-12,2010-09-30,10.0,277.55,57.75,75.12,42.764,26.79,544.55
15/9-F-12,2010-10-01,24.0,276.82,57.54,80.63,47.372,25.31,1549.02
15/9-F-12,2010-10-02,24.0,267.92,52.65,86.72,56.738,19.96,1975.26
15/9-F-12,2010-10-03,24.0,271.39,55.14,88.33,53.268,22.6,1895.18
15/9-F-12,2010-10-04,24.0,279.9,61.49,85.2,44.691,29.25,1400.07
15/9-F-12,2010-10-05,24.0,284.42,63.39,82.7,42.172,31.32,1145.88
15/9-F-12,2010-10-06,24.0,273.03,55.76,87.82,52.539,23.21,1836.44
15/9-F-12,2010-10-07,24.0,272.57,55.13,88.1,53.115,22.56,1846.83
15/9-F-12,2010-10-08,22.0,281.6,61.9,80.34,39.646,25.67,876.19
15/9-F-12,2010-10-09,24.0,272.96,54.65,87.88,52.639,22.11,1790.64
15/9-F-12,2010-10-10,24.0,272.76,54.51,88.82,52.701,21.96,1778.2
15/9-F-12,2010-10-11,24.0,253.85,54.27,89.55,51.597,21.71,1764.81
15/9-F-12,2010-10-12,24.0,0.0,54.11,89.47,52.879,21.53,1759.08
15/9-F-12,2010-10-13,24.0,0.0,53.97,89.53,53.02,21.4,1759.79
15/9-F-12,2010-10-14,24.0,0.0,53.84,89.46,53.133,21.27,1740.58
15/9-F-12,2010-10-15,24.0,0.0,53.69,89.49,53.182,21.12,1732.86
15/9-F-12,2010-10-16,24.0,0.0,53.47,89.79,53.289,20.9,1726.59
15/9-F-12,2010-10-17,24.0,0.0,53.64,87.71,53.334,21.06,1716.49
15/9-F-12,2010-10-18,24.0,0.0,53.38,88.1,53.424,20.78,1707.17
15/9-F-12,2010-10-19,24.0,0.0,52.9,89.06,53.558,20.32,1695.08
15/9-F-12,2010-10-20,24.0,0.0,52.62,88.92,53.778,20.04,1685.3
15/9-F-12,2010-10-21,24.0,0.0,52.48,88.68,53.843,19.9,1679.85
15/9-F-12,2010-10-22,24.0,0.0,52.35,89.18,53.915,19.98,1662.05
15/9-F-12,2010-10-23,24.0,0.0,52.36,89.56,53.916,19.83,1665.04
15/9-F-12,2010-10-24,24.0,0.0,52.41,89.17,53.955,19.82,1664.76
15/9-F-12,2010-10-25,24.0,0.0,52.77,88.66,53.522,20.2,1646.79
15/9-F-12,2010-10-26,24.0,0.0,53.7,88.21,52.481,21.23,1619.75
15/9-F-12,2010-10-27,24.0,0.0,53.84,86.9,52.324,21.38,1610.7
15/9-F-12,2010-10-28,24.0,0.0,53.58,87.86,52.278,21.15,1612.3
15/9-F-12,2010-10-29,24.0,0.0,53.82,87.54,52.191,21.51,1603.85
15/9-F-12,2010-10-30,24.0,0.0,53.55,86.65,52.5,21.17,1606.35
15/9-F-12,2010-10-31,25.0,0.0,52.64,88.53,53.119,20.1,1677.68
15/9-F-12,2010-11-01,24.0,0.0,52.12,89.22,53.19,19.61,1597.11
15/9-F-12,2010-11-02,24.0,0.0,52.12,86.34,53.305,19.58,1581.71
15/9-F-12,2010-11-03,24.0,0.0,51.73,88.5,53.303,19.19,1577.19
15/9-F-12,2010-11-04,24.0,0.0,51.65,89.28,53.344,19.12,1569.62
15/9-F-12,2010-11-05,24.0,0.0,51.51,89.3,53.217,19.02,1546.95
15/9-F-12,2010-11-06,24.0,0.0,51.36,89.29,53.176,18.86,1539.91
15/9-F-12,2010-11-07,24.0,0.0,51.34,89.17,53.433,18.86,1533.55
15/9-F-12,2010-11-08,20.75,0.0,52.34,84.68,50.101,20.03,1283.18
15/9-F-12,2010-11-09,24.0,0.0,48.22,88.13,55.846,16.21,1591.77
15/9-F-12,2010-11-10,24.0,0.0,49.93,89.71,54.017,17.86,1494.83
15/9-F-12,2010-11-11,24.0,0.0,51.26,88.05,53.225,18.72,1543.2
15/9-F-12,2010-11-12,24.0,0.0,51.21,89.43,53.233,18.43,1533.15
15/9-F-12,2010-11-13,24.0,0.0,51.05,89.65,53.248,18.28,1529.04
15/9-F-12,2010-11-14,24.0,0.0,50.99,89.45,53.222,17.91,1507.72
15/9-F-12,2010-11-15,3.16,0.0,53.92,88.89,44.681,20.52,156.29
15/9-F-12,2010-11-16,20.34,0.0,49.88,81.28,48.931,17.19,1074.05
15/9-F-12,2010-11-17,22.08,0.0,52.32,84.66,48.814,19.62,1239.04
15/9-F-12,2010-11-18,24.0,0.0,51.17,85.18,51.173,18.52,1474.61
15/9-F-12,2010-11-19,24.0,0.0,51.06,86.04,51.239,18.41,1538.4
15/9-F-12,2010-11-20,24.0,0.0,50.74,88.25,52.285,18.14,1530.69
15/9-F-12,2010-11-21,24.0,0.0,49.79,88.2,52.106,17.31,1543.05
15/9-F-12,2010-11-22,24.0,0.0,48.83,88.99,53.039,16.33,1596.13
15/9-F-12,2010-11-23,24.0,0.0,48.61,89.0,54.264,16.1,1611.64
15/9-F-12,2010-11-24,24.0,0.0,48.83,88.67,54.348,16.3,1613.68
15/9-F-12,2010-11-25,24.0,0.0,49.17,88.44,54.34,16.62,1609.87
15/9-F-12,2010-11-26,24.0,0.0,49.51,87.88,54.331,16.94,1613.49
15/9-F-12,2010-11-27,24.0,0.0,49.95,87.59,54.24,17.39,1612.24
15/9-F-12,2010-11-28,24.0,0.0,50.19,86.97,54.154,17.63,1614.24
15/9-F-12,2010-11-29,24.0,0.0,51.17,87.02,53.035,18.65,1585.8
15/9-F-12,2010-11-30,24.0,0.0,51.34,87.94,52.987,18.79,1626.3
15/9-F-12,2010-12-01,24.0,0.0,51.73,87.73,52.491,19.19,1609.92
15/9-F-12,2010-12-02,24.0,0.0,51.98,88.49,52.085,19.41,1589.75
15/9-F-12,2010-12-03,24.0,0.0,52.23,87.96,52.046,19.65,1585.55
15/9-F-12,2010-12-04,24.0,0.0,52.14,88.56,52.125,19.5,1578.54
15/9-F-12,2010-12-05,24.0,0.0,52.62,88.57,51.261,19.98,1550.79
15/9-F-12,2010-12-06,24.0,0.0,52.82,88.88,50.919,20.16,1491.36
15/9-F-12,2010-12-07,24.0,0.0,52.82,89.0,50.945,20.17,1474.38
15/9-F-12,2010-12-08,24.0,0.0,52.85,88.36,50.926,20.15,1472.38
15/9-F-12,2010-12-09,22.33,0.0,52.25,86.49,48.286,19.37,1201.17
15/9-F-12,2010-12-10,24.0,0.0,51.32,87.71,52.084,18.68,1470.57
15/9-F-12,2010-12-11,24.0,0.0,51.35,88.61,52.069,18.72,1471.19
15/9-F-12,2010-12-12,24.0,0.0,51.3,89.18,52.09,18.66,1477.12
15/9-F-12,2010-12-13,24.0,0.0,51.37,89.22,50.983,18.75,1466.79
15/9-F-12,2010-12-14,24.0,0.0,51.57,88.69,52.211,18.95,1483.23
15/9-F-12,2010-12-15,24.0,0.0,52.31,88.95,51.132,19.7,1453.72
15/9-F-12,2010-12-16,24.0,0.0,52.87,87.54,50.428,20.21,1445.2
15/9-F-12,2010-12-17,24.0,0.0,52.88,87.94,50.396,20.21,1441.39
15/9-F-12,2010-12-18,24.0,0.0,53.1,86.32,50.453,20.45,1442.42
15/9-F-12,2010-12-19,24.0,0.0,53.01,86.45,50.461,20.36,1434.65
15/9-F-12,2010-12-20,24.0,0.0,52.92,88.05,50.482,20.25,1439.58
15/9-F-12,2010-12-21,24.0,0.0,52.79,88.67,50.635,20.13,1451.05
15/9-F-12,2010-12-22,24.0,0.0,52.8,88.94,50.673,20.16,1457.0
15/9-F-12,2010-12-23,24.0,0.0,52.21,89.1,51.471,19.54,1494.0
15/9-F-12,2010-12-24,24.0,0.0,52.6,88.43,50.982,19.94,1479.11
15/9-F-12,2010-12-25,24.0,0.0,52.8,88.91,50.683,20.2,1465.35
15/9-F-12,2010-12-26,24.0,0.0,52.98,88.83,50.445,20.36,1454.92
15/9-F-12,2010-12-27,24.0,0.0,53.17,87.56,50.39,20.54,1447.75
15/9-F-12,2010-12-28,23.0,0.0,54.89,83.97,45.537,21.99,1174.41
15/9-F-12,2010-12-29,24.0,0.0,52.41,87.36,48.689,19.88,1365.36
15/9-F-12,2010-12-30,24.0,0.0,51.85,88.15,50.179,19.25,1432.75
15/9-F-12,2010-12-31,24.0,0.0,52.27,88.81,49.686,19.7,1416.56
15/9-F-12,2011-01-01,24.0,0.0,52.8,88.3,49.194,20.21,1400.53
15/9-F-12,2011-01-02,24.0,0.0,52.82,88.42,49.191,20.21,1445.49
15/9-F-12,2011-01-03,23.5,0.0,53.03,87.54,49.239,20.42,1467.69
15/9-F-12,2011-01-04,24.0,0.0,53.67,87.39,49.679,21.11,1495.62
15/9-F-12,2011-01-05,24.0,0.0,53.9,87.16,49.389,21.33,1489.76
15/9-F-12,2011-01-06,24.0,0.0,53.61,88.18,49.417,21.0,1489.08
15/9-F-12,2011-01-07,24.0,0.0,53.71,87.45,49.391,21.12,1493.72
15/9-F-12,2011-01-08,24.0,0.0,53.79,87.19,49.415,21.19,1493.77
15/9-F-12,2011-01-09,24.0,0.0,53.57,87.65,49.474,20.99,1494.08
15/9-F-12,2011-01-10,24.0,0.0,54.2,86.31,49.185,21.64,1470.67
15/9-F-12,2011-01-11,24.0,0.0,54.03,86.42,49.011,21.47,1459.02
15/9-F-12,2011-01-12,24.0,0.0,53.98,85.72,49.001,21.42,1485.57
15/9-F-12,2011-01-13,24.0,0.0,52.31,88.45,51.5,19.63,1534.9
15/9-F-12,2011-01-14,24.0,0.0,52.38,88.45,51.464,19.69,1510.09
15/9-F-12,2011-01-15,24.0,0.0,52.57,87.07,51.519,19.9,1508.39
15/9-F-12,2011-01-16,24.0,0.0,52.68,85.69,51.6,19.99,1506.75
15/9-F-12,2011-01-17,24.0,0.0,52.48,87.48,51.601,19.79,1441.68
15/9-F-12,2011-01-18,24.0,0.0,52.22,89.28,51.584,19.54,1435.36
15/9-F-12,2011-01-19,24.0,0.0,52.16,89.26,51.611,19.49,1429.73
15/9-F-12,2011-01-20,24.0,0.0,52.44,89.4,51.141,19.8,1403.07
15/9-F-12,2011-01-21,24.0,0.0,52.59,89.11,50.858,19.95,1416.32
15/9-F-12,2011-01-22,24.0,0.0,52.59,89.18,49.779,19.96,1400.07
15/9-F-12,2011-01-23,24.0,0.0,52.57,89.03,50.845,19.94,1391.19
15/9-F-12,2011-01-24,24.0,0.0,52.48,88.91,50.862,19.84,1392.68
15/9-F-12,2011-01-25,24.0,0.0,52.45,88.92,50.811,19.79,1377.34
15/9-F-12,2011-01-26,24.0,0.0,52.35,89.1,50.769,19.7,1379.34
15/9-F-12,2011-01-27,24.0,0.0,52.3,89.34,50.858,19.65,1375.87
15/9-F-12,2011-01-28,24.0,0.0,52.4,88.82,50.814,19.76,1379.02
15/9-F-12,2011-01-29,24.0,0.0,52.27,88.98,50.826,19.63,1399.77
15/9-F-12,2011-01-30,24.0,0.0,52.52,87.27,50.882,19.88,1399.71
15/9-F-12,2011-01-31,24.0,0.0,52.47,86.72,50.882,19.84,1380.27
15/9-F-12,2011-02-01,14.78,0.0,53.2,86.18,48.959,20.59,805.8
15/9-F-12,2011-02-05,14.06,0.0,45.27,76.63,49.069,13.77,529.63
15/9-F-12,2011-02-06,22.67,0.0,47.0,87.49,54.636,14.2,1234.51
15/9-F-12,2011-02-07,24.0,0.0,46.96,88.7,55.657,14.65,1411.05
15/9-F-12,2011-02-08,24.0,0.0,47.62,90.0,54.459,15.36,1382.22
15/9-F-12,2011-02-09,24.0,0.0,47.81,88.66,54.571,15.49,1386.99
15/9-F-12,2011-02-10,24.0,0.0,47.72,88.53,53.963,15.34,1408.32
15/9-F-12,2011-02-11,24.0,0.0,46.49,88.4,54.897,13.95,1416.92
15/9-F-12,2011-02-12,24.0,0.0,45.88,87.73,55.729,13.38,1410.46
15/9-F-12,2011-02-13,20.5,0.0,45.38,87.98,55.051,13.15,1032.64
15/9-F-12,2011-02-14,8.0,0.0,46.03,79.26,50.543,13.82,444.51
15/9-F-12,2011-02-15,21.25,0.0,49.75,73.86,42.638,17.43,836.16
15/9-F-12,2011-02-16,24.0,0.0,45.78,85.97,56.204,13.43,1425.22
15/9-F-12,2011-02-17,24.0,0.0,45.95,87.54,55.87,13.58,1291.79
15/9-F-12,2011-02-18,24.0,0.0,46.53,88.33,55.299,14.21,1279.33
15/9-F-12,2011-02-19,24.0,0.0,47.36,88.0,53.997,15.09,1261.79
15/9-F-12,2011-02-20,24.0,0.0,47.54,88.63,53.996,15.25,1262.54
15/9-F-12,2011-02-21,24.0,0.0,47.67,88.74,53.996,15.39,1262.7
15/9-F-12,2011-02-22,24.0,0.0,48.21,88.19,53.321,15.89,1190.17
15/9-F-12,2011-02-23,24.0,0.0,48.97,87.63,52.397,16.69,1178.16
15/9-F-12,2011-02-24,24.0,0.0,49.31,88.98,52.151,17.0,1166.61
15/9-F-12,2011-02-25,24.0,0.0,50.08,88.3,51.214,17.77,1150.79
15/9-F-12,2011-02-26,24.0,0.0,50.07,89.63,50.845,17.67,1136.01
15/9-F-12,2011-02-27,24.0,0.0,49.88,90.0,50.814,17.44,1130.4
15/9-F-12,2011-02-28,24.0,0.0,50.06,90.31,50.532,17.64,1122.77
15/9-F-12,2011-03-01,24.0,0.0,49.81,89.78,50.577,17.38,1127.97
15/9-F-12,2011-03-02,24.0,0.0,50.84,88.3,49.768,18.49,1107.67
15/9-F-12,2011-03-03,24.0,0.0,51.1,90.1,49.434,18.72,1095.79
15/9-F-12,2011-03-04,24.0,0.0,50.14,90.08,50.072,17.71,1111.01
15/9-F-12,2011-03-05,24.0,0.0,50.75,89.94,49.905,18.34,1099.87
15/9-F-12,2011-03-06,24.0,0.0,50.85,89.09,49.846,18.45,1099.11
15/9-F-12,2011-03-07,24.0,0.0,51.04,87.44,49.874,18.65,1094.18
15/9-F-12,2011-03-08,24.0,0.0,51.0,87.32,49.82,18.59,1085.72
15/9-F-12,2011-03-09,24.0,0.0,50.75,88.41,49.792,18.32,1084.88
15/9-F-12,2011-03-10,24.0,0.0,50.11,88.79,49.9,17.63,1093.52
15/9-F-12,2011-03-11,24.0,0.0,49.65,89.11,49.137,17.16,1155.48
15/9-F-12,2011-03-12,24.0,0.0,45.93,90.14,57.754,13.31,1273.27
15/9-F-12,2011-03-13,24.0,0.0,44.82,89.83,59.577,12.14,1317.83
15/9-F-12,2011-03-14,24.0,0.0,44.64,90.56,59.579,11.97,1319.88
15/9-F-12,2011-03-15,24.0,0.0,44.82,89.52,60.798,12.16,1339.33
15/9-F-12,2011-03-16,24.0,0.0,44.85,88.82,60.786,12.21,1335.73
15/9-F-12,2011-03-17,10.83,0.0,46.41,87.37,58.0,13.76,512.15
15/9-F-12,2011-03-18,24.0,0.0,42.85,90.17,62.364,10.28,1307.39
15/9-F-12,2011-03-19,24.0,0.0,42.18,90.31,66.708,9.53,1367.36
15/9-F-12,2011-03-20,24.0,0.0,42.7,88.82,66.987,10.05,1377.51
15/9-F-12,2011-03-21,24.0,0.0,42.74,89.16,67.76,10.07,1401.73
15/9-F-12,2011-03-22,24.0,0.0,42.5,90.77,67.916,9.82,1310.29
15/9-F-12,2011-03-23,24.0,0.0,42.71,90.52,65.746,10.06,1272.22
15/9-F-12,2011-03-24,24.0,0.0,42.42,91.36,65.238,9.76,1269.45
15/9-F-12,2011-03-25,24.0,0.0,42.26,91.23,65.483,9.48,1270.22
15/9-F-12,2011-03-26,24.0,0.0,42.31,91.16,65.438,9.61,1273.01
15/9-F-12,2011-03-27,23.0,0.0,42.4,90.08,65.427,9.7,1221.62
15/9-F-12,2011-03-28,24.0,0.0,42.22,90.65,67.948,9.52,1273.76
15/9-F-12,2011-03-29,24.0,0.0,42.56,91.21,67.988,9.84,1268.71
15/9-F-12,2011-03-30,24.0,0.0,42.78,90.33,67.857,10.08,1256.64
15/9-F-12,2011-03-31,24.0,0.0,40.97,86.19,64.959,9.69,1271.75
15/9-F-12,2011-04-01,24.0,0.0,42.77,90.24,67.927,10.09,1258.59
15/9-F-12,2011-04-02,24.0,0.0,42.87,89.74,67.918,10.19,1252.49
15/9-F-12,2011-04-03,24.0,0.0,42.83,90.2,67.931,10.16,1248.11
15/9-F-12,2011-04-04,24.0,0.0,42.89,89.17,67.999,10.2,1246.03
15/9-F-12,2011-04-05,23.0,0.0,44.18,87.86,60.782,11.53,1143.41
15/9-F-12,2011-04-06,24.0,0.0,41.81,90.59,68.572,9.15,1241.86
15/9-F-12,2011-04-07,24.0,0.0,41.44,91.29,69.699,8.77,1259.7
15/9-F-12,2011-04-08,24.0,0.0,41.33,91.32,69.932,8.63,1260.44
15/9-F-12,2011-04-09,24.0,0.0,41.37,91.63,69.923,8.69,1253.93
15/9-F-12,2011-04-10,24.0,0.0,41.74,91.03,69.887,9.06,1251.18
15/9-F-12,2011-04-11,24.0,0.0,41.63,91.17,69.995,8.93,1255.76
15/9-F-12,2011-04-12,24.0,0.0,41.41,91.51,70.032,8.71,1256.69
15/9-F-12,2011-04-13,22.92,0.0,42.9,89.4,63.691,10.82,1106.35
15/9-F-12,2011-04-14,24.0,0.0,40.59,91.02,77.216,8.16,1270.15
15/9-F-12,2011-04-15,24.0,0.0,40.02,91.46,83.021,7.55,1293.92
15/9-F-12,2011-04-16,24.0,0.0,39.87,91.6,84.851,7.36,1301.46
15/9-F-12,2011-04-17,24.0,0.0,39.9,91.42,84.93,7.39,1303.22
15/9-F-12,2011-04-18,24.0,0.0,39.9,91.4,84.93,7.4,1295.85
15/9-F-12,2011-04-19,24.0,0.0,39.9,91.4,84.93,7.4,1292.72
15/9-F-12,2011-04-20,24.0,0.0,39.7,92.0,84.9,7.2,1292.57
15/9-F-12,2011-04-21,24.0,0.0,39.7,92.0,84.9,7.2,1290.47
15/9-F-12,2011-04-22,24.0,0.0,39.7,92.0,84.9,7.2,1288.23
15/9-F-12,2011-04-23,24.0,0.0,39.7,92.0,84.9,7.2,1286.05
15/9-F-12,2011-04-24,24.0,0.0,39.7,92.0,84.9,7.2,1286.18
15/9-F-12,2011-04-25,24.0,0.0,39.7,92.0,84.9,7.2,1283.34
15/9-F-12,2011-04-26,24.0,0.0,39.7,92.0,85.101,7.19,1279.87
15/9-F-12,2011-04-27,24.0,0.0,39.72,91.94,85.155,7.21,1281.08
15/9-F-12,2011-04-28,24.0,0.0,39.87,91.77,85.128,7.39,1247.89
15/9-F-12,2011-04-29,24.0,0.0,40.09,91.26,85.121,7.62,1247.09
15/9-F-12,2011-04-30,24.0,0.0,39.72,92.1,85.189,7.24,1245.09
15/9-F-12,2011-05-01,24.0,0.0,39.71,92.05,85.156,7.22,1243.58
15/9-F-12,2011-05-02,24.0,0.0,39.86,91.67,85.084,7.39,1241.78
15/9-F-12,2011-05-03,24.0,0.0,39.69,91.9,85.154,7.19,1238.3
15/9-F-12,2011-05-04,24.0,0.0,39.66,91.99,85.192,7.17,1240.01
15/9-F-12,2011-05-05,24.0,0.0,39.71,91.95,85.098,7.22,1235.08
15/9-F-12,2011-05-06,24.0,0.0,39.93,91.3,85.077,7.46,1232.25
15/9-F-12,2011-05-07,24.0,0.0,40.09,90.58,85.092,7.62,1231.84
15/9-F-12,2011-05-08,24.0,0.0,40.19,89.23,85.098,7.74,1232.65
15/9-F-12,2011-05-09,24.0,0.0,40.03,90.45,85.032,7.57,1226.3
15/9-F-12,2011-05-10,24.0,0.0,39.96,91.23,85.048,7.51,1224.72
15/9-F-12,2011-05-11,18.04,0.0,40.3,91.34,83.156,7.81,960.77
15/9-F-12,2011-05-12,24.0,0.0,39.49,91.33,85.436,7.06,1123.47
15/9-F-12,2011-05-13,24.0,0.0,39.42,91.52,86.324,6.96,1206.18
15/9-F-12,2011-05-14,24.0,0.0,39.5,91.92,86.313,7.01,1208.96
15/9-F-12,2011-05-15,24.0,0.0,39.5,91.94,86.301,7.01,1213.77
15/9-F-12,2011-05-16,24.0,0.0,39.61,91.78,86.264,7.13,1214.14
15/9-F-12,2011-05-17,24.0,0.0,39.6,91.84,86.316,7.1,1213.4
15/9-F-12,2011-05-18,24.0,0.0,40.0,90.2,86.293,7.51,1201.85
15/9-F-12,2011-05-19,22.0,0.0,42.93,87.39,70.692,10.69,919.93
15/9-F-12,2011-05-20,24.0,0.0,38.74,90.35,92.54,6.29,1157.76
15/9-F-12,2011-05-21,24.0,0.0,38.73,89.98,95.765,6.24,1206.49
15/9-F-12,2011-05-22,24.0,0.0,38.76,90.06,95.731,6.25,1204.15
15/9-F-12,2011-05-23,24.0,0.0,38.83,89.49,95.802,6.33,1227.41
15/9-F-12,2011-05-24,24.0,0.0,38.68,89.14,95.818,6.18,1236.72
15/9-F-12,2011-05-25,24.0,0.0,38.58,91.44,95.916,6.07,1238.62
15/9-F-12,2011-05-26,24.0,0.0,38.79,90.45,95.92,6.29,1231.65
15/9-F-12,2011-05-27,24.0,0.0,38.51,91.69,96.039,5.98,1230.1
15/9-F-12,2011-05-28,24.0,0.0,38.83,89.89,96.106,6.29,1229.07
15/9-F-12,2011-05-29,24.0,0.0,39.45,90.09,91.692,6.95,1215.32
15/9-F-12,2011-05-30,24.0,0.0,39.54,91.28,90.001,7.04,1210.16
15/9-F-12,2011-05-31,24.0,0.0,39.34,92.03,90.125,6.84,1208.28
15/9-F-12,2011-06-01,24.0,0.0,39.76,90.16,88.215,7.29,1206.93
15/9-F-12,2011-06-02,19.59,0.0,40.6,88.47,77.823,9.14,876.72
15/9-F-12,2011-06-03,24.0,0.0,37.69,91.63,85.01,5.58,1098.45
15/9-F-12,2011-06-04,24.0,0.0,37.03,92.04,89.909,5.57,1143.66
15/9-F-12,2011-06-05,24.0,0.0,37.14,92.14,89.921,5.63,1151.85
15/9-F-12,2011-06-06,24.0,0.0,37.21,92.27,88.075,5.71,1133.9
15/9-F-12,2011-06-07,24.0,0.0,37.5,92.37,89.926,5.59,1133.95
15/9-F-12,2011-06-08,24.0,0.0,38.29,91.39,89.947,5.84,1130.01
15/9-F-12,2011-06-09,24.0,0.0,38.29,91.38,89.959,5.85,1134.3
15/9-F-12,2011-06-10,24.0,0.0,38.13,92.18,89.937,5.67,1135.13
15/9-F-12,2011-06-11,24.0,0.0,38.03,92.41,89.915,5.74,1135.73
15/9-F-12,2011-06-12,24.0,0.0,38.11,92.22,89.94,5.69,1142.12
15/9-F-12,2011-06-13,24.0,0.0,38.47,90.96,89.95,6.01,1145.26
15/9-F-12,2011-06-14,24.0,0.0,38.18,91.34,89.939,5.69,1145.14
15/9-F-12,2011-06-15,24.0,0.0,38.25,91.78,89.951,5.8,1143.47
15/9-F-12,2011-06-16,24.0,0.0,38.89,91.14,89.962,5.77,1106.61
15/9-F-12,2011-06-17,24.0,0.0,38.41,92.22,89.937,5.54,1119.28
15/9-F-12,2011-06-18,24.0,0.0,38.21,92.05,89.945,5.75,1144.13
15/9-F-12,2011-06-19,24.0,0.0,38.08,92.35,89.922,5.57,1143.76
15/9-F-12,2011-06-20,11.68,0.0,39.06,92.16,84.8,6.59,655.66
15/9-F-12,2011-07-01,24.0,0.0,39.16,77.63,78.478,7.99,910.35
15/9-F-12,2011-07-02,7.68,0.0,36.39,90.59,92.13,4.94,397.67
15/9-F-12,2011-07-03,8.8,0.0,38.72,75.27,66.419,6.82,263.17
15/9-F-12,2011-07-04,8.84,0.0,37.18,90.86,92.41,5.64,472.21
15/9-F-12,2011-07-07,4.24,0.0,37.57,86.33,77.83,5.3,187.54
15/9-F-12,2011-07-08,16.18,0.0,37.53,90.07,91.712,5.66,922.03
15/9-F-12,2011-07-10,23.0,0.0,37.31,90.31,88.204,6.04,786.96
15/9-F-12,2011-07-11,18.01,0.0,38.14,91.76,88.141,6.51,1079.82
15/9-F-12,2011-07-15,3.08,0.0,61.83,35.82,23.625,36.87,109.44
15/9-F-12,2011-07-16,11.18,0.0,39.43,87.05,75.81,7.94,546.8
15/9-F-12,2011-07-20,21.0,0.0,39.15,89.92,78.069,7.52,1207.41
15/9-F-12,2011-07-21,24.0,0.0,41.46,91.19,66.652,9.9,1346.9
15/9-F-12,2011-07-22,6.84,0.0,43.69,90.87,61.274,12.22,401.81
15/9-F-12,2011-07-25,17.4,0.0,39.67,90.34,72.965,8.1,923.98
15/9-F-12,2011-07-26,20.68,0.0,41.95,91.29,64.643,10.44,1197.22
15/9-F-12,2011-07-28,4.32,0.0,40.23,86.21,64.359,8.79,231.02
15/9-F-12,2011-07-29,24.0,0.0,41.48,90.77,65.84,9.95,1363.79
15/9-F-12,2011-07-30,2.01,0.0,47.51,90.56,45.732,16.2,114.3
15/9-F-12,2011-08-04,6.99,0.0,40.81,82.35,62.88,9.3,382.52
15/9-F-12,2011-08-05,24.0,0.0,41.61,90.38,66.539,10.14,1455.67
15/9-F-12,2011-08-06,22.33,0.0,42.23,90.04,65.895,10.79,1290.19
15/9-F-12,2011-08-07,24.0,0.0,40.73,90.89,74.628,8.97,1496.93
15/9-F-12,2011-08-08,24.0,0.0,40.29,91.07,75.965,8.57,1472.39
15/9-F-12,2011-08-09,24.0,0.0,40.02,91.17,76.323,8.37,1449.78
15/9-F-12,2011-08-10,24.0,0.0,38.74,91.77,87.551,7.06,1490.05
15/9-F-12,2011-08-11,24.0,0.0,38.18,91.88,94.827,6.52,1485.17
15/9-F-12,2011-08-12,24.0,0.0,38.06,91.98,94.811,6.42,1463.53
15/9-F-12,2011-08-13,24.0,0.0,38.17,91.25,94.855,6.56,1439.42
15/9-F-12,2011-08-14,24.0,0.0,38.04,91.74,94.884,6.44,1419.05
15/9-F-12,2011-08-15,24.0,0.0,37.55,92.25,98.087,5.91,1406.46
15/9-F-12,2011-08-16,24.0,0.0,37.59,92.03,99.823,5.99,1383.52
15/9-F-12,2011-08-17,24.0,0.0,37.27,92.19,99.85,5.87,1363.86
15/9-F-12,2011-08-18,24.0,0.0,37.07,92.42,99.843,5.76,1354.08
15/9-F-12,2011-08-19,24.0,0.0,37.05,92.35,99.88,5.75,1345.61
15/9-F-12,2011-08-20,24.0,0.0,37.35,91.21,99.919,6.07,1333.21
15/9-F-12,2011-08-21,24.0,0.0,37.25,91.56,99.911,5.97,1320.77
15/9-F-12,2011-08-22,24.0,0.0,36.98,92.24,99.924,5.71,1311.03
15/9-F-12,2011-08-23,24.0,0.0,36.95,92.35,99.922,5.67,1304.59
15/9-F-12,2011-08-24,24.0,0.0,37.19,91.13,99.9,5.93,1286.36
15/9-F-12,2011-08-25,23.16,0.0,37.58,91.56,95.291,6.36,1216.14
15/9-F-12,2011-08-26,23.01,0.0,40.32,86.18,71.781,8.95,941.39
15/9-F-12,2011-08-27,24.0,0.0,37.05,91.89,85.807,5.91,1199.02
15/9-F-12,2011-08-28,24.0,0.0,37.48,90.42,85.884,6.28,1204.78
15/9-F-12,2011-08-29,24.0,0.0,37.47,91.57,83.025,6.27,1196.98
15/9-F-12,2011-08-30,24.0,0.0,37.64,91.97,79.682,6.45,1186.27
15/9-F-12,2011-08-31,24.0,0.0,37.64,92.02,79.704,6.47,1181.38
15/9-F-12,2011-09-01,24.0,0.0,37.7,92.13,79.059,6.51,1172.73
15/9-F-12,2011-09-02,24.0,0.0,38.37,90.94,76.306,7.22,1153.98
15/9-F-12,2011-09-03,24.0,0.0,38.27,91.44,76.181,7.14,1151.36
15/9-F-12,2011-09-04,24.0,0.0,38.06,92.05,76.155,6.89,1150.13
15/9-F-12,2011-09-05,24.0,0.0,38.22,91.43,76.163,7.06,1147.02
15/9-F-12,2011-09-06,24.0,0.0,38.37,90.44,76.191,7.18,1142.99
15/9-F-12,2011-09-07,24.0,0.0,38.26,91.53,73.734,7.1,1142.6
15/9-F-12,2011-09-08,24.0,0.0,38.45,91.89,71.544,7.31,1126.17
15/9-F-12,2011-09-09,24.0,0.0,38.68,92.02,70.207,7.56,1115.42
15/9-F-12,2011-09-10,24.0,0.0,38.82,91.59,70.245,7.71,1108.09
15/9-F-12,2011-09-11,24.0,0.0,39.12,90.96,70.262,8.03,1104.05
15/9-F-12,2011-09-12,24.0,0.0,39.14,90.14,70.264,8.02,1104.51
15/9-F-12,2011-09-13,11.0,0.0,38.12,90.59,66.392,7.21,337.37
15/9-F-12,2011-09-14,24.0,0.0,36.41,91.55,80.861,5.33,1064.91
15/9-F-12,2011-09-15,24.0,0.0,36.57,91.6,82.02,5.51,1086.43
15/9-F-12,2011-09-16,24.0,0.0,36.65,91.8,82.056,5.59,965.79
15/9-F-12,2011-09-17,24.0,0.0,37.15,89.83,80.776,6.13,955.41
15/9-F-12,2011-09-18,24.0,0.0,37.19,89.47,80.306,6.19,956.69
15/9-F-12,2011-09-19,24.0,0.0,37.19,89.47,80.306,6.19,962.32
15/9-F-12,2011-09-20,24.0,0.0,37.39,89.82,79.685,6.29,954.74
15/9-F-12,2011-09-21,24.0,0.0,37.51,90.06,79.09,6.4,933.88
15/9-F-12,2011-09-22,24.0,0.0,37.54,90.96,76.506,6.42,904.32
15/9-F-12,2011-09-23,24.0,0.0,38.06,91.2,72.441,6.96,885.87
15/9-F-12,2011-09-24,24.0,0.0,38.81,90.93,69.065,7.77,873.17
15/9-F-12,2011-09-25,24.0,0.0,38.98,91.11,68.307,7.95,869.43
15/9-F-12,2011-09-26,24.0,0.0,38.92,90.6,68.158,7.88,868.38
15/9-F-12,2011-09-27,24.0,0.0,39.0,90.6,68.127,7.97,865.5
15/9-F-12,2011-09-28,24.0,0.0,39.03,90.36,68.108,7.99,972.57
15/9-F-12,2011-09-29,24.0,0.0,38.15,88.81,65.184,7.13,954.6
15/9-F-12,2011-09-30,24.0,0.0,38.99,91.32,68.136,7.97,968.74
15/9-F-12,2011-10-01,24.0,0.0,38.78,91.81,68.125,7.74,965.2
15/9-F-12,2011-10-02,24.0,0.0,38.47,92.07,69.298,7.41,970.49
15/9-F-12,2011-10-03,24.0,0.0,38.6,90.76,70.038,7.53,974.77
15/9-F-12,2011-10-04,24.0,0.0,38.68,89.73,70.043,7.62,970.84
15/9-F-12,2011-10-05,24.0,0.0,38.72,89.93,70.047,7.63,968.75
15/9-F-12,2011-10-06,24.0,0.0,38.43,91.31,70.069,7.36,967.34
15/9-F-12,2011-10-07,12.99,0.0,40.5,90.8,35.884,9.38,441.16
15/9-F-12,2011-10-08,13.0,0.0,33.98,82.05,47.888,7.68,351.82
15/9-F-12,2011-10-09,24.0,0.0,33.89,90.85,99.827,5.01,937.95
15/9-F-12,2011-10-10,24.0,0.0,34.34,91.81,95.93,5.21,967.24
15/9-F-12,2011-10-11,24.0,0.0,36.97,91.58,74.722,5.85,943.18
15/9-F-12,2011-10-12,24.0,0.0,36.77,91.72,77.741,5.61,958.71
15/9-F-12,2011-10-13,24.0,0.0,36.96,91.78,77.768,5.82,967.99
15/9-F-12,2011-10-14,20.0,0.0,37.34,90.78,57.598,6.54,654.16
15/9-F-12,2011-10-15,15.67,0.0,37.7,90.03,50.522,6.78,607.9
15/9-F-12,2011-11-05,6.5,0.0,63.74,55.08,16.509,25.02,223.0
15/9-F-12,2011-11-06,24.0,0.0,34.96,89.8,99.572,3.86,1147.25
15/9-F-12,2011-11-07,24.0,0.0,36.79,90.41,85.264,5.89,1174.47
15/9-F-12,2011-11-08,24.0,0.0,37.89,90.16,75.757,6.95,1175.75
15/9-F-12,2011-11-09,24.0,0.0,38.42,89.91,72.906,7.47,1186.78
15/9-F-12,2011-11-10,24.0,0.0,38.59,90.47,72.161,7.67,1208.99
15/9-F-12,2011-11-11,11.64,0.0,39.45,89.65,34.914,8.59,594.8
15/9-F-12,2011-11-12,14.02,0.0,38.45,80.88,41.308,7.07,534.99
15/9-F-12,2011-11-13,24.0,0.0,37.26,90.98,83.803,5.67,1220.41
15/9-F-12,2011-11-14,24.0,0.0,37.36,91.38,83.799,5.69,1218.94
15/9-F-12,2011-11-15,24.0,0.0,37.71,91.03,80.405,6.06,1204.52
15/9-F-12,2011-11-16,24.0,0.0,38.01,90.81,79.138,6.34,1183.12
15/9-F-12,2011-11-17,24.0,0.0,38.1,90.54,79.141,6.47,1175.68
15/9-F-12,2011-11-18,24.0,0.0,38.15,89.56,78.574,6.48,1163.61
15/9-F-12,2011-11-19,24.0,0.0,38.04,90.26,78.324,6.38,1151.4
15/9-F-12,2011-11-20,24.0,0.0,38.11,90.44,78.359,6.48,1139.38
15/9-F-12,2011-11-21,24.0,0.0,38.19,90.56,78.245,6.56,1127.62
15/9-F-12,2011-11-22,24.0,0.0,38.1,90.65,78.225,6.48,1116.19
15/9-F-12,2011-11-23,24.0,0.0,38.08,89.41,78.214,6.44,1103.32
15/9-F-12,2011-11-24,23.48,0.0,38.58,90.26,73.997,6.96,1050.43
15/9-F-12,2011-11-28,19.69,0.0,35.96,84.66,63.209,4.44,688.4
15/9-F-12,2011-12-02,20.97,0.0,39.69,77.43,58.165,8.01,779.84
15/9-F-12,2011-12-05,14.36,0.0,37.61,86.97,47.623,6.07,550.96
15/9-F-12,2011-12-06,4.56,0.0,40.25,87.96,14.411,8.75,68.37
15/9-F-12,2011-12-07,19.0,0.0,39.31,82.87,55.272,7.57,760.83
15/9-F-12,2011-12-08,14.31,0.0,39.03,89.94,44.15,7.42,602.26
15/9-F-12,2011-12-11,24.0,0.0,38.67,88.62,71.679,7.26,1143.11
15/9-F-12,2011-12-12,24.0,0.0,41.85,89.15,59.187,10.48,1055.23
15/9-F-12,2011-12-15,24.0,0.0,38.43,88.39,68.169,6.93,1095.94
15/9-F-12,2011-12-16,24.0,0.0,41.5,90.68,58.554,9.92,1056.52
15/9-F-12,2011-12-17,21.14,0.0,40.91,90.36,54.913,9.34,972.03
15/9-F-12,2011-12-18,16.73,0.0,40.77,84.8,42.68,9.58,606.52
15/9-F-12,2011-12-19,24.0,0.0,39.74,90.78,65.869,8.12,1118.52
15/9-F-12,2011-12-20,24.0,0.0,40.04,90.75,64.654,8.39,1101.13
15/9-F-12,2011-12-21,24.0,0.0,40.25,90.55,62.8,8.66,1076.4
15/9-F-12,2011-12-22,24.0,0.0,40.23,90.14,64.14,8.63,1076.79
15/9-F-12,2011-12-23,24.0,0.0,40.15,90.09,64.171,8.54,1070.17
15/9-F-12,2011-12-24,17.98,0.0,40.44,89.65,48.5,8.87,780.09
15/9-F-12,2011-12-27,17.0,0.0,38.69,77.62,49.956,8.32,559.57
15/9-F-12,2011-12-28,10.48,0.0,38.0,88.66,35.853,6.81,484.48
15/9-F-12,2011-12-30,24.0,0.0,38.02,89.22,68.994,6.78,1047.08
15/9-F-12,2011-12-31,24.0,0.0,39.0,89.62,70.017,7.69,1084.36
15/9-F-12,2012-01-01,24.0,0.0,39.23,88.63,69.313,7.91,1072.5
15/9-F-12,2012-01-02,23.39,0.0,40.01,88.5,65.713,8.73,1018.72
15/9-F-12,2012-01-14,2.75,0.0,60.5,46.06,5.335,29.47,76.03
15/9-F-12,2012-01-15,24.0,0.0,37.46,86.98,71.039,6.0,1182.9
15/9-F-12,2012-01-16,24.0,0.0,39.59,88.49,67.157,8.02,1176.13
15/9-F-12,2012-01-17,24.0,0.0,41.18,88.97,61.306,9.57,1104.08
15/9-F-12,2012-01-18,24.0,0.0,40.95,88.95,62.396,9.33,1127.59
15/9-F-12,2012-01-19,24.0,0.0,40.7,89.51,62.848,9.06,1144.71
15/9-F-12,2012-01-20,24.0,0.0,40.56,90.19,62.895,8.91,1134.09
15/9-F-12,2012-01-21,13.18,0.0,41.54,89.36,34.168,9.98,492.32
15/9-F-12,2012-01-22,18.0,0.0,39.58,89.62,45.186,7.1,503.28
15/9-F-12,2012-01-23,24.0,0.0,39.64,90.63,66.81,7.1,1100.46
15/9-F-12,2012-01-24,24.0,0.0,39.93,90.38,67.219,7.38,1096.41
15/9-F-12,2012-01-25,16.34,0.0,40.93,88.27,45.713,8.48,683.76
15/9-F-12,2012-01-27,14.0,0.0,49.21,49.88,39.609,4.41,431.62
15/9-F-12,2012-01-28,24.0,0.0,37.54,88.93,80.592,6.84,1087.75
15/9-F-12,2012-01-29,24.0,0.0,35.7,88.98,99.801,6.1,1247.69
15/9-F-12,2012-01-30,24.0,0.0,35.91,88.56,99.948,6.3,1160.72
15/9-F-12,2012-01-31,24.0,0.0,36.08,88.88,100.0,6.19,1377.09
15/9-F-12,2012-02-01,24.0,0.0,35.53,90.42,100.0,6.11,1191.57
15/9-F-12,2012-02-02,24.0,0.0,35.14,90.78,100.0,6.11,1027.83
15/9-F-12,2012-02-03,24.0,0.0,35.16,90.35,100.0,6.14,1014.41
15/9-F-12,2012-02-04,24.0,0.0,35.48,88.9,100.0,6.3,991.76
15/9-F-12,2012-02-05,24.0,0.0,35.81,90.2,100.0,5.69,971.49
15/9-F-12,2012-02-06,24.0,0.0,36.13,91.32,100.0,5.16,971.72
15/9-F-12,2012-02-07,24.0,0.0,36.51,90.07,100.0,5.56,1028.46
15/9-F-12,2012-02-08,24.0,0.0,35.95,89.27,100.0,6.05,1027.9
15/9-F-12,2012-02-09,16.76,0.0,35.75,89.3,73.708,6.75,683.35
15/9-F-12,2012-02-10,24.0,0.0,39.4,88.25,100.0,10.41,798.18
15/9-F-12,2012-02-11,24.0,0.0,34.86,89.74,99.801,5.74,949.99
15/9-F-12,2012-02-12,24.0,0.0,34.53,91.57,99.841,5.52,957.84
15/9-F-12,2012-02-13,24.0,0.0,34.69,91.22,99.987,5.66,972.37
15/9-F-12,2012-02-14,24.0,0.0,34.7,91.31,100.0,5.67,948.87
15/9-F-12,2012-02-15,24.0,0.0,34.76,91.13,100.0,5.72,944.4
15/9-F-12,2012-02-16,24.0,0.0,34.71,91.41,100.0,5.67,944.23
15/9-F-12,2012-02-17,24.0,0.0,34.85,90.73,100.0,5.75,936.87
15/9-F-12,2012-02-18,24.0,0.0,34.88,90.14,100.0,5.81,928.55
15/9-F-12,2012-02-19,24.0,0.0,34.78,90.82,100.0,5.73,919.29
15/9-F-12,2012-02-20,24.0,0.0,34.96,89.27,100.0,5.92,926.17
15/9-F-12,2012-02-21,24.0,0.0,34.79,90.8,100.0,5.72,921.42
15/9-F-12,2012-02-22,24.0,0.0,34.96,89.58,100.0,5.82,924.47
15/9-F-12,2012-02-23,24.0,0.0,34.82,90.83,100.0,5.68,919.09
15/9-F-12,2012-02-24,24.0,0.0,34.67,91.27,100.0,5.54,916.31
15/9-F-12,2012-02-25,24.0,0.0,34.6,91.52,100.0,5.47,914.06
15/9-F-12,2012-02-26,24.0,0.0,34.82,90.95,100.0,5.71,911.61
15/9-F-12,2012-02-27,24.0,0.0,34.87,90.1,100.0,5.74,908.83
15/9-F-12,2012-02-28,24.0,0.0,34.69,91.23,100.0,5.56,907.19
15/9-F-12,2012-02-29,24.0,0.0,34.62,91.62,100.0,5.51,904.03
15/9-F-12,2012-03-01,24.0,0.0,35.02,91.15,100.0,5.41,897.44
15/9-F-12,2012-03-02,24.0,0.0,34.78,91.38,100.0,5.59,895.92
15/9-F-12,2012-03-03,24.0,0.0,34.97,89.14,100.0,5.88,891.96
15/9-F-12,2012-03-04,24.0,0.0,34.89,90.56,100.0,5.79,887.18
15/9-F-12,2012-03-05,24.0,0.0,34.65,91.22,100.0,5.54,882.14
15/9-F-12,2012-03-06,24.0,0.0,34.89,90.59,100.0,5.79,877.36
15/9-F-12,2012-03-07,24.0,0.0,34.78,90.13,100.0,5.66,877.11
15/9-F-12,2012-03-08,24.0,0.0,34.78,90.21,100.0,5.66,873.46
15/9-F-12,2012-03-09,24.0,0.0,34.89,88.91,99.988,5.77,871.71
15/9-F-12,2012-03-10,24.0,0.0,34.46,90.95,99.87,5.45,871.14
15/9-F-12,2012-03-11,24.0,0.0,34.48,91.68,100.0,5.38,865.6
15/9-F-12,2012-03-12,24.0,0.0,34.47,91.67,100.0,5.37,866.18
15/9-F-12,2012-03-13,22.0,0.0,34.41,91.76,83.388,5.72,735.64
15/9-F-12,2012-03-14,24.0,0.0,34.3,90.88,99.778,5.49,855.2
15/9-F-12,2012-03-15,23.42,0.0,36.62,87.85,90.451,7.73,759.63
15/9-F-12,2012-03-16,24.0,0.0,34.42,90.38,99.853,5.58,841.7
15/9-F-12,2012-03-17,24.0,0.0,34.41,91.2,99.963,5.54,849.76
15/9-F-12,2012-03-18,24.0,0.0,34.38,91.57,97.915,5.51,850.41
15/9-F-12,2012-03-19,24.0,0.0,34.64,90.16,100.0,5.78,855.3
15/9-F-12,2012-03-20,24.0,0.0,34.64,90.56,100.0,5.78,855.64
15/9-F-12,2012-03-21,24.0,0.0,34.6,90.95,100.0,5.75,854.78
15/9-F-12,2012-03-22,24.0,0.0,34.46,91.82,100.0,5.61,855.42
15/9-F-12,2012-03-23,24.0,0.0,34.8,91.94,99.843,5.4,806.48
15/9-F-12,2012-03-24,24.0,0.0,36.05,91.96,90.306,5.36,968.34
15/9-F-12,2012-03-25,23.0,0.0,36.49,91.63,87.293,5.63,806.56
15/9-F-12,2012-03-26,24.0,0.0,36.46,91.98,89.169,5.43,855.1
15/9-F-12,2012-03-27,24.0,0.0,35.86,92.15,92.285,5.47,938.2
15/9-F-12,2012-03-28,24.0,0.0,34.51,91.92,100.0,5.64,880.2
15/9-F-12,2012-03-29,24.0,0.0,34.49,91.7,99.944,5.61,870.82
15/9-F-12,2012-03-30,24.0,0.0,34.47,91.63,100.0,5.59,844.92
15/9-F-12,2012-03-31,24.0,0.0,34.5,91.31,100.0,5.63,838.58
15/9-F-12,2012-04-01,24.0,0.0,34.46,91.42,100.0,5.58,833.82
15/9-F-12,2012-04-02,24.0,0.0,34.43,91.38,100.0,5.54,829.39
15/9-F-12,2012-04-03,24.0,0.0,34.55,91.08,100.0,5.68,836.96
15/9-F-12,2012-04-04,24.0,0.0,34.59,91.52,100.0,5.45,834.41
15/9-F-12,2012-04-05,24.0,0.0,34.55,90.78,100.0,5.68,833.03
15/9-F-12,2012-04-06,24.0,0.0,34.36,91.59,100.0,5.49,829.77
15/9-F-12,2012-04-07,24.0,0.0,34.37,91.56,100.0,5.49,826.51
15/9-F-12,2012-04-08,24.0,0.0,34.71,90.52,100.0,5.84,820.22
15/9-F-12,2012-04-09,24.0,0.0,34.62,91.02,100.0,5.73,818.36
15/9-F-12,2012-04-10,24.0,0.0,34.53,91.34,100.0,5.63,830.89
15/9-F-12,2012-04-11,24.0,0.0,34.28,91.86,100.0,5.38,830.98
15/9-F-12,2012-04-12,24.0,0.0,34.3,91.76,100.0,5.41,826.47
15/9-F-12,2012-04-13,24.0,0.0,34.43,91.5,100.0,5.56,836.0
15/9-F-12,2012-04-14,24.0,0.0,34.31,91.66,100.0,5.44,832.32
15/9-F-12,2012-04-15,24.0,0.0,34.35,91.47,100.0,5.48,826.88
15/9-F-12,2012-04-16,24.0,0.0,34.35,91.51,100.0,5.49,825.09
15/9-F-12,2012-04-17,24.0,0.0,34.67,90.11,100.0,5.82,821.91
15/9-F-12,2012-04-18,24.0,0.0,34.51,91.13,100.0,5.64,811.85
15/9-F-12,2012-04-19,24.0,0.0,34.63,90.19,100.0,5.77,810.57
15/9-F-12,2012-04-20,24.0,0.0,34.78,89.5,100.0,5.92,809.11
15/9-F-12,2012-04-21,24.0,0.0,34.57,90.51,100.0,5.71,820.62
15/9-F-12,2012-04-22,24.0,0.0,34.53,90.99,100.0,5.67,821.18
15/9-F-12,2012-04-23,24.0,0.0,34.51,90.48,100.0,5.64,816.04
15/9-F-12,2012-04-24,24.0,0.0,34.43,91.27,100.0,5.56,814.33
15/9-F-12,2012-04-25,24.0,0.0,34.47,91.0,100.0,5.6,813.78
15/9-F-12,2012-04-26,24.0,0.0,34.35,91.23,100.0,5.48,811.24
15/9-F-12,2012-04-27,24.0,0.0,34.2,91.71,100.0,5.33,806.09
15/9-F-12,2012-04-28,14.29,0.0,34.32,91.05,61.469,6.18,414.39
15/9-F-12,2012-04-29,24.0,0.0,33.12,91.23,98.32,4.2,707.49
15/9-F-12,2012-04-30,24.0,0.0,33.53,91.15,97.733,4.59,738.65
15/9-F-12,2012-05-01,24.0,0.0,33.49,91.52,99.917,4.53,751.87
15/9-F-12,2012-05-02,24.0,0.0,33.6,91.59,100.0,4.62,755.06
15/9-F-12,2012-05-03,24.0,0.0,33.67,91.7,100.0,4.66,750.91
15/9-F-12,2012-05-04,24.0,0.0,33.73,91.46,100.0,4.93,755.63
15/9-F-12,2012-05-05,24.0,0.0,33.82,91.03,100.0,4.8,757.54
15/9-F-12,2012-05-06,24.0,0.0,33.83,91.1,100.0,4.82,759.52
15/9-F-12,2012-05-07,24.0,0.0,33.97,91.05,100.0,4.96,715.75
15/9-F-12,2012-05-08,24.0,0.0,34.23,89.59,100.0,5.24,722.09
15/9-F-12,2012-05-09,24.0,0.0,33.85,91.37,100.0,4.79,722.04
15/9-F-12,2012-05-10,24.0,0.0,33.96,90.94,100.0,4.89,719.66
15/9-F-12,2012-05-11,24.0,0.0,33.83,91.21,100.0,4.76,718.63
15/9-F-12,2012-05-12,24.0,0.0,33.92,91.17,100.0,4.77,727.77
15/9-F-12,2012-05-13,24.0,0.0,34.23,88.82,100.0,5.18,727.82
15/9-F-12,2012-05-14,24.0,0.0,34.18,88.92,100.0,5.1,727.65
15/9-F-12,2012-05-15,24.0,0.0,33.82,91.46,100.0,4.74,725.74
15/9-F-12,2012-05-16,24.0,0.0,33.95,91.14,100.0,4.87,724.18
15/9-F-12,2012-05-17,24.0,0.0,33.93,91.32,100.0,4.85,725.54
15/9-F-12,2012-05-18,24.0,0.0,33.9,91.64,100.0,4.81,725.54
15/9-F-12,2012-05-19,24.0,0.0,33.92,91.56,100.0,4.84,726.68
15/9-F-12,2012-05-20,24.0,0.0,34.05,91.49,100.0,4.97,745.9
15/9-F-12,2012-05-21,24.0,0.0,33.95,91.71,100.0,4.87,746.26
15/9-F-12,2012-05-22,17.69,0.0,35.04,90.32,76.293,6.55,465.52
15/9-F-12,2012-05-23,24.0,0.0,33.68,90.7,99.843,4.86,692.25
15/9-F-12,2012-05-24,24.0,0.0,33.88,91.2,99.966,5.11,710.93
15/9-F-12,2012-05-25,24.0,0.0,33.91,91.96,100.0,5.12,715.95
15/9-F-12,2012-05-26,24.0,0.0,33.69,92.24,100.0,4.87,722.73
15/9-F-12,2012-05-27,24.0,0.0,33.73,92.46,100.0,4.89,729.88
15/9-F-12,2012-05-28,24.0,0.0,33.77,92.23,100.0,4.92,736.22
15/9-F-12,2012-05-29,24.0,0.0,33.85,91.9,100.0,5.0,739.35
15/9-F-12,2012-05-30,24.0,0.0,33.87,91.92,100.0,5.02,735.06
15/9-F-12,2012-05-31,24.0,0.0,33.87,92.01,100.0,5.02,735.48
15/9-F-12,2012-06-01,24.0,0.0,33.95,91.68,100.0,5.1,735.04
15/9-F-12,2012-06-02,24.0,0.0,33.95,91.71,100.0,5.1,733.88
15/9-F-12,2012-06-03,24.0,0.0,33.91,91.7,100.0,5.07,730.3
15/9-F-12,2012-06-04,24.0,0.0,33.93,91.64,100.0,5.08,729.24
15/9-F-12,2012-06-05,24.0,0.0,33.99,91.89,100.0,5.03,726.65
15/9-F-12,2012-06-06,24.0,0.0,34.35,90.68,100.0,5.51,730.04
15/9-F-12,2012-06-07,24.0,0.0,34.43,89.91,100.0,5.6,746.2
15/9-F-12,2012-06-08,24.0,0.0,34.22,89.99,100.0,5.39,743.54
15/9-F-12,2012-06-09,24.0,0.0,34.07,91.4,100.0,5.22,743.22
15/9-F-12,2012-06-10,24.0,0.0,33.94,92.06,100.0,5.06,746.37
15/9-F-12,2012-06-11,24.0,0.0,34.01,91.96,100.0,5.04,735.85
15/9-F-12,2012-06-12,24.0,0.0,33.95,91.79,100.0,5.09,742.22
15/9-F-12,2012-06-13,23.33,0.0,35.69,89.79,100.0,6.86,632.08
15/9-F-12,2012-06-14,24.0,0.0,33.55,92.07,99.979,4.69,714.53
15/9-F-12,2012-06-15,24.0,0.0,33.87,91.69,100.0,5.0,723.64
15/9-F-12,2012-06-16,24.0,0.0,33.81,92.15,100.0,4.92,729.6
15/9-F-12,2012-06-17,24.0,0.0,33.76,92.39,100.0,4.86,732.16
15/9-F-12,2012-06-18,24.0,0.0,33.79,92.43,100.0,4.9,730.97
15/9-F-12,2012-06-19,24.0,0.0,33.99,92.18,100.0,5.11,732.43
15/9-F-12,2012-06-20,16.0,0.0,48.99,78.05,56.597,7.78,375.74
15/9-F-12,2012-06-21,24.0,0.0,32.85,90.98,99.712,3.88,640.44
15/9-F-12,2012-06-22,24.0,0.0,33.43,90.34,100.0,4.43,671.65
15/9-F-12,2012-06-23,24.0,0.0,33.58,90.55,100.0,4.55,685.07
15/9-F-12,2012-06-24,24.0,0.0,33.58,90.53,100.0,4.53,690.19
15/9-F-12,2012-06-25,24.0,0.0,33.29,91.9,100.0,4.25,693.18
15/9-F-12,2012-06-26,24.0,0.0,33.31,91.88,100.0,4.27,693.18
15/9-F-12,2012-06-27,24.0,0.0,33.34,92.08,100.0,4.29,646.3
15/9-F-12,2012-06-28,24.0,0.0,33.59,91.64,100.0,4.54,649.33
15/9-F-12,2012-06-29,24.0,0.0,33.93,90.78,100.0,4.88,652.07
15/9-F-12,2012-06-30,24.0,0.0,33.95,90.78,100.0,4.89,652.27
15/9-F-12,2012-07-01,24.0,0.0,33.88,90.99,100.0,4.82,657.36
15/9-F-12,2012-07-02,24.0,0.0,33.57,91.94,100.0,4.51,671.11
15/9-F-12,2012-07-03,24.0,0.0,33.69,91.58,100.0,4.65,670.62
15/9-F-12,2012-07-04,24.0,0.0,33.81,91.24,100.0,4.77,670.24
15/9-F-12,2012-07-05,24.0,0.0,33.84,91.39,100.0,4.8,670.54
15/9-F-12,2012-07-06,24.0,0.0,33.64,92.06,100.0,4.59,670.24
15/9-F-12,2012-07-07,24.0,0.0,33.55,92.15,100.0,4.47,672.25
15/9-F-12,2012-07-08,24.0,0.0,33.67,92.01,100.0,4.6,670.91
15/9-F-12,2012-07-09,24.0,0.0,33.55,92.06,100.0,4.47,687.94
15/9-F-12,2012-07-10,24.0,0.0,33.6,91.97,100.0,4.52,685.95
15/9-F-12,2012-07-11,24.0,0.0,33.63,92.05,100.0,4.55,685.85
15/9-F-12,2012-07-12,24.0,0.0,33.63,92.09,100.0,4.55,687.83
15/9-F-12,2012-07-13,24.0,0.0,33.64,92.12,100.0,4.55,690.53
15/9-F-12,2012-07-14,24.0,0.0,33.63,92.11,100.0,4.54,689.56
15/9-F-12,2012-07-15,24.0,0.0,33.83,91.34,100.0,4.75,689.42
15/9-F-12,2012-07-16,24.0,0.0,33.67,92.06,100.0,4.6,689.64
15/9-F-12,2012-07-17,24.0,0.0,33.7,92.04,100.0,4.62,690.05
15/9-F-12,2012-07-18,24.0,0.0,33.8,91.93,100.0,4.73,689.59
15/9-F-12,2012-07-19,24.0,0.0,33.72,91.93,97.917,4.64,691.22
15/9-F-12,2012-07-20,24.0,0.0,33.69,91.88,100.0,4.62,689.13
15/9-F-12,2012-07-21,24.0,0.0,33.72,91.88,100.0,4.65,689.04
15/9-F-12,2012-07-22,24.0,0.0,34.09,90.45,100.0,5.04,688.09
15/9-F-12,2012-07-23,24.0,0.0,34.07,90.04,100.0,5.0,689.46
15/9-F-12,2012-07-24,24.0,0.0,33.9,91.69,100.0,4.83,689.72
15/9-F-12,2012-07-25,24.0,0.0,33.64,92.21,100.0,4.57,687.91
15/9-F-12,2012-07-26,24.0,0.0,33.6,92.26,100.0,4.54,687.49
15/9-F-12,2012-07-27,24.0,0.0,33.88,91.09,100.0,4.83,685.15
15/9-F-12,2012-07-28,24.0,0.0,33.86,90.83,100.0,4.79,682.91
15/9-F-12,2012-07-29,24.0,0.0,33.97,91.21,100.0,4.92,685.41
15/9-F-12,2012-07-30,24.0,0.0,33.87,91.9,100.0,4.8,699.1
15/9-F-12,2012-07-31,24.0,0.0,33.65,92.33,100.0,4.57,702.68
15/9-F-12,2012-08-01,24.0,0.0,33.88,91.51,100.0,4.82,700.48
15/9-F-12,2012-08-02,24.0,0.0,33.86,91.53,100.0,4.8,699.13
15/9-F-12,2012-08-03,24.0,0.0,33.83,91.58,100.0,4.78,698.21
15/9-F-12,2012-08-04,24.0,0.0,33.6,92.28,100.0,4.53,693.88
15/9-F-12,2012-08-05,24.0,0.0,33.71,92.17,100.0,4.64,690.65
15/9-F-12,2012-08-06,24.0,0.0,33.71,92.34,100.0,4.63,695.57
15/9-F-12,2012-08-07,24.0,0.0,33.73,92.17,100.0,4.64,697.39
15/9-F-12,2012-08-08,24.0,0.0,33.72,92.09,100.0,4.64,697.39
15/9-F-12,2012-08-09,24.0,0.0,33.69,92.16,100.0,4.62,694.34
15/9-F-12,2012-08-10,24.0,0.0,33.08,92.24,100.0,4.83,698.37
15/9-F-12,2012-08-11,24.0,0.0,32.47,92.35,100.0,5.08,701.58
15/9-F-12,2012-08-12,24.0,0.0,32.42,92.09,100.0,5.32,698.29
15/9-F-12,2012-08-13,0.62,0.0,50.95,89.01,21.992,21.3,632.96
15/9-F-12,2012-09-29,2.99,0.0,34.6,77.68,15.895,3.73,193.44
15/9-F-12,2012-09-30,24.0,0.0,33.5,87.23,98.365,3.21,820.49
15/9-F-12,2012-10-01,24.0,0.0,32.09,88.66,98.393,4.14,795.28
15/9-F-12,2012-10-02,24.0,0.0,32.67,89.09,98.408,4.6,740.28
15/9-F-12,2012-10-03,24.0,0.0,32.26,89.84,98.423,4.94,799.36
15/9-F-12,2012-10-04,24.0,0.0,32.03,91.18,98.439,4.95,829.61
15/9-F-12,2012-10-05,24.0,0.0,32.32,91.35,98.427,5.22,730.08
15/9-F-12,2012-10-06,24.0,0.0,32.33,91.5,98.434,5.22,727.78
15/9-F-12,2012-10-07,24.0,0.0,32.42,91.56,98.425,5.31,721.14
15/9-F-12,2012-10-08,24.0,0.0,32.45,91.46,98.426,5.35,718.11
15/9-F-12,2012-10-09,24.0,0.0,32.49,91.35,98.408,5.39,708.14
15/9-F-12,2012-10-10,24.0,0.0,32.4,91.74,98.442,5.29,736.65
15/9-F-12,2012-10-11,24.0,0.0,32.61,91.17,98.396,5.52,748.23
15/9-F-12,2012-10-12,24.0,0.0,32.77,89.74,98.405,5.68,962.74
15/9-F-12,2012-10-13,22.0,0.0,44.88,74.13,59.816,10.99,661.99
15/9-F-12,2012-10-14,5.18,0.0,33.56,89.8,22.829,6.59,401.74
15/9-F-12,2012-10-19,7.0,0.0,31.12,74.33,100.0,4.41,182.51
15/9-F-12,2012-10-20,24.0,0.0,31.38,90.16,98.385,4.45,1057.84
15/9-F-12,2012-10-21,24.0,0.0,32.02,91.43,98.388,5.04,1072.01
15/9-F-12,2012-10-22,24.0,0.0,32.23,91.71,98.384,5.24,713.89
15/9-F-12,2012-10-23,24.0,0.0,32.25,91.83,98.399,5.24,713.36
15/9-F-12,2012-10-24,24.0,0.0,32.21,91.86,98.409,5.19,716.82
15/9-F-12,2012-10-25,24.0,0.0,32.23,91.36,98.361,5.21,709.19
15/9-F-12,2012-10-26,24.0,0.0,32.15,91.06,98.363,5.12,700.41
15/9-F-12,2012-10-27,24.0,0.0,32.02,91.22,98.399,4.97,699.67
15/9-F-12,2012-10-28,24.0,0.0,32.14,90.46,98.418,5.09,719.27
15/9-F-12,2012-10-29,24.0,0.0,31.74,91.28,98.389,4.69,681.79
15/9-F-12,2012-10-30,24.0,0.0,31.82,90.63,98.399,4.77,686.28
15/9-F-12,2012-10-31,24.0,0.0,32.08,89.1,98.4,5.04,678.68
15/9-F-12,2012-11-01,24.0,0.0,31.89,89.41,98.427,4.85,673.59
15/9-F-12,2012-11-02,24.0,0.0,31.86,89.8,98.442,4.82,664.35
15/9-F-12,2012-11-03,24.0,0.0,31.38,91.3,98.502,4.34,659.98
15/9-F-12,2012-11-04,24.0,0.0,31.36,91.42,98.544,4.31,655.32
15/9-F-12,2012-11-05,24.0,0.0,31.32,91.47,98.569,4.3,647.66
15/9-F-12,2012-11-06,24.0,0.0,31.48,90.79,98.593,4.45,636.76
15/9-F-12,2012-11-07,24.0,0.0,31.63,90.25,98.643,4.6,638.85
15/9-F-12,2012-11-08,24.0,0.0,31.65,91.29,98.647,4.6,641.12
15/9-F-12,2012-11-09,24.0,0.0,32.14,89.62,98.644,5.1,634.89
15/9-F-12,2012-11-10,24.0,0.0,32.24,89.69,98.666,5.17,631.9
15/9-F-12,2012-11-11,24.0,0.0,31.95,91.45,98.696,4.87,630.9
15/9-F-12,2012-11-12,24.0,0.0,32.13,91.32,98.699,5.07,633.16
15/9-F-12,2012-11-13,24.0,0.0,32.46,90.2,98.715,5.41,633.84
15/9-F-12,2012-11-14,24.0,0.0,32.35,90.39,98.735,5.28,634.16
15/9-F-12,2012-11-15,24.0,0.0,32.31,90.6,98.729,5.23,635.09
15/9-F-12,2012-11-16,24.0,0.0,32.54,89.91,96.651,5.46,631.52
15/9-F-12,2012-11-17,24.0,0.0,32.42,90.63,98.725,5.33,633.4
15/9-F-12,2012-11-18,24.0,0.0,32.49,89.75,98.74,5.39,631.33
15/9-F-12,2012-11-19,24.0,0.0,32.72,89.37,98.719,5.63,628.96
15/9-F-12,2012-11-20,24.0,0.0,32.64,90.14,98.74,5.55,627.61
15/9-F-12,2012-11-21,24.0,0.0,32.47,90.83,98.758,5.38,627.7
15/9-F-12,2012-11-22,24.0,0.0,32.48,90.71,98.763,5.39,622.39
15/9-F-12,2012-11-23,24.0,0.0,32.55,89.55,98.797,5.45,620.46
15/9-F-12,2012-11-24,24.0,0.0,32.42,90.68,96.744,5.33,613.0
15/9-F-12,2012-11-25,24.0,0.0,32.45,89.61,98.785,5.37,614.8
15/9-F-12,2012-11-26,24.0,0.0,32.16,91.32,98.822,5.07,614.72
15/9-F-12,2012-11-27,24.0,0.0,32.04,91.79,98.843,4.95,633.48
15/9-F-12,2012-11-28,24.0,0.0,32.1,91.7,98.83,5.0,627.24
15/9-F-12,2012-11-29,24.0,0.0,32.11,91.78,98.835,5.01,622.94
15/9-F-12,2012-11-30,24.0,0.0,32.1,91.76,98.842,5.0,617.76
15/9-F-12,2012-12-01,24.0,0.0,32.11,91.55,98.84,5.01,613.39
15/9-F-12,2012-12-02,24.0,0.0,32.11,91.4,98.844,5.02,608.0
15/9-F-12,2012-12-03,24.0,0.0,32.5,90.45,98.835,5.05,600.12
15/9-F-12,2012-12-04,24.0,0.0,32.1,90.98,98.85,5.0,601.22
15/9-F-12,2012-12-05,24.0,0.0,32.06,91.16,98.856,4.96,569.75
15/9-F-12,2012-12-06,24.0,0.0,32.29,90.72,98.819,5.2,604.43
15/9-F-12,2012-12-07,24.0,0.0,32.4,90.0,98.816,5.32,603.69
15/9-F-12,2012-12-08,24.0,0.0,32.34,90.69,98.832,5.26,601.3
15/9-F-12,2012-12-09,24.0,0.0,32.14,91.16,98.871,5.04,600.3
15/9-F-12,2012-12-10,24.0,0.0,32.12,91.46,98.763,5.03,599.52
15/9-F-12,2012-12-11,22.83,0.0,33.07,90.27,88.11,5.76,497.28
15/9-F-12,2012-12-12,11.71,0.0,32.93,90.97,46.634,5.68,309.36
15/9-F-12,2012-12-13,8.54,0.0,30.41,88.13,37.63,3.75,135.58
15/9-F-12,2012-12-14,23.95,0.0,31.92,88.56,96.613,5.18,513.82
15/9-F-12,2012-12-15,9.21,0.0,31.59,87.74,47.292,4.81,221.79
15/9-F-12,2012-12-16,24.0,0.0,31.64,90.16,98.777,4.86,545.78
15/9-F-12,2012-12-17,24.0,0.0,31.63,90.58,98.783,4.85,551.96
15/9-F-12,2012-12-18,24.0,0.0,31.67,90.67,98.789,4.9,554.22
15/9-F-12,2012-12-19,24.0,0.0,31.7,90.55,98.806,4.94,558.04
15/9-F-12,2012-12-20,24.0,0.0,31.89,89.45,98.809,5.13,530.64
15/9-F-12,2012-12-21,24.0,0.0,31.97,89.1,98.815,5.2,531.29
15/9-F-12,2012-12-22,24.0,0.0,32.12,88.54,98.818,5.31,533.24
15/9-F-12,2012-12-23,24.0,0.0,32.24,87.95,98.835,5.42,535.3
15/9-F-12,2012-12-24,24.0,0.0,32.03,90.06,98.911,5.18,538.78
15/9-F-12,2012-12-25,24.0,0.0,32.16,90.34,98.931,5.3,541.13
15/9-F-12,2012-12-26,24.0,0.0,31.85,91.26,98.897,5.0,539.37
15/9-F-12,2012-12-27,24.0,0.0,31.84,91.04,98.868,5.0,538.35
15/9-F-12,2012-12-28,24.0,0.0,32.31,89.32,98.881,5.49,536.06
15/9-F-12,2012-12-29,24.0,0.0,32.24,88.9,98.93,5.4,538.28
15/9-F-12,2012-12-30,24.0,0.0,32.35,88.22,98.988,5.5,534.72
15/9-F-12,2012-12-31,24.0,0.0,32.25,89.4,99.015,5.39,533.94
15/9-F-12,2013-01-01,24.0,0.0,32.17,90.99,99.014,5.12,531.38
15/9-F-12,2013-01-02,24.0,0.0,32.78,90.44,99.048,5.04,518.56
15/9-F-12,2013-01-03,24.0,0.0,31.94,91.28,99.07,5.11,535.58
15/9-F-12,2013-01-04,24.0,0.0,31.94,91.08,99.087,5.12,584.13
15/9-F-12,2013-01-05,24.0,0.0,32.12,90.62,99.086,5.31,585.08
15/9-F-12,2013-01-06,24.0,0.0,31.92,91.37,97.031,5.11,575.18
15/9-F-12,2013-01-07,24.0,0.0,32.22,90.44,99.107,5.4,581.69
15/9-F-12,2013-01-08,24.0,0.0,32.05,91.31,97.046,5.22,577.99
15/9-F-12,2013-01-09,24.0,0.0,31.98,91.41,99.13,5.14,584.31
15/9-F-12,2013-01-10,24.0,0.0,32.29,90.77,99.129,5.46,582.14
15/9-F-12,2013-01-11,24.0,0.0,32.28,90.94,99.09,5.26,568.21
15/9-F-12,2013-01-12,24.0,0.0,32.18,90.49,99.135,5.35,576.11
15/9-F-12,2013-01-13,24.0,0.0,32.2,90.44,99.162,5.38,573.78
15/9-F-12,2013-01-14,24.0,0.0,32.15,90.14,99.186,5.35,575.16
15/9-F-12,2013-01-15,24.0,0.0,32.1,90.61,99.202,5.04,564.88
15/9-F-12,2013-01-16,24.0,0.0,32.1,90.94,99.226,5.1,569.14
15/9-F-12,2013-01-17,24.0,0.0,35.9,90.32,74.687,7.97,494.69
15/9-F-12,2013-01-18,24.0,0.0,35.06,89.63,100.0,6.06,517.52
15/9-F-12,2013-01-19,24.0,0.0,33.63,89.93,99.136,4.8,561.72
15/9-F-12,2013-01-20,24.0,0.0,33.64,89.98,99.146,4.83,560.12
15/9-F-12,2013-01-21,24.0,0.0,34.0,88.15,99.167,4.98,559.35
15/9-F-12,2013-01-22,24.0,0.0,33.72,89.05,99.171,4.95,563.12
15/9-F-12,2013-01-23,24.0,0.0,33.55,90.56,99.213,4.76,564.84
15/9-F-12,2013-01-24,24.0,0.0,33.49,90.96,99.268,4.7,565.66
15/9-F-12,2013-01-25,24.0,0.0,33.89,89.17,99.287,5.13,565.62
15/9-F-12,2013-01-26,24.0,0.0,33.71,90.13,99.315,4.93,563.37
15/9-F-12,2013-01-27,24.0,0.0,33.83,89.27,99.341,5.03,562.36
15/9-F-12,2013-01-28,24.0,0.0,33.89,88.37,99.3,5.09,563.29
15/9-F-12,2013-01-29,24.0,0.0,33.7,90.05,99.303,4.9,562.1
15/9-F-12,2013-01-30,24.0,0.0,33.86,87.87,99.316,5.04,559.92
15/9-F-12,2013-01-31,24.0,0.0,33.42,91.17,99.293,4.61,561.57
15/9-F-12,2013-02-01,24.0,0.0,33.48,91.0,99.288,4.67,558.2
15/9-F-12,2013-02-02,24.0,0.0,33.49,90.8,99.292,4.69,551.43
15/9-F-12,2013-02-03,24.0,0.0,33.58,90.07,99.302,4.78,552.28
15/9-F-12,2013-02-04,24.0,0.0,33.64,90.0,99.284,4.83,552.26
15/9-F-12,2013-02-05,24.0,0.0,33.6,90.2,99.32,4.78,549.5
15/9-F-12,2013-02-06,24.0,0.0,33.44,90.85,99.335,4.64,543.0
15/9-F-12,2013-02-07,24.0,0.0,33.46,90.87,99.345,4.66,563.9
15/9-F-12,2013-02-08,24.0,0.0,33.45,91.17,99.367,4.66,548.96
15/9-F-12,2013-02-09,24.0,0.0,33.74,90.73,97.296,4.96,546.69
15/9-F-12,2013-02-10,24.0,0.0,33.93,89.26,99.372,5.15,542.25
15/9-F-12,2013-02-11,24.0,0.0,33.89,89.3,99.367,5.12,541.39
15/9-F-12,2013-02-12,24.0,0.0,33.68,90.38,99.365,4.9,539.54
15/9-F-12,2013-02-13,24.0,0.0,33.86,89.63,99.342,5.1,537.04
15/9-F-12,2013-02-14,24.0,0.0,34.03,88.66,97.034,5.26,531.32
15/9-F-12,2013-02-15,24.0,0.0,33.83,90.14,97.06,5.04,534.51
15/9-F-12,2013-02-16,24.0,0.0,33.87,90.44,99.145,5.11,540.85
15/9-F-12,2013-02-17,24.0,0.0,33.93,89.81,97.099,5.16,537.73
15/9-F-12,2013-02-18,24.0,0.0,33.73,90.05,99.165,4.93,542.5
15/9-F-12,2013-02-19,24.0,0.0,33.7,90.63,99.143,4.82,536.32
15/9-F-12,2013-02-20,24.0,0.0,34.99,90.06,99.145,4.69,511.74
15/9-F-12,2013-02-21,24.0,0.0,33.9,90.71,99.163,4.9,537.55
15/9-F-12,2013-02-22,24.0,0.0,34.24,91.03,99.169,4.51,506.01
15/9-F-12,2013-02-23,24.0,0.0,33.78,90.85,100.0,4.83,531.09
15/9-F-12,2013-02-24,24.0,0.0,33.67,91.23,99.16,4.68,528.33
15/9-F-12,2013-02-25,24.0,0.0,33.53,91.26,99.165,4.75,532.29
15/9-F-12,2013-02-26,24.0,0.0,33.42,91.33,99.197,4.65,532.86
15/9-F-12,2013-02-27,24.0,0.0,33.4,91.35,99.205,4.63,529.4
15/9-F-12,2013-02-28,24.0,0.0,33.44,91.24,99.198,4.67,528.44
15/9-F-12,2013-03-01,24.0,0.0,33.49,91.04,99.184,4.72,523.93
15/9-F-12,2013-03-02,24.0,0.0,33.5,90.96,99.191,4.73,526.2
15/9-F-12,2013-03-03,24.0,0.0,33.61,90.5,99.186,4.84,524.24
15/9-F-12,2013-03-04,24.0,0.0,33.85,89.89,99.174,5.07,525.94
15/9-F-12,2013-03-05,24.0,0.0,33.84,90.64,99.16,5.05,526.49
15/9-F-12,2013-03-06,24.0,0.0,33.99,89.51,99.151,5.12,517.94
15/9-F-12,2013-03-07,2.36,0.0,32.73,88.39,11.115,5.55,67.35
15/9-F-12,2013-03-10,8.5,0.0,30.76,85.52,27.578,1.86,96.01
15/9-F-12,2013-03-11,15.19,0.0,32.62,88.6,63.564,4.01,246.39
15/9-F-12,2013-03-25,12.86,0.0,32.35,86.29,25.599,3.14,136.81
15/9-F-12,2013-03-26,24.0,0.0,32.16,89.27,97.365,3.36,493.48
15/9-F-12,2013-03-27,24.0,0.0,32.55,90.32,99.441,3.69,514.75
15/9-F-12,2013-03-28,13.86,0.0,33.18,90.58,57.746,4.19,256.61
15/9-F-12,2013-03-29,16.0,0.0,32.75,89.63,58.264,3.89,275.05
15/9-F-12,2013-03-30,24.0,0.0,32.96,90.62,97.087,4.05,540.13
15/9-F-12,2013-03-31,23.0,0.0,33.21,90.86,97.005,4.27,534.49
15/9-F-12,2013-04-01,21.52,0.0,33.28,90.99,90.945,4.38,495.04
15/9-F-12,2013-04-05,7.33,0.0,35.89,75.57,23.668,7.48,64.24
15/9-F-12,2013-04-10,6.31,0.0,37.23,68.63,19.022,7.36,123.56
15/9-F-12,2013-04-11,24.0,0.0,33.16,88.65,99.383,4.21,553.61
15/9-F-12,2013-04-12,24.0,0.0,25.84,89.9,99.39,5.35,571.67
15/9-F-12,2013-04-13,24.0,0.0,33.76,90.76,99.406,4.82,591.0
15/9-F-12,2013-04-14,24.0,0.0,34.25,89.15,99.477,5.29,605.94
15/9-F-12,2013-04-15,24.0,0.0,34.34,89.02,99.536,5.35,608.46
15/9-F-12,2013-04-16,22.3,0.0,34.56,88.7,84.447,5.79,490.43
15/9-F-12,2013-04-17,24.0,0.0,34.44,89.25,99.641,5.6,618.44
15/9-F-12,2013-04-18,24.0,0.0,34.31,89.4,99.719,5.46,616.69
15/9-F-12,2013-04-19,24.0,0.0,34.01,90.98,99.747,5.18,610.48
15/9-F-12,2013-04-20,24.0,0.0,34.31,90.1,99.751,5.49,612.61
15/9-F-12,2013-04-21,24.0,0.0,34.47,89.66,99.749,5.65,607.86
15/9-F-12,2013-04-22,24.0,0.0,34.43,89.25,99.799,5.55,601.26
15/9-F-12,2013-04-23,24.0,0.0,34.25,90.28,99.846,5.33,594.46
15/9-F-12,2013-04-24,24.0,0.0,34.18,90.88,99.844,5.33,583.12
15/9-F-12,2013-04-25,24.0,0.0,34.28,90.58,99.826,5.44,574.94
15/9-F-12,2013-04-26,24.0,0.0,33.91,91.5,99.587,5.06,568.09
15/9-F-12,2013-04-27,24.0,0.0,33.86,91.37,99.727,5.03,563.28
15/9-F-12,2013-04-28,24.0,0.0,34.33,88.95,99.809,5.49,569.74
15/9-F-12,2013-04-29,24.0,0.0,34.08,89.97,99.794,5.25,548.64
15/9-F-12,2013-04-30,24.0,0.0,33.78,91.16,99.764,4.98,577.78
15/9-F-12,2013-05-01,24.0,0.0,34.13,89.55,99.758,5.33,565.69
15/9-F-12,2013-05-02,24.0,0.0,33.92,91.13,99.759,5.11,566.41
15/9-F-12,2013-05-03,24.0,0.0,34.19,90.09,99.771,5.36,565.75
15/9-F-12,2013-05-04,24.0,0.0,34.27,89.9,99.775,5.44,564.59
15/9-F-12,2013-05-05,24.0,0.0,34.33,90.14,99.353,5.51,566.61
15/9-F-12,2013-05-06,24.0,0.0,34.36,90.24,99.279,5.55,564.4
15/9-F-12,2013-05-07,24.0,0.0,34.19,91.08,99.278,5.37,561.84
15/9-F-12,2013-05-08,24.0,0.0,34.3,90.76,99.273,5.48,558.9
15/9-F-12,2013-05-09,24.0,0.0,34.27,91.05,99.299,5.44,560.27
15/9-F-12,2013-05-10,24.0,0.0,34.19,90.87,99.303,5.35,557.64
15/9-F-12,2013-05-11,24.0,0.0,34.37,90.64,99.317,5.54,558.03
15/9-F-12,2013-05-12,24.0,0.0,34.19,91.24,97.276,5.34,554.03
15/9-F-12,2013-05-13,24.0,0.0,34.4,89.95,97.459,5.54,553.56
15/9-F-12,2013-05-14,14.89,0.0,34.43,89.18,66.989,5.83,291.92
15/9-F-12,2013-05-15,24.0,0.0,33.59,90.2,96.863,4.66,398.18
15/9-F-12,2013-05-16,24.0,0.0,33.74,90.67,100.0,4.78,520.0
15/9-F-12,2013-05-17,21.17,0.0,35.59,89.94,80.922,5.63,391.04
15/9-F-12,2013-05-18,24.0,0.0,33.84,91.66,99.712,4.5,521.54
15/9-F-12,2013-05-19,24.0,0.0,33.64,91.74,99.738,4.66,530.41
15/9-F-12,2013-05-20,24.0,0.0,33.62,91.59,97.917,4.5,533.66
15/9-F-12,2013-05-21,24.0,0.0,33.65,91.4,100.0,4.59,538.24
15/9-F-12,2013-05-22,24.0,0.0,33.64,91.23,100.0,4.58,542.33
15/9-F-12,2013-05-23,24.0,0.0,34.04,90.17,100.0,4.52,533.27
15/9-F-12,2013-05-24,24.0,0.0,33.34,90.65,100.0,4.34,531.8
15/9-F-12,2013-05-25,24.0,0.0,33.31,91.24,100.0,4.14,524.99
15/9-F-12,2013-05-26,24.0,0.0,33.21,91.45,100.0,4.19,526.08
15/9-F-12,2013-05-27,24.0,0.0,33.4,91.13,100.0,4.39,525.16
15/9-F-12,2013-05-28,24.0,0.0,33.66,90.79,100.0,4.64,525.83
15/9-F-12,2013-05-29,24.0,0.0,34.16,91.73,100.0,4.17,510.64
15/9-F-12,2013-05-30,24.0,0.0,33.48,91.98,100.0,4.42,535.0
15/9-F-12,2013-05-31,24.0,0.0,33.6,91.74,99.999,4.54,535.59
15/9-F-12,2013-06-01,24.0,0.0,33.71,91.32,100.0,4.65,536.48
15/9-F-12,2013-06-02,24.0,0.0,33.7,91.72,100.0,4.63,537.52
15/9-F-12,2013-06-03,24.0,0.0,33.73,91.86,100.0,4.66,539.19
15/9-F-12,2013-06-04,24.0,0.0,33.96,91.86,100.0,4.62,527.94
15/9-F-12,2013-06-05,24.0,0.0,35.02,91.56,83.895,5.88,486.9
15/9-F-12,2013-06-06,24.0,0.0,35.06,91.62,83.714,5.77,488.39
15/9-F-12,2013-06-07,24.0,0.0,33.69,91.7,99.729,4.53,523.27
15/9-F-12,2013-06-08,24.0,0.0,33.64,91.66,99.703,4.59,516.87
15/9-F-12,2013-06-09,20.34,0.0,34.17,91.72,85.71,5.17,401.07
15/9-F-12,2013-06-10,22.5,0.0,33.03,91.41,89.374,4.31,412.17
15/9-F-12,2013-06-11,24.0,0.0,33.45,91.66,99.709,4.67,494.31
15/9-F-12,2013-06-12,24.0,0.0,33.9,90.83,99.851,5.06,499.71
15/9-F-12,2013-06-13,24.0,0.0,33.71,91.57,100.0,4.9,508.22
15/9-F-12,2013-06-14,24.0,0.0,33.78,91.13,100.0,5.02,511.37
15/9-F-12,2013-06-15,24.0,0.0,33.95,91.28,100.0,5.08,511.01
15/9-F-12,2013-06-16,24.0,0.0,33.64,91.77,100.0,4.89,516.52
15/9-F-12,2013-06-17,24.0,0.0,33.7,91.93,100.0,4.91,526.2
15/9-F-12,2013-06-18,24.0,0.0,33.96,91.44,100.0,5.21,526.93
15/9-F-12,2013-06-19,24.0,0.0,33.82,91.69,100.0,5.06,527.68
15/9-F-12,2013-06-20,24.0,0.0,33.85,91.64,100.0,5.09,525.85
15/9-F-12,2013-06-21,21.76,0.0,33.58,91.94,100.0,4.88,472.67
15/9-F-12,2013-06-26,12.67,0.0,32.31,89.11,58.773,3.42,177.64
15/9-F-12,2013-06-28,9.41,0.0,33.18,88.55,62.414,4.29,144.51
15/9-F-12,2013-06-29,24.0,0.0,33.0,91.12,99.87,4.07,492.64
15/9-F-12,2013-06-30,24.0,0.0,33.77,90.56,99.924,4.53,494.51
15/9-F-12,2013-07-01,24.0,0.0,33.54,91.42,100.0,4.28,505.53
15/9-F-12,2013-07-02,24.0,0.0,33.57,91.11,99.983,4.63,518.27
15/9-F-12,2013-07-03,24.0,0.0,33.73,90.97,100.0,4.72,519.46
15/9-F-12,2013-07-04,24.0,0.0,33.71,91.03,100.0,4.8,525.32
15/9-F-12,2013-07-05,24.0,0.0,33.62,91.13,100.0,4.62,534.95
15/9-F-12,2013-07-06,5.34,0.0,35.93,90.94,24.923,6.91,37.97
15/9-F-12,2013-07-07,8.49,0.0,32.84,91.24,59.655,3.84,140.54
15/9-F-12,2013-07-08,24.0,0.0,33.23,91.46,100.0,4.2,511.43
15/9-F-12,2013-07-09,23.75,0.0,34.77,90.87,93.277,5.56,483.69
15/9-F-12,2013-07-10,24.0,0.0,33.47,91.67,99.938,4.42,520.4
15/9-F-12,2013-07-11,21.5,0.0,34.57,90.45,84.496,5.37,404.23
15/9-F-12,2013-07-12,24.0,0.0,33.59,91.93,99.939,4.5,523.4
15/9-F-12,2013-07-13,24.0,0.0,34.26,91.88,99.971,4.29,516.12
15/9-F-12,2013-07-14,24.0,0.0,34.82,91.43,99.969,4.23,517.75
15/9-F-12,2013-07-15,24.0,0.0,33.7,91.69,99.979,4.58,581.97
15/9-F-12,2013-07-16,24.0,0.0,33.75,91.81,99.997,4.63,575.33
15/9-F-12,2013-07-17,24.0,0.0,33.74,91.74,99.999,4.62,572.78
15/9-F-12,2013-07-18,24.0,0.0,33.66,92.07,99.999,4.55,571.98
15/9-F-12,2013-07-19,24.0,0.0,33.69,91.95,99.957,4.58,568.38
15/9-F-12,2013-07-20,24.0,0.0,33.68,91.97,99.987,4.57,569.04
15/9-F-12,2013-07-21,24.0,0.0,33.67,91.87,99.959,4.57,567.41
15/9-F-12,2013-07-22,2.17,0.0,35.91,91.51,10.28,6.91,31.36
15/9-F-12,2013-07-24,6.5,0.0,36.58,80.14,7.806,7.68,5.71
15/9-F-12,2013-07-25,24.0,0.0,46.75,86.97,41.038,18.17,216.41
15/9-F-12,2013-07-26,24.0,0.0,52.31,86.75,35.934,23.93,217.37
15/9-F-12,2013-07-27,24.0,0.0,37.82,90.74,80.546,9.13,437.17
15/9-F-12,2013-07-28,0.84,0.0,33.05,90.3,3.25,7.12,14.8
15/9-F-12,2013-07-29,4.0,0.0,33.7,82.79,6.775,4.03,66.02
15/9-F-12,2013-07-30,24.0,0.0,32.68,90.61,99.254,3.71,547.52
15/9-F-12,2013-07-31,4.68,0.0,33.97,91.44,19.975,4.98,59.32
15/9-F-12,2013-08-03,15.98,0.0,34.89,81.22,55.941,6.57,313.04
15/9-F-12,2013-08-04,24.0,0.0,33.3,90.41,97.854,4.23,521.18
15/9-F-12,2013-08-05,24.0,0.0,33.23,91.18,97.847,4.5,533.55
15/9-F-12,2013-08-06,24.0,0.0,33.01,91.87,99.998,4.21,540.26
15/9-F-12,2013-08-07,24.0,0.0,32.99,92.23,100.0,4.18,547.92
15/9-F-12,2013-08-08,24.0,0.0,33.03,92.27,100.0,4.22,544.36
15/9-F-12,2013-08-09,24.0,0.0,33.22,91.95,100.0,4.43,539.32
15/9-F-12,2013-08-10,24.0,0.0,33.16,92.16,100.0,4.35,540.29
15/9-F-12,2013-08-11,24.0,0.0,33.64,92.04,99.945,4.4,531.82
15/9-F-12,2013-08-12,24.0,0.0,33.66,92.18,99.992,4.23,527.03
15/9-F-12,2013-08-13,24.0,0.0,33.37,92.06,99.976,4.41,531.69
15/9-F-12,2013-08-14,24.0,0.0,33.29,92.17,99.958,4.48,534.08
15/9-F-12,2013-08-15,24.0,0.0,33.62,91.47,99.884,4.84,530.29
15/9-F-12,2013-08-16,24.0,0.0,33.4,91.76,99.974,4.57,540.4
15/9-F-12,2013-08-17,24.0,0.0,33.67,91.02,99.903,4.87,531.72
15/9-F-12,2013-08-18,24.0,0.0,33.63,90.81,100.0,4.78,533.77
15/9-F-12,2013-08-19,24.0,0.0,33.44,91.68,100.0,4.61,552.66
15/9-F-12,2013-08-20,24.0,0.0,33.49,91.72,100.0,4.67,544.62
15/9-F-12,2013-08-21,24.0,0.0,33.45,91.9,100.0,4.65,534.43
15/9-F-12,2013-08-22,24.0,0.0,33.47,91.61,97.917,4.67,528.12
15/9-F-12,2013-08-23,24.0,0.0,33.38,91.74,100.0,4.61,529.89
15/9-F-12,2013-08-24,24.0,0.0,33.48,91.12,100.0,4.71,528.26
15/9-F-12,2013-08-25,24.0,0.0,33.37,91.58,100.0,4.6,525.74
15/9-F-12,2013-08-26,24.0,0.0,33.47,91.94,100.0,4.7,522.01
15/9-F-12,2013-08-27,24.0,0.0,33.63,91.41,100.0,4.7,565.25
15/9-F-12,2013-08-28,24.0,0.0,33.23,92.19,99.998,4.37,487.72
15/9-F-12,2013-08-29,24.0,0.0,33.35,91.98,99.988,4.61,490.27
15/9-F-12,2013-08-30,24.0,0.0,33.57,91.63,99.99,4.78,496.78
15/9-F-12,2013-08-31,24.0,0.0,33.23,91.8,99.983,4.62,500.71
15/9-F-12,2013-09-01,24.0,0.0,33.35,91.65,99.972,4.69,501.0
15/9-F-12,2013-09-02,24.0,0.0,33.59,91.87,99.998,4.57,520.46
15/9-F-12,2013-09-03,24.0,0.0,33.6,91.85,99.99,4.77,524.59
15/9-F-12,2013-09-04,24.0,0.0,33.79,91.15,99.995,4.98,528.03
15/9-F-12,2013-09-05,24.0,0.0,38.64,90.64,76.877,9.97,414.29
15/9-F-12,2013-09-06,24.0,0.0,45.7,90.01,45.577,17.09,260.2
15/9-F-12,2013-09-07,24.0,0.0,45.71,89.92,45.544,17.22,258.92
15/9-F-12,2013-09-08,24.0,0.0,45.5,90.31,45.548,16.99,257.43
15/9-F-12,2013-09-09,24.0,0.0,45.36,90.35,45.569,16.84,259.06
15/9-F-12,2013-09-10,24.0,0.0,45.27,89.88,45.529,16.76,253.66
15/9-F-12,2013-09-11,24.0,0.0,45.1,90.07,45.563,16.58,249.96
15/9-F-12,2013-09-12,18.64,0.0,44.94,89.81,35.865,16.54,204.82
15/9-F-12,2013-09-14,7.0,0.0,43.94,58.83,10.686,17.58,38.35
15/9-F-12,2013-09-15,24.0,0.0,32.09,89.19,93.949,3.59,434.55
15/9-F-12,2013-09-16,22.5,0.0,35.6,85.61,80.401,7.15,397.03
15/9-F-12,2013-09-17,24.0,0.0,32.84,90.31,99.329,4.23,494.2
15/9-F-12,2013-09-18,10.64,0.0,33.23,91.17,43.785,4.73,198.18
15/9-F-12,2013-09-20,16.31,0.0,31.37,88.8,54.953,2.95,184.8
15/9-F-12,2013-09-21,9.56,0.0,33.49,89.16,38.421,4.96,123.62
15/9-F-12,2013-09-22,24.0,0.0,32.37,90.65,93.724,3.68,383.41
15/9-F-12,2013-09-23,24.0,0.0,32.37,91.76,99.399,3.68,492.62
15/9-F-12,2013-09-24,24.0,0.0,32.53,91.8,99.329,3.83,408.26
15/9-F-12,2013-09-25,24.0,0.0,32.55,91.86,99.365,3.84,410.28
15/9-F-12,2013-09-26,24.0,0.0,32.52,92.01,99.407,3.79,411.89
15/9-F-12,2013-09-27,8.31,0.0,42.64,90.33,19.699,14.34,64.36
15/9-F-12,2013-09-28,17.02,0.0,35.69,84.51,54.217,6.81,206.41
15/9-F-12,2013-09-29,24.0,0.0,32.64,91.0,99.151,3.79,367.22
15/9-F-12,2013-09-30,24.0,0.0,32.94,90.46,99.165,4.07,375.93
15/9-F-12,2013-10-01,24.0,0.0,32.96,90.48,99.164,4.09,375.71
15/9-F-12,2013-10-02,24.0,0.0,33.05,90.52,99.17,4.16,295.03
15/9-F-12,2013-10-03,24.0,0.0,33.07,90.13,99.162,4.2,293.47
15/9-F-12,2013-10-04,24.0,0.0,33.05,90.47,99.226,4.17,292.86
15/9-F-12,2013-10-05,24.0,0.0,32.69,91.54,99.437,3.77,296.71
15/9-F-12,2013-10-06,24.0,0.0,32.9,89.99,99.611,4.0,298.71
15/9-F-12,2013-10-07,24.0,0.0,32.88,89.55,97.595,3.98,298.45
15/9-F-12,2013-10-08,24.0,0.0,32.82,90.45,99.773,3.92,295.29
15/9-F-12,2013-10-09,24.0,0.0,32.66,91.31,99.744,3.74,292.16
15/9-F-12,2013-10-10,24.0,0.0,32.69,91.24,99.738,3.79,292.9
15/9-F-12,2013-10-11,12.31,0.0,33.25,91.18,54.534,4.43,163.08
15/9-F-12,2013-10-12,8.86,0.0,37.16,79.54,26.852,8.26,99.76
15/9-F-12,2013-10-13,24.0,0.0,32.11,90.72,99.054,3.3,279.17
15/9-F-12,2013-10-14,24.0,0.0,32.81,90.57,99.544,3.7,279.23
15/9-F-12,2013-10-15,24.0,0.0,32.87,91.19,97.54,3.56,280.73
15/9-F-12,2013-10-16,24.0,0.0,32.81,91.36,99.619,3.61,283.09
15/9-F-12,2013-10-17,24.0,0.0,32.55,91.31,100.0,3.73,288.49
15/9-F-12,2013-10-18,24.0,0.0,32.56,91.39,99.588,3.7,284.86
15/9-F-12,2013-10-19,24.0,0.0,33.07,89.67,99.517,4.18,282.54
15/9-F-12,2013-10-20,24.0,0.0,33.09,88.59,99.501,4.25,287.52
15/9-F-12,2013-10-21,24.0,0.0,33.04,88.8,99.492,4.21,282.06
15/9-F-12,2013-10-22,24.0,0.0,33.04,89.55,99.625,4.2,285.59
15/9-F-12,2013-10-23,24.0,0.0,32.9,90.45,99.666,4.06,285.87
15/9-F-12,2013-10-24,24.0,0.0,32.79,89.94,97.703,3.94,286.93
15/9-F-12,2013-10-25,24.0,0.0,32.93,90.31,99.691,4.1,286.03
15/9-F-12,2013-10-26,24.0,0.0,32.89,90.39,99.726,4.03,285.36
15/9-F-12,2013-10-27,24.14,0.0,33.46,89.32,95.092,4.62,280.98
15/9-F-12,2013-10-28,10.19,0.0,32.61,84.72,35.227,5.97,141.14
15/9-F-12,2013-10-29,13.48,0.0,32.19,90.69,60.037,3.57,181.22
15/9-F-12,2013-10-30,11.02,0.0,34.66,76.18,34.692,5.01,153.26
15/9-F-12,2013-10-31,24.0,0.0,32.46,88.65,100.0,3.86,276.81
15/9-F-12,2013-11-01,24.0,0.0,32.64,87.93,99.191,4.01,281.1
15/9-F-12,2013-11-02,24.0,0.0,32.62,89.56,99.12,3.99,289.26
15/9-F-12,2013-11-03,16.33,0.0,33.56,87.32,59.913,4.74,204.44
15/9-F-12,2013-11-04,8.31,0.0,37.13,89.88,27.139,7.85,56.86
15/9-F-12,2013-11-07,24.0,0.0,31.76,87.8,100.0,2.97,148.58
15/9-F-12,2013-11-08,24.0,0.0,32.2,88.11,99.445,3.36,259.94
15/9-F-12,2013-11-09,24.0,0.0,32.07,90.82,99.436,3.21,256.51
15/9-F-12,2013-11-10,24.0,0.0,32.13,90.88,99.383,3.27,255.68
15/9-F-12,2013-11-11,24.0,0.0,35.93,88.5,78.66,7.08,228.51
15/9-F-12,2013-11-12,24.0,0.0,32.69,89.35,98.987,3.65,273.47
15/9-F-12,2013-11-13,24.0,0.0,32.65,89.68,99.618,3.58,271.33
15/9-F-12,2013-11-14,24.0,0.0,32.47,90.01,99.696,3.61,274.55
15/9-F-12,2013-11-15,24.0,0.0,32.56,89.45,99.796,3.71,277.47
15/9-F-12,2013-11-16,24.0,0.0,32.66,89.22,99.75,3.8,280.21
15/9-F-12,2013-11-17,24.0,0.0,32.6,90.3,99.601,3.73,272.16
15/9-F-12,2013-11-18,24.0,0.0,32.55,90.48,99.664,3.67,272.09
15/9-F-12,2013-11-19,24.0,0.0,32.47,90.44,99.616,3.58,267.04
15/9-F-12,2013-11-20,24.0,0.0,32.74,89.35,99.621,3.86,273.73
15/9-F-12,2013-11-21,24.0,0.0,32.53,90.71,99.679,3.66,274.09
15/9-F-12,2013-11-22,24.0,0.0,32.38,91.22,99.744,3.5,277.75
15/9-F-12,2013-11-23,24.0,0.0,32.37,91.27,99.732,3.5,273.88
15/9-F-12,2013-11-24,24.0,0.0,32.45,90.73,99.629,3.59,271.59
15/9-F-12,2013-11-25,24.0,0.0,32.42,90.92,99.702,3.57,271.85
15/9-F-12,2013-11-26,24.0,0.0,32.6,90.01,99.808,3.74,272.84
15/9-F-12,2013-11-27,24.0,0.0,32.42,91.07,99.718,3.56,272.37
15/9-F-12,2013-11-28,24.0,0.0,32.42,90.96,99.68,3.56,271.91
15/9-F-12,2013-11-29,24.0,0.0,32.57,89.9,99.593,3.69,270.19
15/9-F-12,2013-11-30,24.0,0.0,32.46,90.83,99.587,3.59,271.16
15/9-F-12,2013-12-01,24.0,0.0,32.4,90.95,99.6,3.53,271.62
15/9-F-12,2013-12-02,24.0,0.0,32.71,88.94,99.691,3.83,281.46
15/9-F-12,2013-12-03,24.0,0.0,32.65,89.47,99.697,3.78,280.77
15/9-F-12,2013-12-04,24.0,0.0,32.5,90.51,99.558,3.63,271.96
15/9-F-12,2013-12-05,23.39,0.0,33.18,88.15,95.568,4.3,264.79
15/9-F-12,2013-12-06,10.28,0.0,32.19,89.47,52.907,3.35,106.82
15/9-F-12,2013-12-07,24.0,0.0,32.2,90.22,99.224,3.4,251.57
15/9-F-12,2013-12-08,24.0,0.0,32.34,89.5,99.683,3.65,264.78
15/9-F-12,2013-12-09,9.22,0.0,32.41,90.2,44.639,3.67,105.28
15/9-F-12,2013-12-10,14.5,0.0,32.8,87.62,72.216,3.96,154.42
15/9-F-12,2013-12-12,24.0,0.0,31.92,88.23,95.403,3.23,209.17
15/9-F-12,2013-12-13,8.06,0.0,32.55,89.4,33.907,3.83,135.68
15/9-F-12,2013-12-14,20.27,0.0,32.29,87.75,100.0,3.71,215.12
15/9-F-12,2013-12-15,18.39,0.0,32.98,89.11,90.788,4.41,208.64
15/9-F-12,2013-12-16,24.0,0.0,32.74,88.25,100.0,4.11,253.67
15/9-F-12,2013-12-17,24.0,0.0,32.76,88.22,100.0,4.14,284.01
15/9-F-12,2013-12-18,24.0,0.0,32.89,89.04,100.0,4.27,275.19
15/9-F-12,2013-12-19,24.0,0.0,32.84,88.06,100.0,4.2,274.85
15/9-F-12,2013-12-20,13.48,0.0,33.3,87.98,71.485,4.58,151.55
15/9-F-12,2013-12-21,24.0,0.0,32.83,87.71,99.808,4.09,259.98
15/9-F-12,2013-12-22,24.0,0.0,32.8,88.92,100.0,4.15,276.48
15/9-F-12,2013-12-23,24.0,0.0,32.94,88.92,99.803,4.28,274.74
15/9-F-12,2013-12-24,24.0,0.0,33.0,88.27,99.801,4.34,274.49
15/9-F-12,2013-12-25,24.0,0.0,33.06,87.25,99.911,4.39,282.76
15/9-F-12,2013-12-26,21.14,0.0,33.37,87.93,86.903,4.79,240.71
15/9-F-12,2013-12-27,16.0,0.0,34.31,87.17,64.353,3.54,154.55
15/9-F-12,2013-12-28,24.0,0.0,33.01,87.41,99.397,3.94,268.24
15/9-F-12,2013-12-29,24.0,0.0,32.37,90.83,99.468,3.74,273.76
15/9-F-12,2013-12-30,24.0,0.0,32.89,89.23,99.446,4.28,273.25
15/9-F-12,2013-12-31,22.67,0.0,36.18,86.08,80.49,6.3,239.21
15/9-F-12,2014-01-01,24.0,0.0,32.84,89.54,99.147,4.21,276.25
15/9-F-12,2014-01-02,24.0,0.0,32.98,89.05,99.306,4.33,275.19
15/9-F-12,2014-01-03,24.0,0.0,37.81,88.4,76.352,9.25,232.87
15/9-F-12,2014-01-04,13.98,0.0,36.68,86.99,49.281,7.97,171.12
15/9-F-12,2014-01-05,5.19,0.0,35.35,80.83,17.142,6.06,51.31
15/9-F-12,2014-01-06,24.0,0.0,32.31,88.36,98.889,3.49,260.47
15/9-F-12,2014-01-07,24.0,0.0,32.74,88.1,98.949,3.9,269.88
15/9-F-12,2014-01-08,24.0,0.0,32.52,88.98,99.168,3.64,281.94
15/9-F-12,2014-01-09,24.0,0.0,32.31,90.27,99.171,3.43,275.23
15/9-F-12,2014-01-10,24.0,0.0,32.29,90.55,99.231,3.42,275.86
15/9-F-12,2014-01-11,24.0,0.0,32.28,90.65,99.162,3.4,274.6
15/9-F-12,2014-01-12,24.0,0.0,32.4,90.44,99.184,3.54,273.45
15/9-F-12,2014-01-13,24.0,0.0,32.67,89.21,99.128,3.81,275.89
15/9-F-12,2014-01-14,24.0,0.0,32.72,89.05,99.162,3.87,269.08
15/9-F-12,2014-01-15,24.0,0.0,39.67,86.69,67.098,10.93,213.77
15/9-F-12,2014-01-16,24.0,0.0,44.57,84.29,46.57,15.86,203.72
15/9-F-12,2014-01-17,24.0,0.0,33.15,86.51,96.862,4.23,269.91
15/9-F-12,2014-01-18,10.14,0.0,33.46,86.52,46.985,4.56,83.39
15/9-F-12,2014-01-24,4.19,0.0,41.53,81.77,23.103,12.26,23.51
15/9-F-12,2014-01-25,13.48,0.0,42.52,85.04,29.444,13.35,111.81
15/9-F-12,2014-01-26,24.0,0.0,45.31,84.89,40.177,16.33,146.41
15/9-F-12,2014-01-27,21.83,0.0,45.24,81.25,35.551,16.5,152.65
15/9-F-12,2014-01-28,9.64,0.0,46.56,82.81,35.489,17.89,71.22
15/9-F-12,2014-01-29,2.0,0.0,53.44,24.09,5.335,31.15,3.99
15/9-F-12,2014-01-31,21.69,0.0,32.92,84.68,100.0,4.36,253.72
15/9-F-12,2014-02-01,24.0,0.0,32.2,87.73,97.17,3.66,242.4
15/9-F-12,2014-02-02,24.0,0.0,32.98,88.03,97.359,4.05,249.21
15/9-F-12,2014-02-03,24.0,0.0,32.68,89.6,97.382,4.12,250.29
15/9-F-12,2014-02-04,24.0,0.0,32.66,89.43,97.406,4.1,249.14
15/9-F-12,2014-02-05,24.0,0.0,32.77,88.71,97.472,4.09,249.99
15/9-F-12,2014-02-06,7.9,0.0,34.41,87.31,53.528,4.19,129.54
15/9-F-12,2014-02-08,6.5,0.0,31.65,85.92,17.574,2.93,37.32
15/9-F-12,2014-02-09,24.0,0.0,32.24,87.7,99.945,3.45,246.21
15/9-F-12,2014-02-10,4.0,0.0,32.78,87.16,17.524,4.04,25.89
15/9-F-12,2014-02-12,22.5,0.0,33.53,87.26,84.606,3.31,227.19
15/9-F-12,2014-02-13,24.0,0.0,33.14,87.47,100.0,4.37,261.34
15/9-F-12,2014-02-14,24.0,0.0,32.93,89.38,100.0,4.29,265.94
15/9-F-12,2014-02-15,24.0,0.0,38.83,88.59,72.034,10.24,219.14
15/9-F-12,2014-02-16,24.0,0.0,32.76,90.83,99.728,4.07,266.27
15/9-F-12,2014-02-17,24.0,0.0,32.73,91.12,100.0,4.05,269.76
15/9-F-12,2014-02-18,17.0,0.0,33.31,88.77,62.155,4.46,188.33
15/9-F-12,2014-02-19,24.0,0.0,32.76,90.78,100.0,4.08,266.53
15/9-F-12,2014-02-20,24.0,0.0,33.22,89.58,100.0,4.54,273.39
15/9-F-12,2014-02-21,24.0,0.0,33.35,88.61,100.0,4.64,276.26
15/9-F-12,2014-02-22,24.0,0.0,33.26,88.38,100.0,4.56,280.32
15/9-F-12,2014-02-23,24.0,0.0,33.21,88.44,100.0,4.55,275.25
15/9-F-12,2014-02-24,24.0,0.0,33.01,89.27,100.0,4.37,276.34
15/9-F-12,2014-02-25,24.0,0.0,32.95,89.91,100.0,4.3,269.44
15/9-F-12,2014-02-26,24.0,0.0,33.0,89.72,100.0,4.37,269.07
15/9-F-12,2014-02-27,24.0,0.0,33.0,89.23,100.0,4.35,266.84
15/9-F-12,2014-02-28,24.0,0.0,32.88,90.17,100.0,4.24,270.0
15/9-F-12,2014-03-01,24.0,0.0,32.91,89.83,100.0,4.31,262.88
15/9-F-12,2014-03-02,24.0,0.0,33.0,89.8,100.0,4.19,262.86
15/9-F-12,2014-03-03,24.0,0.0,32.82,89.35,97.917,4.17,270.42
15/9-F-12,2014-03-04,24.0,0.0,32.78,89.73,100.0,4.15,264.68
15/9-F-12,2014-03-05,24.0,0.0,32.74,89.48,100.0,4.11,266.65
15/9-F-12,2014-03-06,24.0,0.0,32.79,88.92,100.0,4.15,268.37
15/9-F-12,2014-03-07,24.0,0.0,32.67,89.31,100.0,4.01,260.52
15/9-F-12,2014-03-08,24.0,0.0,32.8,89.04,100.0,4.18,258.63
15/9-F-12,2014-03-09,24.0,0.0,32.77,88.63,100.0,4.14,260.25
15/9-F-12,2014-03-10,24.0,0.0,32.35,90.85,100.0,3.72,258.2
15/9-F-12,2014-03-11,24.0,0.0,32.7,89.73,100.0,4.1,255.86
15/9-F-12,2014-03-12,24.0,0.0,33.08,88.9,100.0,4.13,254.22
15/9-F-12,2014-03-13,24.0,0.0,32.49,90.39,97.917,3.87,255.14
15/9-F-12,2014-03-14,24.0,0.0,32.61,89.31,100.0,3.97,253.39
15/9-F-12,2014-03-15,24.0,0.0,32.3,90.7,100.0,3.65,253.68
15/9-F-12,2014-03-16,24.0,0.0,32.3,90.51,100.0,3.66,251.39
15/9-F-12,2014-03-17,24.0,0.0,32.22,90.7,100.0,3.59,252.82
15/9-F-12,2014-03-18,24.0,0.0,32.37,90.4,100.0,3.74,249.78
15/9-F-12,2014-03-19,24.0,0.0,37.99,87.85,65.696,9.37,203.75
15/9-F-12,2014-03-20,24.0,0.0,34.32,86.71,90.336,5.59,240.81
15/9-F-12,2014-03-21,24.0,0.0,32.86,87.27,100.0,4.19,252.33
15/9-F-12,2014-03-22,12.39,0.0,32.74,88.96,52.925,4.05,155.75
15/9-F-12,2014-03-23,24.0,0.0,32.94,89.26,94.352,3.2,220.76
15/9-F-12,2014-03-24,6.56,0.0,33.51,90.16,26.649,4.38,89.41
15/9-F-12,2014-03-25,7.78,0.0,39.95,70.55,16.339,8.71,48.29
15/9-F-12,2014-03-26,24.0,0.0,32.85,89.19,99.622,3.15,269.0
15/9-F-12,2014-03-27,10.56,0.0,33.25,86.55,51.068,4.27,89.6
15/9-F-12,2014-03-28,6.5,0.0,40.41,70.24,18.004,9.66,20.58
15/9-F-12,2014-03-29,13.94,0.0,38.35,68.59,53.26,5.9,103.6
15/9-F-12,2014-03-30,23.0,0.0,31.83,90.48,97.826,3.27,234.42
15/9-F-12,2014-03-31,24.0,0.0,32.07,90.64,99.997,3.5,247.62
15/9-F-12,2014-04-01,24.0,0.0,32.18,90.47,99.975,3.61,246.51
15/9-F-12,2014-04-02,24.0,0.0,32.19,90.67,99.977,3.61,247.15
15/9-F-12,2014-04-03,24.0,0.0,32.41,90.13,99.972,3.82,248.03
15/9-F-12,2014-04-04,24.0,0.0,32.58,89.14,99.964,4.0,206.64
15/9-F-12,2014-04-05,24.0,0.0,32.57,89.64,99.943,3.98,210.29
15/9-F-12,2014-04-06,18.06,0.0,32.8,90.05,74.435,4.29,171.1
15/9-F-12,2014-04-07,5.0,0.0,34.46,82.16,10.995,6.09,12.44
15/9-F-12,2014-04-08,24.0,0.0,31.73,90.14,99.902,3.16,198.5
15/9-F-12,2014-04-09,24.0,0.0,32.15,90.76,99.964,3.56,209.39
15/9-F-12,2014-04-10,21.96,0.0,32.31,90.36,82.836,3.89,202.46
15/9-F-12,2014-04-11,24.0,0.0,32.41,90.31,99.951,3.78,213.71
15/9-F-12,2014-04-12,24.0,0.0,32.73,88.33,99.985,4.09,213.39
15/9-F-12,2014-04-13,24.0,0.0,32.37,90.38,99.924,3.72,210.65
15/9-F-12,2014-04-14,24.0,0.0,32.38,90.53,97.797,3.75,215.16
15/9-F-12,2014-04-15,24.0,0.0,32.45,90.41,99.847,3.83,210.76
15/9-F-12,2014-04-16,24.0,0.0,32.8,88.39,99.825,4.2,210.38
15/9-F-12,2014-04-17,24.0,0.0,32.6,89.64,99.924,3.95,213.0
15/9-F-12,2014-04-18,24.0,0.0,32.46,90.79,99.969,3.82,210.99
15/9-F-12,2014-04-19,24.0,0.0,32.54,90.86,99.808,3.92,211.19
15/9-F-12,2014-04-20,24.0,0.0,32.52,90.88,99.821,3.89,209.66
15/9-F-12,2014-04-21,24.0,0.0,42.45,87.36,58.247,14.02,169.26
15/9-F-12,2014-04-22,24.0,0.0,50.74,84.06,35.053,22.44,137.8
15/9-F-12,2014-04-23,24.0,0.0,47.29,85.44,40.93,18.88,151.04
15/9-F-12,2014-04-24,24.0,0.0,41.0,88.27,51.555,12.39,200.67
15/9-F-12,2014-04-25,24.0,0.0,40.6,89.14,49.299,12.01,163.06
15/9-F-12,2014-04-26,24.0,0.0,38.49,88.78,59.845,9.84,173.54
15/9-F-12,2014-04-27,24.0,0.0,32.8,90.42,99.976,3.99,213.48
15/9-F-12,2014-04-28,24.0,0.0,32.65,91.02,99.94,3.85,212.63
15/9-F-12,2014-04-29,24.0,0.0,32.75,90.48,99.812,3.94,202.33
15/9-F-12,2014-04-30,24.0,0.0,32.55,90.85,99.888,3.74,196.8
15/9-F-12,2014-05-01,24.0,0.0,32.69,90.54,99.783,3.88,194.26
15/9-F-12,2014-05-02,24.0,0.0,32.65,90.93,99.845,3.72,193.48
15/9-F-12,2014-05-03,24.0,0.0,32.56,91.06,99.885,3.76,193.05
15/9-F-12,2014-05-04,24.0,0.0,32.71,90.83,99.766,3.91,191.08
15/9-F-12,2014-05-05,24.0,0.0,32.92,90.12,99.787,4.12,199.63
15/9-F-12,2014-05-06,24.0,0.0,32.9,90.18,99.828,4.07,196.51
15/9-F-12,2014-05-07,24.0,0.0,33.46,90.65,99.865,3.87,195.86
15/9-F-12,2014-05-08,14.49,0.0,34.77,89.91,59.646,4.14,105.51
15/9-F-12,2014-05-11,15.18,0.0,31.22,88.85,51.037,2.18,94.4
15/9-F-12,2014-05-12,24.0,0.0,31.56,89.76,99.968,2.47,175.82
15/9-F-12,2014-05-13,24.0,0.0,31.69,89.66,97.871,2.68,177.92
15/9-F-12,2014-05-14,24.0,0.0,31.1,89.68,97.887,2.53,180.26
15/9-F-12,2014-05-15,11.16,0.0,31.81,88.44,46.832,3.28,64.25
15/9-F-12,2014-05-25,2.5,0.0,52.22,27.74,3.618,23.94,1.3
15/9-F-12,2014-05-26,24.0,0.0,38.83,85.67,60.233,10.38,144.14
15/9-F-12,2014-05-27,24.0,0.0,31.36,90.18,99.954,2.79,164.82
15/9-F-12,2014-05-28,24.0,0.0,31.38,90.55,99.987,2.8,189.1
15/9-F-12,2014-05-29,24.0,0.0,31.36,91.04,99.989,2.75,190.12
15/9-F-12,2014-05-30,24.0,0.0,31.51,91.1,99.967,2.85,191.25
15/9-F-12,2014-05-31,24.0,0.0,31.84,91.1,99.998,3.25,194.94
15/9-F-12,2014-06-01,24.0,0.0,32.03,91.2,99.933,3.35,196.08
15/9-F-12,2014-06-02,22.0,0.0,32.32,90.56,78.268,3.8,194.41
15/9-F-12,2014-06-03,24.0,0.0,32.43,90.37,99.949,3.71,194.94
15/9-F-12,2014-06-04,24.0,0.0,32.47,90.56,100.0,3.74,193.38
15/9-F-12,2014-06-05,24.0,0.0,32.41,90.35,100.0,3.65,204.21
15/9-F-12,2014-06-06,24.0,0.0,32.27,91.32,100.0,3.54,204.19
15/9-F-12,2014-06-07,24.0,0.0,32.29,91.39,100.0,3.56,205.56
15/9-F-12,2014-06-08,24.0,0.0,32.6,90.24,100.0,3.87,205.52
15/9-F-12,2014-06-09,24.0,0.0,32.42,91.26,100.0,3.7,231.66
15/9-F-12,2014-06-10,24.0,0.0,32.64,90.46,100.0,3.89,205.19
15/9-F-12,2014-06-11,24.0,0.0,32.58,90.25,100.0,3.82,205.71
15/9-F-12,2014-06-12,24.0,0.0,32.3,91.33,100.0,3.55,205.41
15/9-F-12,2014-06-13,24.0,0.0,32.26,91.36,100.0,3.51,193.5
15/9-F-12,2014-06-14,24.0,0.0,32.27,91.18,100.0,3.53,190.4
15/9-F-12,2014-06-15,24.0,0.0,32.27,91.19,100.0,3.53,190.81
15/9-F-12,2014-06-16,24.0,0.0,32.26,91.12,100.0,3.51,192.67
15/9-F-12,2014-06-17,24.0,0.0,32.22,91.17,100.0,3.46,188.43
15/9-F-12,2014-06-18,24.0,0.0,32.19,91.24,100.0,3.44,187.27
15/9-F-12,2014-06-19,24.0,0.0,32.21,91.04,100.0,3.45,186.05
15/9-F-12,2014-06-20,24.0,0.0,32.19,91.12,100.0,3.44,185.52
15/9-F-12,2014-06-21,24.0,0.0,32.17,91.19,100.0,3.42,184.04
15/9-F-12,2014-06-22,24.0,0.0,32.18,91.14,100.0,3.43,182.39
15/9-F-12,2014-06-23,24.0,0.0,32.5,91.12,100.0,3.43,179.37
15/9-F-12,2014-06-24,24.0,0.0,32.21,91.2,100.0,3.46,187.64
15/9-F-12,2014-06-25,24.0,0.0,32.2,91.29,100.0,3.45,196.91
15/9-F-12,2014-06-26,13.83,0.0,32.67,89.52,53.949,5.01,120.5
15/9-F-12,2014-06-27,23.5,0.0,35.18,87.9,84.623,5.55,173.73
15/9-F-12,2014-06-28,24.0,0.0,32.12,91.04,97.917,3.1,186.58
15/9-F-12,2014-06-29,24.0,0.0,32.08,91.12,97.917,3.07,187.26
15/9-F-12,2014-06-30,24.0,0.0,32.1,91.06,97.917,3.09,191.87
15/9-F-12,2014-07-01,24.0,0.0,32.11,91.14,100.0,3.11,186.83
15/9-F-12,2014-07-02,24.0,0.0,32.41,90.06,100.0,3.42,186.85
15/9-F-12,2014-07-03,24.0,0.0,32.44,90.08,100.0,3.43,187.02
15/9-F-12,2014-07-04,24.0,0.0,32.65,90.14,100.0,3.67,185.51
15/9-F-12,2014-07-05,24.0,0.0,32.42,90.64,100.0,3.43,185.2
15/9-F-12,2014-07-06,24.0,0.0,32.3,91.13,100.0,3.29,184.96
15/9-F-12,2014-07-07,24.0,0.0,32.44,90.89,100.0,3.44,188.38
15/9-F-12,2014-07-08,24.0,0.0,32.24,91.39,100.0,3.23,189.5
15/9-F-12,2014-07-09,24.0,0.0,32.23,91.28,100.0,3.22,188.9
15/9-F-12,2014-07-10,24.0,0.0,32.27,91.21,100.0,3.27,191.88
15/9-F-12,2014-07-11,24.0,0.0,32.3,90.7,100.0,3.27,192.49
15/9-F-12,2014-07-12,24.0,0.0,32.21,91.12,100.0,3.23,188.82
15/9-F-12,2014-07-13,24.0,0.0,32.06,91.18,100.0,3.08,188.11
15/9-F-12,2014-07-14,24.0,0.0,31.98,91.17,100.0,2.99,185.57
15/9-F-12,2014-07-15,24.0,0.0,32.05,90.7,100.0,3.09,189.03
15/9-F-12,2014-07-16,24.0,0.0,32.14,90.65,100.0,3.2,187.73
15/9-F-12,2014-07-17,24.0,0.0,32.14,90.42,100.0,3.17,187.62
15/9-F-12,2014-07-18,24.0,0.0,31.97,91.27,100.0,2.99,186.27
15/9-F-12,2014-07-19,24.0,0.0,32.21,90.5,100.0,3.25,185.94
15/9-F-12,2014-07-20,23.17,0.0,34.97,87.61,86.665,5.22,191.61
15/9-F-12,2014-07-21,24.0,0.0,32.33,90.3,99.783,3.36,191.45
15/9-F-12,2014-07-22,24.0,0.0,32.14,91.37,100.0,3.14,189.9
15/9-F-12,2014-07-23,24.0,0.0,32.3,91.01,100.0,3.32,188.17
15/9-F-12,2014-07-24,24.0,0.0,32.11,91.57,100.0,3.1,190.51
15/9-F-12,2014-07-25,24.0,0.0,32.22,91.43,100.0,3.21,189.06
15/9-F-12,2014-07-26,24.0,0.0,32.6,91.62,97.123,3.68,186.07
15/9-F-12,2014-07-27,24.0,0.0,32.22,91.43,100.0,3.31,189.06
15/9-F-12,2014-07-28,24.0,0.0,32.1,91.62,100.0,3.17,187.63
15/9-F-12,2014-07-29,24.0,0.0,32.27,91.05,100.0,3.36,186.18
15/9-F-12,2014-07-30,24.0,0.0,41.19,83.92,60.398,12.41,153.93
15/9-F-12,2014-07-31,24.0,0.0,32.23,91.29,98.101,3.2,181.66
15/9-F-12,2014-08-01,24.0,0.0,32.4,91.2,100.0,3.38,183.95
15/9-F-12,2014-08-02,24.0,0.0,32.47,90.94,100.0,3.45,184.75
15/9-F-12,2014-08-03,24.0,0.0,32.54,90.68,100.0,3.52,183.88
15/9-F-12,2014-08-04,24.0,0.0,32.61,89.93,100.0,3.61,186.96
15/9-F-12,2014-08-05,24.0,0.0,32.25,91.25,100.0,3.23,180.42
15/9-F-12,2014-08-06,24.0,0.0,32.38,90.77,100.0,3.39,180.22
15/9-F-12,2014-08-07,24.0,0.0,32.28,91.01,97.917,3.25,174.56
15/9-F-12,2014-08-08,24.0,0.0,32.24,91.29,97.917,3.22,173.47
15/9-F-12,2014-08-09,24.0,0.0,32.48,89.55,100.0,3.46,170.15
15/9-F-12,2014-08-10,24.0,0.0,32.57,89.55,97.917,3.57,170.25
15/9-F-12,2014-08-11,24.0,0.0,32.71,88.49,97.917,3.7,175.91
15/9-F-12,2014-08-12,24.0,0.0,32.81,87.77,100.0,3.78,175.23
15/9-F-12,2014-08-13,24.0,0.0,32.57,90.02,100.0,3.56,174.51
15/9-F-12,2014-08-14,24.0,0.0,32.23,91.15,100.0,3.19,175.42
15/9-F-12,2014-08-15,24.0,0.0,32.21,91.07,100.0,3.2,175.96
15/9-F-12,2014-08-16,24.0,0.0,32.48,89.94,100.0,3.46,175.16
15/9-F-12,2014-08-17,24.0,0.0,32.36,90.17,100.0,3.44,175.23
15/9-F-12,2014-08-18,24.0,0.0,32.18,90.8,100.0,3.36,174.03
15/9-F-12,2014-08-19,1.32,0.0,33.1,89.98,16.994,6.1,10.2
15/9-F-12,2014-08-25,16.54,0.0,32.91,87.82,77.426,4.29,108.65
15/9-F-12,2014-08-26,24.0,0.0,31.47,90.45,100.0,2.69,187.4
15/9-F-12,2014-08-27,24.0,0.0,31.64,90.74,100.0,2.95,184.6
15/9-F-12,2014-08-28,23.5,0.0,33.72,87.95,87.822,5.84,190.17
15/9-F-12,2014-08-29,24.0,0.0,32.01,89.99,100.0,3.32,193.79
15/9-F-12,2014-08-30,24.0,0.0,32.08,90.37,100.0,3.27,189.57
15/9-F-12,2014-08-31,24.0,0.0,31.88,90.8,100.0,3.15,194.05
15/9-F-12,2014-09-01,24.0,0.0,32.26,90.32,100.0,3.4,190.07
15/9-F-12,2014-09-02,24.0,0.0,33.37,90.76,93.234,4.45,210.77
15/9-F-12,2014-09-03,22.0,0.0,36.62,88.68,72.015,7.5,188.01
15/9-F-12,2014-09-04,24.0,0.0,32.62,91.23,100.0,3.38,175.62
15/9-F-12,2014-09-05,24.0,0.0,32.31,91.4,100.0,3.32,172.51
15/9-F-12,2014-09-06,24.0,0.0,32.13,91.52,97.917,3.1,174.27
15/9-F-12,2014-09-07,24.0,0.0,32.29,91.13,100.0,3.28,171.51
15/9-F-12,2014-09-08,24.0,0.0,32.18,91.39,100.0,3.17,171.29
15/9-F-12,2014-09-09,24.0,0.0,32.18,91.36,100.0,3.17,170.51
15/9-F-12,2014-09-10,24.0,0.0,32.12,91.63,100.0,3.1,170.94
15/9-F-12,2014-09-11,24.0,0.0,32.16,91.52,100.0,3.17,167.99
15/9-F-12,2014-09-12,24.0,0.0,32.22,91.4,100.0,3.22,173.84
15/9-F-12,2014-09-13,24.0,0.0,32.2,91.55,100.0,3.22,173.19
15/9-F-12,2014-09-14,24.0,0.0,32.26,91.59,100.0,3.28,170.7
15/9-F-12,2014-09-15,24.0,0.0,32.52,90.56,100.0,3.56,174.56
15/9-F-12,2014-09-16,24.0,0.0,32.71,89.88,100.0,3.64,172.69
15/9-F-12,2014-09-17,24.0,0.0,32.69,89.97,97.917,3.7,174.0
15/9-F-12,2014-09-18,24.0,0.0,32.63,90.45,97.917,3.64,173.91
15/9-F-12,2014-09-19,24.0,0.0,32.53,91.08,97.917,3.54,172.94
15/9-F-12,2014-09-20,24.0,0.0,32.31,91.53,97.917,3.3,177.56
15/9-F-12,2014-09-21,24.0,0.0,32.37,91.26,97.917,3.36,174.02
15/9-F-12,2014-09-22,24.0,0.0,32.34,91.43,97.917,3.32,173.94
15/9-F-12,2014-09-23,24.0,0.0,32.45,91.28,100.0,3.42,174.28
15/9-F-12,2014-09-24,24.0,0.0,32.38,91.45,100.0,3.35,173.7
15/9-F-12,2014-09-25,24.0,0.0,32.53,90.64,100.0,3.5,174.24
15/9-F-12,2014-09-26,24.0,0.0,32.57,90.38,100.0,3.56,174.24
15/9-F-12,2014-09-27,24.0,0.0,32.64,90.1,100.0,3.61,172.71
15/9-F-12,2014-09-28,24.0,0.0,32.55,90.26,100.0,3.53,172.14
15/9-F-12,2014-09-29,1.26,0.0,34.4,90.05,9.954,5.9,9.02
15/9-F-12,2014-09-30,14.58,0.0,31.89,89.3,65.098,3.31,137.42
15/9-F-12,2014-10-01,24.0,0.0,32.26,90.24,100.0,3.56,166.2
15/9-F-12,2014-10-02,24.0,0.0,32.42,90.03,100.0,3.71,175.55
15/9-F-12,2014-10-03,24.0,0.0,33.04,88.96,100.0,3.85,160.1
15/9-F-12,2014-10-04,24.0,0.0,32.55,90.01,100.0,3.81,167.59
15/9-F-12,2014-10-05,24.0,0.0,32.57,90.39,100.0,3.78,165.77
15/9-F-12,2014-10-06,24.0,0.0,32.71,88.83,100.0,3.97,164.91
15/9-F-12,2014-10-07,24.0,0.0,32.82,86.92,100.0,4.08,166.42
15/9-F-12,2014-10-08,24.0,0.0,32.65,89.17,97.917,3.9,163.67
15/9-F-12,2014-10-09,24.0,0.0,32.62,89.28,100.0,3.86,177.41
15/9-F-12,2014-10-10,24.0,0.0,32.52,89.68,100.0,3.75,179.64
15/9-F-12,2014-10-11,24.0,0.0,32.6,89.87,100.0,3.87,177.49
15/9-F-12,2014-10-12,24.0,0.0,32.39,90.32,100.0,3.64,176.78
15/9-F-12,2014-10-13,24.0,0.0,32.19,91.06,100.0,3.45,175.48
15/9-F-12,2014-10-14,24.0,0.0,32.26,90.98,100.0,3.5,175.31
15/9-F-12,2014-10-15,24.0,0.0,32.31,90.67,100.0,3.55,175.49
15/9-F-12,2014-10-16,24.0,0.0,32.42,89.96,100.0,3.67,174.39
15/9-F-12,2014-10-17,24.0,0.0,32.55,90.14,100.0,3.8,173.81
15/9-F-12,2014-10-18,24.0,0.0,32.71,89.1,100.0,3.98,174.6
15/9-F-12,2014-10-19,24.0,0.0,32.68,88.46,100.0,3.92,175.34
15/9-F-12,2014-10-20,24.0,0.0,32.39,90.31,100.0,3.62,173.65
15/9-F-12,2014-10-21,24.0,0.0,32.59,89.8,100.0,3.83,177.17
15/9-F-12,2014-10-22,24.0,0.0,32.45,89.91,100.0,3.69,176.38
15/9-F-12,2014-10-23,24.0,0.0,32.74,88.69,100.0,4.0,176.37
15/9-F-12,2014-10-24,24.0,0.0,32.69,88.92,100.0,3.92,176.78
15/9-F-12,2014-10-25,24.0,0.0,32.78,87.94,100.0,4.03,178.54
15/9-F-12,2014-10-26,25.0,0.0,32.82,87.2,100.0,4.06,187.27
15/9-F-12,2014-10-27,24.0,0.0,32.58,89.03,100.0,3.86,178.98
15/9-F-12,2014-10-28,24.0,0.0,32.5,89.05,100.0,3.84,178.74
15/9-F-12,2014-10-29,24.0,0.0,37.01,89.54,76.377,9.03,159.75
15/9-F-12,2014-10-30,24.0,0.0,32.6,89.94,99.556,3.87,177.39
15/9-F-12,2014-10-31,24.0,0.0,32.59,90.04,100.0,3.86,178.64
15/9-F-12,2014-11-01,24.0,0.0,32.71,88.97,100.0,3.95,177.31
15/9-F-12,2014-11-02,24.0,0.0,32.71,88.5,100.0,3.95,180.04
15/9-F-12,2014-11-03,24.0,0.0,32.63,89.63,100.0,3.85,190.44
15/9-F-12,2014-11-04,24.0,0.0,32.27,90.45,100.0,3.48,187.73
15/9-F-12,2014-11-05,24.0,0.0,32.31,90.55,100.0,3.55,185.04
15/9-F-12,2014-11-06,24.0,0.0,32.7,89.48,100.0,3.95,185.14
15/9-F-12,2014-11-07,24.0,0.0,32.72,88.54,100.0,4.01,189.55
15/9-F-12,2014-11-08,24.0,0.0,32.65,89.05,100.0,3.99,189.18
15/9-F-12,2014-11-09,24.0,0.0,32.65,89.47,100.0,4.02,187.68
15/9-F-12,2014-11-10,24.0,0.0,32.58,90.16,100.0,3.84,179.26
15/9-F-12,2014-11-11,24.0,0.0,32.51,89.93,100.0,3.86,186.41
15/9-F-12,2014-11-12,24.0,0.0,32.76,87.81,100.0,4.12,187.16
15/9-F-12,2014-11-13,24.0,0.0,32.6,89.4,100.0,3.96,184.54
15/9-F-12,2014-11-14,24.0,0.0,32.72,88.39,100.0,4.09,184.34
15/9-F-12,2014-11-15,24.0,0.0,32.77,87.7,100.0,4.13,186.2
15/9-F-12,2014-11-16,24.0,0.0,32.72,87.76,100.0,4.08,183.7
15/9-F-12,2014-11-17,24.0,0.0,32.42,88.97,100.0,3.79,181.31
15/9-F-12,2014-11-18,24.0,0.0,32.45,89.25,100.0,3.83,186.42
15/9-F-12,2014-11-19,24.0,0.0,32.37,89.62,100.0,3.74,181.77
15/9-F-12,2014-11-20,24.0,0.0,32.07,90.19,100.0,3.47,184.03
15/9-F-12,2014-11-21,24.0,0.0,31.97,90.04,100.0,3.39,183.0
15/9-F-12,2014-11-22,24.0,0.0,32.22,88.48,100.0,3.65,182.72
15/9-F-12,2014-11-23,24.0,0.0,31.89,90.01,100.0,3.29,176.44
15/9-F-12,2014-11-24,8.94,0.0,32.5,89.71,36.977,3.9,50.87
15/9-F-12,2014-11-28,5.78,0.0,50.51,68.86,30.869,20.97,58.69
15/9-F-12,2014-11-29,14.22,0.0,83.15,61.39,16.578,53.79,146.09
15/9-F-12,2015-01-01,9.5,0.0,109.87,31.8,7.945,81.11,14.94
15/9-F-12,2015-01-02,24.0,0.0,90.65,52.86,26.502,61.73,782.75
15/9-F-12,2015-01-03,24.0,0.0,85.89,62.63,27.869,56.7,871.14
15/9-F-12,2015-01-04,24.0,0.0,83.78,63.09,27.864,54.83,855.13
15/9-F-12,2015-01-05,24.0,0.0,83.32,62.52,27.84,54.21,838.83
15/9-F-12,2015-01-06,24.0,0.0,81.48,63.92,28.28,52.63,834.13
15/9-F-12,2015-01-07,24.0,0.0,80.83,62.37,28.306,51.88,859.23
15/9-F-12,2015-01-08,24.0,0.0,79.32,62.45,28.317,50.23,829.95
15/9-F-12,2015-01-09,15.67,0.0,79.24,61.22,20.456,50.15,532.53
15/9-F-12,2015-01-10,20.42,0.0,75.27,60.88,25.642,44.76,786.25
15/9-F-12,2015-01-11,24.0,0.0,61.84,70.55,36.204,32.0,1069.61
15/9-F-12,2015-01-12,24.0,0.0,71.45,63.44,30.255,41.65,859.51
15/9-F-12,2015-01-13,24.0,0.0,71.29,63.68,30.195,41.69,865.58
15/9-F-12,2015-01-14,24.0,0.0,70.95,63.9,30.25,41.15,775.25
15/9-F-12,2015-01-15,24.0,0.0,70.85,64.14,30.248,41.16,827.2
15/9-F-12,2015-01-16,24.0,0.0,70.36,64.87,30.271,40.65,839.36
15/9-F-12,2015-01-17,24.0,0.0,70.06,65.28,30.286,40.34,776.66
15/9-F-12,2015-01-18,24.0,0.0,70.06,65.28,30.286,40.34,819.66
15/9-F-12,2015-01-19,24.0,0.0,70.06,65.28,30.286,40.34,829.23
15/9-F-12,2015-01-20,22.0,0.0,69.47,68.3,28.218,40.01,767.76
15/9-F-12,2015-01-21,24.0,0.0,65.12,70.4,32.553,36.43,948.12
15/9-F-12,2015-01-22,24.0,0.0,64.49,70.19,33.327,35.82,944.39
15/9-F-12,2015-01-23,24.0,0.0,64.51,66.92,33.084,35.82,924.64
15/9-F-12,2015-01-24,24.0,0.0,63.88,70.59,32.398,35.19,902.12
15/9-F-12,2015-01-25,24.0,0.0,63.91,68.75,32.438,35.25,890.65
15/9-F-12,2015-01-26,24.0,0.0,63.44,70.98,32.432,34.87,886.77
15/9-F-12,2015-01-27,24.0,0.0,63.14,70.3,33.174,34.57,943.93
15/9-F-12,2015-01-28,24.0,0.0,62.34,68.77,33.197,33.76,927.74
15/9-F-12,2015-01-29,24.0,0.0,61.27,70.82,33.202,32.63,925.05
15/9-F-12,2015-01-30,24.0,0.0,60.72,70.28,33.187,32.11,898.87
15/9-F-12,2015-01-31,24.0,0.0,59.9,70.54,33.189,31.24,885.57
15/9-F-12,2015-02-01,24.0,0.0,58.83,70.46,33.221,30.15,913.75
15/9-F-12,2015-02-02,24.0,0.0,58.1,70.66,33.221,29.52,875.95
15/9-F-12,2015-02-03,24.0,0.0,57.18,71.16,33.235,28.6,873.07
15/9-F-12,2015-02-04,16.11,0.0,56.97,70.74,35.007,28.46,554.0
15/9-F-12,2015-02-05,2.22,0.0,31.98,72.91,28.972,3.13,89.29
15/9-F-12,2015-02-06,24.0,0.0,44.55,73.4,59.624,16.02,1162.07
15/9-F-12,2015-02-07,24.0,0.0,54.68,70.45,33.341,26.22,810.62
15/9-F-12,2015-02-08,17.11,0.0,56.17,69.22,24.178,27.74,433.41
15/9-F-12,2015-02-09,11.98,0.0,55.87,70.53,26.435,27.26,381.15
15/9-F-12,2015-02-10,24.0,0.0,55.37,70.9,33.182,26.73,812.31
15/9-F-12,2015-02-11,24.0,0.0,55.45,68.77,33.217,26.67,708.94
15/9-F-12,2015-02-12,24.0,0.0,55.6,69.98,33.224,26.83,697.18
15/9-F-12,2015-02-13,24.0,0.0,55.19,69.66,32.803,26.73,710.02
15/9-F-12,2015-02-14,24.0,0.0,55.78,70.49,33.324,27.14,706.05
15/9-F-12,2015-02-15,24.0,0.0,55.55,68.37,32.565,27.21,704.3
15/9-F-12,2015-02-16,24.0,0.0,56.45,69.07,33.274,27.81,702.34
15/9-F-12,2015-02-17,24.0,0.0,56.53,69.35,31.136,27.85,683.84
15/9-F-12,2015-02-18,24.0,0.0,57.02,67.77,33.294,28.35,716.3
15/9-F-12,2015-02-19,24.0,0.0,57.04,68.24,33.284,28.36,724.37
15/9-F-12,2015-02-20,24.0,0.0,57.04,70.32,33.254,28.09,706.94
15/9-F-12,2015-02-21,24.0,0.0,56.76,72.2,33.137,28.06,689.52
15/9-F-12,2015-02-22,24.0,0.0,56.48,71.12,33.187,27.79,717.38
15/9-F-12,2015-02-23,24.0,0.0,56.64,68.52,33.177,27.93,716.15
15/9-F-12,2015-02-24,24.0,0.0,56.56,70.55,33.087,27.65,699.15
15/9-F-12,2015-02-25,24.0,0.0,56.38,72.19,33.083,27.64,705.72
15/9-F-12,2015-02-26,24.0,0.0,56.59,70.29,33.078,27.87,704.86
15/9-F-12,2015-02-27,24.0,0.0,56.6,68.96,33.113,27.91,709.02
15/9-F-12,2015-02-28,23.38,0.0,56.94,68.01,32.112,28.11,670.85
15/9-F-12,2015-03-01,24.0,0.0,55.28,70.14,33.777,26.6,716.24
15/9-F-12,2015-03-02,24.0,0.0,54.71,73.07,33.862,26.11,713.85
15/9-F-12,2015-03-03,24.0,0.0,54.72,71.69,33.951,26.14,717.16
15/9-F-12,2015-03-04,24.0,0.0,53.76,72.68,32.043,25.42,715.86
15/9-F-12,2015-03-05,24.0,0.0,54.27,71.04,34.183,25.65,718.68
15/9-F-12,2015-03-06,24.0,0.0,54.12,71.1,34.254,25.46,697.73
15/9-F-12,2015-03-07,24.0,0.0,54.11,68.55,34.361,25.42,693.61
15/9-F-12,2015-03-08,24.0,0.0,53.83,71.86,33.658,25.15,691.71
15/9-F-12,2015-03-09,24.0,0.0,53.48,71.55,34.588,24.81,706.94
15/9-F-12,2015-03-10,24.0,0.0,53.01,71.98,34.809,24.33,705.8
15/9-F-12,2015-03-11,24.0,0.0,52.81,72.52,34.948,24.15,706.67
15/9-F-12,2015-03-12,24.0,0.0,52.43,72.96,35.109,23.77,707.62
15/9-F-12,2015-03-13,24.0,0.0,52.15,72.51,35.234,23.5,700.36
15/9-F-12,2015-03-14,24.0,0.0,51.7,73.47,35.468,23.06,708.18
15/9-F-12,2015-03-15,24.0,0.0,51.51,72.68,35.574,22.84,703.7
15/9-F-12,2015-03-16,24.0,0.0,51.18,71.85,35.657,22.52,712.24
15/9-F-12,2015-03-17,24.0,0.0,50.53,71.84,35.713,21.86,721.35
15/9-F-12,2015-03-18,24.0,0.0,50.03,74.43,35.523,21.27,722.86
15/9-F-12,2015-03-19,24.0,0.0,50.71,73.13,34.872,22.0,713.91
15/9-F-12,2015-03-20,24.0,0.0,50.33,72.77,34.882,21.62,733.31
15/9-F-12,2015-03-21,24.0,0.0,49.8,73.47,34.876,21.1,740.9
15/9-F-12,2015-03-22,8.12,0.0,51.97,69.48,11.635,23.12,91.33
15/9-F-12,2015-03-25,9.0,0.0,51.37,67.06,13.306,22.09,44.33
15/9-F-12,2015-03-26,24.0,0.0,51.78,71.18,35.346,21.61,736.05
15/9-F-12,2015-03-27,24.0,0.0,51.56,73.93,35.002,22.66,741.77
15/9-F-12,2015-03-28,24.0,0.0,51.11,71.77,34.938,22.38,706.56
15/9-F-12,2015-03-29,24.0,0.0,50.22,74.12,33.423,21.46,666.68
15/9-F-12,2015-03-30,24.0,0.0,49.88,73.72,34.184,20.89,697.6
15/9-F-12,2015-03-31,24.0,0.0,49.37,73.44,35.006,20.6,708.43
15/9-F-12,2015-04-01,24.0,0.0,48.94,73.48,35.064,20.22,681.4
15/9-F-12,2015-04-02,24.0,0.0,48.53,73.78,35.211,19.84,696.82
15/9-F-12,2015-04-03,24.0,0.0,48.3,74.29,35.248,19.55,692.08
15/9-F-12,2015-04-04,24.0,0.0,48.32,73.87,35.341,19.61,691.59
15/9-F-12,2015-04-05,24.0,0.0,48.24,73.72,35.318,19.55,687.75
15/9-F-12,2015-04-06,24.0,0.0,48.19,73.29,35.346,19.51,687.95
15/9-F-12,2015-04-07,24.0,0.0,48.14,73.78,35.143,19.46,680.56
15/9-F-12,2015-04-08,24.0,0.0,47.96,73.39,35.124,19.3,683.38
15/9-F-12,2015-04-09,24.0,0.0,47.88,71.29,35.1,19.2,680.74
15/9-F-12,2015-04-10,24.0,0.0,47.62,71.71,35.108,18.94,673.76
15/9-F-12,2015-04-11,24.0,0.0,47.41,72.03,35.125,18.73,676.68
15/9-F-12,2015-04-12,24.0,0.0,47.31,70.63,35.155,18.61,678.43
15/9-F-12,2015-04-13,24.0,0.0,47.12,72.66,35.167,18.44,677.43
15/9-F-12,2015-04-14,24.0,0.0,47.36,71.65,35.317,18.67,682.49
15/9-F-12,2015-04-15,24.0,0.0,47.39,74.02,34.554,18.68,682.37
15/9-F-12,2015-04-16,24.0,0.0,47.65,74.26,35.304,18.97,688.32
15/9-F-12,2015-04-17,24.0,0.0,47.89,74.66,34.604,19.2,696.2
15/9-F-12,2015-04-18,24.0,0.0,48.22,74.6,34.589,19.54,689.54
15/9-F-12,2015-04-19,24.0,0.0,48.77,74.61,34.546,20.1,695.3
15/9-F-12,2015-04-20,24.0,0.0,48.96,74.87,35.285,20.27,696.95
15/9-F-12,2015-04-21,24.0,0.0,48.99,74.83,35.282,20.28,702.6
15/9-F-12,2015-04-22,24.0,0.0,48.91,74.95,35.277,20.2,702.84
15/9-F-12,2015-04-23,24.0,0.0,48.79,74.82,35.256,19.84,590.64
15/9-F-12,2015-04-24,24.0,0.0,48.79,74.44,35.264,19.53,588.04
15/9-F-12,2015-04-25,24.0,0.0,48.51,74.14,35.251,19.3,582.39
15/9-F-12,2015-04-26,24.0,0.0,48.2,74.33,35.299,18.99,582.17
15/9-F-12,2015-04-27,24.0,0.0,48.33,73.86,35.302,19.07,585.19
15/9-F-12,2015-04-28,24.0,0.0,48.65,73.12,35.098,19.39,579.58
15/9-F-12,2015-04-29,24.0,0.0,48.45,73.43,35.103,19.42,580.26
15/9-F-12,2015-04-30,24.0,0.0,48.05,73.99,35.132,19.21,583.11
15/9-F-12,2015-05-01,24.0,0.0,47.85,74.17,35.142,19.13,582.93
15/9-F-12,2015-05-02,24.0,0.0,47.68,74.17,35.136,18.98,578.2
15/9-F-12,2015-05-03,24.0,0.0,47.73,72.16,35.117,18.92,570.35
15/9-F-12,2015-05-04,24.0,0.0,47.62,71.49,35.13,18.84,559.85
15/9-F-12,2015-05-05,24.0,0.0,47.42,71.93,35.125,18.72,559.22
15/9-F-12,2015-05-06,24.0,0.0,47.36,71.66,35.081,18.65,547.96
15/9-F-12,2015-05-07,24.0,0.0,46.91,73.4,35.084,18.19,549.33
15/9-F-12,2015-05-08,24.0,0.0,46.83,73.47,35.094,18.1,542.91
15/9-F-12,2015-05-09,24.0,0.0,46.73,72.58,35.128,18.04,545.05
15/9-F-12,2015-05-10,24.0,0.0,46.56,73.46,35.216,17.86,546.42
15/9-F-12,2015-05-11,24.0,0.0,46.64,71.06,35.243,17.96,546.98
15/9-F-12,2015-05-12,24.0,0.0,46.65,70.52,35.267,17.94,546.48
15/9-F-12,2015-05-13,24.0,0.0,46.39,73.47,35.188,17.75,540.49
15/9-F-12,2015-05-14,24.0,0.0,46.18,73.8,35.185,17.61,555.57
15/9-F-12,2015-05-15,24.0,0.0,46.17,73.29,35.178,17.59,555.33
15/9-F-12,2015-05-16,24.0,0.0,45.98,73.19,35.184,17.39,558.78
15/9-F-12,2015-05-17,24.0,0.0,45.91,73.47,35.187,17.32,557.27
15/9-F-12,2015-05-18,24.0,0.0,45.93,72.9,35.19,17.36,553.86
15/9-F-12,2015-05-19,24.0,0.0,45.79,72.91,35.263,17.17,557.58
15/9-F-12,2015-05-20,24.0,0.0,45.53,74.38,35.284,16.93,557.21
15/9-F-12,2015-05-21,24.0,0.0,45.77,72.62,35.279,17.18,549.51
15/9-F-12,2015-05-22,24.0,0.0,45.56,73.23,35.249,16.94,542.28
15/9-F-12,2015-05-23,24.0,0.0,45.4,73.98,35.252,16.69,514.19
15/9-F-12,2015-05-24,24.0,0.0,45.67,73.08,35.274,16.65,550.41
15/9-F-12,2015-05-25,24.0,0.0,45.49,74.24,35.286,16.75,518.83
15/9-F-12,2015-05-26,24.0,0.0,45.45,74.42,35.295,16.76,535.65
15/9-F-12,2015-05-27,24.0,0.0,45.57,73.52,34.522,16.66,526.44
15/9-F-12,2015-05-28,24.0,0.0,45.43,73.46,34.527,16.5,536.59
15/9-F-12,2015-05-29,24.0,0.0,45.81,72.32,35.195,16.86,540.6
15/9-F-12,2015-05-30,24.0,0.0,45.63,74.09,35.104,16.7,535.15
15/9-F-12,2015-05-31,24.0,0.0,45.61,73.58,34.359,16.69,535.06
15/9-F-12,2015-06-01,24.0,0.0,42.62,73.28,37.979,13.64,568.68
15/9-F-12,2015-06-02,24.0,0.0,38.76,73.78,41.184,9.74,602.67
15/9-F-12,2015-06-03,24.0,0.0,38.18,76.48,41.174,9.19,598.36
15/9-F-12,2015-06-04,24.0,0.0,37.36,76.67,42.165,8.36,607.86
15/9-F-12,2015-06-05,24.0,0.0,35.72,76.01,44.206,6.73,629.6
15/9-F-12,2015-06-06,24.0,0.0,35.79,73.88,44.175,6.81,627.77
15/9-F-12,2015-06-07,13.32,0.0,41.38,71.32,23.983,12.33,234.46
15/9-F-12,2015-06-08,24.0,0.0,37.2,77.14,42.246,8.49,609.25
15/9-F-12,2015-06-09,24.0,0.0,34.35,78.27,46.129,5.62,647.22
15/9-F-12,2015-06-10,24.0,0.0,31.26,78.73,67.516,2.44,692.56
15/9-F-12,2015-06-11,24.0,0.0,29.8,78.77,100.0,0.99,700.39
15/9-F-12,2015-06-12,24.0,0.0,29.68,78.42,100.0,0.96,702.03
15/9-F-12,2015-06-13,24.0,0.0,29.43,79.61,100.0,0.68,693.27
15/9-F-12,2015-06-14,24.0,0.0,29.46,79.37,100.0,0.73,680.44
15/9-F-12,2015-06-15,24.0,0.0,29.5,79.2,100.0,0.77,682.66
15/9-F-12,2015-06-16,24.0,0.0,29.56,79.27,100.0,0.84,675.99
15/9-F-12,2015-06-17,24.0,0.0,29.61,78.43,100.0,0.87,672.57
15/9-F-12,2015-06-18,24.0,0.0,29.83,78.72,100.0,0.75,672.09
15/9-F-12,2015-06-19,24.0,0.0,29.98,78.99,100.0,0.78,661.69
15/9-F-12,2015-06-20,24.0,0.0,29.53,79.43,100.0,0.79,680.31
15/9-F-12,2015-06-21,24.0,0.0,29.76,78.51,100.0,1.03,674.56
15/9-F-12,2015-06-22,24.0,0.0,29.61,79.18,100.0,0.86,688.83
15/9-F-12,2015-06-23,24.0,0.0,29.6,79.35,100.0,0.85,680.55
15/9-F-12,2015-06-24,24.0,0.0,29.61,79.8,100.0,0.85,682.74
15/9-F-12,2015-06-25,24.0,0.0,29.6,80.33,100.0,0.82,680.77
15/9-F-12,2015-06-26,24.0,0.0,29.87,79.45,100.0,1.11,666.48
15/9-F-12,2015-06-27,24.0,0.0,29.84,80.32,100.0,0.9,675.33
15/9-F-12,2015-06-28,24.0,0.0,29.88,79.93,100.0,1.12,714.27
15/9-F-12,2015-06-29,24.0,0.0,30.03,80.34,100.0,1.0,712.93
15/9-F-12,2015-06-30,24.0,0.0,29.86,80.2,100.0,1.09,719.97
15/9-F-12,2015-07-01,24.0,0.0,30.09,79.46,100.0,1.18,665.36
15/9-F-12,2015-07-02,24.0,0.0,30.0,79.21,100.0,1.12,726.33
15/9-F-12,2015-07-03,24.0,0.0,29.73,80.14,100.0,0.92,723.42
15/9-F-12,2015-07-04,24.0,0.0,29.81,79.41,100.0,1.04,711.93
15/9-F-12,2015-07-05,24.0,0.0,29.81,79.4,100.0,1.06,707.58
15/9-F-12,2015-07-06,24.0,0.0,29.54,80.15,100.0,0.77,701.27
15/9-F-12,2015-07-07,24.0,0.0,29.77,79.22,100.0,1.02,697.71
15/9-F-12,2015-07-08,24.0,0.0,29.58,79.45,100.0,0.8,689.14
15/9-F-12,2015-07-09,24.0,0.0,29.58,79.0,100.0,0.83,684.0
15/9-F-12,2015-07-10,24.0,0.0,29.51,79.6,97.917,0.77,678.74
15/9-F-12,2015-07-11,24.0,0.0,29.73,78.94,97.917,1.0,667.44
15/9-F-12,2015-07-12,24.0,0.0,29.65,79.11,100.0,0.91,663.26
15/9-F-12,2015-07-13,24.0,0.0,29.47,79.91,100.0,0.67,610.09
15/9-F-12,2015-07-14,24.0,0.0,29.46,79.97,100.0,0.61,600.23
15/9-F-12,2015-07-15,24.0,0.0,29.36,79.82,100.0,0.62,592.41
15/9-F-12,2015-07-16,24.0,0.0,29.33,79.89,100.0,0.6,585.18
15/9-F-12,2015-07-17,24.0,0.0,29.55,77.89,100.0,0.84,580.8
15/9-F-12,2015-07-18,24.0,0.0,29.69,75.87,100.0,0.95,579.91
15/9-F-12,2015-07-19,24.0,0.0,29.45,78.35,100.0,0.71,571.4
15/9-F-12,2015-07-20,24.0,0.0,29.29,80.57,100.0,0.57,566.97
15/9-F-12,2015-07-21,24.0,0.0,29.57,77.72,100.0,0.83,571.98
15/9-F-12,2015-07-22,24.0,0.0,29.32,79.99,100.0,0.58,577.12
15/9-F-12,2015-07-23,24.0,0.0,29.61,78.28,100.0,0.87,577.31
15/9-F-12,2015-07-24,24.0,0.0,29.4,79.04,100.0,0.66,571.51
15/9-F-12,2015-07-25,24.0,0.0,29.29,79.86,100.0,0.55,565.63
15/9-F-12,2015-07-26,24.0,0.0,29.3,79.58,100.0,0.56,558.57
15/9-F-12,2015-07-27,24.0,0.0,29.26,79.73,100.0,0.52,554.05
15/9-F-12,2015-07-28,24.0,0.0,29.2,80.9,100.0,0.47,544.54
15/9-F-12,2015-07-29,24.0,0.0,29.22,80.87,100.0,0.51,555.11
15/9-F-12,2015-07-30,24.0,0.0,29.3,80.65,100.0,0.59,544.61
15/9-F-12,2015-07-31,24.0,0.0,29.32,81.01,100.0,0.6,533.85
15/9-F-12,2015-08-01,24.0,0.0,29.51,79.96,100.0,0.81,531.46
15/9-F-12,2015-08-02,24.0,0.0,29.28,80.61,100.0,0.57,531.27
15/9-F-12,2015-08-03,24.0,0.0,29.48,79.28,100.0,0.8,525.84
15/9-F-12,2015-08-04,24.0,0.0,29.41,80.43,100.0,0.76,527.99
15/9-F-12,2015-08-05,24.0,0.0,29.55,80.32,100.0,0.83,529.55
15/9-F-12,2015-08-06,24.0,0.0,29.36,80.77,100.0,0.67,521.22
15/9-F-12,2015-08-07,24.0,0.0,29.12,81.69,100.0,0.4,515.53
15/9-F-12,2015-08-08,24.0,0.0,29.36,80.79,100.0,0.67,506.25
15/9-F-12,2015-08-09,24.0,0.0,29.52,79.94,100.0,0.84,510.38
15/9-F-12,2015-08-10,24.0,0.0,29.42,80.88,100.0,0.74,507.31
15/9-F-12,2015-08-11,24.0,0.0,29.28,80.44,100.0,0.57,499.8
15/9-F-12,2015-08-12,24.0,0.0,29.25,81.18,100.0,0.56,504.14
15/9-F-12,2015-08-13,24.0,0.0,29.32,81.32,100.0,0.64,500.32
15/9-F-12,2015-08-14,24.0,0.0,29.44,80.09,100.0,0.76,501.26
15/9-F-12,2015-08-15,24.0,0.0,29.37,79.97,100.0,0.67,501.1
15/9-F-12,2015-08-16,24.0,0.0,29.12,81.71,100.0,0.4,499.86
15/9-F-12,2015-08-17,24.0,0.0,29.17,81.47,100.0,0.48,493.68
15/9-F-12,2015-08-18,24.0,0.0,29.49,78.98,100.0,0.82,496.73
15/9-F-12,2015-08-19,24.0,0.0,29.45,79.58,97.917,0.79,502.27
15/9-F-12,2015-08-20,24.0,0.0,29.33,80.65,100.0,0.68,501.07
15/9-F-12,2015-08-21,24.0,0.0,29.43,80.31,100.0,0.78,496.79
15/9-F-12,2015-08-22,24.0,0.0,29.4,80.5,100.0,0.74,496.05
15/9-F-12,2015-08-23,24.0,0.0,29.47,79.83,100.0,0.8,484.62
15/9-F-12,2015-08-24,24.0,0.0,29.43,79.2,100.0,0.75,483.49
15/9-F-12,2015-08-25,24.0,0.0,29.32,80.49,100.0,0.62,482.3
15/9-F-12,2015-08-26,13.61,0.0,29.61,79.62,56.386,0.91,323.16
15/9-F-12,2015-08-31,23.08,0.0,30.52,75.19,89.857,1.08,499.83
15/9-F-12,2015-09-01,24.0,0.0,29.2,81.45,100.0,0.45,469.31
15/9-F-12,2015-09-02,24.0,0.0,29.45,80.73,100.0,0.5,442.93
15/9-F-12,2015-09-03,24.0,0.0,30.36,80.69,100.0,0.37,429.99
15/9-F-12,2015-09-04,24.0,0.0,29.8,81.03,100.0,0.42,413.54
15/9-F-12,2015-09-05,24.0,0.0,29.32,80.11,100.0,0.61,429.77
15/9-F-12,2015-09-06,24.0,0.0,29.22,80.66,100.0,0.51,415.64
15/9-F-12,2015-09-07,24.0,0.0,29.15,81.07,100.0,0.45,412.74
15/9-F-12,2015-09-08,24.0,0.0,29.11,81.29,100.0,0.41,409.37
15/9-F-12,2015-09-09,24.0,0.0,29.14,81.51,100.0,0.44,409.62
15/9-F-12,2015-09-10,24.0,0.0,29.31,81.17,100.0,0.63,408.28
15/9-F-12,2015-09-11,24.0,0.0,29.44,79.98,100.0,0.75,409.62
15/9-F-12,2015-09-12,24.0,0.0,29.48,79.12,100.0,0.81,415.13
15/9-F-12,2015-09-13,24.0,0.0,29.38,80.28,100.0,0.68,411.61
15/9-F-12,2015-09-14,24.0,0.0,29.37,79.89,100.0,0.68,400.78
15/9-F-12,2015-09-15,24.0,0.0,29.39,80.57,100.0,0.67,414.94
15/9-F-12,2015-09-16,24.0,0.0,29.32,81.03,100.0,0.62,418.98
15/9-F-12,2015-09-17,24.0,0.0,29.16,81.13,100.0,0.43,414.92
15/9-F-12,2015-09-18,24.0,0.0,29.13,81.25,100.0,0.4,431.6
15/9-F-12,2015-09-19,24.0,0.0,29.17,81.35,100.0,0.39,419.13
15/9-F-12,2015-09-20,24.0,0.0,29.26,81.48,100.0,0.41,401.25
15/9-F-12,2015-09-21,24.0,0.0,29.34,81.06,100.0,0.61,424.75
15/9-F-12,2015-09-22,23.32,0.0,34.85,74.77,68.647,5.06,350.77
15/9-F-12,2015-09-23,24.0,0.0,29.58,80.97,99.998,0.52,426.96
15/9-F-12,2015-09-24,24.0,0.0,29.87,79.45,100.0,0.72,426.3
15/9-F-12,2015-09-25,24.0,0.0,29.7,80.0,100.0,0.53,423.33
15/9-F-12,2015-09-26,24.0,0.0,29.5,80.91,100.0,0.38,424.5
15/9-F-12,2015-09-27,24.0,0.0,29.61,80.91,100.0,0.51,419.13
15/9-F-12,2015-09-28,24.0,0.0,29.9,79.75,100.0,0.74,417.56
15/9-F-12,2015-09-29,24.0,0.0,29.85,78.72,97.917,0.79,416.21
15/9-F-12,2015-09-30,24.0,0.0,29.57,79.79,97.917,0.56,385.85
15/9-F-12,2015-10-01,24.0,0.0,28.61,80.6,100.0,0.53,391.95
15/9-F-12,2015-10-02,24.0,0.0,26.57,81.66,100.0,0.58,408.03
15/9-F-12,2015-10-03,24.0,0.0,26.61,81.57,100.0,0.63,404.51
15/9-F-12,2015-10-04,24.0,0.0,26.46,82.27,97.917,0.47,402.23
15/9-F-12,2015-10-05,24.0,0.0,26.76,80.77,100.0,0.79,399.95
15/9-F-12,2015-10-06,24.0,0.0,26.95,78.2,100.0,0.97,397.87
15/9-F-12,2015-10-07,24.0,0.0,26.99,77.68,100.0,1.0,399.04
15/9-F-12,2015-10-08,24.0,0.0,26.65,79.48,100.0,0.77,393.22
15/9-F-12,2015-10-09,24.0,0.0,26.31,81.77,100.0,0.51,400.26
15/9-F-12,2015-10-10,24.0,0.0,26.58,81.51,100.0,0.61,399.08
15/9-F-12,2015-10-11,24.0,0.0,26.85,80.56,100.0,0.75,400.33
15/9-F-12,2015-10-12,24.0,0.0,26.9,80.24,100.0,0.77,395.79
15/9-F-12,2015-10-13,23.17,0.0,28.06,79.62,90.672,1.42,347.6
15/9-F-12,2015-10-14,24.0,0.0,27.41,80.42,100.0,0.61,387.47
15/9-F-12,2015-10-15,24.0,0.0,28.45,79.88,100.0,0.54,385.64
15/9-F-12,2015-10-16,24.0,0.0,26.47,81.74,100.0,0.45,396.94
15/9-F-12,2015-10-17,24.0,0.0,26.42,82.03,100.0,0.42,392.73
15/9-F-12,2015-10-18,24.0,0.0,26.3,82.16,100.0,0.43,394.25
15/9-F-12,2015-10-19,24.0,0.0,26.53,81.87,100.0,0.42,382.11
15/9-F-12,2015-10-20,24.0,0.0,26.7,81.33,100.0,0.53,382.77
15/9-F-12,2015-10-21,24.0,0.0,26.82,79.74,100.0,0.76,380.09
15/9-F-12,2015-10-22,24.0,0.0,26.75,79.27,100.0,0.72,379.88
15/9-F-12,2015-10-23,24.0,0.0,26.65,80.0,100.0,0.7,375.3
15/9-F-12,2015-10-24,24.0,0.0,26.94,79.73,99.945,0.73,370.78
15/9-F-12,2015-10-25,24.0,0.0,26.75,80.09,100.0,0.61,391.93
15/9-F-12,2015-10-26,24.0,0.0,26.73,80.04,100.0,0.84,342.9
15/9-F-12,2015-10-27,24.0,0.0,26.73,80.86,100.0,0.74,342.74
15/9-F-12,2015-10-28,24.0,0.0,27.14,79.5,100.0,0.91,372.18
15/9-F-12,2015-10-29,19.5,0.0,29.6,76.8,77.573,3.12,316.07
15/9-F-12,2015-10-30,24.0,0.0,29.9,79.05,89.989,1.93,365.26
15/9-F-12,2015-10-31,24.0,0.0,27.15,80.75,99.999,0.98,389.73
15/9-F-12,2015-11-01,24.0,0.0,27.13,81.09,100.0,0.93,393.43
15/9-F-12,2015-11-02,23.5,0.0,28.28,79.95,94.022,1.53,375.46
15/9-F-12,2015-11-03,24.0,0.0,27.73,80.54,99.994,0.93,376.81
15/9-F-12,2015-11-04,24.0,0.0,27.93,81.2,100.0,0.8,390.01
15/9-F-12,2015-11-05,24.0,0.0,28.23,80.66,100.0,0.76,394.87
15/9-F-12,2015-11-06,24.0,0.0,27.53,80.79,100.0,0.73,363.73
15/9-F-12,2015-11-07,24.0,0.0,27.31,80.63,100.0,0.56,357.88
15/9-F-12,2015-11-08,24.0,0.0,27.44,79.46,100.0,0.71,348.14
15/9-F-12,2015-11-09,24.0,0.0,27.44,78.58,100.0,0.68,322.03
15/9-F-12,2015-11-10,24.0,0.0,27.15,80.3,100.0,0.57,319.06
15/9-F-12,2015-11-11,24.0,0.0,26.52,80.35,100.0,0.71,335.83
15/9-F-12,2015-11-12,24.0,0.0,26.63,79.77,100.0,0.8,393.73
15/9-F-12,2015-11-13,24.0,0.0,26.91,79.29,100.0,0.76,390.97
15/9-F-12,2015-11-14,24.0,0.0,26.43,80.8,100.0,0.61,399.34
15/9-F-12,2015-11-15,24.0,0.0,26.56,81.88,100.0,0.47,401.44
15/9-F-12,2015-11-16,24.0,0.0,27.13,79.49,97.917,0.8,400.74
15/9-F-12,2015-11-17,24.0,0.0,27.1,78.93,100.0,0.79,398.69
15/9-F-12,2015-11-18,24.0,0.0,26.51,81.52,100.0,0.53,394.48
15/9-F-12,2015-11-19,24.0,0.0,26.2,81.86,100.0,0.42,406.6
15/9-F-12,2015-11-20,24.0,0.0,27.02,80.88,100.0,0.54,389.28
15/9-F-12,2015-11-21,24.0,0.0,27.78,80.52,100.0,0.44,400.07
15/9-F-12,2015-11-22,24.0,0.0,27.87,80.88,100.0,0.37,389.2
15/9-F-12,2015-11-23,24.0,0.0,27.98,79.7,100.0,0.68,390.2
15/9-F-12,2015-11-24,24.0,0.0,27.82,80.48,100.0,0.43,386.75
15/9-F-12,2015-11-25,24.0,0.0,27.85,80.4,100.0,0.44,382.54
15/9-F-12,2015-11-26,24.0,0.0,27.93,79.33,100.0,0.65,379.98
15/9-F-12,2015-11-27,24.0,0.0,28.12,78.68,100.0,0.62,377.07
15/9-F-12,2015-11-28,24.0,0.0,28.06,78.7,100.0,0.62,373.94
15/9-F-12,2015-11-29,24.0,0.0,27.96,79.07,100.0,0.53,370.09
15/9-F-12,2015-11-30,24.0,0.0,27.72,79.76,100.0,0.4,367.12
15/9-F-12,2015-12-01,24.0,0.0,27.83,79.85,100.0,0.52,361.85
15/9-F-12,2015-12-02,24.0,0.0,28.15,78.11,100.0,0.63,360.29
15/9-F-12,2015-12-03,24.0,0.0,28.07,79.56,100.0,0.54,361.4
15/9-F-12,2015-12-04,24.0,0.0,27.43,79.01,100.0,0.57,355.13
15/9-F-12,2015-12-05,24.0,0.0,27.64,77.63,100.0,0.7,371.07
15/9-F-12,2015-12-06,24.0,0.0,27.4,79.98,100.0,0.49,365.87
15/9-F-12,2015-12-07,24.0,0.0,27.63,80.38,100.0,0.54,369.25
15/9-F-12,2015-12-08,24.0,0.0,28.14,79.14,100.0,0.82,367.88
15/9-F-12,2015-12-09,11.33,0.0,27.94,78.57,65.086,1.37,155.48
15/9-F-12,2015-12-10,24.0,0.0,27.2,78.38,100.0,0.85,413.59
15/9-F-12,2015-12-11,24.0,0.0,27.1,80.26,100.0,0.61,384.79
15/9-F-12,2015-12-12,24.0,0.0,26.97,81.31,100.0,0.44,377.79
15/9-F-12,2015-12-13,24.0,0.0,26.93,81.2,100.0,0.48,371.78
15/9-F-12,2015-12-14,24.0,0.0,27.07,80.07,100.0,0.7,368.62
15/9-F-12,2015-12-15,24.0,0.0,27.0,79.46,100.0,0.72,366.55
15/9-F-12,2015-12-16,24.0,0.0,27.02,79.48,100.0,0.78,361.65
15/9-F-12,2015-12-17,24.0,0.0,27.0,79.0,100.0,0.77,364.64
15/9-F-12,2015-12-18,24.0,0.0,27.04,78.01,100.0,0.83,359.13
15/9-F-12,2015-12-19,24.0,0.0,26.95,78.48,100.0,0.8,356.43
15/9-F-12,2015-12-20,24.0,0.0,26.91,78.07,100.0,0.79,351.17
15/9-F-12,2015-12-21,24.0,0.0,26.89,77.7,100.0,0.79,349.4
15/9-F-12,2015-12-22,24.0,0.0,26.87,78.35,100.0,0.76,345.58
15/9-F-12,2015-12-23,24.0,0.0,26.63,77.57,97.917,0.81,344.54
15/9-F-12,2015-12-24,24.0,0.0,26.54,77.87,100.0,0.81,341.77
15/9-F-12,2015-12-25,24.0,0.0,26.29,79.19,100.0,0.56,340.83
15/9-F-12,2015-12-26,24.0,0.0,26.34,78.97,100.0,0.65,337.53
15/9-F-12,2015-12-27,24.0,0.0,26.45,78.56,100.0,0.62,329.95
15/9-F-12,2015-12-28,24.0,0.0,26.45,78.49,97.917,0.78,332.55
15/9-F-12,2015-12-29,24.0,0.0,26.51,78.0,100.0,0.83,330.81
15/9-F-12,2015-12-30,24.0,0.0,26.57,77.74,100.0,0.89,330.63
15/9-F-12,2015-12-31,24.0,0.0,26.49,78.44,100.0,0.79,328.02
15/9-F-12,2016-01-01,24.0,0.0,26.39,79.26,100.0,0.69,326.82
15/9-F-12,2016-01-02,24.0,0.0,26.72,77.27,100.0,0.85,319.9
15/9-F-12,2016-01-03,21.67,0.0,37.82,64.54,70.951,2.41,225.77
15/9-F-12,2016-01-04,24.0,0.0,33.66,63.64,76.121,5.66,254.52
15/9-F-12,2016-01-05,24.0,0.0,26.68,77.13,100.0,0.9,323.41
15/9-F-12,2016-01-06,24.0,0.0,26.75,77.97,100.0,0.85,318.97
15/9-F-12,2016-01-07,24.0,0.0,26.72,76.78,100.0,0.93,320.53
15/9-F-12,2016-01-08,24.0,0.0,26.8,78.08,100.0,0.79,322.82
15/9-F-12,2016-01-09,24.0,0.0,26.95,77.08,100.0,0.9,323.93
15/9-F-12,2016-01-10,24.0,0.0,26.97,77.23,100.0,0.88,324.93
15/9-F-12,2016-01-11,24.0,0.0,27.08,79.2,100.0,0.81,328.19
15/9-F-12,2016-01-12,24.0,0.0,26.92,80.55,100.0,0.58,329.82
15/9-F-12,2016-01-13,23.33,0.0,28.47,79.32,90.168,1.86,294.84
15/9-F-12,2016-01-14,24.0,0.0,27.2,80.24,100.0,0.62,332.95
15/9-F-12,2016-01-15,24.0,0.0,26.87,80.07,100.0,0.61,332.78
15/9-F-12,2016-01-16,24.0,0.0,26.59,80.61,100.0,0.54,330.91
15/9-F-12,2016-01-17,24.0,0.0,26.41,81.21,100.0,0.47,327.47
15/9-F-12,2016-01-18,24.0,0.0,26.63,80.58,100.0,0.61,325.02
15/9-F-12,2016-01-19,24.0,0.0,26.72,80.7,100.0,0.47,315.31
15/9-F-12,2016-01-20,20.83,0.0,27.94,79.05,84.532,1.1,264.18
15/9-F-12,2016-01-21,24.0,0.0,28.35,78.9,100.0,0.72,303.82
15/9-F-12,2016-01-22,24.0,0.0,28.19,77.27,100.0,0.88,290.2
15/9-F-12,2016-01-23,24.0,0.0,27.17,77.99,100.0,0.76,299.33
15/9-F-12,2016-01-24,24.0,0.0,26.48,79.79,100.0,0.76,302.85
15/9-F-12,2016-01-25,22.67,0.0,30.09,74.87,76.067,3.51,303.88
15/9-F-12,2016-01-26,24.0,0.0,30.6,71.21,80.907,3.8,271.65
15/9-F-12,2016-01-27,24.0,0.0,26.18,80.3,100.0,0.43,307.97
15/9-F-12,2016-01-28,24.0,0.0,26.44,78.34,100.0,0.7,293.86
15/9-F-12,2016-01-29,24.0,0.0,26.56,77.2,100.0,0.82,295.25
15/9-F-12,2016-01-30,24.0,0.0,26.53,77.35,100.0,0.76,293.69
15/9-F-12,2016-01-31,24.0,0.0,26.16,79.97,100.0,0.42,289.41
15/9-F-12,2016-02-01,24.0,0.0,26.53,77.65,100.0,0.75,286.59
15/9-F-12,2016-02-02,24.0,0.0,26.55,77.12,100.0,0.69,286.73
15/9-F-12,2016-02-03,24.0,0.0,26.46,79.23,100.0,0.55,281.83
15/9-F-12,2016-02-04,23.58,0.0,28.88,76.36,83.148,2.8,243.73
15/9-F-12,2016-02-05,24.0,0.0,26.75,77.1,99.955,0.82,288.65
15/9-F-12,2016-02-06,24.0,0.0,26.49,77.99,100.0,0.73,283.74
15/9-F-12,2016-02-07,24.0,0.0,26.74,76.54,100.0,0.87,277.35
15/9-F-12,2016-02-08,24.0,0.0,26.68,77.93,100.0,0.65,276.8
15/9-F-12,2016-02-09,24.0,0.0,26.75,79.01,100.0,0.55,278.15
15/9-F-12,2016-02-10,24.0,0.0,26.88,79.97,100.0,0.33,274.69
15/9-F-12,2016-02-11,24.0,0.0,27.53,78.99,100.0,0.4,278.41
15/9-F-12,2016-02-12,24.0,0.0,27.82,77.37,100.0,0.62,263.09
15/9-F-12,2016-02-13,24.0,0.0,27.65,79.24,100.0,0.39,255.45
15/9-F-12,2016-02-14,24.0,0.0,27.87,78.92,100.0,0.44,260.26
15/9-F-12,2016-02-15,24.0,0.0,27.72,79.04,100.0,0.38,259.4
15/9-F-12,2016-02-16,24.0,0.0,28.15,75.99,100.0,1.0,256.59
15/9-F-12,2016-02-17,24.0,0.0,28.25,75.78,100.0,1.07,255.84
15/9-F-12,2016-02-18,24.0,0.0,27.89,78.66,100.0,0.68,251.19
15/9-F-12,2016-02-19,24.0,0.0,28.03,76.56,100.0,1.06,242.83
15/9-F-12,2016-02-20,24.0,0.0,27.56,77.76,100.0,0.78,250.99
15/9-F-12,2016-02-21,24.0,0.0,27.57,78.38,100.0,0.76,238.95
15/9-F-12,2016-02-22,24.0,0.0,26.97,79.91,100.0,0.65,243.52
15/9-F-12,2016-02-23,24.0,0.0,27.15,79.65,100.0,0.75,243.3
15/9-F-12,2016-02-24,24.0,0.0,27.17,80.06,100.0,0.7,242.5
15/9-F-12,2016-02-25,24.0,0.0,27.57,80.24,100.0,0.69,247.63
15/9-F-12,2016-02-26,24.0,0.0,26.48,81.85,100.0,0.67,269.16
15/9-F-12,2016-02-27,24.0,0.0,26.67,82.16,100.0,0.71,267.49
15/9-F-12,2016-02-28,24.0,0.0,26.84,82.42,100.0,0.66,270.65
15/9-F-12,2016-02-29,24.0,0.0,27.34,80.72,100.0,1.13,268.61
15/9-F-12,2016-03-01,24.0,0.0,27.41,79.86,100.0,1.1,272.84
15/9-F-12,2016-03-02,24.0,0.0,27.0,81.95,100.0,0.66,268.9
15/9-F-12,2016-03-03,24.0,0.0,26.96,82.43,100.0,0.64,266.08
15/9-F-12,2016-03-04,24.0,0.0,27.05,81.89,100.0,0.79,264.09
15/9-F-12,2016-03-05,24.0,0.0,26.89,81.95,100.0,0.7,260.42
15/9-F-12,2016-03-06,24.0,0.0,26.86,81.95,100.0,0.66,260.01
15/9-F-12,2016-03-07,24.0,0.0,26.76,82.07,100.0,0.54,257.3
15/9-F-12,2016-03-08,24.0,0.0,27.09,80.89,100.0,0.8,254.39
15/9-F-12,2016-03-09,24.0,0.0,27.14,81.21,100.0,0.78,251.09
15/9-F-12,2016-03-10,24.0,0.0,27.07,81.33,100.0,0.73,250.98
15/9-F-12,2016-03-11,24.0,0.0,27.3,80.31,100.0,0.94,247.77
15/9-F-12,2016-03-12,24.0,0.0,26.96,79.86,100.0,0.98,247.14
15/9-F-12,2016-03-13,24.0,0.0,27.49,79.98,100.0,0.87,238.35
15/9-F-12,2016-03-14,24.0,0.0,26.25,82.17,100.0,0.53,245.19
15/9-F-12,2016-03-15,24.0,0.0,26.2,82.37,100.0,0.48,243.12
15/9-F-12,2016-03-16,24.0,0.0,26.2,82.41,100.0,0.48,245.9
15/9-F-12,2016-03-17,24.0,0.0,26.2,82.49,100.0,0.48,233.53
15/9-F-12,2016-03-18,24.0,0.0,26.36,82.33,100.0,0.47,230.16
15/9-F-12,2016-03-19,24.0,0.0,26.26,82.26,100.0,0.5,228.0
15/9-F-12,2016-03-20,24.0,0.0,26.37,82.16,100.0,0.47,229.51
15/9-F-12,2016-03-21,24.0,0.0,26.55,82.05,100.0,0.43,227.01
15/9-F-12,2016-03-22,24.0,0.0,26.51,82.27,100.0,0.41,219.85
15/9-F-12,2016-03-23,24.0,0.0,26.72,82.19,100.0,0.5,218.29
15/9-F-12,2016-03-24,24.0,0.0,27.08,80.35,100.0,0.8,219.77
15/9-F-12,2016-03-25,24.0,0.0,26.74,81.4,100.0,0.67,220.9
15/9-F-12,2016-03-26,24.0,0.0,27.29,79.18,100.0,0.96,216.63
15/9-F-12,2016-03-27,23.0,0.0,27.5,78.33,100.0,0.92,205.99
15/9-F-12,2016-03-28,24.0,0.0,27.4,80.18,100.0,0.77,211.56
15/9-F-12,2016-03-29,24.0,0.0,27.01,81.09,100.0,0.44,213.02
15/9-F-12,2016-03-30,24.0,0.0,27.05,81.33,100.0,0.49,208.1
15/9-F-12,2016-03-31,24.0,0.0,27.29,81.17,100.0,0.44,204.04
15/9-F-12,2016-04-01,24.0,0.0,27.8,78.88,100.0,0.89,200.49
15/9-F-12,2016-04-02,24.0,0.0,27.58,79.31,100.0,0.63,197.48
15/9-F-12,2016-04-03,24.0,0.0,27.39,80.45,100.0,0.59,198.76
15/9-F-12,2016-04-04,24.0,0.0,27.15,80.56,100.0,0.64,199.0
15/9-F-12,2016-04-05,24.0,0.0,27.04,80.72,100.0,0.69,198.27
15/9-F-12,2016-04-06,22.83,0.0,28.45,78.65,86.524,1.93,167.16
15/9-F-12,2016-04-07,24.0,0.0,26.48,81.93,100.0,0.47,196.96
15/9-F-12,2016-04-08,24.0,0.0,26.26,81.94,100.0,0.44,222.82
15/9-F-12,2016-04-09,24.0,0.0,26.45,80.74,100.0,0.74,217.22
15/9-F-12,2016-04-10,24.0,0.0,26.43,80.03,100.0,0.73,215.98
15/9-F-12,2016-04-11,24.0,0.0,26.33,80.5,100.0,0.62,211.09
15/9-F-12,2016-04-12,24.0,0.0,26.42,79.62,100.0,0.71,204.61
15/9-F-12,2016-04-13,24.0,0.0,26.44,79.57,100.0,0.73,204.27
15/9-F-12,2016-04-14,24.0,0.0,26.13,81.04,100.0,0.4,205.6
15/9-F-12,2016-04-15,24.0,0.0,26.17,80.81,100.0,0.43,199.84
15/9-F-12,2016-04-16,24.0,0.0,26.14,80.58,100.0,0.42,211.33
15/9-F-12,2016-04-17,24.0,0.0,25.96,80.47,100.0,0.6,218.97
15/9-F-12,2016-04-18,24.0,0.0,26.26,80.02,100.0,0.66,187.47
15/9-F-12,2016-04-19,24.0,0.0,26.2,80.87,100.0,0.5,223.85
15/9-F-12,2016-04-20,24.0,0.0,26.22,80.26,100.0,0.53,216.57
15/9-F-12,2016-04-21,24.0,0.0,26.14,80.76,100.0,0.45,209.75
15/9-F-12,2016-04-22,24.0,0.0,26.16,81.34,100.0,0.5,198.75
15/9-F-12,2016-04-23,24.0,0.0,26.25,81.14,100.0,0.55,207.28
15/9-F-12,2016-04-24,24.0,0.0,26.2,81.44,100.0,0.49,202.13
15/9-F-12,2016-04-25,24.0,0.0,26.36,80.52,100.0,0.5,207.17
15/9-F-12,2016-04-26,24.0,0.0,26.42,79.99,100.0,0.48,211.56
15/9-F-12,2016-04-27,24.0,0.0,26.34,80.22,100.0,0.38,208.61
15/9-F-12,2016-04-28,24.0,0.0,26.43,79.91,100.0,0.54,210.84
15/9-F-12,2016-04-29,24.0,0.0,26.57,78.31,100.0,0.69,199.25
15/9-F-12,2016-04-30,24.0,0.0,26.36,79.46,100.0,0.56,199.09
15/9-F-12,2016-05-01,24.0,0.0,26.51,77.41,100.0,0.86,193.89
15/9-F-12,2016-05-02,24.0,0.0,26.44,77.29,100.0,0.84,201.14
15/9-F-12,2016-05-03,24.0,0.0,26.23,78.37,100.0,0.61,201.03
15/9-F-12,2016-05-04,24.0,0.0,26.43,78.28,100.0,0.78,199.27
15/9-F-12,2016-05-05,24.0,0.0,26.47,78.06,100.0,0.86,200.49
15/9-F-12,2016-05-06,24.0,0.0,26.33,78.79,100.0,0.7,201.32
15/9-F-12,2016-05-07,24.0,0.0,26.22,79.39,100.0,0.56,200.43
15/9-F-12,2016-05-08,24.0,0.0,26.39,78.54,100.0,0.75,199.77
15/9-F-12,2016-05-09,24.0,0.0,26.32,78.73,100.0,0.81,197.2
15/9-F-12,2016-05-10,24.0,0.0,26.13,80.08,100.0,0.59,194.87
15/9-F-12,2016-05-11,24.0,0.0,26.06,80.29,100.0,0.46,194.21
15/9-F-12,2016-05-12,24.0,0.0,25.98,80.51,100.0,0.39,192.59
15/9-F-12,2016-05-13,24.0,0.0,26.07,79.75,100.0,0.42,191.23
15/9-F-12,2016-05-14,24.0,0.0,26.14,79.28,100.0,0.47,189.54
15/9-F-12,2016-05-15,20.5,0.0,28.85,71.73,69.281,3.07,146.36
15/9-F-12,2016-05-16,24.0,0.0,26.06,80.34,99.987,0.36,190.97
15/9-F-12,2016-05-17,24.0,0.0,26.06,80.53,100.0,0.36,187.88
15/9-F-12,2016-05-18,24.0,0.0,26.12,80.44,100.0,0.41,186.86
15/9-F-12,2016-05-19,24.0,0.0,26.23,79.72,100.0,0.53,185.12
15/9-F-12,2016-05-20,24.0,0.0,26.32,79.74,100.0,0.62,184.86
15/9-F-12,2016-05-21,24.0,0.0,26.36,79.78,100.0,0.67,182.24
15/9-F-12,2016-05-22,24.0,0.0,26.18,80.34,100.0,0.47,183.08
15/9-F-12,2016-05-23,24.0,0.0,26.01,80.78,100.0,0.32,183.82
15/9-F-12,2016-05-24,24.0,0.0,26.07,80.26,100.0,0.38,185.07
15/9-F-12,2016-05-25,24.0,0.0,26.05,80.52,100.0,0.36,185.85
15/9-F-12,2016-05-26,24.0,0.0,26.0,80.96,100.0,0.3,185.89
15/9-F-12,2016-05-27,24.0,0.0,26.02,81.13,100.0,0.32,184.12
15/9-F-12,2016-05-28,24.0,0.0,26.06,81.27,100.0,0.37,184.75
15/9-F-12,2016-05-29,24.0,0.0,26.26,80.74,100.0,0.58,182.98
15/9-F-12,2016-05-30,24.0,0.0,25.97,81.22,100.0,0.27,182.4
15/9-F-12,2016-05-31,24.0,0.0,26.02,80.74,100.0,0.35,185.9
15/9-F-12,2016-06-01,24.0,0.0,26.05,80.47,100.0,0.37,185.75
15/9-F-12,2016-06-02,24.0,0.0,26.08,80.49,100.0,0.37,184.28
15/9-F-12,2016-06-03,24.0,0.0,25.97,81.12,100.0,0.28,175.83
15/9-F-12,2016-06-04,24.0,0.0,26.01,80.67,100.0,0.32,185.69
15/9-F-12,2016-06-05,24.0,0.0,26.01,80.7,100.0,0.31,186.7
15/9-F-12,2016-06-06,24.0,0.0,26.02,81.04,100.0,0.32,186.99
15/9-F-12,2016-06-07,24.0,0.0,26.05,81.05,100.0,0.36,187.6
15/9-F-12,2016-06-08,16.26,0.0,26.21,80.72,67.709,0.82,116.93
15/9-F-12,2016-06-09,15.0,0.0,26.32,78.48,48.957,0.61,96.32
15/9-F-12,2016-06-10,24.0,0.0,26.31,80.0,99.99,0.62,187.51
15/9-F-12,2016-06-11,24.0,0.0,26.33,80.08,100.0,0.64,188.19
15/9-F-12,2016-06-12,24.0,0.0,26.45,78.87,100.0,0.78,179.18
15/9-F-12,2016-06-13,24.0,0.0,26.52,79.37,100.0,0.83,187.63
15/9-F-12,2016-06-14,24.0,0.0,26.58,78.47,100.0,0.88,188.28
15/9-F-12,2016-06-15,24.0,0.0,26.57,79.26,100.0,0.87,187.06
15/9-F-12,2016-06-16,24.0,0.0,26.61,79.22,100.0,0.91,188.56
15/9-F-12,2016-06-17,24.0,0.0,26.25,80.37,100.0,0.55,186.17
15/9-F-12,2016-06-18,24.0,0.0,26.32,79.65,100.0,0.64,186.43
15/9-F-12,2016-06-19,24.0,0.0,26.3,80.27,100.0,0.62,186.61
15/9-F-12,2016-06-20,24.0,0.0,26.45,79.42,100.0,0.76,187.02
15/9-F-12,2016-06-21,24.0,0.0,26.39,80.34,100.0,0.71,186.45
15/9-F-12,2016-06-22,24.0,0.0,26.56,79.76,100.0,0.91,186.03
15/9-F-12,2016-06-23,24.0,0.0,26.43,80.41,100.0,0.76,186.14
15/9-F-12,2016-06-24,24.0,0.0,26.23,81.27,100.0,0.54,186.37
15/9-F-12,2016-06-25,24.0,0.0,26.27,81.15,100.0,0.59,184.92
15/9-F-12,2016-06-26,24.0,0.0,26.22,80.93,100.0,0.52,185.41
15/9-F-12,2016-06-27,24.0,0.0,26.35,80.51,100.0,0.66,182.8
15/9-F-12,2016-06-28,24.0,0.0,26.52,79.87,100.0,0.83,184.23
15/9-F-12,2016-06-29,24.0,0.0,26.42,80.47,100.0,0.75,184.42
15/9-F-12,2016-06-30,24.0,0.0,26.41,80.04,100.0,0.71,182.81
15/9-F-12,2016-07-01,24.0,0.0,26.6,79.99,100.0,0.79,185.36
15/9-F-12,2016-07-02,24.0,0.0,26.33,80.48,100.0,0.63,183.0
15/9-F-12,2016-07-03,24.0,0.0,26.37,80.49,100.0,0.67,184.55
15/9-F-12,2016-07-04,24.0,0.0,26.27,80.87,100.0,0.56,181.4
15/9-F-12,2016-07-05,24.0,0.0,26.2,81.11,100.0,0.5,183.58
15/9-F-12,2016-07-06,24.0,0.0,26.23,80.81,100.0,0.54,176.83
15/9-F-12,2016-07-07,24.0,0.0,26.42,80.16,100.0,0.72,182.4
15/9-F-12,2016-07-08,24.0,0.0,26.47,80.1,100.0,0.77,181.6
15/9-F-12,2016-07-09,23.5,0.0,26.75,79.88,89.872,0.93,176.04
15/9-F-12,2016-07-10,24.0,0.0,26.28,79.81,100.0,0.59,188.96
15/9-F-12,2016-07-11,23.67,0.0,26.75,79.55,92.771,0.88,180.55
15/9-F-12,2016-07-12,24.0,0.0,26.19,80.37,100.0,0.26,189.74
15/9-F-12,2016-07-13,14.89,0.0,26.39,80.31,60.49,0.64,106.49
15/9-F-12,2016-07-14,6.5,0.0,30.03,62.55,11.7,4.34,47.82
15/9-F-12,2016-07-15,14.44,0.0,40.06,48.64,12.189,19.0,38.42
15/9-F-12,2016-07-16,24.0,0.0,39.67,58.45,22.907,17.95,184.02
15/9-F-12,2016-07-17,20.73,0.0,38.83,58.72,21.106,17.08,80.78
15/9-F-12,2016-07-18,24.0,0.0,33.95,68.03,30.164,11.83,125.94
15/9-F-12,2016-07-19,24.0,0.0,27.0,77.53,40.275,4.72,143.87
15/9-F-12,2016-07-20,24.0,0.0,27.09,76.75,40.3,4.82,145.49
15/9-F-12,2016-07-21,24.0,0.0,26.95,78.4,40.011,4.66,142.5
15/9-F-12,2016-07-22,24.0,0.0,27.75,78.22,39.099,5.51,134.8
15/9-F-12,2016-07-23,24.0,0.0,26.35,79.19,40.519,4.29,136.3
15/9-F-12,2016-07-24,24.0,0.0,26.17,79.11,40.032,4.39,139.91
15/9-F-12,2016-07-25,24.0,0.0,28.92,74.31,34.576,7.17,133.66
15/9-F-12,2016-07-26,24.0,0.0,31.29,71.57,32.116,9.69,129.53
15/9-F-12,2016-07-27,24.0,0.0,31.45,71.78,31.92,9.85,126.9
15/9-F-12,2016-07-28,24.0,0.0,31.44,71.42,31.94,9.78,128.63
15/9-F-12,2016-07-29,24.0,0.0,31.31,72.86,31.935,9.68,130.18
15/9-F-12,2016-07-30,24.0,0.0,31.09,73.01,31.931,9.51,132.63
15/9-F-12,2016-07-31,24.0,0.0,30.13,73.89,33.609,8.55,131.94
15/9-F-12,2016-08-01,24.0,0.0,29.74,74.52,34.261,8.19,136.17
15/9-F-12,2016-08-02,24.0,0.0,30.96,72.34,31.557,9.37,129.85
15/9-F-12,2016-08-03,24.0,0.0,32.5,68.51,29.829,10.18,123.16
15/9-F-12,2016-08-04,24.0,0.0,32.44,69.73,30.332,8.58,118.81
15/9-F-12,2016-08-05,24.0,0.0,32.42,69.44,30.26,8.54,121.77
15/9-F-12,2016-08-06,24.0,0.0,32.4,69.25,30.281,8.55,118.7
15/9-F-12,2016-08-07,24.0,0.0,32.61,64.38,30.269,8.75,119.96
15/9-F-12,2016-08-08,24.0,0.0,32.41,65.4,30.251,8.52,119.63
15/9-F-12,2016-08-09,23.75,0.0,32.79,66.2,29.346,8.98,110.61
15/9-F-12,2016-08-10,24.0,0.0,32.75,67.1,30.232,8.87,118.12
15/9-F-12,2016-08-11,24.0,0.0,32.82,66.38,30.217,8.91,120.41
15/9-F-12,2016-08-12,22.14,0.0,33.15,64.96,27.296,9.26,104.84
15/9-F-14,2008-07-13,24.0,260.87,100.71,52.38,21.053,69.54,1735.26
15/9-F-14,2008-07-14,5.57,256.25,99.6,71.12,27.223,68.02,592.36
15/9-F-14,2008-07-15,24.0,254.98,98.65,67.59,27.278,66.95,2532.21
15/9-F-14,2008-07-16,24.0,251.48,95.66,73.78,30.651,63.66,3030.71
15/9-F-14,2008-07-17,24.0,249.35,93.59,78.04,32.563,61.34,3288.08
15/9-F-14,2008-07-18,24.0,251.5,96.22,75.75,30.052,64.31,2780.06
15/9-F-14,2008-07-19,24.0,251.51,96.15,75.34,30.084,64.16,2774.38
15/9-F-14,2008-07-20,24.0,251.46,96.11,75.62,30.118,64.13,2791.01
15/9-F-14,2008-07-21,24.0,251.72,96.49,76.08,29.831,64.56,2743.1
15/9-F-14,2008-07-22,24.0,251.86,96.69,77.02,29.748,64.77,2717.44
15/9-F-14,2008-07-23,24.0,251.92,96.73,77.14,29.668,64.77,2745.51
15/9-F-14,2008-07-24,24.0,251.85,96.66,76.88,29.786,64.95,2762.59
15/9-F-14,2008-07-25,24.0,251.87,96.29,71.98,29.722,64.82,2763.68
15/9-F-14,2008-07-26,24.0,251.85,96.44,73.85,29.787,64.94,2759.3
15/9-F-14,2008-07-27,24.0,251.91,96.5,74.99,29.783,65.01,2732.34
15/9-F-14,2008-07-28,24.0,251.95,96.58,75.9,29.807,65.07,2762.74
15/9-F-14,2008-07-29,24.0,252.59,97.31,75.37,28.814,65.84,2670.67
15/9-F-14,2008-07-30,24.0,246.95,89.49,77.97,35.302,57.46,3553.37
15/9-F-14,2008-07-31,24.0,247.19,89.78,77.68,35.465,57.77,3550.27
15/9-F-14,2008-08-01,24.0,250.44,94.45,76.96,32.309,62.75,3118.92
15/9-F-14,2008-08-02,24.0,250.54,90.04,74.15,30.761,59.9,3057.91
15/9-F-14,2008-08-03,24.0,250.44,94.29,75.9,32.197,63.27,3111.44
15/9-F-14,2008-08-04,22.5,250.18,94.19,76.06,32.186,62.48,3019.3
15/9-F-14,2008-08-05,24.0,250.29,94.11,75.51,32.309,62.39,3135.89
15/9-F-14,2008-08-06,7.79,251.12,94.99,77.05,29.153,63.3,911.43
15/9-F-14,2008-08-08,11.4,259.49,98.03,43.07,17.481,68.7,724.97
15/9-F-14,2008-08-09,24.0,247.85,90.64,76.17,34.384,58.42,3821.01
15/9-F-14,2008-08-10,24.0,244.98,87.77,78.81,36.27,55.2,4148.94
15/9-F-14,2008-08-11,24.0,244.31,87.4,79.23,36.243,54.72,4118.03
15/9-F-14,2008-08-12,24.0,244.05,87.28,77.4,36.02,54.62,4126.78
15/9-F-14,2008-08-13,24.0,243.91,87.6,77.92,35.575,55.02,3941.15
15/9-F-14,2008-08-14,24.0,244.31,88.11,77.27,34.364,55.65,3676.28
15/9-F-14,2008-08-15,24.0,244.31,88.84,79.0,34.165,56.16,3603.11
15/9-F-14,2008-08-16,24.0,242.79,86.93,75.76,35.469,54.48,3578.92
15/9-F-14,2008-08-17,24.0,241.22,85.48,77.23,36.304,52.84,3723.19
15/9-F-14,2008-08-18,24.0,240.45,85.24,79.48,36.169,52.67,3666.19
15/9-F-14,2008-08-19,24.0,239.37,84.37,80.01,36.475,51.78,3719.87
15/9-F-14,2008-08-20,24.0,238.4,83.67,80.07,36.583,51.03,4032.64
15/9-F-14,2008-08-21,17.88,237.67,82.98,78.76,36.324,50.39,2911.25
15/9-F-14,2008-08-31,14.83,252.35,95.64,58.45,24.328,63.53,1473.98
15/9-F-14,2008-09-02,15.29,252.33,96.04,63.57,26.226,63.78,1345.44
15/9-F-14,2008-09-03,24.0,252.19,97.32,71.79,26.846,65.01,2164.78
15/9-F-14,2008-09-04,24.0,252.29,97.48,73.26,27.028,65.06,2186.74
15/9-F-14,2008-09-05,24.0,252.37,97.16,70.38,27.189,64.95,2230.26
15/9-F-14,2008-09-06,16.88,252.8,97.56,72.05,26.67,65.12,1442.19
15/9-F-14,2008-09-08,19.46,252.92,96.87,67.99,26.062,64.6,1729.8
15/9-F-14,2008-09-09,24.0,252.37,97.33,72.46,27.525,65.49,2272.65
15/9-F-14,2008-09-10,24.0,241.05,82.2,77.59,39.69,49.07,4378.15
15/9-F-14,2008-09-11,24.0,237.06,77.01,75.62,42.015,43.64,4813.99
15/9-F-14,2008-09-12,24.0,235.65,76.22,75.81,42.046,42.9,4789.59
15/9-F-14,2008-09-13,24.0,233.44,74.26,77.0,44.175,40.87,4925.62
15/9-F-14,2008-09-14,24.0,231.42,72.72,78.37,44.796,39.33,4963.82
15/9-F-14,2008-09-15,24.0,229.8,71.71,79.34,45.066,38.34,4970.38
15/9-F-14,2008-09-16,24.0,227.75,70.28,79.97,45.631,36.9,4982.77
15/9-F-14,2008-09-17,24.0,225.02,68.3,80.2,46.475,34.91,5003.65
15/9-F-14,2008-09-18,24.0,230.3,76.39,75.57,37.452,43.62,3949.42
15/9-F-14,2008-09-19,24.0,227.72,74.06,77.59,39.334,41.14,4169.6
15/9-F-14,2008-09-20,24.0,216.82,60.52,80.74,52.352,26.97,5353.53
15/9-F-14,2008-09-21,22.33,220.15,65.31,75.37,45.469,31.8,4520.52
15/9-F-14,2008-09-22,22.58,217.29,62.79,78.3,47.816,30.06,4689.72
15/9-F-14,2008-09-23,24.0,213.48,58.93,79.34,52.37,25.56,5290.92
15/9-F-14,2008-09-24,24.0,211.8,57.86,80.58,53.29,24.49,5336.6
15/9-F-14,2008-09-25,24.0,212.72,60.15,80.22,50.206,26.96,4880.31
15/9-F-14,2008-09-26,24.0,209.01,55.69,80.32,55.55,22.28,5453.84
15/9-F-14,2008-09-27,24.0,211.5,58.94,77.15,51.465,25.78,4902.39
15/9-F-14,2008-09-28,24.0,209.36,56.75,78.51,53.96,23.48,5156.66
15/9-F-14,2008-09-29,24.0,207.53,54.9,78.7,55.81,21.53,5410.73
15/9-F-14,2008-09-30,18.17,214.28,61.85,72.75,44.256,29.14,3282.19
15/9-F-14,2008-10-01,24.0,207.69,55.76,79.98,54.301,22.46,5319.83
15/9-F-14,2008-10-02,24.0,207.08,55.53,79.6,54.209,22.26,5569.54
15/9-F-14,2008-10-03,24.0,206.51,55.26,78.58,54.301,22.03,5281.92
15/9-F-14,2008-10-04,24.0,207.67,57.33,78.23,51.403,24.14,4954.21
15/9-F-14,2008-10-05,24.0,205.6,54.78,78.94,54.753,21.45,5419.56
15/9-F-14,2008-10-06,22.17,215.26,66.56,74.52,38.503,34.42,3485.34
15/9-F-14,2008-10-07,24.0,212.02,63.52,75.38,43.305,30.85,4222.5
15/9-F-14,2008-10-08,24.0,211.9,63.64,78.19,43.266,30.97,4208.55
15/9-F-14,2008-10-09,24.0,211.82,63.64,78.62,43.296,30.99,4201.86
15/9-F-14,2008-10-10,24.0,211.81,63.63,77.77,43.256,30.97,4206.55
15/9-F-14,2008-10-11,24.0,211.87,63.69,77.9,43.319,31.0,4231.88
15/9-F-14,2008-10-12,24.0,212.11,63.93,78.42,42.796,31.32,4195.09
15/9-F-14,2008-10-13,24.0,211.94,63.76,76.87,42.804,31.15,4208.9
15/9-F-14,2008-10-14,24.0,212.02,63.94,78.24,42.808,31.33,4210.83
15/9-F-14,2008-10-15,24.0,212.14,64.17,78.69,42.67,31.57,4187.33
15/9-F-14,2008-10-16,24.0,211.97,64.1,78.52,42.728,31.49,4194.08
15/9-F-14,2008-10-17,24.0,211.84,64.04,78.81,42.756,31.43,4206.38
15/9-F-14,2008-10-18,24.0,209.83,60.81,78.67,46.566,27.91,4753.55
15/9-F-14,2008-10-19,24.0,210.61,61.54,78.5,45.429,28.72,4440.16
15/9-F-14,2008-10-20,24.0,211.1,61.86,77.78,45.286,29.04,4429.04
15/9-F-14,2008-10-21,24.0,211.64,62.15,77.97,45.268,29.32,4435.34
15/9-F-14,2008-10-22,24.0,212.13,62.47,78.41,45.253,29.65,4613.81
15/9-F-14,2008-10-23,24.0,211.75,62.07,77.41,45.78,29.24,4652.96
15/9-F-14,2008-10-24,24.0,211.58,61.77,77.64,45.95,28.95,4675.7
15/9-F-14,2008-10-25,24.0,212.55,62.79,77.13,45.003,30.06,4633.71
15/9-F-14,2008-10-26,25.0,214.03,64.51,78.14,43.487,31.85,4608.81
15/9-F-14,2008-10-27,24.0,214.21,64.85,78.52,43.707,32.13,4429.46
15/9-F-14,2008-10-28,24.0,209.14,57.42,78.95,52.525,24.18,5123.01
15/9-F-14,2008-10-29,23.33,211.47,59.28,78.25,50.582,26.1,4793.27
15/9-F-14,2008-10-30,24.0,207.4,54.61,80.26,57.139,21.22,5460.78
15/9-F-14,2008-10-31,24.0,206.57,54.19,80.19,57.325,20.84,5463.11
15/9-F-14,2008-11-01,22.83,211.14,59.07,78.52,50.59,25.82,4645.38
15/9-F-14,2008-11-02,23.0,218.99,67.13,73.57,38.057,34.48,3731.52
15/9-F-14,2008-11-03,24.0,221.1,72.56,78.88,36.83,40.5,3475.8
15/9-F-14,2008-11-04,24.0,221.31,72.64,76.78,36.761,40.41,3460.92
15/9-F-14,2008-11-05,24.0,221.06,72.69,78.11,36.804,40.46,3458.27
15/9-F-14,2008-11-06,24.0,221.62,73.12,75.01,36.484,40.89,3403.18
15/9-F-14,2008-11-07,24.0,223.79,75.48,73.32,34.819,43.51,3310.61
15/9-F-14,2008-11-08,24.0,223.88,75.52,75.0,35.066,43.49,3354.77
15/9-F-14,2008-11-09,24.0,223.26,74.67,76.08,35.936,42.5,3502.6
15/9-F-14,2008-11-10,24.0,223.78,75.14,76.47,35.705,42.99,3464.41
15/9-F-14,2008-11-11,24.0,223.84,74.91,74.61,35.809,42.76,3492.99
15/9-F-14,2008-11-12,24.0,224.02,75.19,77.59,35.789,43.02,3482.0
15/9-F-14,2008-11-13,24.0,224.32,75.41,77.75,35.822,43.26,3499.81
15/9-F-14,2008-11-14,24.0,224.56,75.55,76.69,35.73,43.38,3498.89
15/9-F-14,2008-11-15,24.0,224.8,75.71,76.99,35.757,43.53,3508.48
15/9-F-14,2008-11-16,24.0,225.0,75.92,77.67,35.768,43.75,3501.06
15/9-F-14,2008-11-17,24.0,225.03,75.67,74.95,35.8,43.52,3526.54
15/9-F-14,2008-11-18,24.0,224.53,75.73,76.85,35.688,43.57,3481.63
15/9-F-14,2008-11-19,24.0,223.81,75.26,77.66,35.626,43.12,3462.83
15/9-F-14,2008-11-20,24.0,224.0,75.2,77.2,35.808,42.95,3489.61
15/9-F-14,2008-11-21,24.0,224.19,75.18,76.66,36.424,41.92,3424.06
15/9-F-14,2008-11-22,24.0,224.69,75.24,76.62,36.3,42.05,3580.99
15/9-F-14,2008-11-23,24.0,226.23,76.65,73.13,34.85,43.45,3234.99
15/9-F-14,2008-11-24,24.0,225.77,76.35,76.09,35.326,43.79,3378.11
15/9-F-14,2008-11-25,24.0,224.75,75.12,77.33,36.556,42.35,3661.02
15/9-F-14,2008-11-26,24.0,224.06,73.78,75.55,37.324,40.85,3853.4
15/9-F-14,2008-11-27,24.0,224.56,74.35,76.35,37.269,41.41,3833.27
15/9-F-14,2008-11-28,24.0,236.44,85.61,68.56,25.049,52.68,1780.74
15/9-F-14,2008-11-29,24.0,230.21,79.35,74.95,33.909,46.57,3100.68
15/9-F-14,2008-11-30,24.0,227.68,76.61,77.35,36.817,43.71,3811.05
15/9-F-14,2008-12-01,24.0,230.05,78.7,75.34,34.586,45.88,3333.32
15/9-F-14,2008-12-02,24.0,232.06,80.49,73.83,33.642,47.86,3203.92
15/9-F-14,2008-12-03,24.0,230.67,79.42,78.18,35.816,46.65,3625.36
15/9-F-14,2008-12-04,24.0,231.25,79.74,75.38,35.793,46.97,3571.27
15/9-F-14,2008-12-05,24.0,231.75,79.94,75.0,35.787,47.16,3629.64
15/9-F-14,2008-12-06,24.0,232.25,80.29,77.05,35.734,47.49,3663.25
15/9-F-14,2008-12-07,24.0,232.75,80.64,77.52,35.767,47.81,3687.91
15/9-F-14,2008-12-08,24.0,233.32,81.08,77.65,35.729,48.27,3652.2
15/9-F-14,2008-12-09,24.0,233.24,80.74,75.81,35.813,47.91,3687.36
15/9-F-14,2008-12-10,24.0,233.77,81.26,77.45,35.776,48.45,3685.38
15/9-F-14,2008-12-11,24.0,234.82,82.24,75.96,35.321,49.54,3526.36
15/9-F-14,2008-12-12,24.0,234.47,81.54,74.27,35.807,48.74,3679.89
15/9-F-14,2008-12-13,24.0,234.91,81.5,70.21,35.826,48.66,3712.64
15/9-F-14,2008-12-14,24.0,235.53,81.86,70.35,35.786,49.04,3720.13
15/9-F-14,2008-12-15,24.0,236.25,82.51,74.2,35.671,49.72,3676.11
15/9-F-14,2008-12-16,24.0,237.42,83.58,74.4,35.183,50.85,3604.86
15/9-F-14,2008-12-17,24.0,238.39,84.36,74.01,34.731,51.69,3548.88
15/9-F-14,2008-12-18,24.0,238.92,84.7,76.28,34.993,51.88,3622.37
15/9-F-14,2008-12-19,24.0,239.78,85.28,76.54,34.886,52.49,3608.76
15/9-F-14,2008-12-20,24.0,240.99,86.4,76.88,34.314,53.68,3524.44
15/9-F-14,2008-12-21,24.0,242.07,87.26,76.46,33.948,54.59,3492.51
15/9-F-14,2008-12-22,24.0,242.88,87.87,77.92,33.787,55.17,3478.92
15/9-F-14,2008-12-23,24.0,243.61,88.14,76.29,33.689,55.5,3473.27
15/9-F-14,2008-12-24,24.0,244.11,88.28,75.98,33.782,55.61,3494.08
15/9-F-14,2008-12-25,24.0,244.93,88.98,77.36,33.769,56.33,3484.95
15/9-F-14,2008-12-26,24.0,245.58,89.42,77.97,33.809,56.78,3499.21
15/9-F-14,2008-12-27,24.0,246.17,89.81,78.88,33.086,57.15,3422.04
15/9-F-14,2008-12-28,24.0,246.88,90.21,77.43,33.763,57.54,3494.29
15/9-F-14,2008-12-29,24.0,247.71,90.73,76.39,33.622,58.12,3476.12
15/9-F-14,2008-12-30,24.0,248.53,91.33,77.95,33.421,58.7,3451.08
15/9-F-14,2008-12-31,24.0,248.98,91.54,78.83,33.449,58.87,3468.76
15/9-F-14,2009-01-01,24.0,249.41,91.61,77.08,33.439,58.97,3478.64
15/9-F-14,2009-01-02,24.0,250.7,92.89,77.03,32.812,60.35,3363.8
15/9-F-14,2009-01-03,18.17,251.82,93.55,74.83,30.048,61.29,2216.9
15/9-F-14,2009-01-04,24.0,250.74,93.03,77.82,32.643,60.45,3347.77
15/9-F-14,2009-01-05,24.0,250.45,92.31,78.57,33.328,59.65,3495.8
15/9-F-14,2009-01-06,21.0,250.79,93.03,74.04,31.611,60.27,2649.25
15/9-F-14,2009-01-13,24.0,247.99,89.52,79.39,36.256,56.29,3920.6
15/9-F-14,2009-01-14,24.0,251.53,90.66,80.37,35.825,57.42,3827.53
15/9-F-14,2009-01-15,24.0,252.12,90.98,76.94,35.81,57.83,4449.03
15/9-F-14,2009-01-16,24.0,252.55,91.17,76.75,35.817,58.01,4595.56
15/9-F-14,2009-01-17,24.0,253.67,92.21,76.98,34.986,59.04,4386.22
15/9-F-14,2009-01-18,24.0,253.67,91.75,76.43,35.676,58.57,4580.12
15/9-F-14,2009-01-19,24.0,253.96,91.96,76.47,35.776,58.74,4621.01
15/9-F-14,2009-01-20,24.0,254.36,92.3,78.36,35.799,59.07,4634.87
15/9-F-14,2009-01-21,22.65,255.12,92.8,78.43,34.215,59.56,4162.58
15/9-F-14,2009-01-22,23.51,256.61,94.42,74.05,33.565,62.05,3996.66
15/9-F-14,2009-01-23,24.0,255.89,93.5,76.97,35.24,60.68,4479.0
15/9-F-14,2009-01-24,24.0,256.37,93.88,77.97,35.183,60.75,4459.69
15/9-F-14,2009-01-25,24.0,256.7,94.02,77.78,35.289,60.92,4519.77
15/9-F-14,2009-01-26,24.0,257.02,93.91,75.64,35.332,60.79,4522.95
15/9-F-14,2009-01-27,24.0,257.52,94.42,77.9,35.323,61.29,4526.29
15/9-F-14,2009-01-28,14.18,258.44,94.97,79.85,33.748,61.92,2486.86
15/9-F-14,2009-01-29,5.66,265.12,101.22,60.58,26.465,69.65,559.58
15/9-F-14,2009-01-30,24.0,257.44,94.15,73.62,35.299,61.05,4535.43
15/9-F-14,2009-01-31,24.0,257.7,94.48,74.28,35.299,61.38,4523.83
15/9-F-14,2009-02-01,15.0,259.9,96.22,71.87,31.738,63.39,2266.89
15/9-F-14,2009-02-02,24.0,258.13,94.78,78.46,35.325,61.69,4534.47
15/9-F-14,2009-02-03,24.0,258.48,95.04,78.67,35.284,61.93,4536.97
15/9-F-14,2009-02-04,5.83,270.12,104.72,55.0,19.548,72.99,384.26
15/9-F-14,2009-02-05,24.0,259.16,95.5,78.29,34.816,62.42,4417.62
15/9-F-14,2009-02-06,24.0,258.77,95.07,78.95,35.233,61.94,4501.76
15/9-F-14,2009-02-07,24.0,259.32,95.01,76.4,34.846,62.0,4501.18
15/9-F-14,2009-02-08,24.0,260.2,95.82,78.98,35.184,62.64,4669.97
15/9-F-14,2009-02-09,24.0,263.45,99.62,78.88,32.373,66.78,3723.99
15/9-F-14,2009-02-10,24.0,260.98,96.75,80.42,34.797,64.47,4416.34
15/9-F-14,2009-02-11,24.0,261.48,97.13,80.24,34.698,65.8,4379.88
15/9-F-14,2009-02-12,24.0,261.77,97.21,80.34,34.692,64.11,4440.7
15/9-F-14,2009-02-13,21.75,263.82,99.08,78.19,32.256,66.38,3573.58
15/9-F-14,2009-02-14,24.0,261.77,96.48,78.02,35.232,63.41,4618.77
15/9-F-14,2009-02-15,24.0,262.42,97.19,79.68,34.879,64.47,4493.98
15/9-F-14,2009-02-16,22.0,263.53,98.03,79.29,33.597,65.07,3907.94
15/9-F-14,2009-02-17,24.0,263.05,97.41,79.26,34.959,64.21,4526.91
15/9-F-14,2009-02-18,24.0,263.5,97.58,78.53,34.818,64.44,4515.1
15/9-F-14,2009-02-19,24.0,263.91,97.72,77.44,34.802,64.6,4518.34
15/9-F-14,2009-02-20,24.0,264.39,98.17,78.44,34.779,64.99,4509.07
15/9-F-14,2009-02-21,24.0,270.42,104.99,75.23,29.048,72.3,2905.92
15/9-F-14,2009-02-22,24.0,266.71,100.44,80.12,34.055,67.33,4319.02
15/9-F-14,2009-02-23,24.0,266.67,100.15,81.01,34.395,66.99,4417.66
15/9-F-14,2009-02-24,24.0,266.97,100.35,80.96,34.307,67.19,4367.33
15/9-F-14,2009-02-25,21.83,269.71,102.78,76.54,31.055,69.95,3226.61
15/9-F-14,2009-02-26,24.0,268.34,101.06,80.42,34.31,67.85,4411.9
15/9-F-14,2009-02-27,24.0,268.75,101.35,81.08,34.307,68.19,4376.91
15/9-F-14,2009-02-28,24.0,269.14,101.29,78.12,34.281,68.16,4417.91
15/9-F-14,2009-03-01,24.0,269.56,101.63,79.1,34.317,68.48,4396.74
15/9-F-14,2009-03-02,24.0,270.0,101.98,80.54,34.237,68.79,4381.09
15/9-F-14,2009-03-03,24.0,270.29,101.99,79.55,33.576,68.8,4339.13
15/9-F-14,2009-03-04,24.0,270.43,101.99,77.76,34.33,68.81,4421.77
15/9-F-14,2009-03-05,14.0,275.31,106.93,72.14,29.522,74.06,1974.22
15/9-F-14,2009-03-06,24.0,276.24,108.5,76.69,29.129,75.92,2987.89
15/9-F-14,2009-03-07,24.0,281.3,115.06,73.9,24.944,82.89,2208.96
15/9-F-14,2009-03-08,11.11,281.64,115.18,73.08,24.157,82.98,969.01
15/9-F-14,2009-03-09,7.5,289.9,113.62,20.96,4.906,75.96,109.63
15/9-F-14,2009-03-10,21.22,277.61,110.74,66.18,30.5,79.18,2623.97
15/9-F-14,2009-03-11,8.81,273.08,106.44,64.78,25.032,73.73,1185.05
15/9-F-14,2009-03-12,19.86,264.3,97.81,78.17,33.23,65.3,3349.12
15/9-F-14,2009-03-13,8.14,261.69,93.01,65.51,33.239,60.24,1512.65
15/9-F-14,2009-03-14,24.0,255.08,87.68,80.68,39.199,54.83,4690.25
15/9-F-14,2009-03-15,24.0,251.12,82.68,82.87,42.199,49.47,5220.21
15/9-F-14,2009-03-16,24.0,245.33,74.92,81.38,47.254,41.26,5534.9
15/9-F-14,2009-03-17,24.0,244.67,75.34,83.27,46.479,41.78,5634.32
15/9-F-14,2009-03-18,24.0,254.09,89.76,80.52,36.327,56.88,4546.78
15/9-F-14,2009-03-19,24.0,255.2,92.53,79.31,33.801,59.79,3976.45
15/9-F-14,2009-03-20,24.0,249.81,88.23,79.34,36.012,55.47,4539.29
15/9-F-14,2009-03-21,24.0,249.01,87.58,80.99,36.224,54.71,4427.82
15/9-F-14,2009-03-22,24.0,246.74,85.97,80.58,36.462,53.07,4433.69
15/9-F-14,2009-03-23,24.0,244.07,83.87,80.39,37.101,50.87,4490.24
15/9-F-14,2009-03-24,24.0,242.68,83.42,79.94,36.768,50.54,4379.47
15/9-F-14,2009-03-25,3.69,244.3,85.81,76.52,30.83,53.25,505.63
15/9-F-14,2009-03-30,4.47,261.91,94.81,25.9,11.909,67.24,155.26
15/9-F-14,2009-03-31,24.0,247.09,88.1,74.82,33.814,55.59,3650.9
15/9-F-14,2009-04-01,24.0,246.19,87.72,76.91,33.746,55.34,3515.99
15/9-F-14,2009-04-02,24.0,244.24,85.76,78.13,35.101,53.21,3831.97
15/9-F-14,2009-04-03,24.0,241.57,82.92,78.76,36.764,50.13,4211.6
15/9-F-14,2009-04-04,24.0,142.2,82.27,79.02,36.916,49.44,4266.19
15/9-F-14,2009-04-05,22.19,0.0,81.86,78.89,36.068,49.17,3873.72
15/9-F-14,2009-04-08,18.69,238.78,81.41,71.64,34.89,48.93,2903.01
15/9-F-14,2009-04-09,15.58,156.7,82.46,71.99,32.957,50.46,2094.72
15/9-F-14,2009-04-10,0.81,0.0,86.93,73.89,21.543,54.35,50.65
15/9-F-14,2009-04-12,13.86,0.0,79.39,71.23,34.449,47.09,2063.32
15/9-F-14,2009-04-13,24.0,0.0,77.49,78.89,36.93,44.84,3941.13
15/9-F-14,2009-04-14,24.0,0.0,76.4,79.57,37.223,43.7,3975.77
15/9-F-14,2009-04-15,4.47,0.0,76.65,79.6,34.276,44.06,651.67
15/9-F-14,2009-04-16,17.52,126.44,76.98,70.6,33.94,44.69,2452.26
15/9-F-14,2009-04-17,24.0,227.89,73.87,78.31,38.049,41.11,4018.0
15/9-F-14,2009-04-18,10.47,230.9,75.29,72.28,33.485,42.9,1417.68
15/9-F-14,2009-04-19,3.19,238.39,80.83,49.8,24.177,49.87,217.49
15/9-F-14,2009-04-20,24.0,161.17,72.36,78.25,38.396,39.64,3990.32
15/9-F-14,2009-04-21,24.0,223.69,70.48,75.6,39.182,37.68,4074.51
15/9-F-14,2009-04-22,22.83,228.32,75.57,74.66,32.787,43.13,2868.86
15/9-F-14,2009-04-23,24.0,222.07,69.53,77.38,39.642,36.66,4074.46
15/9-F-14,2009-04-24,24.0,220.99,68.64,75.05,39.778,35.8,4092.66
15/9-F-14,2009-04-25,24.0,220.17,68.16,74.83,39.874,35.32,4090.03
15/9-F-14,2009-04-26,24.0,219.44,67.76,76.14,40.039,34.91,4103.63
15/9-F-14,2009-04-27,24.0,219.08,67.71,74.91,39.711,34.9,4054.31
15/9-F-14,2009-04-28,24.0,218.82,67.64,77.02,38.923,34.81,4021.8
15/9-F-14,2009-04-29,24.0,218.58,67.48,77.34,39.939,34.64,4052.58
15/9-F-14,2009-04-30,24.0,218.59,67.46,77.78,39.248,34.64,4035.73
15/9-F-14,2009-05-01,24.0,218.69,67.26,75.59,40.123,34.42,4081.53
15/9-F-14,2009-05-02,24.0,218.84,67.49,77.76,40.116,34.63,4066.61
15/9-F-14,2009-05-03,24.0,218.83,67.33,77.77,40.323,34.44,4081.26
15/9-F-14,2009-05-04,2.31,222.47,71.16,76.73,33.636,38.72,412.42
15/9-F-14,2009-05-06,20.69,224.94,71.8,70.2,35.915,39.76,3306.81
15/9-F-14,2009-05-07,23.67,222.98,70.82,76.0,37.937,37.98,3702.99
15/9-F-14,2009-05-08,24.0,221.79,69.3,75.54,39.515,36.45,4081.41
15/9-F-14,2009-05-09,24.0,223.1,70.66,76.08,38.56,37.94,3931.18
15/9-F-14,2009-05-10,24.0,221.84,69.03,78.95,40.155,36.08,4150.8
15/9-F-14,2009-05-11,24.0,131.51,67.97,80.12,41.256,34.85,4241.75
15/9-F-14,2009-05-12,24.0,221.38,68.15,80.51,41.283,35.04,4239.18
15/9-F-14,2009-05-13,24.0,221.82,68.37,80.65,41.257,35.24,4197.86
15/9-F-14,2009-05-14,24.0,222.23,68.44,80.0,41.272,35.29,4211.25
15/9-F-14,2009-05-15,24.0,222.63,68.46,77.96,41.308,35.31,4233.1
15/9-F-14,2009-05-16,24.0,223.0,68.74,77.51,41.286,35.58,4237.94
15/9-F-14,2009-05-17,24.0,223.1,68.51,75.12,41.335,35.36,4244.23
15/9-F-14,2009-05-18,24.0,223.29,68.65,78.64,41.327,35.5,3759.11
15/9-F-14,2009-05-19,24.0,223.37,68.58,79.49,41.322,35.44,3967.32
15/9-F-14,2009-05-20,24.0,223.58,68.58,80.53,41.306,35.44,3972.97
15/9-F-14,2009-05-21,24.0,223.79,68.48,80.94,41.33,35.32,3994.95
15/9-F-14,2009-05-22,24.0,223.5,67.76,81.67,41.943,34.5,4063.22
15/9-F-14,2009-05-23,24.0,223.56,67.35,81.6,42.319,34.04,4123.37
15/9-F-14,2009-05-24,24.0,223.97,67.43,81.36,42.261,34.13,4136.45
15/9-F-14,2009-05-25,24.0,225.19,68.42,80.75,41.404,35.24,4030.16
15/9-F-14,2009-05-26,24.0,225.62,68.45,79.74,41.324,35.3,4024.79
15/9-F-14,2009-05-27,24.0,226.02,68.64,80.52,41.302,35.51,4028.53
15/9-F-14,2009-05-28,24.0,226.49,68.81,81.61,41.256,35.77,4023.55
15/9-F-14,2009-05-29,24.0,229.91,72.35,79.16,38.442,39.72,3653.89
15/9-F-14,2009-05-30,24.0,230.23,73.0,80.53,37.791,40.53,3496.61
15/9-F-14,2009-05-31,24.0,229.74,72.64,81.46,37.748,40.16,3479.8
15/9-F-14,2009-06-01,24.0,229.27,72.38,81.75,37.768,39.88,3442.3
15/9-F-14,2009-06-02,24.0,229.26,72.31,81.27,37.777,39.84,3413.78
15/9-F-14,2009-06-03,24.0,228.68,71.79,78.62,37.79,39.35,2994.6
15/9-F-14,2009-06-04,24.0,227.84,71.38,80.33,37.926,38.96,3352.53
15/9-F-14,2009-06-05,24.0,226.27,70.03,81.07,38.478,37.52,3369.57
15/9-F-14,2009-06-06,21.65,228.89,72.32,75.91,34.149,40.59,2702.0
15/9-F-14,2009-06-07,24.0,224.91,69.07,79.58,38.718,36.36,3439.9
15/9-F-14,2009-06-08,24.0,222.9,67.4,81.26,39.785,34.66,3497.78
15/9-F-14,2009-06-09,24.0,222.31,67.23,81.45,39.512,34.56,3443.71
15/9-F-14,2009-06-10,24.0,221.04,66.31,81.47,39.803,33.69,3451.46
15/9-F-14,2009-06-11,22.67,222.94,68.25,78.76,35.771,35.74,3108.44
15/9-F-14,2009-06-12,24.0,219.34,64.99,81.23,40.273,32.38,3768.1
15/9-F-14,2009-06-13,22.33,221.26,67.07,79.44,36.846,34.59,3178.3
15/9-F-14,2009-06-14,11.64,218.77,64.57,81.3,38.647,31.96,1760.34
15/9-F-14,2009-06-15,13.61,204.89,69.5,72.84,33.791,37.5,1724.89
15/9-F-14,2009-06-16,24.0,220.7,68.31,79.89,36.68,36.01,3145.29
15/9-F-14,2009-06-17,24.0,219.02,66.78,78.5,37.487,34.41,3483.91
15/9-F-14,2009-06-18,24.0,216.93,64.95,79.81,38.318,32.47,3494.02
15/9-F-14,2009-06-19,24.0,215.27,63.44,80.63,39.441,30.85,3560.14
15/9-F-14,2009-06-20,24.0,211.86,60.0,81.49,42.236,27.2,3745.56
15/9-F-14,2009-06-21,24.0,219.32,67.94,79.9,35.306,35.91,2777.63
15/9-F-14,2009-06-22,24.0,219.06,67.67,79.47,35.715,35.64,2774.05
15/9-F-14,2009-06-23,24.0,218.99,67.57,80.04,35.745,35.57,2807.65
15/9-F-14,2009-06-24,24.0,219.03,67.59,79.97,35.738,35.62,2811.94
15/9-F-14,2009-06-25,24.0,223.26,71.39,77.83,32.298,39.82,2454.11
15/9-F-14,2009-06-26,24.0,228.58,76.24,75.19,28.067,45.04,1854.16
15/9-F-14,2009-06-27,24.0,228.74,76.43,74.74,28.176,45.21,1774.82
15/9-F-14,2009-06-28,24.0,228.92,76.54,75.71,28.217,45.28,1755.46
15/9-F-14,2009-06-29,24.0,228.99,76.63,76.35,28.157,45.36,1786.06
15/9-F-14,2009-06-30,24.0,229.2,76.79,76.49,28.133,45.52,1781.53
15/9-F-14,2009-07-01,24.0,229.31,76.82,76.22,28.292,45.57,1787.32
15/9-F-14,2009-07-02,24.0,229.52,76.98,76.15,28.18,45.73,1770.55
15/9-F-14,2009-07-03,24.0,229.59,77.08,76.51,28.06,45.82,1756.69
15/9-F-14,2009-07-04,24.0,229.5,77.02,76.45,28.155,45.74,1756.3
15/9-F-14,2009-07-05,24.0,229.58,77.06,76.06,28.096,45.78,1750.5
15/9-F-14,2009-07-06,24.0,229.6,77.07,76.38,28.114,45.77,2178.86
15/9-F-14,2009-07-07,24.0,229.55,77.01,76.14,28.265,45.68,2189.44
15/9-F-14,2009-07-08,24.0,229.71,77.05,74.56,28.214,46.09,1982.23
15/9-F-14,2009-07-09,24.0,229.78,77.06,74.17,28.258,45.8,1983.9
15/9-F-14,2009-07-10,24.0,229.85,77.08,74.23,28.21,49.49,1971.71
15/9-F-14,2009-07-11,24.0,229.88,77.08,74.55,28.219,45.66,1973.72
15/9-F-14,2009-07-12,24.0,229.6,76.91,74.61,28.448,45.46,1990.32
15/9-F-14,2009-07-13,24.0,228.48,75.92,75.62,29.248,44.39,2068.62
15/9-F-14,2009-07-14,24.0,228.39,75.75,74.92,29.304,44.23,2058.71
15/9-F-14,2009-07-15,24.0,228.53,75.81,75.19,29.157,44.33,2031.15
15/9-F-14,2009-07-16,24.0,228.45,75.8,76.44,29.045,44.29,2021.41
15/9-F-14,2009-07-17,24.0,228.4,75.62,75.92,29.163,44.33,2032.92
15/9-F-14,2009-07-18,24.0,228.99,75.78,75.4,29.365,45.0,1998.43
15/9-F-14,2009-07-19,22.17,229.91,76.08,74.54,28.161,44.76,1725.31
15/9-F-14,2009-07-20,24.0,228.34,74.58,77.29,31.216,43.07,2225.2
15/9-F-14,2009-07-21,24.0,228.65,74.49,78.77,31.664,42.77,2373.34
15/9-F-14,2009-07-22,24.0,229.74,75.0,76.76,31.629,43.31,2374.05
15/9-F-14,2009-07-23,24.0,231.2,75.95,77.53,31.178,44.26,2332.24
15/9-F-14,2009-07-24,24.0,233.23,77.37,77.15,29.962,45.75,2243.58
15/9-F-14,2009-07-25,24.0,233.2,77.06,78.59,30.409,45.37,2334.32
15/9-F-14,2009-07-26,24.0,234.57,77.87,78.42,30.735,46.21,2322.56
15/9-F-14,2009-07-27,24.0,235.85,78.61,77.71,30.371,46.9,2292.32
15/9-F-14,2009-07-28,24.0,236.39,78.71,78.28,30.752,46.55,2345.61
15/9-F-14,2009-07-29,24.0,237.64,79.4,77.2,30.595,47.25,2337.6
15/9-F-14,2009-07-30,24.0,238.73,80.04,78.51,30.465,47.88,2338.0
15/9-F-14,2009-07-31,24.0,239.57,80.44,79.4,30.552,48.29,2324.91
15/9-F-14,2009-08-01,24.0,240.3,80.79,77.37,30.55,48.65,2326.08
15/9-F-14,2009-08-02,10.07,240.99,81.14,77.1,29.006,49.01,945.06
15/9-F-14,2009-08-05,21.51,236.25,73.7,76.07,36.512,41.02,3027.64
15/9-F-14,2009-08-06,24.0,230.15,68.09,83.71,41.257,35.15,4270.99
15/9-F-14,2009-08-07,22.91,228.83,67.04,84.53,41.751,33.98,4265.29
15/9-F-14,2009-08-08,18.84,239.11,77.18,79.45,30.983,44.56,2058.02
15/9-F-14,2009-08-09,24.0,222.92,60.67,85.52,47.86,27.1,4894.2
15/9-F-14,2009-08-10,24.0,220.57,58.29,85.71,49.902,24.61,4998.82
15/9-F-14,2009-08-11,24.0,224.26,62.91,86.02,44.94,29.74,4615.69
15/9-F-14,2009-08-12,24.0,226.49,65.91,86.06,41.554,33.02,4301.84
15/9-F-14,2009-08-13,24.0,225.19,64.64,86.15,42.295,31.69,4369.42
15/9-F-14,2009-08-14,24.0,224.55,64.19,85.93,42.299,31.27,4325.95
15/9-F-14,2009-08-15,24.0,223.84,63.69,85.55,42.21,30.83,4260.78
15/9-F-14,2009-08-16,24.0,223.95,63.56,84.69,42.237,30.7,4224.45
15/9-F-14,2009-08-17,24.0,224.4,63.65,86.41,42.289,30.77,4232.84
15/9-F-14,2009-08-18,24.0,224.82,63.71,86.16,42.27,30.84,4225.4
15/9-F-14,2009-08-19,24.0,225.27,63.72,84.49,42.236,30.88,4225.22
15/9-F-14,2009-08-20,24.0,225.51,63.66,84.46,42.289,30.79,4232.66
15/9-F-14,2009-08-21,24.0,225.88,63.79,85.17,42.235,30.9,4231.89
15/9-F-14,2009-08-22,24.0,226.18,63.87,85.72,42.193,30.97,4230.53
15/9-F-14,2009-08-23,24.0,226.36,63.77,85.37,42.293,30.9,4227.74
15/9-F-14,2009-08-24,24.0,226.39,63.5,85.17,42.562,30.61,4243.95
15/9-F-14,2009-08-25,24.0,225.2,61.85,85.78,44.122,28.79,4321.88
15/9-F-14,2009-08-26,14.67,234.19,62.4,78.75,30.955,36.67,1466.67
15/9-F-14,2009-08-27,24.0,232.99,70.02,82.8,37.304,37.46,3276.91
15/9-F-14,2009-08-28,24.0,226.91,63.47,85.06,42.748,30.54,4305.76
15/9-F-14,2009-08-29,24.0,220.03,54.06,86.33,57.195,21.1,4495.44
15/9-F-14,2009-08-30,24.0,218.48,49.72,86.54,66.234,16.42,4848.34
15/9-F-14,2009-08-31,16.82,225.29,56.5,83.54,50.557,23.66,3044.04
15/9-F-14,2009-09-04,3.01,254.74,0.0,47.31,19.459,31.91,293.98
15/9-F-14,2009-09-05,24.0,244.99,0.0,80.33,31.353,32.45,2247.25
15/9-F-14,2009-09-06,19.74,247.91,0.49,80.54,27.619,31.18,1802.88
15/9-F-14,2009-09-07,19.5,240.81,76.92,79.38,32.357,45.51,2262.5
15/9-F-14,2009-09-08,24.0,239.74,74.64,84.05,37.833,42.1,3644.19
15/9-F-14,2009-09-09,24.0,232.99,66.58,86.51,43.82,33.15,4647.72
15/9-F-14,2009-09-10,24.0,233.26,66.79,87.35,43.681,33.38,4624.18
15/9-F-14,2009-09-11,24.0,233.71,67.03,87.36,43.26,33.7,4595.16
15/9-F-14,2009-09-12,24.0,234.52,67.94,87.02,42.288,34.75,4525.5
15/9-F-14,2009-09-13,24.0,234.86,67.89,87.16,42.273,34.73,4514.24
15/9-F-14,2009-09-14,24.0,235.23,67.87,87.5,42.231,34.7,4478.74
15/9-F-14,2009-09-15,24.0,236.35,68.33,87.38,41.976,34.92,4377.97
15/9-F-14,2009-09-16,24.0,234.69,66.21,87.66,43.378,32.35,4534.04
15/9-F-14,2009-09-17,24.0,234.92,66.22,87.69,43.282,32.38,4521.12
15/9-F-14,2009-09-18,24.0,235.18,66.18,87.33,43.279,32.36,4504.72
15/9-F-14,2009-09-19,24.0,232.34,61.84,86.89,49.795,28.05,4804.4
15/9-F-14,2009-09-20,24.0,223.81,50.08,87.95,69.189,16.18,5644.37
15/9-F-14,2009-09-21,24.0,223.84,49.79,86.54,69.793,15.9,4867.01
15/9-F-14,2009-09-22,24.0,224.08,49.83,86.36,69.396,15.96,4847.95
15/9-F-14,2009-09-23,24.0,224.3,49.85,87.32,69.231,15.99,4690.49
15/9-F-14,2009-09-24,24.0,230.59,57.78,87.58,55.298,23.91,4270.77
15/9-F-14,2009-09-25,24.0,236.63,65.22,87.33,43.657,31.4,3899.79
15/9-F-14,2009-09-26,10.82,236.74,65.09,88.12,43.042,30.98,1750.83
15/9-F-14,2009-10-01,6.18,256.95,87.21,59.07,24.462,55.3,429.76
15/9-F-14,2009-10-02,24.0,241.24,72.34,84.66,39.419,39.02,3567.82
15/9-F-14,2009-10-03,24.0,236.78,66.85,84.87,43.004,33.02,3894.67
15/9-F-14,2009-10-04,24.0,236.62,66.74,86.47,43.272,32.87,3894.95
15/9-F-14,2009-10-05,23.16,237.04,66.89,86.97,42.458,32.91,3740.04
15/9-F-14,2009-10-06,17.92,241.43,70.72,80.1,38.226,37.18,2449.2
15/9-F-14,2009-10-07,24.0,237.36,66.76,87.12,43.279,32.88,3802.88
15/9-F-14,2009-10-08,24.0,238.65,67.96,86.56,42.304,34.23,3715.57
15/9-F-14,2009-10-09,24.0,240.94,70.37,86.42,40.278,36.93,3536.73
15/9-F-14,2009-10-10,24.0,236.19,67.81,83.56,40.54,34.74,3599.73
15/9-F-14,2009-10-11,24.0,239.87,68.57,86.87,41.161,35.04,3580.92
15/9-F-14,2009-10-12,24.0,239.76,68.25,87.68,41.239,34.74,3585.75
15/9-F-14,2009-10-13,21.5,241.86,69.88,85.3,37.613,36.53,2731.31
15/9-F-14,2009-10-14,24.0,239.35,67.83,85.36,41.055,34.42,3477.84
15/9-F-14,2009-10-15,23.17,244.3,72.3,84.26,34.351,38.61,2601.89
15/9-F-14,2009-10-16,24.0,235.64,63.81,87.4,44.586,29.75,3837.87
15/9-F-14,2009-10-17,6.64,235.72,59.66,84.55,42.159,26.87,1120.11
15/9-F-14,2009-10-18,19.02,242.33,56.84,72.24,37.415,27.55,2434.52
15/9-F-14,2009-10-19,24.0,234.78,63.48,86.8,44.295,29.45,3684.3
15/9-F-14,2009-10-20,24.0,234.9,63.52,85.24,44.211,29.52,3675.56
15/9-F-14,2009-10-21,24.0,234.78,63.36,81.98,44.31,29.37,3675.29
15/9-F-14,2009-10-22,24.0,234.9,63.34,81.97,44.235,29.37,3664.12
15/9-F-14,2009-10-23,7.49,233.76,61.68,82.59,42.721,27.6,1238.04
15/9-F-14,2009-10-24,4.51,261.59,81.15,47.91,18.102,51.68,208.75
15/9-F-14,2009-10-25,24.5,241.83,68.43,81.8,39.832,35.19,3384.02
15/9-F-14,2009-10-26,24.0,236.38,62.85,88.08,45.565,29.38,3776.04
15/9-F-14,2009-10-27,24.0,236.12,62.48,87.54,45.624,29.05,3782.51
15/9-F-14,2009-10-28,24.0,237.3,63.65,86.1,44.404,30.3,3742.33
15/9-F-14,2009-10-29,22.33,239.58,65.25,83.59,41.568,32.41,3256.19
15/9-F-14,2009-10-30,23.0,240.34,66.35,84.63,40.724,33.45,3459.66
15/9-F-14,2009-10-31,24.0,245.37,72.3,85.33,37.277,39.84,3158.95
15/9-F-14,2009-11-01,24.0,244.81,71.48,85.15,37.712,38.77,3226.08
15/9-F-14,2009-11-02,24.0,244.84,71.33,85.34,37.662,38.59,3213.55
15/9-F-14,2009-11-03,24.0,244.5,70.67,84.44,38.029,37.86,3259.61
15/9-F-14,2009-11-04,21.5,247.64,72.9,80.54,33.94,40.07,2602.28
15/9-F-14,2009-11-05,24.0,239.1,64.02,85.6,43.396,30.59,3628.84
15/9-F-14,2009-11-06,24.0,239.01,63.79,85.13,43.381,30.37,3609.06
15/9-F-14,2009-11-07,24.0,238.88,63.62,87.23,43.427,30.17,3620.38
15/9-F-14,2009-11-08,24.0,238.62,63.24,88.45,43.622,29.79,3634.4
15/9-F-14,2009-11-09,21.35,239.19,63.65,86.53,42.019,30.28,3121.08
15/9-F-14,2009-11-10,23.99,241.24,64.88,83.53,41.623,31.53,3409.72
15/9-F-14,2009-11-11,24.0,238.58,62.62,86.32,44.164,29.14,3640.41
15/9-F-14,2009-11-12,24.0,238.57,62.43,84.05,44.213,28.97,3635.05
15/9-F-14,2009-11-13,24.0,238.58,62.27,85.45,44.197,28.78,3614.06
15/9-F-14,2009-11-14,24.0,238.61,62.05,86.1,44.211,28.61,3624.81
15/9-F-14,2009-11-15,24.0,239.33,62.76,86.88,43.321,29.38,3580.46
15/9-F-14,2009-11-16,24.0,240.68,64.15,85.82,41.894,30.99,3506.48
15/9-F-14,2009-11-17,24.0,243.56,67.46,86.04,38.97,35.07,3296.12
15/9-F-14,2009-11-18,24.0,244.17,68.11,87.18,38.428,35.83,3200.9
15/9-F-14,2009-11-19,24.0,244.0,67.65,85.76,38.619,35.39,3199.94
15/9-F-14,2009-11-20,22.67,247.0,69.26,83.14,34.981,37.05,2699.05
15/9-F-14,2009-11-21,24.0,243.58,67.08,86.53,38.957,34.73,3222.51
15/9-F-14,2009-11-22,24.0,243.76,67.13,86.12,38.75,34.86,3197.72
15/9-F-14,2009-11-23,21.5,246.74,69.98,85.91,35.564,37.58,2570.89
15/9-F-14,2009-11-24,22.25,246.32,69.35,85.26,36.072,36.33,2699.83
15/9-F-14,2009-11-25,24.0,244.7,68.13,85.02,37.967,35.18,3147.31
15/9-F-14,2009-11-26,24.0,245.69,69.27,84.71,36.455,36.26,3085.33
15/9-F-14,2009-11-27,24.0,246.25,69.56,87.09,36.421,36.57,3099.79
15/9-F-14,2009-11-28,24.0,246.95,70.0,88.11,37.139,37.09,3091.19
15/9-F-14,2009-11-29,24.0,243.88,66.42,88.05,39.651,33.94,3281.29
15/9-F-14,2009-11-30,24.0,242.97,65.33,88.27,39.434,32.81,3325.36
15/9-F-14,2009-12-01,24.0,243.13,65.18,87.3,40.27,32.68,3305.28
15/9-F-14,2009-12-02,24.0,243.14,64.88,84.9,40.313,32.42,3319.05
15/9-F-14,2009-12-03,24.0,243.22,64.81,84.78,40.264,32.19,3300.4
15/9-F-14,2009-12-04,24.0,243.15,64.61,85.82,40.291,31.21,2913.03
15/9-F-14,2009-12-05,24.0,244.42,65.52,86.06,39.207,32.08,2797.51
15/9-F-14,2009-12-06,24.0,241.8,62.63,85.79,41.784,28.87,3031.7
15/9-F-14,2009-12-07,24.0,243.18,64.1,86.62,40.261,30.5,2895.94
15/9-F-14,2009-12-08,24.0,243.1,63.94,86.45,40.287,30.37,2763.86
15/9-F-14,2009-12-09,24.0,242.27,62.97,86.94,41.028,29.32,2821.19
15/9-F-14,2009-12-10,24.0,241.13,61.71,88.99,42.018,27.96,2900.0
15/9-F-14,2009-12-11,24.0,240.7,61.15,89.32,42.248,27.4,2919.38
15/9-F-14,2009-12-12,24.0,240.6,60.9,89.26,42.279,27.31,2919.95
15/9-F-14,2009-12-13,24.0,240.4,60.47,89.26,42.361,27.89,2920.02
15/9-F-14,2009-12-14,24.0,240.32,60.23,89.25,42.33,27.66,2910.86
15/9-F-14,2009-12-15,24.0,240.25,60.09,89.18,42.294,27.54,2874.91
15/9-F-14,2009-12-16,24.0,240.25,59.99,88.76,42.292,27.46,2894.13
15/9-F-14,2009-12-17,22.86,240.2,59.52,87.64,42.33,27.27,2753.06
15/9-F-14,2009-12-18,23.48,247.31,66.28,84.44,34.659,33.67,2129.71
15/9-F-14,2009-12-19,15.02,237.22,57.44,87.63,42.943,24.87,1770.13
15/9-F-14,2009-12-20,22.48,236.75,55.88,83.25,45.453,23.05,2753.3
15/9-F-14,2009-12-21,24.0,232.7,53.21,85.87,48.299,20.34,3061.28
15/9-F-14,2009-12-22,24.0,232.48,52.82,86.6,48.581,19.95,3042.09
15/9-F-14,2009-12-23,24.0,231.28,51.26,88.05,51.139,18.22,3221.53
15/9-F-14,2009-12-24,24.0,230.62,50.38,88.87,52.575,17.26,3305.48
15/9-F-14,2009-12-25,18.83,236.33,54.91,83.37,44.011,22.28,2205.81
15/9-F-14,2009-12-26,24.0,234.64,54.43,89.05,47.011,21.64,2991.82
15/9-F-14,2009-12-27,24.0,231.96,51.41,89.41,51.024,18.38,3205.5
15/9-F-14,2009-12-28,24.0,233.45,53.04,89.15,48.285,20.17,2912.11
15/9-F-14,2009-12-29,24.0,233.69,53.03,88.96,48.182,20.17,2892.66
15/9-F-14,2009-12-30,24.0,233.8,52.94,88.76,48.234,20.09,2891.58
15/9-F-14,2009-12-31,24.0,233.68,52.71,89.09,48.569,19.79,2891.08
15/9-F-14,2010-01-01,24.0,232.95,51.68,87.92,50.151,18.71,2956.17
15/9-F-14,2010-01-02,24.0,232.89,51.34,88.17,50.695,18.37,2973.26
15/9-F-14,2010-01-03,24.0,235.01,53.42,89.04,47.666,20.64,2829.96
15/9-F-14,2010-01-04,24.0,237.13,55.58,88.89,44.706,22.98,2703.2
15/9-F-14,2010-01-05,24.0,236.43,54.66,88.61,45.744,21.96,2745.86
15/9-F-14,2010-01-06,24.0,236.25,54.32,88.42,46.054,21.61,2755.53
15/9-F-14,2010-01-07,24.0,236.65,54.56,88.08,44.74,21.91,2724.82
15/9-F-14,2010-01-08,24.0,236.64,54.39,88.16,44.805,21.77,2723.08
15/9-F-14,2010-01-09,22.83,240.82,58.0,85.78,39.729,25.45,2301.79
15/9-F-14,2010-01-10,24.0,236.3,54.09,87.84,44.944,21.46,2726.55
15/9-F-14,2010-01-11,24.0,236.35,53.97,88.43,45.878,21.33,2714.43
15/9-F-14,2010-01-12,24.0,236.46,53.88,86.19,46.005,21.24,2711.82
15/9-F-14,2010-01-13,24.0,236.38,53.59,83.63,46.343,20.92,2713.46
15/9-F-14,2010-01-14,24.0,236.18,53.19,84.06,46.987,20.47,2710.24
15/9-F-14,2010-01-15,24.0,235.08,51.75,85.65,49.223,18.89,2762.75
15/9-F-14,2010-01-16,24.0,235.37,51.78,84.2,49.226,18.92,2734.35
15/9-F-14,2010-01-17,24.0,235.61,51.77,85.16,49.306,18.91,2695.51
15/9-F-14,2010-01-18,24.0,236.04,51.86,86.59,49.26,18.98,2840.81
15/9-F-14,2010-01-19,24.0,236.47,51.94,87.83,49.211,19.06,2813.38
15/9-F-14,2010-01-20,24.0,194.36,52.01,86.08,49.241,19.13,2789.61
15/9-F-14,2010-01-21,24.0,237.16,52.26,84.84,49.086,19.39,2758.51
15/9-F-14,2010-01-22,24.0,237.35,52.19,84.69,49.162,19.31,2746.74
15/9-F-14,2010-01-23,24.0,252.98,66.23,82.04,34.024,33.51,1935.58
15/9-F-14,2010-01-24,24.0,244.03,58.09,84.7,43.629,25.39,2512.9
15/9-F-14,2010-01-25,24.0,240.36,54.34,88.51,46.583,21.63,2689.44
15/9-F-14,2010-01-26,23.33,242.98,56.49,87.13,42.995,23.81,2447.28
15/9-F-14,2010-01-27,24.0,243.43,57.39,88.68,42.896,24.98,2549.27
15/9-F-14,2010-01-28,24.0,246.26,60.23,88.71,40.236,28.13,2392.82
15/9-F-14,2010-01-29,24.0,245.08,58.88,89.15,41.878,26.63,2431.33
15/9-F-14,2010-01-30,24.0,245.01,58.63,89.23,42.231,26.33,2421.01
15/9-F-14,2010-01-31,24.0,245.32,58.74,89.13,42.244,26.44,2409.79
15/9-F-14,2010-02-01,24.0,245.58,58.79,89.46,42.292,26.49,2415.98
15/9-F-14,2010-02-02,24.0,246.17,59.09,89.51,42.055,26.74,2390.72
15/9-F-14,2010-02-03,24.0,248.22,60.88,89.43,40.595,28.59,2475.53
15/9-F-14,2010-02-04,24.0,247.97,60.35,87.55,40.991,28.11,2511.6
15/9-F-14,2010-02-05,24.0,247.05,59.18,86.02,42.094,26.89,2595.29
15/9-F-14,2010-02-06,24.0,247.64,59.67,88.39,41.788,27.4,2573.4
15/9-F-14,2010-02-07,24.0,247.81,59.6,89.7,41.979,27.27,2547.01
15/9-F-14,2010-02-08,24.0,246.7,58.3,89.97,43.335,25.87,2608.51
15/9-F-14,2010-02-09,24.0,247.39,58.8,89.97,42.843,26.42,2579.15
15/9-F-14,2010-02-10,24.0,188.63,60.04,89.64,41.728,27.78,2521.73
15/9-F-14,2010-02-11,24.0,250.19,61.24,89.82,40.501,29.01,2500.81
15/9-F-14,2010-02-12,24.0,252.76,63.44,89.67,38.67,31.45,2368.79
15/9-F-14,2010-02-13,24.0,252.44,63.77,89.56,38.785,31.73,2426.54
15/9-F-14,2010-02-14,15.33,222.27,61.43,83.64,34.261,31.89,1436.9
15/9-F-14,2010-02-15,13.7,0.0,69.26,74.34,28.839,38.15,1006.27
15/9-F-14,2010-02-16,24.0,0.0,59.77,86.37,41.811,27.41,2652.06
15/9-F-14,2010-02-17,24.0,0.0,59.81,85.4,41.785,27.46,2606.4
15/9-F-14,2010-02-18,21.6,0.0,61.8,84.57,39.019,29.24,2141.69
15/9-F-14,2010-02-19,24.0,0.0,60.53,88.95,41.379,28.17,2560.92
15/9-F-14,2010-02-20,24.0,0.0,61.04,89.62,40.982,28.71,2519.31
15/9-F-14,2010-02-21,24.0,0.0,61.2,89.73,40.096,28.84,2492.65
15/9-F-14,2010-02-22,24.0,0.0,61.64,89.87,40.834,29.28,2485.03
15/9-F-14,2010-02-23,23.08,71.15,63.94,88.95,37.115,31.64,2144.8
15/9-F-14,2010-02-24,24.0,250.83,60.58,89.34,41.878,28.13,2532.28
15/9-F-14,2010-02-25,18.5,49.45,60.12,87.49,40.528,28.34,1709.58
15/9-F-14,2010-02-26,20.36,255.38,63.97,83.64,36.962,31.67,1660.01
15/9-F-14,2010-02-27,17.6,251.29,59.41,89.23,39.412,28.45,1630.02
15/9-F-14,2010-03-02,1.52,279.68,101.51,12.13,7.914,76.57,51.61
15/9-F-14,2010-03-03,23.5,252.14,63.55,82.91,38.443,31.24,2114.14
15/9-F-14,2010-03-04,23.67,247.41,60.44,89.22,40.986,27.96,2332.95
15/9-F-14,2010-03-05,24.0,244.45,58.54,89.34,43.074,25.66,2475.08
15/9-F-14,2010-03-06,20.99,244.46,59.27,88.41,41.362,26.6,2079.02
15/9-F-14,2010-03-08,12.01,248.94,64.17,80.31,37.255,31.56,1151.8
15/9-F-14,2010-03-09,24.0,244.02,59.58,89.24,42.29,26.74,2406.83
15/9-F-14,2010-03-10,24.0,242.91,59.43,89.45,42.24,26.63,2353.48
15/9-F-14,2010-03-11,23.67,243.74,60.34,88.62,39.956,27.62,2412.87
15/9-F-14,2010-03-12,21.75,251.87,66.35,81.36,30.613,33.62,2035.34
15/9-F-14,2010-03-13,24.0,239.67,56.37,89.48,43.454,23.4,2651.61
15/9-F-14,2010-03-14,24.0,239.4,55.25,89.17,46.104,22.25,2682.95
15/9-F-14,2010-03-15,24.0,241.31,56.69,89.75,44.316,23.81,2551.43
15/9-F-14,2010-03-16,24.0,243.61,58.52,89.64,42.54,25.7,2443.69
15/9-F-14,2010-03-17,24.0,244.47,58.96,88.92,41.939,26.2,2363.55
15/9-F-14,2010-03-18,24.0,243.13,57.9,88.24,42.642,25.01,2302.63
15/9-F-14,2010-03-19,24.0,242.34,57.49,87.25,42.678,24.34,2275.39
15/9-F-14,2010-03-20,24.0,241.64,57.26,88.91,42.736,24.12,2251.88
15/9-F-14,2010-03-21,24.0,240.82,56.85,89.56,42.771,23.73,2220.6
15/9-F-14,2010-03-22,24.0,238.62,54.88,88.51,45.041,21.62,2650.03
15/9-F-14,2010-03-23,24.0,235.97,52.34,89.14,48.268,18.9,2763.87
15/9-F-14,2010-03-24,24.0,236.84,52.75,87.9,47.669,19.37,2723.29
15/9-F-14,2010-03-25,24.0,237.29,52.78,87.84,47.665,19.34,2710.55
15/9-F-14,2010-03-26,24.0,238.5,53.55,86.82,46.884,20.13,2607.98
15/9-F-14,2010-03-27,24.0,239.17,53.89,88.3,46.515,20.46,2538.52
15/9-F-14,2010-03-28,23.0,239.77,54.09,89.25,45.71,20.64,2372.26
15/9-F-14,2010-03-29,24.0,240.44,54.39,89.96,46.68,20.93,2380.49
15/9-F-14,2010-03-30,24.0,242.18,55.75,87.9,45.174,22.37,2555.35
15/9-F-14,2010-03-31,24.0,242.63,55.79,87.42,44.146,22.35,2530.06
15/9-F-14,2010-04-02,9.14,249.67,54.15,75.85,35.256,23.09,805.18
15/9-F-14,2010-04-03,23.33,245.92,57.89,86.37,42.415,24.57,2329.4
15/9-F-14,2010-04-04,24.0,243.65,55.52,88.62,45.93,22.21,2649.88
15/9-F-14,2010-04-05,24.0,244.66,56.18,89.29,44.42,22.96,2592.21
15/9-F-14,2010-04-06,24.0,245.69,56.93,87.62,44.623,23.75,2569.99
15/9-F-14,2010-04-07,24.0,246.05,57.06,89.84,44.619,23.8,2567.23
15/9-F-14,2010-04-08,24.0,247.14,57.84,90.65,43.98,24.63,2639.66
15/9-F-14,2010-04-09,24.0,248.22,58.89,90.8,43.053,25.77,2594.12
15/9-F-14,2010-04-10,24.0,247.49,58.75,90.62,42.748,25.69,2574.89
15/9-F-14,2010-04-11,24.0,246.81,58.42,90.26,42.692,25.41,2548.68
15/9-F-14,2010-04-12,24.0,244.75,56.85,90.53,43.894,23.72,2589.88
15/9-F-14,2010-04-13,24.0,243.24,56.22,90.42,44.264,23.11,2581.96
15/9-F-14,2010-04-14,24.0,242.26,55.92,90.36,44.286,22.82,2471.34
15/9-F-14,2010-04-15,24.0,241.52,55.83,90.31,44.167,22.74,2438.81
15/9-F-14,2010-04-16,24.0,240.28,55.21,89.91,44.612,22.1,2428.33
15/9-F-14,2010-04-17,23.33,241.28,56.59,88.46,42.216,23.53,2276.94
15/9-F-14,2010-04-18,24.0,238.07,54.27,89.72,45.676,21.07,2521.84
15/9-F-14,2010-04-19,24.0,236.86,53.72,89.44,46.197,20.54,2487.4
15/9-F-14,2010-04-20,24.0,235.29,52.8,88.71,46.983,19.59,2345.28
15/9-F-14,2010-04-21,24.0,234.26,52.45,89.49,47.151,19.25,2727.02
15/9-F-14,2010-04-22,24.0,233.99,52.81,89.2,46.163,19.68,2674.99
15/9-F-14,2010-04-23,24.0,233.62,52.53,89.41,46.169,19.43,2632.77
15/9-F-14,2010-04-24,24.0,232.12,49.81,89.01,52.598,16.36,2656.07
15/9-F-14,2010-04-25,24.0,231.34,47.93,88.74,58.579,13.91,2788.46
15/9-F-14,2010-04-26,24.0,238.47,54.39,88.72,49.447,20.66,2235.18
15/9-F-14,2010-04-27,24.0,232.12,46.89,90.3,61.313,13.08,3115.25
15/9-F-14,2010-04-28,24.0,240.67,54.79,88.14,50.104,21.02,2329.56
15/9-F-14,2010-04-29,24.0,238.1,51.51,89.72,55.088,17.69,2704.27
15/9-F-14,2010-04-30,24.0,234.78,47.62,90.69,61.249,13.76,3159.22
15/9-F-14,2010-05-01,24.0,235.37,47.74,90.71,60.896,14.15,3149.16
15/9-F-14,2010-05-02,24.0,236.37,48.36,90.81,59.358,14.79,3120.6
15/9-F-14,2010-05-03,24.0,236.42,48.41,90.71,59.332,14.86,3126.64
15/9-F-14,2010-05-04,24.0,236.68,48.49,90.71,59.237,14.93,2999.43
15/9-F-14,2010-05-05,24.0,237.13,48.57,91.0,59.116,15.0,3069.97
15/9-F-14,2010-05-06,24.0,236.95,47.9,90.11,61.464,14.3,3135.62
15/9-F-14,2010-05-07,24.0,236.97,47.44,90.83,63.292,13.81,3180.69
15/9-F-14,2010-05-08,24.0,237.45,47.5,91.35,63.266,13.86,3165.64
15/9-F-14,2010-05-09,24.0,237.93,47.56,91.09,63.181,13.91,3153.14
15/9-F-14,2010-05-10,24.0,238.39,47.57,90.76,63.169,13.93,2832.32
15/9-F-14,2010-05-11,24.0,238.56,47.29,91.21,64.412,13.63,2840.84
15/9-F-14,2010-05-12,24.0,238.94,47.19,91.38,64.953,13.58,2819.18
15/9-F-14,2010-05-13,20.17,242.16,49.12,88.9,59.09,15.83,2233.43
15/9-F-14,2010-05-14,24.0,240.03,46.97,90.46,65.332,13.62,2805.15
15/9-F-14,2010-05-15,24.0,240.28,46.82,91.43,65.252,13.43,2824.14
15/9-F-14,2010-05-16,24.0,240.65,46.77,91.94,67.272,13.35,2817.07
15/9-F-14,2010-05-17,24.0,240.93,46.53,92.03,69.336,13.1,2831.56
15/9-F-14,2010-05-18,24.0,241.33,46.45,92.17,70.25,13.01,2834.19
15/9-F-14,2010-05-19,24.0,241.96,46.67,92.08,68.733,13.25,2849.42
15/9-F-14,2010-05-20,24.0,242.49,46.81,92.35,67.987,13.38,2825.13
15/9-F-14,2010-05-21,24.0,242.93,46.83,92.29,68.172,13.39,2812.28
15/9-F-14,2010-05-22,24.0,243.45,46.85,92.5,68.125,13.42,2800.58
15/9-F-14,2010-05-23,24.0,243.87,46.8,92.51,68.925,13.34,2808.39
15/9-F-14,2010-05-24,24.0,244.29,46.76,92.11,69.694,13.29,2814.61
15/9-F-14,2010-05-25,24.0,244.66,46.65,91.98,70.969,13.17,2821.87
15/9-F-14,2010-05-26,24.0,245.1,46.69,92.28,71.164,13.2,2817.92
15/9-F-14,2010-05-27,24.0,245.4,46.66,92.13,71.18,13.18,2755.1
15/9-F-14,2010-05-28,24.0,247.98,49.07,92.22,65.784,15.61,2534.63
15/9-F-14,2010-05-29,24.0,245.74,46.72,92.27,70.225,13.26,2778.79
15/9-F-14,2010-05-30,24.0,246.83,47.95,91.88,67.328,14.41,2649.13
15/9-F-14,2010-05-31,24.0,259.13,61.26,91.87,42.275,28.09,1602.66
15/9-F-14,2010-06-01,24.0,257.86,58.94,91.79,46.693,25.92,1858.55
15/9-F-14,2010-06-02,24.0,248.97,48.77,92.01,62.17,15.33,2696.52
15/9-F-14,2010-06-03,24.0,247.9,47.71,92.84,66.38,14.22,2735.25
15/9-F-14,2010-06-04,24.0,247.78,46.99,92.86,71.008,13.47,2773.45
15/9-F-14,2010-06-05,24.0,247.81,46.48,92.34,76.637,12.94,2810.65
15/9-F-14,2010-06-06,24.0,248.16,46.51,92.77,76.692,12.96,2800.79
15/9-F-14,2010-06-07,24.0,249.36,47.68,93.04,66.775,14.16,2696.27
15/9-F-14,2010-06-08,24.0,249.64,47.86,92.98,65.257,14.36,2676.08
15/9-F-14,2010-06-09,24.0,249.52,47.7,93.03,65.903,14.2,2678.05
15/9-F-14,2010-06-10,24.0,249.54,47.62,93.11,66.159,14.12,2676.31
15/9-F-14,2010-06-11,24.0,249.54,47.83,93.01,66.153,14.32,2625.55
15/9-F-14,2010-06-12,24.0,249.58,47.89,92.26,66.268,14.4,2612.81
15/9-F-14,2010-06-13,24.0,249.6,47.91,92.9,66.294,14.42,2623.48
15/9-F-14,2010-06-14,23.17,250.0,48.17,93.0,64.457,14.72,2597.55
15/9-F-14,2010-06-15,24.0,250.38,49.05,93.0,62.249,15.63,2534.0
15/9-F-14,2010-06-16,24.0,250.97,50.0,92.81,60.23,16.61,2486.32
15/9-F-14,2010-06-17,24.0,251.06,50.45,92.88,60.117,17.05,2495.41
15/9-F-14,2010-06-18,24.0,251.19,49.84,92.43,60.31,16.44,2489.74
15/9-F-14,2010-06-19,22.58,255.8,54.7,90.78,51.979,21.16,1957.44
15/9-F-14,2010-06-20,24.0,250.71,49.48,92.56,60.551,16.29,2452.14
15/9-F-14,2010-06-21,24.0,250.93,49.56,92.96,59.845,16.38,2444.37
15/9-F-14,2010-06-22,24.0,251.02,49.48,92.7,59.675,16.45,2427.99
15/9-F-14,2010-06-23,24.0,251.08,49.38,91.81,59.819,16.24,2422.22
15/9-F-14,2010-06-24,24.0,250.91,49.61,92.65,59.651,16.44,2423.79
15/9-F-14,2010-06-25,24.0,250.77,49.35,92.95,59.643,16.18,2396.54
15/9-F-14,2010-06-26,24.0,250.9,49.86,93.06,59.722,16.71,2395.14
15/9-F-14,2010-06-27,24.0,250.91,49.9,92.32,59.634,16.77,2387.86
15/9-F-14,2010-06-28,24.0,251.07,50.67,91.92,59.604,17.53,2380.72
15/9-F-14,2010-06-29,24.0,251.2,50.3,92.53,59.759,17.15,2379.63
15/9-F-14,2010-06-30,24.0,251.29,50.43,93.13,59.742,17.28,2375.2
15/9-F-14,2010-07-01,24.0,251.28,50.46,90.76,59.859,17.33,2370.07
15/9-F-14,2010-07-02,24.0,252.57,51.63,91.09,57.341,18.53,2298.14
15/9-F-14,2010-07-03,24.0,262.27,63.79,91.41,41.34,30.72,1907.63
15/9-F-14,2010-07-04,24.0,263.06,63.95,90.34,39.867,30.99,1834.07
15/9-F-14,2010-07-05,24.0,263.65,66.38,91.13,39.121,33.44,1800.02
15/9-F-14,2010-07-06,24.0,263.41,65.2,92.25,39.409,32.24,1793.18
15/9-F-14,2010-07-07,24.0,263.73,63.65,90.26,39.395,30.72,1841.44
15/9-F-14,2010-07-08,24.0,263.71,62.84,90.88,39.28,29.89,1818.54
15/9-F-14,2010-07-09,24.0,263.62,62.76,91.04,39.468,29.81,1805.19
15/9-F-14,2010-07-10,22.42,269.39,67.78,89.27,32.992,34.92,1393.69
15/9-F-14,2010-07-11,24.0,263.78,62.73,90.02,39.693,29.74,1729.9
15/9-F-14,2010-07-12,24.0,258.76,57.18,92.5,47.932,24.14,2033.15
15/9-F-14,2010-07-13,24.0,250.82,47.95,93.11,62.145,14.71,2582.65
15/9-F-14,2010-07-14,24.0,251.05,48.05,92.99,62.311,14.45,2582.08
15/9-F-14,2010-07-15,24.0,251.23,48.03,91.56,62.113,14.38,2574.44
15/9-F-14,2010-07-16,24.0,251.32,47.99,90.61,61.978,14.36,2572.81
15/9-F-14,2010-07-17,24.0,251.39,47.92,91.74,61.995,14.29,2562.15
15/9-F-14,2010-07-18,24.0,251.39,47.84,92.12,62.009,14.22,2551.65
15/9-F-14,2010-07-19,24.0,251.29,47.76,92.87,62.092,14.15,2545.39
15/9-F-14,2010-07-20,24.0,251.04,47.46,92.54,62.898,13.85,2546.15
15/9-F-14,2010-07-21,24.0,250.87,47.31,92.77,63.236,13.69,2541.25
15/9-F-14,2010-07-22,24.0,250.9,47.36,93.21,63.315,13.75,2530.04
15/9-F-14,2010-07-23,24.0,251.6,48.05,93.2,60.846,14.47,2413.44
15/9-F-14,2010-07-24,24.0,252.1,48.47,93.12,59.209,14.92,2384.28
15/9-F-14,2010-07-25,24.0,252.1,48.38,92.77,59.2,14.83,2382.55
15/9-F-14,2010-07-26,24.0,252.1,48.44,93.34,59.102,14.87,2370.34
15/9-F-14,2010-07-27,24.0,252.06,48.31,92.97,59.24,14.75,2377.02
15/9-F-14,2010-07-28,24.0,252.15,48.41,93.25,59.132,14.86,2370.99
15/9-F-14,2010-07-29,24.0,252.2,48.45,93.12,59.051,14.91,2363.13
15/9-F-14,2010-07-30,24.0,252.21,48.4,92.86,59.065,14.85,2363.81
15/9-F-14,2010-07-31,24.0,252.14,48.34,92.91,59.056,14.79,2361.06
15/9-F-14,2010-08-01,24.0,252.15,48.36,93.31,58.981,14.81,2354.69
15/9-F-14,2010-08-02,24.0,252.17,48.35,93.33,58.99,14.81,2360.15
15/9-F-14,2010-08-03,24.0,252.15,48.27,92.95,59.131,14.73,2359.78
15/9-F-14,2010-08-04,24.0,252.14,48.27,93.36,59.156,14.71,2357.53
15/9-F-14,2010-08-05,22.67,254.15,49.79,92.39,54.622,16.71,2065.25
15/9-F-14,2010-08-06,24.0,251.72,47.79,92.62,59.278,14.91,2307.31
15/9-F-14,2010-08-07,22.67,254.97,49.86,90.57,52.8,17.24,1976.83
15/9-F-14,2010-08-08,24.0,251.67,47.84,93.29,59.237,15.24,2314.34
15/9-F-14,2010-08-09,24.0,251.64,47.88,93.18,59.137,15.28,2323.85
15/9-F-14,2010-08-10,24.0,251.64,47.88,93.03,59.051,15.28,2328.43
15/9-F-14,2010-08-11,24.0,251.59,47.91,93.41,59.131,15.29,2331.82
15/9-F-14,2010-08-12,24.0,251.57,47.93,93.17,59.194,15.33,2326.48
15/9-F-14,2010-08-13,24.0,251.52,47.89,93.32,59.199,15.29,2325.93
15/9-F-14,2010-08-14,24.0,251.49,47.87,93.51,59.232,15.27,2326.15
15/9-F-14,2010-08-15,23.76,252.44,48.83,93.31,57.292,16.49,2278.69
15/9-F-14,2010-08-29,20.01,269.17,70.13,82.34,32.319,37.59,1114.31
15/9-F-14,2010-08-30,24.0,266.63,69.32,90.32,35.227,36.12,1536.1
15/9-F-14,2010-08-31,24.0,269.23,72.31,90.26,33.088,39.28,1426.09
15/9-F-14,2010-09-01,21.33,263.7,65.92,89.58,37.381,32.83,1529.07
15/9-F-14,2010-09-02,24.0,251.65,53.02,92.31,51.201,20.07,2454.88
15/9-F-14,2010-09-03,24.0,255.42,57.11,92.31,45.029,24.39,2247.64
15/9-F-14,2010-09-04,24.0,254.58,56.46,92.26,45.95,23.73,2285.77
15/9-F-14,2010-09-05,24.0,255.26,56.92,91.07,45.445,24.23,2229.82
15/9-F-14,2010-09-06,24.0,254.94,56.32,88.98,45.977,23.39,2205.88
15/9-F-14,2010-09-07,24.0,254.26,55.54,89.95,46.982,22.78,2233.58
15/9-F-14,2010-09-08,24.0,253.83,54.81,89.27,47.755,22.03,2235.48
15/9-F-14,2010-09-09,24.0,252.62,53.22,89.19,50.007,20.36,2287.35
15/9-F-14,2010-09-10,24.0,252.03,52.32,90.63,51.262,19.41,2392.5
15/9-F-14,2010-09-11,20.59,252.66,52.59,92.31,50.765,19.64,2040.53
15/9-F-14,2010-09-13,19.41,272.57,68.78,82.95,30.672,37.25,1132.83
15/9-F-14,2010-09-14,4.76,285.46,83.81,83.71,16.267,52.57,141.84
15/9-F-14,2010-09-16,8.22,268.52,62.27,75.66,28.156,29.75,511.55
15/9-F-14,2010-09-17,24.0,261.41,62.47,90.32,38.111,30.0,1935.39
15/9-F-14,2010-09-18,17.49,270.68,68.83,83.9,28.36,36.4,1071.23
15/9-F-14,2010-09-20,9.51,261.36,66.5,80.4,33.347,34.98,863.11
15/9-F-14,2010-09-21,24.0,251.37,60.4,89.9,42.311,28.36,2517.2
15/9-F-14,2010-09-22,24.0,250.55,59.38,89.05,42.907,27.27,2501.74
15/9-F-14,2010-09-23,24.0,246.9,56.03,90.7,47.067,23.72,2758.98
15/9-F-14,2010-09-24,24.0,245.18,54.28,90.79,49.23,21.89,2718.36
15/9-F-14,2010-09-25,24.0,243.45,53.09,90.69,50.106,20.71,2793.71
15/9-F-14,2010-09-26,23.33,243.62,52.8,90.77,49.803,20.31,2678.29
15/9-F-14,2010-09-27,24.0,240.59,49.78,91.54,55.399,17.27,2845.14
15/9-F-14,2010-09-28,24.0,240.72,49.18,90.04,56.669,16.67,2824.83
15/9-F-14,2010-09-29,24.0,240.21,48.04,88.75,59.738,15.48,2846.78
15/9-F-14,2010-09-30,9.5,248.14,51.36,81.89,50.32,20.89,1121.73
15/9-F-14,2010-10-01,24.0,242.42,49.31,85.24,58.979,16.85,2653.1
15/9-F-14,2010-10-02,24.0,239.21,46.29,87.66,65.231,13.77,2856.51
15/9-F-14,2010-10-03,24.0,240.44,46.88,90.33,63.324,14.34,2803.63
15/9-F-14,2010-10-04,24.0,243.12,48.76,90.6,60.248,16.31,2863.05
15/9-F-14,2010-10-05,24.0,241.66,47.13,89.6,64.601,14.6,2896.5
15/9-F-14,2010-10-06,24.0,241.87,46.88,90.11,62.867,14.37,2729.25
15/9-F-14,2010-10-07,24.0,244.12,48.78,90.72,56.227,16.4,2605.46
15/9-F-14,2010-10-08,22.17,255.12,57.73,82.52,40.823,22.44,2262.19
15/9-F-14,2010-10-09,24.0,243.7,48.1,90.29,57.402,15.73,2562.51
15/9-F-14,2010-10-10,24.0,243.16,47.43,91.49,59.223,15.02,2581.0
15/9-F-14,2010-10-11,24.0,243.3,47.34,91.88,57.934,14.94,2562.55
15/9-F-14,2010-10-12,24.0,243.05,47.26,91.75,59.148,14.86,2547.28
15/9-F-14,2010-10-13,24.0,243.52,47.12,91.72,58.084,14.73,2523.03
15/9-F-14,2010-10-14,24.0,243.39,46.77,91.6,60.364,14.37,2536.66
15/9-F-14,2010-10-15,24.0,243.39,46.62,91.61,60.779,14.21,2530.04
15/9-F-14,2010-10-16,24.0,243.25,46.36,91.93,61.523,13.95,2528.62
15/9-F-14,2010-10-17,24.0,243.12,46.02,90.63,62.547,13.6,2526.93
15/9-F-14,2010-10-18,24.0,243.02,45.88,90.47,62.781,13.46,2514.25
15/9-F-14,2010-10-19,24.0,242.38,45.66,91.36,62.807,13.26,2493.55
15/9-F-14,2010-10-20,24.0,241.97,45.56,91.1,62.615,13.19,2471.3
15/9-F-14,2010-10-21,24.0,242.27,45.61,91.03,62.42,13.24,2459.14
15/9-F-14,2010-10-22,24.0,242.63,45.6,91.25,62.354,13.34,2430.54
15/9-F-14,2010-10-23,24.0,243.05,45.69,91.68,62.32,13.33,2434.43
15/9-F-14,2010-10-24,24.0,243.24,45.64,91.28,62.364,13.27,2433.69
15/9-F-14,2010-10-25,24.0,243.25,45.54,91.23,62.355,13.18,2417.35
15/9-F-14,2010-10-26,24.0,243.26,45.39,89.94,62.42,13.04,2402.66
15/9-F-14,2010-10-27,24.0,243.23,45.27,89.39,62.862,12.89,2398.73
15/9-F-14,2010-10-28,24.0,243.13,45.06,90.41,63.967,12.68,2416.68
15/9-F-14,2010-10-29,24.0,243.21,44.87,89.29,64.318,12.5,2410.66
15/9-F-14,2010-10-30,24.0,243.28,44.88,89.16,64.302,12.5,2406.95
15/9-F-14,2010-10-31,25.0,242.75,44.77,90.93,64.179,12.41,2497.07
15/9-F-14,2010-11-01,24.0,241.87,44.41,91.23,64.281,12.1,2376.82
15/9-F-14,2010-11-02,24.0,241.46,44.19,89.06,64.239,11.89,2350.74
15/9-F-14,2010-11-03,24.0,241.74,44.14,90.6,64.967,11.82,2353.34
15/9-F-14,2010-11-04,24.0,241.44,43.81,91.34,66.746,11.49,2363.63
15/9-F-14,2010-11-05,24.0,240.36,43.24,91.47,69.269,10.93,2363.88
15/9-F-14,2010-11-06,24.0,240.58,43.26,91.46,69.138,10.96,2352.44
15/9-F-14,2010-11-07,24.0,240.86,43.11,91.19,71.374,10.79,2364.51
15/9-F-14,2010-11-08,20.58,243.57,44.66,86.38,68.267,12.58,1872.93
15/9-F-14,2010-11-09,24.0,241.65,43.03,90.09,72.921,10.73,2170.11
15/9-F-14,2010-11-10,17.08,246.24,46.24,88.05,64.486,13.73,1434.87
15/9-F-14,2010-11-11,24.0,242.25,42.89,89.51,77.005,10.22,2221.0
15/9-F-14,2010-11-12,24.0,242.1,42.83,91.52,79.28,10.18,2227.41
15/9-F-14,2010-11-13,24.0,241.57,42.71,91.65,79.161,10.09,2219.72
15/9-F-14,2010-11-14,24.0,241.09,42.74,91.49,79.276,9.81,2190.85
15/9-F-14,2010-11-15,3.32,244.37,46.21,91.21,68.521,13.02,299.3
15/9-F-14,2010-11-16,20.34,246.64,47.02,84.69,65.726,14.49,1630.2
15/9-F-14,2010-11-17,22.08,244.14,45.69,85.56,70.824,13.21,1926.25
15/9-F-14,2010-11-18,24.0,239.55,42.05,88.33,82.813,9.52,2258.75
15/9-F-14,2010-11-19,24.0,238.68,41.48,87.33,94.391,8.95,2193.09
15/9-F-14,2010-11-20,24.0,238.0,41.4,90.68,100.0,8.86,2175.14
15/9-F-14,2010-11-21,24.0,237.48,41.3,90.65,97.917,8.77,2186.73
15/9-F-14,2010-11-22,24.0,237.04,41.22,90.96,97.917,8.7,2132.86
15/9-F-14,2010-11-23,24.0,237.27,41.22,90.96,100.0,8.7,2113.08
15/9-F-14,2010-11-24,24.0,238.21,41.35,90.65,100.0,8.8,2112.61
15/9-F-14,2010-11-25,24.0,239.0,41.46,90.45,100.0,8.89,2107.9
15/9-F-14,2010-11-26,24.0,239.71,41.5,89.65,100.0,8.92,2112.98
15/9-F-14,2010-11-27,24.0,240.38,41.6,89.96,100.0,9.0,2114.8
15/9-F-14,2010-11-28,24.0,241.01,41.65,89.43,100.0,9.06,2120.65
15/9-F-14,2010-11-29,24.0,241.57,41.71,89.51,100.0,9.12,2125.95
15/9-F-14,2010-11-30,24.0,242.05,41.79,90.1,100.0,9.19,2082.94
15/9-F-14,2010-12-01,24.0,242.1,41.72,90.05,100.0,9.12,2080.84
15/9-F-14,2010-12-02,24.0,242.2,41.72,90.7,100.0,9.11,2070.32
15/9-F-14,2010-12-03,24.0,242.39,41.6,90.04,100.0,8.99,2066.32
15/9-F-14,2010-12-04,24.0,242.49,41.6,90.51,100.0,8.99,2054.18
15/9-F-14,2010-12-05,24.0,242.54,41.62,91.03,100.0,9.0,2051.02
15/9-F-14,2010-12-06,24.0,242.53,41.6,91.11,100.0,8.99,2096.44
15/9-F-14,2010-12-07,24.0,242.53,41.57,91.18,100.0,8.96,2101.22
15/9-F-14,2010-12-08,24.0,242.5,41.5,90.82,100.0,8.9,2099.09
15/9-F-14,2010-12-09,22.5,246.42,44.73,89.19,77.975,12.23,1772.0
15/9-F-14,2010-12-10,24.0,241.72,41.12,90.95,100.0,8.85,2055.08
15/9-F-14,2010-12-11,24.0,241.61,41.05,90.62,100.0,8.78,2056.45
15/9-F-14,2010-12-12,24.0,241.8,41.12,91.22,100.0,8.86,2064.02
15/9-F-14,2010-12-13,24.0,241.9,41.12,91.22,97.917,8.86,2080.16
15/9-F-14,2010-12-14,24.0,242.09,41.06,90.63,100.0,8.81,2068.29
15/9-F-14,2010-12-15,24.0,242.36,41.07,91.16,100.0,8.81,2065.08
15/9-F-14,2010-12-16,24.0,242.43,41.11,89.98,100.0,8.82,2078.31
15/9-F-14,2010-12-17,24.0,242.48,41.07,89.75,100.0,8.77,2074.01
15/9-F-14,2010-12-18,24.0,242.68,40.88,88.1,100.0,8.62,2073.42
15/9-F-14,2010-12-19,24.0,242.8,40.82,89.28,100.0,8.58,2061.98
15/9-F-14,2010-12-20,24.0,242.51,40.75,90.24,100.0,8.76,2068.3
15/9-F-14,2010-12-21,24.0,241.98,40.49,90.85,100.0,9.14,2079.2
15/9-F-14,2010-12-22,24.0,241.79,40.39,91.17,100.0,9.31,2086.32
15/9-F-14,2010-12-23,24.0,241.51,40.08,91.18,100.0,9.56,2109.87
15/9-F-14,2010-12-24,24.0,241.26,39.76,91.11,100.0,9.81,2106.6
15/9-F-14,2010-12-25,24.0,241.3,39.74,91.09,100.0,9.79,2097.91
15/9-F-14,2010-12-26,24.0,241.38,39.7,90.97,100.0,9.76,2091.69
15/9-F-14,2010-12-27,24.0,241.38,39.47,87.79,100.0,9.56,2083.39
15/9-F-14,2010-12-28,23.0,244.94,42.46,85.11,89.21,11.8,1941.4
15/9-F-14,2010-12-29,24.0,242.11,40.38,88.18,91.199,9.74,2028.0
15/9-F-14,2010-12-30,24.0,240.98,39.51,90.84,97.917,9.61,2060.71
15/9-F-14,2010-12-31,24.0,241.39,39.53,91.05,97.917,9.62,2064.61
15/9-F-14,2011-01-01,24.0,241.61,39.56,90.52,97.917,9.64,2074.2
15/9-F-14,2011-01-02,24.0,241.64,39.5,90.84,97.917,9.59,2026.85
15/9-F-14,2011-01-03,24.0,241.77,39.4,90.26,100.0,9.5,1995.72
15/9-F-14,2011-01-04,24.0,241.78,39.48,90.36,100.0,9.55,1965.31
15/9-F-14,2011-01-05,24.0,241.9,39.51,89.47,100.0,9.57,1976.97
15/9-F-14,2011-01-06,24.0,241.9,39.56,90.69,100.0,9.61,1974.18
15/9-F-14,2011-01-07,24.0,241.89,39.51,89.88,100.0,9.57,1982.03
15/9-F-14,2011-01-08,24.0,241.88,39.44,89.27,100.0,9.51,1980.51
15/9-F-14,2011-01-09,24.0,241.88,39.51,90.33,100.0,9.57,1976.99
15/9-F-14,2011-01-10,24.0,242.14,39.34,89.7,100.0,9.44,1965.28
15/9-F-14,2011-01-11,24.0,241.87,39.48,91.02,100.0,9.55,1961.37
15/9-F-14,2011-01-12,24.0,241.85,39.48,91.02,100.0,9.56,1997.75
15/9-F-14,2011-01-13,24.0,227.37,39.34,90.7,100.0,9.43,1956.24
15/9-F-14,2011-01-14,24.0,241.96,39.29,89.9,100.0,9.38,1971.12
15/9-F-14,2011-01-15,24.0,242.1,39.28,89.08,100.0,9.37,1966.71
15/9-F-14,2011-01-16,24.0,242.0,39.23,88.43,100.0,9.33,1961.4
15/9-F-14,2011-01-17,24.0,242.07,39.31,89.81,100.0,9.41,2013.49
15/9-F-14,2011-01-18,24.0,242.22,39.27,91.2,100.0,9.4,2005.16
15/9-F-14,2011-01-19,24.0,242.58,39.11,91.42,97.917,9.29,1989.6
15/9-F-14,2011-01-20,24.0,243.11,38.86,92.08,100.0,9.12,1972.24
15/9-F-14,2011-01-21,24.0,242.18,39.28,91.05,100.0,9.42,1998.81
15/9-F-14,2011-01-22,24.0,242.2,39.25,91.05,97.917,9.4,2005.83
15/9-F-14,2011-01-23,24.0,242.93,38.78,91.37,100.0,9.03,1963.73
15/9-F-14,2011-01-24,24.0,242.81,38.83,91.41,100.0,9.05,1965.35
15/9-F-14,2011-01-25,24.0,243.39,38.57,91.95,100.0,8.87,1945.09
15/9-F-14,2011-01-26,24.0,243.43,38.54,91.99,100.0,8.86,1949.07
15/9-F-14,2011-01-27,24.0,243.46,38.54,92.26,100.0,8.87,1941.73
15/9-F-14,2011-01-28,24.0,243.23,38.61,91.7,100.0,8.91,1947.38
15/9-F-14,2011-01-29,24.0,242.08,39.13,90.84,100.0,9.28,1976.34
15/9-F-14,2011-01-30,24.0,242.09,39.05,89.91,100.0,9.2,1974.71
15/9-F-14,2011-01-31,24.0,242.54,38.68,89.77,100.0,8.9,1947.29
15/9-F-14,2011-02-01,14.78,243.62,39.22,89.79,96.214,9.55,1178.94
15/9-F-14,2011-02-05,15.48,255.55,51.1,78.0,53.739,17.25,792.96
15/9-F-14,2011-02-06,22.5,245.82,43.67,88.76,77.9,11.76,1581.39
15/9-F-14,2011-02-07,24.0,240.86,38.65,90.27,98.99,8.93,1864.62
15/9-F-14,2011-02-08,24.0,240.16,38.57,90.86,100.0,8.83,1856.36
15/9-F-14,2011-02-09,24.0,238.97,38.69,89.41,97.329,8.92,1851.68
15/9-F-14,2011-02-10,24.0,237.68,38.66,89.98,98.318,8.88,1898.77
15/9-F-14,2011-02-11,24.0,237.33,38.52,89.06,100.0,8.76,1891.82
15/9-F-14,2011-02-12,24.0,237.14,38.3,85.82,100.0,8.58,1865.5
15/9-F-14,2011-02-13,22.0,243.62,43.41,82.55,80.047,14.02,1427.65
15/9-F-14,2011-02-14,8.33,242.54,41.28,77.0,83.53,11.3,638.36
15/9-F-14,2011-02-15,22.42,247.01,47.62,80.41,62.261,17.05,1498.32
15/9-F-14,2011-02-16,24.0,236.02,38.86,86.42,100.0,8.2,1875.21
15/9-F-14,2011-02-17,24.0,236.24,38.61,87.06,100.0,8.31,1978.55
15/9-F-14,2011-02-18,24.0,236.87,38.34,86.07,100.0,8.57,1965.19
15/9-F-14,2011-02-19,24.0,237.68,38.41,85.82,100.0,8.69,1971.63
15/9-F-14,2011-02-20,24.0,238.28,38.52,87.22,100.0,8.78,1972.83
15/9-F-14,2011-02-21,24.0,238.86,38.58,87.41,100.0,8.83,1973.07
15/9-F-14,2011-02-22,24.0,239.77,38.84,85.82,100.0,8.77,2021.33
15/9-F-14,2011-02-23,24.0,240.33,38.72,85.22,100.0,8.95,2022.07
15/9-F-14,2011-02-24,24.0,241.2,38.7,88.16,100.0,8.91,2007.92
15/9-F-14,2011-02-25,24.0,241.51,38.69,88.58,100.0,8.89,2002.21
15/9-F-14,2011-02-26,24.0,242.42,38.38,90.81,100.0,8.69,1984.99
15/9-F-14,2011-02-27,24.0,242.98,38.2,91.68,100.0,8.58,1975.89
15/9-F-14,2011-02-28,24.0,243.14,38.23,91.92,100.0,8.63,1969.05
15/9-F-14,2011-03-01,24.0,243.27,38.19,91.52,100.0,8.6,1977.11
15/9-F-14,2011-03-02,24.0,243.39,38.1,90.28,100.0,8.53,1960.05
15/9-F-14,2011-03-03,24.0,243.5,38.19,91.8,100.0,8.61,1946.72
15/9-F-14,2011-03-04,24.0,243.54,38.15,91.64,100.0,8.57,1958.95
15/9-F-14,2011-03-05,24.0,243.59,38.12,91.58,100.0,8.53,1943.11
15/9-F-14,2011-03-06,24.0,243.5,38.04,90.95,100.0,8.46,1943.13
15/9-F-14,2011-03-07,24.0,243.3,37.93,89.9,100.0,8.36,1933.78
15/9-F-14,2011-03-08,24.0,243.37,37.91,89.38,100.0,8.33,1920.03
15/9-F-14,2011-03-09,24.0,243.3,37.94,90.78,100.0,8.34,1919.2
15/9-F-14,2011-03-10,24.0,243.39,37.94,90.98,100.0,8.34,1932.01
15/9-F-14,2011-03-11,24.0,243.45,37.95,90.82,97.917,8.35,1897.76
15/9-F-14,2011-03-12,24.0,243.44,37.95,91.39,100.0,8.36,1907.26
15/9-F-14,2011-03-13,24.0,242.9,38.25,90.11,100.0,8.4,1905.52
15/9-F-14,2011-03-14,24.0,242.86,38.28,90.37,90.0,8.62,1902.3
15/9-F-14,2011-03-15,24.0,242.92,38.95,87.03,85.911,9.09,1876.25
15/9-F-14,2011-03-16,24.0,243.36,38.83,86.24,82.952,9.13,1856.21
15/9-F-14,2011-03-17,13.5,252.91,46.11,79.96,62.0,16.16,807.59
15/9-F-14,2011-03-18,24.0,243.26,39.56,90.06,74.915,9.79,1718.61
15/9-F-14,2011-03-19,24.0,243.08,39.5,90.17,75.557,9.77,1762.74
15/9-F-14,2011-03-20,24.0,243.09,39.45,88.81,73.982,9.74,1751.68
15/9-F-14,2011-03-21,24.0,243.48,39.82,89.21,70.584,10.1,1728.13
15/9-F-14,2011-03-22,24.0,243.9,40.28,90.21,65.536,10.57,1818.1
15/9-F-14,2011-03-23,24.0,244.27,40.53,89.83,64.265,10.83,1845.76
15/9-F-14,2011-03-24,24.0,244.44,40.66,90.65,63.935,10.95,1841.65
15/9-F-14,2011-03-25,24.0,244.6,40.91,90.45,63.934,10.68,1837.95
15/9-F-14,2011-03-26,24.0,244.77,40.93,90.36,63.767,10.73,1837.78
15/9-F-14,2011-03-27,23.0,244.91,40.94,89.72,63.384,10.74,1752.62
15/9-F-14,2011-03-28,24.0,244.85,40.9,90.15,64.798,10.7,1821.72
15/9-F-14,2011-03-29,24.0,244.91,40.86,90.28,64.787,10.67,1813.41
15/9-F-14,2011-03-30,24.0,244.85,40.71,88.14,64.871,10.54,1801.04
15/9-F-14,2011-03-31,24.0,233.74,38.79,84.11,62.028,9.99,1791.79
15/9-F-14,2011-04-01,24.0,244.74,40.65,89.32,64.832,10.5,1801.41
15/9-F-14,2011-04-02,24.0,244.77,40.61,88.78,64.842,10.45,1793.12
15/9-F-14,2011-04-03,24.0,244.82,40.59,89.5,64.866,10.44,1787.31
15/9-F-14,2011-04-04,24.0,244.84,40.59,88.68,64.837,10.43,1782.23
15/9-F-14,2011-04-05,23.17,247.34,42.64,87.87,58.632,12.33,1554.73
15/9-F-14,2011-04-06,24.0,244.8,40.51,89.81,64.961,10.36,1769.38
15/9-F-14,2011-04-07,24.0,244.69,40.47,90.17,65.124,10.34,1775.88
15/9-F-14,2011-04-08,24.0,244.88,40.46,90.14,65.133,10.32,1772.75
15/9-F-14,2011-04-09,24.0,245.01,40.51,90.43,65.257,10.38,1787.35
15/9-F-14,2011-04-10,24.0,244.82,40.45,89.45,65.325,10.35,1784.0
15/9-F-14,2011-04-11,24.0,245.15,40.65,89.8,65.228,10.43,1789.31
15/9-F-14,2011-04-12,24.0,245.14,40.65,90.29,65.212,10.51,1790.3
15/9-F-14,2011-04-13,22.5,247.89,42.4,89.12,59.95,12.46,1532.81
15/9-F-14,2011-04-14,24.0,245.16,40.46,89.67,65.553,10.32,1760.51
15/9-F-14,2011-04-15,24.0,245.5,40.74,89.83,63.736,10.63,1746.44
15/9-F-14,2011-04-16,24.0,245.88,41.07,90.12,62.24,10.96,1732.67
15/9-F-14,2011-04-17,24.0,246.14,41.29,90.03,61.344,11.19,1724.09
15/9-F-14,2011-04-18,24.0,246.1,41.3,90.0,61.34,11.2,1714.29
15/9-F-14,2011-04-19,24.0,246.1,41.3,90.0,61.34,11.2,1710.14
15/9-F-14,2011-04-20,24.0,246.2,41.4,90.4,61.2,11.3,1708.4
15/9-F-14,2011-04-21,24.0,246.2,41.4,90.4,61.2,11.3,1705.61
15/9-F-14,2011-04-22,24.0,246.1,41.1,90.4,61.2,11.0,1702.66
15/9-F-14,2011-04-23,24.0,246.1,41.1,90.4,61.2,11.0,1699.76
15/9-F-14,2011-04-24,24.0,246.2,41.4,90.4,61.2,11.3,1699.93
15/9-F-14,2011-04-25,24.0,246.2,41.4,90.4,61.2,11.3,1696.2
15/9-F-14,2011-04-26,24.0,246.21,41.11,90.4,61.116,11.03,1689.96
15/9-F-14,2011-04-27,24.0,246.22,41.08,90.29,61.078,10.99,1690.96
15/9-F-14,2011-04-28,24.0,246.51,41.29,90.24,60.448,11.22,1707.75
15/9-F-14,2011-04-29,24.0,246.62,41.37,89.83,60.231,11.31,1704.12
15/9-F-14,2011-04-30,24.0,246.64,41.37,90.32,60.173,11.31,1700.17
15/9-F-14,2011-05-01,24.0,246.62,41.32,90.29,60.206,11.25,1698.76
15/9-F-14,2011-05-02,24.0,246.6,41.2,89.22,60.295,11.15,1697.94
15/9-F-14,2011-05-03,24.0,246.69,41.29,90.14,60.21,11.22,1691.62
15/9-F-14,2011-05-04,24.0,246.51,41.08,90.3,60.885,10.99,1701.61
15/9-F-14,2011-05-05,24.0,246.5,40.98,90.16,61.179,10.91,1699.07
15/9-F-14,2011-05-06,24.0,246.45,40.85,88.35,61.202,10.79,1695.61
15/9-F-14,2011-05-07,24.0,246.44,40.8,87.24,61.174,10.74,1694.58
15/9-F-14,2011-05-08,24.0,246.43,40.74,85.45,61.163,10.69,1695.53
15/9-F-14,2011-05-09,24.0,246.43,40.7,87.0,61.318,10.65,1689.13
15/9-F-14,2011-05-10,24.0,246.47,40.7,89.01,61.313,10.65,1686.76
15/9-F-14,2011-05-11,23.33,248.52,42.34,88.88,57.014,11.98,1670.64
15/9-F-14,2011-05-12,24.0,246.53,40.62,89.43,61.203,10.55,1712.79
15/9-F-14,2011-05-13,24.0,246.58,40.73,89.89,61.291,10.59,1650.96
15/9-F-14,2011-05-14,24.0,246.8,40.97,90.25,60.936,10.81,1650.79
15/9-F-14,2011-05-15,24.0,246.98,41.15,90.27,60.209,11.01,1649.09
15/9-F-14,2011-05-16,24.0,246.93,41.02,89.76,60.247,10.91,1650.33
15/9-F-14,2011-05-17,24.0,246.94,40.98,90.2,60.2,10.92,1648.37
15/9-F-14,2011-05-18,24.0,247.31,40.76,89.0,60.224,10.72,1647.74
15/9-F-14,2011-05-19,21.92,252.48,44.88,87.6,50.207,14.42,1312.11
15/9-F-14,2011-05-20,24.0,246.26,39.78,88.77,69.668,9.53,1604.94
15/9-F-14,2011-05-21,24.0,246.01,38.57,89.41,74.266,8.61,1680.39
15/9-F-14,2011-05-22,24.0,246.17,38.94,89.74,71.225,8.8,1662.47
15/9-F-14,2011-05-23,24.0,246.9,39.49,89.06,66.532,9.61,1630.07
15/9-F-14,2011-05-24,24.0,247.36,39.81,89.47,65.139,9.92,1630.7
15/9-F-14,2011-05-25,24.0,247.38,39.84,90.77,65.123,9.96,1632.56
15/9-F-14,2011-05-26,24.0,247.37,39.77,89.99,65.18,9.89,1623.82
15/9-F-14,2011-05-27,24.0,247.45,39.87,91.29,65.112,9.98,1620.58
15/9-F-14,2011-05-28,24.0,247.53,39.86,90.57,65.125,9.95,1619.0
15/9-F-14,2011-05-29,24.0,247.56,39.85,90.25,65.118,9.95,1624.05
15/9-F-14,2011-05-30,24.0,247.56,39.83,90.8,65.183,9.94,1626.74
15/9-F-14,2011-05-31,24.0,247.54,39.88,91.45,65.101,9.99,1622.87
15/9-F-14,2011-06-01,24.0,247.34,39.6,89.9,63.808,10.04,1631.52
15/9-F-14,2011-06-02,21.5,248.81,40.47,90.06,61.686,10.37,1359.53
15/9-F-14,2011-06-03,24.0,246.45,38.72,91.08,70.093,9.3,1547.21
15/9-F-14,2011-06-04,24.0,246.44,38.76,91.3,70.16,9.34,1577.17
15/9-F-14,2011-06-05,24.0,246.49,38.77,91.41,70.149,9.33,1588.29
15/9-F-14,2011-06-06,24.0,246.52,38.75,91.44,68.714,9.31,1617.42
15/9-F-14,2011-06-07,24.0,246.62,38.8,91.43,69.939,9.35,1615.64
15/9-F-14,2011-06-08,24.0,246.71,38.76,89.34,69.668,9.34,1608.44
15/9-F-14,2011-06-09,24.0,246.74,38.78,90.78,69.653,9.35,1614.41
15/9-F-14,2011-06-10,24.0,246.74,38.85,91.46,69.594,9.42,1615.37
15/9-F-14,2011-06-11,24.0,246.74,38.87,91.56,69.564,9.56,1616.16
15/9-F-14,2011-06-12,24.0,246.7,38.82,91.37,69.632,9.41,1625.51
15/9-F-14,2011-06-13,24.0,246.67,38.71,89.99,69.68,9.29,1630.18
15/9-F-14,2011-06-14,24.0,246.92,39.03,90.46,68.193,9.6,1621.78
15/9-F-14,2011-06-15,24.0,247.02,39.07,90.44,67.704,9.66,1616.63
15/9-F-14,2011-06-16,24.0,248.25,40.24,89.51,67.743,8.81,1564.69
15/9-F-14,2011-06-17,24.0,247.93,40.03,91.42,67.686,9.13,1582.42
15/9-F-14,2011-06-18,24.0,247.06,39.1,91.32,67.647,9.68,1617.29
15/9-F-14,2011-06-19,24.0,247.09,39.14,91.51,67.612,9.71,1616.68
15/9-F-14,2011-06-20,11.68,248.5,40.58,91.27,63.231,11.16,928.17
15/9-F-14,2011-07-01,24.0,247.45,44.52,84.79,62.873,13.25,1344.49
15/9-F-14,2011-07-02,7.68,245.54,42.69,88.53,65.263,11.44,545.72
15/9-F-14,2011-07-03,8.49,250.39,45.19,80.31,54.085,13.4,400.99
15/9-F-14,2011-07-04,8.84,244.93,42.52,88.83,64.484,11.2,645.93
15/9-F-14,2011-07-07,8.16,251.6,48.69,75.44,51.548,17.76,513.96
15/9-F-14,2011-07-08,16.18,242.65,41.26,86.27,64.611,11.13,1263.32
15/9-F-14,2011-07-09,1.58,283.18,71.34,31.46,10.228,40.56,19.48
15/9-F-14,2011-07-10,23.0,247.67,44.84,86.56,57.549,14.4,1831.94
15/9-F-14,2011-07-11,18.01,242.7,41.44,89.68,65.734,10.38,1508.01
15/9-F-14,2011-07-15,2.99,272.78,70.85,52.5,20.342,41.06,141.26
15/9-F-14,2011-07-16,11.18,244.12,44.16,86.21,60.092,13.36,815.04
15/9-F-14,2011-07-20,21.49,244.75,46.56,83.77,56.821,15.62,1791.46
15/9-F-14,2011-07-21,24.0,240.89,42.27,88.92,63.986,11.5,2197.54
15/9-F-14,2011-07-22,7.01,243.14,43.8,88.73,58.511,13.28,697.53
15/9-F-14,2011-07-25,17.74,245.31,46.9,82.62,56.876,15.07,1417.3
15/9-F-14,2011-07-26,20.84,241.42,43.58,88.88,60.992,12.61,1989.87
15/9-F-14,2011-07-28,6.99,250.46,49.95,76.85,46.751,18.97,580.82
15/9-F-14,2011-07-29,24.0,240.33,42.72,88.42,63.549,12.02,2240.52
15/9-F-14,2011-07-30,2.34,249.81,50.43,87.97,46.968,20.65,266.13
15/9-F-14,2011-08-04,7.82,245.49,48.72,76.57,56.546,17.85,707.98
15/9-F-14,2011-08-05,24.0,238.62,43.04,87.93,65.507,12.51,2390.38
15/9-F-14,2011-08-06,22.33,241.97,44.09,88.04,58.707,13.56,2082.57
15/9-F-14,2011-08-07,24.0,241.52,43.99,88.71,58.921,13.32,2241.05
15/9-F-14,2011-08-08,24.0,242.95,44.74,88.63,55.849,14.11,2159.35
15/9-F-14,2011-08-09,24.0,243.61,45.18,88.54,54.473,14.59,2110.26
15/9-F-14,2011-08-10,24.0,244.56,45.8,89.11,52.608,15.25,1993.98
15/9-F-14,2011-08-11,24.0,245.21,46.05,89.23,51.853,15.52,1934.1
15/9-F-14,2011-08-12,24.0,245.41,45.85,89.16,51.967,15.33,1906.75
15/9-F-14,2011-08-13,24.0,245.85,45.77,87.12,52.227,15.25,1876.97
15/9-F-14,2011-08-14,24.0,246.11,45.67,88.92,52.183,15.16,1850.03
15/9-F-14,2011-08-15,24.0,246.35,45.59,89.52,52.035,15.06,1822.57
15/9-F-14,2011-08-16,24.0,247.36,46.15,89.25,50.728,15.67,1779.02
15/9-F-14,2011-08-17,24.0,247.8,46.38,89.45,50.053,15.91,1749.34
15/9-F-14,2011-08-18,24.0,247.91,46.23,89.62,50.05,15.76,1736.79
15/9-F-14,2011-08-19,24.0,248.02,46.04,89.56,50.051,15.58,1725.81
15/9-F-14,2011-08-20,24.0,248.07,45.76,88.46,50.069,15.3,1709.91
15/9-F-14,2011-08-21,24.0,248.22,45.65,88.5,50.058,15.2,1693.9
15/9-F-14,2011-08-22,24.0,248.37,45.62,89.38,50.007,15.17,1681.07
15/9-F-14,2011-08-23,24.0,248.04,45.09,89.58,50.845,14.63,1677.95
15/9-F-14,2011-08-24,24.0,248.31,45.01,88.26,51.29,14.56,1657.25
15/9-F-14,2011-08-25,23.16,248.75,45.18,88.21,50.278,14.76,1573.4
15/9-F-14,2011-08-26,23.01,253.06,48.0,86.58,45.598,17.22,1352.49
15/9-F-14,2011-08-27,24.0,248.23,44.21,89.26,51.986,13.73,1619.61
15/9-F-14,2011-08-28,24.0,248.13,44.05,87.81,52.036,13.57,1626.86
15/9-F-14,2011-08-29,24.0,247.36,43.32,88.69,54.145,12.82,1660.56
15/9-F-14,2011-08-30,24.0,246.19,42.23,89.49,58.204,11.7,1708.86
15/9-F-14,2011-08-31,24.0,246.3,42.34,89.56,58.194,11.82,1701.47
15/9-F-14,2011-09-01,24.0,246.09,42.13,89.73,58.541,11.6,1698.77
15/9-F-14,2011-09-02,24.0,245.58,41.51,87.59,60.335,10.99,1715.43
15/9-F-14,2011-09-03,24.0,245.66,41.55,88.37,60.313,11.03,1712.95
15/9-F-14,2011-09-04,24.0,245.72,41.64,89.36,60.24,11.11,1710.99
15/9-F-14,2011-09-05,24.0,245.42,41.27,88.91,61.667,10.73,1714.87
15/9-F-14,2011-09-06,24.0,245.43,41.17,87.67,62.312,10.62,1712.36
15/9-F-14,2011-09-07,24.0,245.11,40.85,89.13,63.362,10.28,1708.36
15/9-F-14,2011-09-08,24.0,244.79,40.48,89.46,64.958,9.9,1714.58
15/9-F-14,2011-09-09,24.0,244.88,40.45,89.72,66.108,9.89,1718.27
15/9-F-14,2011-09-10,24.0,244.95,40.35,88.48,66.114,9.8,1706.64
15/9-F-14,2011-09-11,24.0,245.0,40.27,88.22,66.129,9.72,1700.34
15/9-F-14,2011-09-12,24.0,244.77,39.98,87.62,67.643,9.4,1709.93
15/9-F-14,2011-09-13,12.0,252.27,45.78,82.48,54.203,13.64,944.17
15/9-F-14,2011-09-14,24.0,244.75,39.36,89.92,70.159,8.81,1567.69
15/9-F-14,2011-09-15,24.0,243.69,39.29,89.51,71.736,8.74,1611.04
15/9-F-14,2011-09-16,24.0,243.39,39.05,89.43,74.135,8.51,1731.83
15/9-F-14,2011-09-17,24.0,242.74,38.68,87.66,76.155,8.16,1748.28
15/9-F-14,2011-09-18,24.0,242.71,38.67,88.15,76.302,8.15,1754.97
15/9-F-14,2011-09-19,24.0,242.71,38.67,88.15,76.302,8.15,1765.28
15/9-F-14,2011-09-20,24.0,243.3,38.8,88.26,77.805,8.24,1776.07
15/9-F-14,2011-09-21,24.0,244.66,38.14,88.94,79.139,8.31,1758.96
15/9-F-14,2011-09-22,24.0,244.42,37.36,89.87,92.633,7.76,1789.52
15/9-F-14,2011-09-23,24.0,244.17,37.01,90.48,100.0,7.44,1808.7
15/9-F-14,2011-09-24,24.0,244.19,36.93,89.99,100.0,7.38,1804.22
15/9-F-14,2011-09-25,24.0,244.26,36.9,89.91,100.0,7.39,1804.12
15/9-F-14,2011-09-26,24.0,244.24,36.85,89.98,100.0,7.41,1803.45
15/9-F-14,2011-09-27,24.0,244.29,36.8,90.09,100.0,7.37,1797.79
15/9-F-14,2011-09-28,24.0,244.35,36.78,89.77,100.0,7.35,1685.26
15/9-F-14,2011-09-29,24.0,244.42,35.92,87.98,98.09,6.5,1700.15
15/9-F-14,2011-09-30,24.0,244.38,36.68,89.93,100.0,7.27,1678.14
15/9-F-14,2011-10-01,24.0,244.23,36.67,90.85,100.0,7.26,1672.21
15/9-F-14,2011-10-02,24.0,244.38,36.72,91.21,100.0,7.29,1661.5
15/9-F-14,2011-10-03,24.0,244.52,36.65,90.04,100.0,7.22,1656.96
15/9-F-14,2011-10-04,24.0,244.64,36.63,89.12,100.0,7.2,1650.25
15/9-F-14,2011-10-05,24.0,244.71,36.62,89.68,100.0,7.19,1646.68
15/9-F-14,2011-10-06,24.0,244.77,36.62,90.54,100.0,7.23,1644.21
15/9-F-14,2011-10-07,12.99,246.76,38.5,90.3,50.679,9.28,1127.72
15/9-F-14,2011-10-08,13.51,252.83,43.13,82.19,42.918,10.6,680.02
15/9-F-14,2011-10-09,24.0,246.21,38.28,89.87,91.937,6.64,1500.57
15/9-F-14,2011-10-10,24.0,246.92,38.83,90.72,87.723,6.59,1480.37
15/9-F-14,2011-10-11,24.0,244.79,36.52,90.85,99.968,7.17,1538.0
15/9-F-14,2011-10-12,24.0,244.87,36.53,90.96,100.0,7.19,1551.83
15/9-F-14,2011-10-13,24.0,244.89,36.55,90.94,100.0,7.23,1566.75
15/9-F-14,2011-10-14,20.42,249.94,40.14,85.06,73.767,11.37,1218.73
15/9-F-14,2011-10-15,16.16,246.27,37.48,88.73,60.208,7.87,1211.43
15/9-F-14,2011-11-05,6.5,268.14,74.22,51.04,13.818,28.95,502.21
15/9-F-14,2011-11-06,24.0,242.16,43.36,87.33,65.831,10.91,1734.07
15/9-F-14,2011-11-07,24.0,241.71,41.73,87.69,67.644,10.21,1806.74
15/9-F-14,2011-11-08,24.0,241.26,41.13,85.58,70.332,9.9,1864.94
15/9-F-14,2011-11-09,24.0,240.48,40.4,84.88,71.061,10.32,1893.19
15/9-F-14,2011-11-10,24.0,239.9,40.33,86.11,71.212,10.71,1931.64
15/9-F-14,2011-11-11,11.81,240.86,41.06,84.42,34.861,11.52,1093.95
15/9-F-14,2011-11-12,15.36,249.86,46.86,77.35,35.681,17.11,960.37
15/9-F-14,2011-11-13,24.0,240.22,40.52,88.04,71.053,10.75,1895.6
15/9-F-14,2011-11-14,24.0,240.42,40.38,88.47,70.976,10.74,1893.6
15/9-F-14,2011-11-15,24.0,240.59,40.05,87.77,72.596,10.41,1880.97
15/9-F-14,2011-11-16,24.0,240.89,39.84,87.29,73.147,10.22,1873.21
15/9-F-14,2011-11-17,24.0,241.1,39.77,87.28,73.285,10.15,1861.88
15/9-F-14,2011-11-18,24.0,241.28,39.62,86.68,73.869,9.98,1847.31
15/9-F-14,2011-11-19,24.0,241.52,39.5,87.73,74.13,9.87,1829.94
15/9-F-14,2011-11-20,24.0,241.75,39.36,87.59,74.183,9.76,1810.86
15/9-F-14,2011-11-21,24.0,241.98,39.23,87.01,74.267,9.64,1792.95
15/9-F-14,2011-11-22,24.0,242.26,39.14,86.98,74.238,9.56,1774.76
15/9-F-14,2011-11-23,24.0,242.34,39.04,86.63,74.186,9.45,1754.19
15/9-F-14,2011-11-24,23.48,242.96,39.1,87.44,75.183,9.54,1690.63
15/9-F-14,2011-11-28,23.17,249.64,44.18,79.02,59.951,12.43,1350.88
15/9-F-14,2011-12-02,20.52,245.1,41.88,81.74,60.469,12.0,1348.69
15/9-F-14,2011-12-05,18.03,247.31,44.15,82.62,50.111,13.96,1358.54
15/9-F-14,2011-12-06,4.81,245.14,42.24,85.73,15.159,12.48,568.33
15/9-F-14,2011-12-07,19.0,244.09,40.81,83.64,57.377,10.89,1374.58
15/9-F-14,2011-12-08,14.64,242.33,39.71,86.77,46.773,10.06,1270.0
15/9-F-14,2011-12-10,6.19,248.87,44.6,74.8,16.386,13.5,566.61
15/9-F-14,2011-12-11,24.0,240.89,39.38,86.47,77.854,9.59,1859.52
15/9-F-14,2011-12-12,24.0,240.58,39.14,86.83,79.788,9.47,1939.64
15/9-F-14,2011-12-13,4.31,243.77,41.84,84.7,14.024,11.77,571.4
15/9-F-14,2011-12-15,24.0,241.05,39.81,86.3,75.086,10.06,1814.39
15/9-F-14,2011-12-16,24.0,240.51,39.57,88.15,76.52,9.89,1944.21
15/9-F-14,2011-12-17,21.14,241.08,39.72,87.6,67.408,10.08,1826.72
15/9-F-14,2011-12-18,15.19,244.16,41.56,84.06,45.048,11.31,1157.44
15/9-F-14,2011-12-19,24.0,240.83,39.27,87.93,77.388,9.62,1904.27
15/9-F-14,2011-12-20,24.0,241.02,39.2,87.57,77.24,9.56,1898.2
15/9-F-14,2011-12-21,24.0,241.24,39.09,87.72,77.377,9.47,1893.13
15/9-F-14,2011-12-22,24.0,241.48,39.02,87.68,77.395,9.4,1866.93
15/9-F-14,2011-12-23,24.0,241.75,38.97,87.53,77.433,9.34,1854.96
15/9-F-14,2011-12-24,17.98,242.28,39.27,87.24,58.226,9.7,1550.39
15/9-F-14,2011-12-27,17.5,249.36,44.91,79.07,43.74,14.44,1035.84
15/9-F-14,2011-12-28,10.48,244.04,41.07,85.36,31.122,10.56,897.82
15/9-F-14,2011-12-29,2.86,265.32,56.08,61.43,4.824,24.25,159.07
15/9-F-14,2011-12-30,24.0,242.34,39.74,87.14,77.697,9.35,1727.34
15/9-F-14,2011-12-31,24.0,241.92,38.96,86.42,80.19,8.87,1778.38
15/9-F-14,2012-01-01,24.0,242.18,38.83,86.45,81.17,8.73,1771.69
15/9-F-14,2012-01-02,23.81,242.73,39.34,86.01,81.061,9.23,1777.21
15/9-F-14,2012-01-14,2.5,287.8,96.51,24.47,3.973,42.89,108.08
15/9-F-14,2012-01-15,24.0,238.79,40.26,85.21,78.93,10.53,1931.14
15/9-F-14,2012-01-16,24.0,238.76,39.47,86.58,79.516,9.83,1983.54
15/9-F-14,2012-01-17,24.0,239.45,38.99,87.02,83.053,9.37,1984.97
15/9-F-14,2012-01-18,24.0,239.28,38.98,86.11,85.406,9.33,2004.73
15/9-F-14,2012-01-19,24.0,238.96,39.2,86.45,84.417,9.52,2024.63
15/9-F-14,2012-01-20,24.0,239.16,39.32,87.36,79.359,9.66,1999.83
15/9-F-14,2012-01-21,13.18,240.27,39.94,86.73,42.442,10.39,1246.64
15/9-F-14,2012-01-22,19.49,246.62,43.95,81.43,56.323,13.75,1478.51
15/9-F-14,2012-01-23,24.0,239.85,38.98,88.09,81.913,9.35,1865.29
15/9-F-14,2012-01-24,24.0,240.26,38.73,87.75,83.551,9.13,1851.56
15/9-F-14,2012-01-25,16.34,241.0,38.52,85.3,62.279,9.01,1456.87
15/9-F-14,2012-01-27,14.0,264.59,49.15,51.06,48.655,7.06,996.09
15/9-F-14,2012-01-28,24.0,244.86,42.19,84.3,74.744,11.53,1721.18
15/9-F-14,2012-01-29,5.51,257.01,53.02,80.67,9.948,18.3,94.96
15/9-F-14,2012-01-30,4.99,271.58,81.07,45.98,2.486,52.06,20.0
15/9-F-14,2012-01-31,24.0,239.26,67.43,73.69,21.618,36.51,992.31
15/9-F-14,2012-02-01,24.0,221.25,48.2,83.45,32.701,17.13,1298.84
15/9-F-14,2012-02-02,24.0,222.7,47.37,84.41,32.607,16.31,1360.83
15/9-F-14,2012-02-03,24.0,223.38,47.14,83.89,32.58,16.08,1342.41
15/9-F-14,2012-02-04,24.0,224.64,47.02,81.07,32.557,15.88,1311.87
15/9-F-14,2012-02-05,24.0,225.06,46.72,83.26,32.488,15.55,1283.47
15/9-F-14,2012-02-06,24.0,222.81,44.96,85.6,34.123,13.85,1301.74
15/9-F-14,2012-02-07,24.0,220.13,42.89,84.26,36.723,11.76,1269.47
15/9-F-14,2012-02-08,24.0,220.22,42.7,82.91,36.905,11.62,1271.31
15/9-F-14,2012-02-09,20.67,226.55,45.71,79.96,29.479,14.18,1053.2
15/9-F-14,2012-02-10,24.0,218.86,41.25,82.68,37.441,12.28,1247.14
15/9-F-14,2012-02-11,24.0,219.71,41.47,84.4,37.314,11.59,1276.12
15/9-F-14,2012-02-12,24.0,219.6,41.24,86.17,39.046,10.0,1301.47
15/9-F-14,2012-02-13,24.0,219.19,40.6,85.47,40.09,9.41,1283.33
15/9-F-14,2012-02-14,24.0,219.09,40.24,85.75,40.714,9.04,1299.87
15/9-F-14,2012-02-15,24.0,219.16,39.95,85.58,41.239,8.77,1294.81
15/9-F-14,2012-02-16,24.0,219.17,39.66,85.73,41.727,8.49,1295.53
15/9-F-14,2012-02-17,24.0,219.39,39.54,85.54,41.856,8.35,1285.7
15/9-F-14,2012-02-18,24.0,219.29,39.29,84.67,42.322,8.09,1275.18
15/9-F-14,2012-02-19,24.0,219.13,39.1,85.06,42.805,7.9,1263.41
15/9-F-14,2012-02-20,24.0,218.95,38.9,83.9,43.097,7.69,1252.54
15/9-F-14,2012-02-21,24.0,219.02,38.85,85.71,43.211,7.65,1247.26
15/9-F-14,2012-02-22,24.0,219.23,38.84,84.38,42.266,7.64,1246.47
15/9-F-14,2012-02-23,24.0,219.09,38.6,85.35,43.739,7.43,1249.37
15/9-F-14,2012-02-24,24.0,219.14,38.55,85.58,44.047,7.35,1248.61
15/9-F-14,2012-02-25,24.0,219.18,38.46,86.21,44.537,7.27,1250.39
15/9-F-14,2012-02-26,24.0,219.29,38.37,85.81,44.72,7.19,1248.86
15/9-F-14,2012-02-27,24.0,219.32,38.3,85.0,44.981,7.1,1247.61
15/9-F-14,2012-02-28,24.0,219.28,38.16,85.37,45.225,6.95,1247.75
15/9-F-14,2012-02-29,24.0,219.49,38.16,86.34,45.193,6.96,1243.1
15/9-F-14,2012-03-01,24.0,219.47,38.04,85.88,45.567,6.8,1237.67
15/9-F-14,2012-03-02,24.0,219.13,37.69,86.24,46.444,6.48,1244.07
15/9-F-14,2012-03-03,24.0,219.36,37.59,82.11,46.283,6.38,1237.0
15/9-F-14,2012-03-04,24.0,219.19,37.35,84.21,48.009,6.15,1246.93
15/9-F-14,2012-03-05,24.0,219.32,37.31,85.87,48.962,6.08,1248.95
15/9-F-14,2012-03-06,24.0,219.31,37.0,84.42,49.71,5.79,1249.25
15/9-F-14,2012-03-07,24.0,219.3,36.85,83.99,50.458,5.63,1251.91
15/9-F-14,2012-03-08,24.0,219.45,36.86,84.68,50.465,5.63,1246.71
15/9-F-14,2012-03-09,24.0,219.58,36.85,84.39,50.456,5.63,1244.24
15/9-F-14,2012-03-10,24.0,218.97,36.56,85.75,51.399,5.39,1244.19
15/9-F-14,2012-03-11,24.0,219.33,36.47,86.31,52.237,5.26,1236.49
15/9-F-14,2012-03-12,24.0,219.5,36.47,86.3,52.63,5.26,1237.53
15/9-F-14,2012-03-13,22.58,222.22,37.27,85.6,47.901,6.25,1081.88
15/9-F-14,2012-03-14,24.0,219.44,36.12,86.27,51.665,5.42,1221.75
15/9-F-14,2012-03-15,23.25,222.64,37.74,84.94,47.934,6.92,1076.12
15/9-F-14,2012-03-16,24.0,219.76,36.17,85.3,52.746,5.07,1202.91
15/9-F-14,2012-03-17,24.0,219.52,36.01,85.95,54.728,4.77,1215.32
15/9-F-14,2012-03-18,24.0,219.56,35.96,86.15,54.281,4.72,1220.05
15/9-F-14,2012-03-19,24.0,219.58,35.82,85.11,57.577,4.58,1224.73
15/9-F-14,2012-03-20,24.0,219.48,35.66,84.94,59.07,4.41,1234.65
15/9-F-14,2012-03-21,24.0,219.71,35.68,85.92,59.782,4.44,1241.7
15/9-F-14,2012-03-22,24.0,219.75,35.58,86.93,61.206,4.35,1246.38
15/9-F-14,2012-03-23,24.0,233.43,42.82,84.75,46.969,11.48,1031.18
15/9-F-14,2012-03-24,24.0,272.54,68.08,76.04,8.208,36.35,239.26
15/9-F-14,2012-03-25,23.0,273.43,70.46,74.84,7.975,38.85,370.83
15/9-F-14,2012-03-26,24.0,272.83,70.6,75.98,7.958,39.02,391.64
15/9-F-14,2012-03-27,24.0,253.88,58.87,80.02,24.545,27.27,690.78
15/9-F-14,2012-03-28,24.0,220.64,36.13,86.76,58.879,4.82,1268.24
15/9-F-14,2012-03-29,24.0,219.53,35.6,86.41,64.16,4.29,1272.0
15/9-F-14,2012-03-30,24.0,219.23,35.13,86.43,73.16,3.83,1293.04
15/9-F-14,2012-03-31,24.0,219.05,34.81,86.22,88.129,3.49,1298.19
15/9-F-14,2012-04-01,24.0,218.95,34.63,86.32,100.0,3.3,1301.05
15/9-F-14,2012-04-02,24.0,218.99,34.63,86.43,100.0,3.31,1309.04
15/9-F-14,2012-04-03,24.0,219.05,34.6,86.02,100.0,3.29,1305.86
15/9-F-14,2012-04-04,24.0,219.21,34.62,86.56,100.0,3.31,1301.89
15/9-F-14,2012-04-05,24.0,219.47,34.58,85.66,100.0,3.29,1299.73
15/9-F-14,2012-04-06,24.0,219.72,34.61,86.6,100.0,3.29,1294.63
15/9-F-14,2012-04-07,24.0,220.04,34.56,86.65,100.0,3.21,1289.54
15/9-F-14,2012-04-08,24.0,220.41,34.46,85.7,100.0,3.16,1279.75
15/9-F-14,2012-04-09,24.0,220.73,34.49,86.16,100.0,3.19,1276.84
15/9-F-14,2012-04-10,24.0,220.98,34.5,86.23,100.0,3.17,1251.35
15/9-F-14,2012-04-11,24.0,221.35,34.51,86.96,100.0,3.17,1241.47
15/9-F-14,2012-04-12,24.0,221.56,34.47,86.91,100.0,3.13,1234.71
15/9-F-14,2012-04-13,24.0,221.68,34.44,86.66,100.0,3.13,1214.18
15/9-F-14,2012-04-14,24.0,221.82,34.43,86.66,100.0,3.13,1208.85
15/9-F-14,2012-04-15,24.0,222.11,34.4,86.41,100.0,3.1,1200.95
15/9-F-14,2012-04-16,24.0,222.42,34.4,86.44,100.0,3.1,1198.34
15/9-F-14,2012-04-17,24.0,222.64,34.28,83.59,100.0,2.97,1193.74
15/9-F-14,2012-04-18,24.0,222.86,34.31,85.36,100.0,2.99,1179.1
15/9-F-14,2012-04-19,24.0,222.99,34.25,85.17,100.0,2.91,1177.26
15/9-F-14,2012-04-20,24.0,223.14,34.24,84.53,100.0,2.93,1175.13
15/9-F-14,2012-04-21,24.0,221.62,33.26,85.74,100.0,3.16,1191.85
15/9-F-14,2012-04-22,24.0,220.68,32.68,86.6,100.0,3.36,1192.68
15/9-F-14,2012-04-23,24.0,220.88,32.67,86.6,100.0,3.32,1185.21
15/9-F-14,2012-04-24,24.0,221.06,32.66,86.85,100.0,3.3,1182.72
15/9-F-14,2012-04-25,24.0,221.07,32.64,86.62,100.0,3.27,1181.92
15/9-F-14,2012-04-26,24.0,221.08,32.6,86.49,100.0,3.25,1178.22
15/9-F-14,2012-04-27,24.0,221.33,32.65,86.75,100.0,3.31,1170.75
15/9-F-14,2012-04-28,24.0,221.57,32.67,86.72,100.0,3.31,1187.91
15/9-F-14,2012-04-29,24.0,221.73,32.64,86.56,100.0,3.31,1030.3
15/9-F-14,2012-04-30,24.0,221.77,32.64,86.52,97.917,3.29,1074.82
15/9-F-14,2012-05-01,24.0,222.01,32.66,86.7,100.0,3.34,1092.16
15/9-F-14,2012-05-02,24.0,222.36,32.69,86.86,100.0,3.34,1096.64
15/9-F-14,2012-05-03,24.0,222.48,32.68,86.98,100.0,3.33,1116.23
15/9-F-14,2012-05-04,24.0,222.45,32.66,86.69,100.0,3.7,1123.24
15/9-F-14,2012-05-05,24.0,223.9,32.7,85.93,100.0,3.33,1126.07
15/9-F-14,2012-05-06,24.0,224.32,32.73,85.95,100.0,3.36,1129.0
15/9-F-14,2012-05-07,24.0,224.84,32.76,86.01,100.0,3.38,1179.46
15/9-F-14,2012-05-08,24.0,226.4,32.83,83.8,100.0,3.44,1189.93
15/9-F-14,2012-05-09,24.0,226.42,32.87,86.18,100.0,3.47,1189.84
15/9-F-14,2012-05-10,24.0,226.66,32.89,85.89,100.0,3.48,1185.93
15/9-F-14,2012-05-11,24.0,226.65,32.86,85.68,100.0,3.48,1184.22
15/9-F-14,2012-05-12,24.0,226.93,32.9,85.66,100.0,3.47,1166.43
15/9-F-14,2012-05-13,24.0,226.81,32.78,83.95,100.0,3.39,1166.5
15/9-F-14,2012-05-14,24.0,226.97,32.8,83.48,100.0,3.39,1166.23
15/9-F-14,2012-05-15,24.0,227.02,32.83,85.97,100.0,3.43,1163.17
15/9-F-14,2012-05-16,24.0,227.08,32.81,85.51,100.0,3.41,1160.68
15/9-F-14,2012-05-17,24.0,227.07,32.8,85.72,100.0,3.41,1162.85
15/9-F-14,2012-05-18,24.0,227.14,32.82,86.12,100.0,3.43,1162.85
15/9-F-14,2012-05-19,24.0,226.99,32.77,85.91,100.0,3.39,1164.67
15/9-F-14,2012-05-20,24.0,226.82,32.75,86.04,100.0,3.39,1141.37
15/9-F-14,2012-05-21,24.0,227.0,32.74,86.33,100.0,3.38,1141.93
15/9-F-14,2012-05-22,21.08,236.5,37.96,83.49,70.913,6.92,868.7
15/9-F-14,2012-05-23,24.0,227.67,32.82,85.06,99.814,3.29,1059.44
15/9-F-14,2012-05-24,24.0,228.0,32.89,85.24,100.0,3.24,1087.94
15/9-F-14,2012-05-25,24.0,228.64,33.4,86.11,100.0,3.08,1095.56
15/9-F-14,2012-05-26,24.0,228.23,33.24,86.75,100.0,3.21,1105.91
15/9-F-14,2012-05-27,24.0,227.5,32.71,86.98,100.0,3.33,1116.86
15/9-F-14,2012-05-28,24.0,227.62,32.72,86.77,100.0,3.33,1126.57
15/9-F-14,2012-05-29,24.0,227.59,32.71,86.39,100.0,3.32,1131.35
15/9-F-14,2012-05-30,24.0,227.5,32.7,86.4,100.0,3.33,1124.79
15/9-F-14,2012-05-31,24.0,227.61,32.69,86.52,100.0,3.32,1125.44
15/9-F-14,2012-06-01,24.0,227.67,32.68,86.1,100.0,3.29,1124.75
15/9-F-14,2012-06-02,24.0,227.5,32.64,86.14,100.0,3.28,1122.99
15/9-F-14,2012-06-03,24.0,227.58,32.64,86.19,100.0,3.27,1117.51
15/9-F-14,2012-06-04,24.0,227.69,32.63,86.08,100.0,3.26,1115.89
15/9-F-14,2012-06-05,24.0,228.08,32.83,86.37,100.0,3.24,1111.91
15/9-F-14,2012-06-06,24.0,227.76,32.61,85.89,100.0,3.24,1117.1
15/9-F-14,2012-06-07,24.0,227.68,32.55,85.54,100.0,3.19,1101.77
15/9-F-14,2012-06-08,24.0,227.81,32.53,84.6,100.0,3.16,1097.85
15/9-F-14,2012-06-09,24.0,227.96,32.62,86.13,100.0,3.24,1097.36
15/9-F-14,2012-06-10,24.0,228.06,32.65,86.68,100.0,3.26,1102.01
15/9-F-14,2012-06-11,24.0,228.3,32.84,86.56,100.0,3.18,1086.48
15/9-F-14,2012-06-12,24.0,227.99,32.58,86.39,100.0,3.21,1095.9
15/9-F-14,2012-06-13,23.17,231.28,34.41,85.59,100.0,4.99,935.42
15/9-F-14,2012-06-14,24.0,228.28,32.63,86.35,100.0,3.26,1055.05
15/9-F-14,2012-06-15,24.0,228.37,32.64,86.32,100.0,3.27,1068.47
15/9-F-14,2012-06-16,24.0,228.23,32.61,86.31,100.0,3.23,1077.27
15/9-F-14,2012-06-17,24.0,228.19,32.59,86.61,100.0,3.22,1081.03
15/9-F-14,2012-06-18,24.0,228.26,32.57,86.46,100.0,3.21,1079.28
15/9-F-14,2012-06-19,24.0,228.5,32.54,86.21,100.0,3.19,1081.43
15/9-F-14,2012-06-20,16.0,254.15,50.23,73.49,58.871,8.83,633.92
15/9-F-14,2012-06-21,24.0,229.67,32.87,86.18,99.937,3.27,946.09
15/9-F-14,2012-06-22,24.0,229.71,32.79,85.17,100.0,3.17,991.71
15/9-F-14,2012-06-23,24.0,229.43,32.56,85.17,100.0,3.19,1011.5
15/9-F-14,2012-06-24,24.0,229.46,32.55,85.56,100.0,3.18,1019.08
15/9-F-14,2012-06-25,24.0,229.22,32.54,86.5,100.0,3.23,1023.48
15/9-F-14,2012-06-26,24.0,229.17,32.55,86.48,100.0,3.24,1023.48
15/9-F-14,2012-06-27,24.0,229.38,32.62,86.55,100.0,3.25,1080.53
15/9-F-14,2012-06-28,24.0,229.53,32.59,85.75,100.0,3.22,1085.6
15/9-F-14,2012-06-29,24.0,229.71,32.54,84.48,100.0,3.14,1090.18
15/9-F-14,2012-06-30,24.0,229.82,32.52,84.55,100.0,3.14,1090.51
15/9-F-14,2012-07-01,24.0,229.77,32.54,85.15,100.0,3.16,1099.01
15/9-F-14,2012-07-02,24.0,229.63,32.52,86.44,100.0,3.24,1081.79
15/9-F-14,2012-07-03,24.0,229.88,32.57,85.72,100.0,3.2,1080.99
15/9-F-14,2012-07-04,24.0,230.02,32.53,84.54,100.0,3.16,1080.38
15/9-F-14,2012-07-05,24.0,230.13,32.57,84.34,100.0,3.15,1080.86
15/9-F-14,2012-07-06,24.0,229.79,32.58,86.75,100.0,3.21,1080.38
15/9-F-14,2012-07-07,24.0,229.61,32.56,86.77,100.0,3.18,1083.62
15/9-F-14,2012-07-08,24.0,229.58,32.51,86.5,100.0,3.14,1081.46
15/9-F-14,2012-07-09,24.0,229.71,32.54,86.63,100.0,3.16,1056.84
15/9-F-14,2012-07-10,24.0,229.85,32.54,86.55,100.0,3.16,1053.77
15/9-F-14,2012-07-11,24.0,229.92,32.54,86.56,100.0,3.16,1053.63
15/9-F-14,2012-07-12,24.0,229.85,32.52,86.58,100.0,3.14,1056.68
15/9-F-14,2012-07-13,24.0,229.8,32.5,86.57,100.0,3.13,1060.81
15/9-F-14,2012-07-14,24.0,229.9,32.52,86.54,100.0,3.14,1059.33
15/9-F-14,2012-07-15,24.0,230.09,32.49,85.66,100.0,3.13,1059.12
15/9-F-14,2012-07-16,24.0,230.26,32.52,86.18,100.0,3.15,1059.44
15/9-F-14,2012-07-17,24.0,230.36,32.51,85.65,100.0,3.15,1060.07
15/9-F-14,2012-07-18,24.0,230.31,32.51,85.86,100.0,3.13,1059.38
15/9-F-14,2012-07-19,24.0,229.97,32.48,86.2,97.917,3.11,1060.1
15/9-F-14,2012-07-20,24.0,230.19,32.47,86.44,100.0,3.11,1058.66
15/9-F-14,2012-07-21,24.0,230.29,32.47,86.26,100.0,3.11,1058.52
15/9-F-14,2012-07-22,24.0,230.47,32.39,84.26,100.0,3.04,1057.06
15/9-F-14,2012-07-23,24.0,230.56,32.4,84.03,100.0,3.05,1059.17
15/9-F-14,2012-07-24,24.0,230.5,32.41,86.04,100.0,3.07,1059.56
15/9-F-14,2012-07-25,24.0,230.39,32.47,86.63,100.0,3.11,1056.78
15/9-F-14,2012-07-26,24.0,230.27,32.46,86.67,100.0,3.11,1056.14
15/9-F-14,2012-07-27,24.0,230.18,32.36,85.2,100.0,3.01,1052.55
15/9-F-14,2012-07-28,24.0,230.27,32.36,85.41,100.0,2.99,1049.12
15/9-F-14,2012-07-29,24.0,230.27,32.39,85.33,100.0,3.03,1052.96
15/9-F-14,2012-07-30,24.0,230.45,32.49,86.11,100.0,3.12,1043.58
15/9-F-14,2012-07-31,24.0,230.18,32.57,86.87,100.0,3.17,1048.94
15/9-F-14,2012-08-01,24.0,230.35,32.45,85.33,100.0,3.09,1045.63
15/9-F-14,2012-08-02,24.0,230.25,32.42,85.56,100.0,3.06,1043.62
15/9-F-14,2012-08-03,24.0,230.17,32.39,86.17,100.0,3.04,1042.26
15/9-F-14,2012-08-04,24.0,230.51,32.48,86.87,100.0,3.1,1035.79
15/9-F-14,2012-08-05,24.0,230.86,32.5,86.82,100.0,3.12,1030.97
15/9-F-14,2012-08-06,24.0,230.84,32.55,86.87,100.0,3.16,1038.32
15/9-F-14,2012-08-07,24.0,230.84,32.54,86.85,100.0,3.15,1041.04
15/9-F-14,2012-08-08,24.0,230.75,32.5,86.67,100.0,3.13,1041.04
15/9-F-14,2012-08-09,24.0,230.66,32.46,86.68,100.0,3.1,1036.49
15/9-F-14,2012-08-10,24.0,230.41,32.33,86.7,100.0,3.1,1042.49
15/9-F-14,2012-08-11,24.0,230.29,32.21,86.68,100.0,3.11,1047.3
15/9-F-14,2012-08-12,24.0,230.83,32.34,85.61,99.999,3.06,1042.36
15/9-F-14,2012-08-13,0.62,252.89,46.15,83.71,7.778,17.2,202.53
15/9-F-14,2012-09-29,5.82,234.56,58.09,52.04,15.688,23.43,416.68
15/9-F-14,2012-09-30,24.0,215.33,35.48,81.06,99.989,4.41,1238.4
15/9-F-14,2012-10-01,24.0,217.53,33.98,82.68,100.0,4.28,1200.19
15/9-F-14,2012-10-02,24.0,216.94,34.26,82.55,100.0,4.42,1409.91
15/9-F-14,2012-10-03,24.0,217.83,33.91,82.98,100.0,4.38,1405.2
15/9-F-14,2012-10-04,24.0,217.56,34.06,84.56,100.0,4.51,1458.2
15/9-F-14,2012-10-05,24.0,217.51,34.08,84.71,100.0,4.53,1604.2
15/9-F-14,2012-10-06,24.0,218.2,34.04,84.79,100.0,4.51,1599.06
15/9-F-14,2012-10-07,24.0,218.8,33.94,84.62,100.0,4.43,1584.57
15/9-F-14,2012-10-08,24.0,219.21,33.88,84.65,100.0,4.39,1577.9
15/9-F-14,2012-10-09,24.0,219.84,33.79,84.71,100.0,4.3,1556.2
15/9-F-14,2012-10-10,24.0,220.76,33.83,85.57,100.0,4.34,1510.57
15/9-F-14,2012-10-11,24.0,223.39,34.16,85.32,100.0,4.6,1534.8
15/9-F-14,2012-10-12,24.0,232.19,37.72,86.79,75.136,8.22,1324.73
15/9-F-14,2012-10-13,22.0,255.21,52.69,75.63,33.574,17.98,549.57
15/9-F-14,2012-10-14,5.18,240.9,43.53,87.27,11.264,14.29,205.63
15/9-F-14,2012-10-19,7.0,264.89,68.17,48.19,22.0,26.99,187.55
15/9-F-14,2012-10-20,24.0,239.37,44.13,86.5,46.015,14.72,891.56
15/9-F-14,2012-10-21,24.0,238.99,42.42,87.67,48.063,13.0,943.69
15/9-F-14,2012-10-22,24.0,239.11,42.73,87.74,47.914,13.41,1370.22
15/9-F-14,2012-10-23,24.0,240.67,43.4,87.85,47.228,13.68,1368.18
15/9-F-14,2012-10-24,24.0,240.7,43.39,87.96,47.148,13.6,1374.62
15/9-F-14,2012-10-25,24.0,240.58,43.19,87.53,47.254,13.4,1360.57
15/9-F-14,2012-10-26,24.0,239.07,42.2,87.31,48.125,12.43,1344.8
15/9-F-14,2012-10-27,24.0,237.37,40.92,87.55,49.801,11.16,1345.2
15/9-F-14,2012-10-28,24.0,235.82,39.66,87.01,51.419,9.88,1384.85
15/9-F-14,2012-10-29,24.0,234.88,38.93,87.76,53.08,9.17,1315.01
15/9-F-14,2012-10-30,24.0,234.6,38.42,87.26,54.051,8.67,1274.53
15/9-F-14,2012-10-31,24.0,234.36,37.82,85.51,55.742,8.04,1262.51
15/9-F-14,2012-11-01,24.0,234.48,37.5,85.84,57.065,7.71,1254.44
15/9-F-14,2012-11-02,24.0,234.29,37.25,86.58,57.351,7.49,1237.46
15/9-F-14,2012-11-03,24.0,233.94,36.9,88.01,58.603,7.12,1230.31
15/9-F-14,2012-11-04,24.0,234.45,36.91,88.13,59.116,7.13,1221.89
15/9-F-14,2012-11-05,24.0,235.75,37.45,88.07,56.96,7.69,1204.86
15/9-F-14,2012-11-06,24.0,237.19,38.0,87.5,55.207,8.25,1182.33
15/9-F-14,2012-11-07,24.0,237.52,37.82,87.08,56.132,8.06,1186.89
15/9-F-14,2012-11-08,24.0,237.91,37.83,87.9,56.507,8.05,1191.54
15/9-F-14,2012-11-09,24.0,239.89,38.71,86.6,53.501,8.96,1176.47
15/9-F-14,2012-11-10,24.0,242.28,40.13,86.9,49.844,10.39,1166.55
15/9-F-14,2012-11-11,24.0,242.98,40.6,88.06,49.117,10.87,1163.63
15/9-F-14,2012-11-12,24.0,242.97,40.58,87.61,49.224,10.86,1167.89
15/9-F-14,2012-11-13,24.0,243.11,40.58,86.74,49.051,10.87,1168.8
15/9-F-14,2012-11-14,24.0,243.1,40.63,87.79,48.961,10.9,1169.13
15/9-F-14,2012-11-15,24.0,243.29,40.66,87.46,49.006,10.93,1170.96
15/9-F-14,2012-11-16,24.0,243.45,40.61,86.86,48.141,10.87,1180.1
15/9-F-14,2012-11-17,24.0,243.46,40.67,87.56,49.052,10.94,1167.93
15/9-F-14,2012-11-18,24.0,243.63,40.72,86.96,48.915,10.99,1163.83
15/9-F-14,2012-11-19,24.0,243.66,40.51,85.97,49.211,10.79,1159.98
15/9-F-14,2012-11-20,24.0,243.76,40.47,86.51,49.106,10.75,1157.19
15/9-F-14,2012-11-21,24.0,244.0,40.51,87.24,49.096,10.79,1157.2
15/9-F-14,2012-11-22,24.0,244.02,40.38,86.77,49.141,10.66,1147.42
15/9-F-14,2012-11-23,24.0,243.92,40.31,86.21,49.066,10.57,1143.52
15/9-F-14,2012-11-24,24.0,243.94,40.27,87.34,48.057,10.55,1144.66
15/9-F-14,2012-11-25,24.0,243.15,39.59,86.49,50.401,9.89,1134.68
15/9-F-14,2012-11-26,24.0,243.45,39.48,88.23,51.095,9.75,1135.03
15/9-F-14,2012-11-27,24.0,243.66,39.48,88.44,51.133,9.75,1102.77
15/9-F-14,2012-11-28,24.0,244.5,39.59,88.35,50.624,9.88,1090.23
15/9-F-14,2012-11-29,24.0,244.75,39.58,88.41,50.228,9.9,1081.38
15/9-F-14,2012-11-30,24.0,244.86,39.47,88.41,50.301,9.79,1072.59
15/9-F-14,2012-12-01,24.0,244.53,39.1,88.24,50.866,9.5,1066.9
15/9-F-14,2012-12-02,24.0,244.02,38.58,88.1,52.011,9.01,1061.33
15/9-F-14,2012-12-03,24.0,243.36,37.86,87.74,54.06,8.12,1054.37
15/9-F-14,2012-12-04,24.0,243.52,37.78,87.95,54.197,8.26,1056.65
15/9-F-14,2012-12-05,24.0,243.22,37.39,87.97,55.198,7.95,1084.08
15/9-F-14,2012-12-06,24.0,242.94,36.93,87.35,57.218,7.25,1054.22
15/9-F-14,2012-12-07,24.0,242.66,36.54,87.17,58.725,6.85,1056.74
15/9-F-14,2012-12-08,24.0,242.82,36.45,87.42,59.02,6.77,1053.23
15/9-F-14,2012-12-09,24.0,243.03,36.52,88.0,58.965,6.78,1051.23
15/9-F-14,2012-12-10,24.0,242.51,36.22,88.38,59.809,6.52,1052.29
15/9-F-14,2012-12-11,23.33,247.28,39.27,87.18,51.928,9.56,902.0
15/9-F-14,2012-12-12,11.29,243.96,37.13,88.14,27.283,7.89,425.98
15/9-F-14,2012-12-13,15.21,255.02,41.79,74.01,28.521,14.42,420.57
15/9-F-14,2012-12-14,23.46,242.19,35.41,84.95,61.105,6.47,891.26
15/9-F-14,2012-12-15,13.71,250.89,39.95,78.81,27.74,10.92,478.05
15/9-F-14,2012-12-16,24.0,240.95,34.51,87.51,66.018,5.43,972.11
15/9-F-14,2012-12-17,24.0,240.36,34.31,87.62,68.046,5.22,987.77
15/9-F-14,2012-12-18,24.0,240.37,34.32,87.17,68.14,5.22,992.03
15/9-F-14,2012-12-19,24.0,240.1,34.27,85.82,68.225,5.08,999.01
15/9-F-14,2012-12-20,24.0,240.09,34.28,85.01,68.215,5.09,1036.59
15/9-F-14,2012-12-21,24.0,240.6,34.4,85.36,68.238,5.19,1037.92
15/9-F-14,2012-12-22,24.0,241.02,34.44,84.68,68.258,5.21,1041.77
15/9-F-14,2012-12-23,24.0,241.72,34.73,84.59,66.043,5.48,1040.31
15/9-F-14,2012-12-24,24.0,242.12,35.15,87.1,62.93,5.89,1039.18
15/9-F-14,2012-12-25,24.0,241.85,35.05,87.74,62.989,5.8,1043.8
15/9-F-14,2012-12-26,24.0,241.65,35.01,88.33,63.092,5.76,1040.77
15/9-F-14,2012-12-27,24.0,241.64,34.97,88.17,63.233,5.74,1039.24
15/9-F-14,2012-12-28,24.0,241.74,34.79,86.05,63.258,5.59,1034.83
15/9-F-14,2012-12-29,24.0,241.91,34.8,86.13,63.134,5.57,1038.65
15/9-F-14,2012-12-30,24.0,242.0,34.7,85.71,64.487,5.46,1034.91
15/9-F-14,2012-12-31,24.0,242.23,34.64,86.51,65.214,5.38,1035.1
15/9-F-14,2013-01-01,24.0,242.4,34.72,87.94,65.199,5.43,1030.1
15/9-F-14,2013-01-02,24.0,242.78,34.91,87.62,65.204,5.24,1005.13
15/9-F-14,2013-01-03,24.0,242.16,34.54,88.26,65.229,5.34,1038.14
15/9-F-14,2013-01-04,24.0,241.91,34.4,88.23,65.783,5.22,985.25
15/9-F-14,2013-01-05,24.0,241.37,33.94,87.71,68.983,4.75,988.97
15/9-F-14,2013-01-06,24.0,241.23,33.69,88.37,71.911,4.48,984.48
15/9-F-14,2013-01-07,24.0,234.61,33.55,87.62,75.159,4.33,987.23
15/9-F-14,2013-01-08,24.0,241.64,33.59,88.31,73.705,4.37,990.4
15/9-F-14,2013-01-09,24.0,241.8,33.64,88.42,75.32,4.42,991.65
15/9-F-14,2013-01-10,24.0,241.84,33.58,88.08,75.308,4.38,987.96
15/9-F-14,2013-01-11,24.0,242.33,33.91,87.73,75.26,4.24,964.48
15/9-F-14,2013-01-12,24.0,241.79,33.52,87.0,75.335,4.27,977.72
15/9-F-14,2013-01-13,24.0,241.54,33.4,87.1,75.454,4.2,973.7
15/9-F-14,2013-01-14,24.0,241.33,33.33,86.14,75.518,4.12,975.98
15/9-F-14,2013-01-15,24.0,241.71,33.54,87.88,75.513,4.23,958.45
15/9-F-14,2013-01-16,24.0,241.87,33.48,88.12,75.519,4.25,965.56
15/9-F-14,2013-01-17,24.0,242.01,33.35,87.1,76.163,4.17,959.84
15/9-F-14,2013-01-18,24.0,242.15,33.32,85.26,77.336,4.09,963.72
15/9-F-14,2013-01-19,24.0,242.12,33.24,87.32,77.215,4.23,954.5
15/9-F-14,2013-01-20,24.0,242.21,33.24,87.97,77.447,4.23,951.88
15/9-F-14,2013-01-21,24.0,242.47,33.35,87.02,77.305,4.13,950.38
15/9-F-14,2013-01-22,24.0,242.15,33.14,86.98,77.331,4.19,956.77
15/9-F-14,2013-01-23,24.0,242.36,33.22,88.01,77.297,4.26,959.48
15/9-F-14,2013-01-24,24.0,242.37,33.23,88.2,77.176,4.27,960.51
15/9-F-14,2013-01-25,24.0,242.34,33.08,86.01,77.235,4.12,960.39
15/9-F-14,2013-01-26,24.0,242.4,33.12,86.96,77.219,4.15,956.42
15/9-F-14,2013-01-27,24.0,242.46,33.11,86.24,77.117,4.13,954.53
15/9-F-14,2013-01-28,24.0,242.52,33.11,85.86,77.04,4.13,956.26
15/9-F-14,2013-01-29,24.0,242.32,32.95,87.21,80.319,3.96,956.87
15/9-F-14,2013-01-30,24.0,242.05,32.7,85.47,85.41,3.7,965.22
15/9-F-14,2013-01-31,24.0,242.01,32.69,88.48,87.363,3.7,972.83
15/9-F-14,2013-02-01,24.0,241.87,32.61,88.5,89.368,3.62,971.79
15/9-F-14,2013-02-02,24.0,241.82,32.54,88.11,89.982,3.57,961.4
15/9-F-14,2013-02-03,24.0,241.74,32.49,87.46,90.002,3.51,962.89
15/9-F-14,2013-02-04,24.0,241.78,32.46,87.08,90.101,3.47,963.19
15/9-F-14,2013-02-05,24.0,241.76,32.44,87.39,91.274,3.45,960.92
15/9-F-14,2013-02-06,24.0,241.55,32.31,88.16,96.719,3.34,962.06
15/9-F-14,2013-02-07,24.0,241.62,32.28,88.2,98.985,3.31,1004.48
15/9-F-14,2013-02-08,24.0,241.82,32.32,88.47,99.131,3.35,978.09
15/9-F-14,2013-02-09,24.0,241.97,32.25,88.04,97.196,3.28,979.91
15/9-F-14,2013-02-10,24.0,241.87,32.18,86.7,99.181,3.22,966.22
15/9-F-14,2013-02-11,24.0,241.79,32.13,85.7,99.059,3.18,964.43
15/9-F-14,2013-02-12,24.0,241.8,32.16,87.08,99.052,3.22,961.13
15/9-F-14,2013-02-13,24.0,241.92,32.13,86.02,96.982,3.19,952.07
15/9-F-14,2013-02-14,24.0,242.16,32.13,84.95,96.975,3.17,953.14
15/9-F-14,2013-02-15,24.0,242.32,32.2,86.62,96.964,3.24,958.71
15/9-F-14,2013-02-16,24.0,242.21,32.15,87.19,99.025,3.2,964.49
15/9-F-14,2013-02-17,24.0,242.09,32.13,87.56,96.946,3.19,964.23
15/9-F-14,2013-02-18,24.0,242.07,32.18,87.67,98.993,3.23,967.26
15/9-F-14,2013-02-19,24.0,242.4,32.25,86.87,99.001,3.19,956.38
15/9-F-14,2013-02-20,24.0,244.24,33.39,86.38,99.033,2.91,912.6
15/9-F-14,2013-02-21,24.0,242.73,32.35,87.52,99.039,3.18,958.55
15/9-F-14,2013-02-22,19.92,248.29,35.74,85.82,72.037,5.86,710.96
15/9-F-14,2013-02-23,24.0,244.2,33.23,87.75,100.0,4.14,922.73
15/9-F-14,2013-02-24,24.0,242.66,32.29,88.39,99.922,3.15,944.09
15/9-F-14,2013-02-25,24.0,242.27,32.1,88.5,99.999,3.18,951.34
15/9-F-14,2013-02-26,24.0,242.29,32.11,88.49,100.0,3.19,952.21
15/9-F-14,2013-02-27,24.0,242.3,32.13,88.48,100.0,3.2,945.98
15/9-F-14,2013-02-28,24.0,242.27,32.12,88.33,100.0,3.2,944.28
15/9-F-14,2013-03-01,24.0,242.45,32.16,88.2,100.0,3.23,936.31
15/9-F-14,2013-03-02,24.0,242.26,32.11,88.04,100.0,3.18,940.32
15/9-F-14,2013-03-03,24.0,242.47,32.13,87.9,100.0,3.2,936.86
15/9-F-14,2013-03-04,24.0,242.57,32.09,87.42,100.0,3.15,939.95
15/9-F-14,2013-03-05,24.0,242.83,32.12,87.84,100.0,3.17,940.99
15/9-F-14,2013-03-06,24.0,242.96,32.23,87.21,100.0,3.22,925.75
15/9-F-14,2013-03-07,2.19,249.73,37.96,86.46,9.234,9.92,43.38
15/9-F-14,2013-03-10,10.98,259.16,41.23,72.67,20.508,12.59,186.67
15/9-F-14,2013-03-11,15.19,243.2,33.0,86.75,55.351,4.51,511.7
15/9-F-14,2013-03-13,19.98,251.08,37.21,81.11,49.6,8.68,539.62
15/9-F-14,2013-03-14,15.69,243.69,33.29,87.66,63.659,4.5,536.71
15/9-F-14,2013-03-15,16.81,250.76,37.3,81.03,39.823,8.75,504.17
15/9-F-14,2013-03-16,12.02,242.8,33.74,85.16,48.376,5.49,446.39
15/9-F-14,2013-03-17,10.48,255.39,40.28,73.89,20.303,12.09,294.09
15/9-F-14,2013-03-18,24.0,241.86,32.89,84.97,92.497,4.23,923.35
15/9-F-14,2013-03-19,24.0,241.14,32.4,86.4,100.0,3.81,927.57
15/9-F-14,2013-03-20,2.16,245.56,33.73,85.71,10.678,6.9,89.54
15/9-F-14,2013-03-22,17.98,249.48,38.98,77.2,42.347,10.97,613.22
15/9-F-14,2013-03-23,24.0,240.05,32.61,85.54,99.99,3.77,991.44
15/9-F-14,2013-03-24,24.0,241.05,32.55,86.89,100.0,3.71,953.7
15/9-F-14,2013-03-25,11.0,248.65,37.72,82.58,38.58,8.81,437.64
15/9-F-14,2013-03-26,24.0,240.12,33.05,87.98,97.741,4.05,885.36
15/9-F-14,2013-03-27,24.0,240.51,32.96,88.13,100.0,3.92,918.69
15/9-F-14,2013-03-28,14.83,244.18,35.01,85.46,58.933,6.12,593.67
15/9-F-14,2013-03-29,24.0,243.02,34.48,87.16,86.066,5.67,908.78
15/9-F-14,2013-03-30,24.0,240.42,33.04,88.25,97.917,4.22,970.86
15/9-F-14,2013-03-31,23.0,241.71,33.71,88.23,79.779,4.91,919.79
15/9-F-14,2013-04-01,21.69,242.67,34.12,88.23,66.723,5.58,878.51
15/9-F-14,2013-04-03,14.48,253.09,40.6,80.08,30.305,11.32,473.81
15/9-F-14,2013-04-04,24.0,241.9,33.97,88.03,75.712,4.97,982.1
15/9-F-14,2013-04-05,12.52,242.86,34.31,88.0,39.962,5.49,463.05
15/9-F-14,2013-04-10,6.31,261.57,44.99,68.94,11.467,14.98,93.54
15/9-F-14,2013-04-11,24.0,243.23,36.48,85.96,59.114,7.39,934.08
15/9-F-14,2013-04-12,24.0,242.8,29.12,86.4,66.201,8.56,963.01
15/9-F-14,2013-04-13,24.0,242.41,34.36,87.78,71.858,5.32,999.28
15/9-F-14,2013-04-14,24.0,242.5,34.49,85.39,70.369,5.43,1023.15
15/9-F-14,2013-04-15,24.0,242.57,34.25,86.49,72.81,5.18,1028.77
15/9-F-14,2013-04-16,22.33,247.82,37.82,84.02,57.519,8.65,897.68
15/9-F-14,2013-04-17,24.0,237.36,34.4,86.05,70.151,5.39,1043.24
15/9-F-14,2013-04-18,24.0,242.47,34.33,86.41,70.21,5.28,1039.9
15/9-F-14,2013-04-19,24.0,242.65,34.38,87.8,70.245,5.34,1029.29
15/9-F-14,2013-04-20,24.0,242.65,34.07,87.46,73.675,5.03,1035.27
15/9-F-14,2013-04-21,24.0,242.26,33.52,86.59,79.406,4.47,1031.17
15/9-F-14,2013-04-22,24.0,242.45,33.36,86.66,82.02,4.26,1025.28
15/9-F-14,2013-04-23,24.0,242.64,33.24,86.9,85.251,4.12,1021.59
15/9-F-14,2013-04-24,24.0,242.86,33.06,88.01,88.663,3.99,1010.54
15/9-F-14,2013-04-25,24.0,242.37,32.72,87.75,94.699,3.68,1011.17
15/9-F-14,2013-04-26,24.0,242.2,32.58,88.54,100.0,3.53,1013.13
15/9-F-14,2013-04-27,24.0,242.26,32.51,88.45,100.0,3.48,1003.84
15/9-F-14,2013-04-28,24.0,242.59,32.49,86.67,100.0,3.36,1014.92
15/9-F-14,2013-04-29,24.0,242.61,32.57,87.33,99.999,3.32,977.42
15/9-F-14,2013-04-30,24.0,247.07,35.73,88.08,66.091,6.7,881.68
15/9-F-14,2013-05-01,24.0,242.72,32.33,87.1,100.0,3.32,944.52
15/9-F-14,2013-05-02,24.0,243.16,32.4,88.22,100.0,3.39,945.7
15/9-F-14,2013-05-03,24.0,243.31,32.36,87.24,100.0,3.33,944.53
15/9-F-14,2013-05-04,24.0,243.46,32.35,87.2,100.0,3.31,942.56
15/9-F-14,2013-05-05,24.0,243.83,32.38,87.73,100.0,3.35,948.91
15/9-F-14,2013-05-06,24.0,243.94,32.33,87.72,100.0,3.32,945.75
15/9-F-14,2013-05-07,24.0,244.09,32.35,88.22,100.0,3.33,941.46
15/9-F-14,2013-05-08,24.0,244.44,32.38,87.59,100.0,3.36,936.59
15/9-F-14,2013-05-09,24.0,244.5,32.37,88.11,100.0,3.33,938.7
15/9-F-14,2013-05-10,24.0,244.53,32.36,87.64,100.0,3.32,934.27
15/9-F-14,2013-05-11,24.0,244.6,32.33,87.58,100.0,3.29,934.81
15/9-F-14,2013-05-12,24.0,244.68,32.37,88.22,97.917,3.33,937.7
15/9-F-14,2013-05-13,24.0,244.73,32.35,87.36,97.917,3.3,935.6
15/9-F-14,2013-05-14,16.33,223.56,34.49,83.4,64.291,5.97,642.94
15/9-F-14,2013-05-15,24.0,96.61,34.03,85.87,100.0,4.87,844.52
15/9-F-14,2013-05-16,24.0,245.03,32.2,87.53,99.706,3.44,866.05
15/9-F-14,2013-05-17,21.17,249.86,35.28,87.34,71.361,5.53,706.38
15/9-F-14,2013-05-18,24.0,244.79,32.57,88.66,100.0,3.47,871.1
15/9-F-14,2013-05-19,24.0,244.15,32.26,88.87,100.0,3.53,885.74
15/9-F-14,2013-05-20,24.0,244.17,32.35,88.61,97.917,3.49,898.84
15/9-F-14,2013-05-21,24.0,244.24,32.3,88.32,100.0,3.51,897.07
15/9-F-14,2013-05-22,24.0,243.67,32.22,88.17,100.0,3.43,903.88
15/9-F-14,2013-05-23,24.0,243.11,32.42,87.38,100.0,3.16,888.78
15/9-F-14,2013-05-24,24.0,241.72,31.95,87.98,100.0,3.22,886.33
15/9-F-14,2013-05-25,24.0,242.42,32.16,88.36,100.0,3.25,874.98
15/9-F-14,2013-05-26,24.0,242.62,32.07,88.51,100.0,3.3,876.79
15/9-F-14,2013-05-27,24.0,242.97,32.03,87.63,100.0,3.27,875.26
15/9-F-14,2013-05-28,24.0,243.26,32.06,86.98,100.0,3.29,876.37
15/9-F-14,2013-05-29,24.0,244.8,32.99,88.78,100.0,3.23,851.08
15/9-F-14,2013-05-30,24.0,243.83,32.24,88.99,100.0,3.42,891.66
15/9-F-14,2013-05-31,24.0,244.0,32.24,88.66,100.0,3.43,892.66
15/9-F-14,2013-06-01,24.0,244.19,32.24,88.21,100.0,3.43,894.15
15/9-F-14,2013-06-02,24.0,244.34,32.29,88.7,100.0,3.46,895.88
15/9-F-14,2013-06-03,24.0,244.34,32.29,88.85,100.0,3.47,898.65
15/9-F-14,2013-06-04,24.0,244.56,32.48,88.87,100.0,3.39,879.89
15/9-F-14,2013-06-05,24.0,245.36,32.96,88.68,83.891,4.05,885.75
15/9-F-14,2013-06-06,24.0,244.73,32.98,88.7,83.696,3.92,889.37
15/9-F-14,2013-06-07,24.0,243.8,32.24,88.74,100.0,3.32,873.88
15/9-F-14,2013-06-08,24.0,243.58,32.1,88.57,100.0,3.31,863.37
15/9-F-14,2013-06-09,24.0,244.36,32.21,88.75,100.0,3.38,882.71
15/9-F-14,2013-06-10,24.0,244.35,32.21,88.95,100.0,3.36,795.81
15/9-F-14,2013-06-11,24.0,244.44,32.22,88.88,100.0,3.34,825.65
15/9-F-14,2013-06-12,24.0,244.6,32.2,86.99,100.0,3.25,833.77
15/9-F-14,2013-06-13,24.0,244.56,32.21,88.67,100.0,3.3,847.02
15/9-F-14,2013-06-14,24.0,244.59,32.16,88.42,100.0,3.29,852.28
15/9-F-14,2013-06-15,24.0,244.76,32.22,87.96,100.0,3.22,851.68
15/9-F-14,2013-06-16,24.0,244.66,32.17,88.91,100.0,3.27,860.87
15/9-F-14,2013-06-17,24.0,244.81,32.23,89.12,100.0,3.26,877.01
15/9-F-14,2013-06-18,24.0,244.7,32.1,88.52,100.0,3.12,878.21
15/9-F-14,2013-06-19,24.0,244.6,32.1,88.75,100.0,3.11,879.48
15/9-F-14,2013-06-20,24.0,244.73,32.1,88.72,100.0,3.11,876.42
15/9-F-14,2013-06-21,21.76,245.4,32.04,89.03,100.0,3.13,787.8
15/9-F-14,2013-06-22,15.16,251.89,35.55,82.75,75.494,7.05,421.26
15/9-F-14,2013-06-23,2.51,248.8,31.09,87.38,14.45,3.14,75.58
15/9-F-14,2013-06-26,22.49,249.59,35.77,86.2,64.957,6.56,696.24
15/9-F-14,2013-06-27,17.51,246.37,32.09,87.9,73.727,3.26,566.52
15/9-F-14,2013-06-28,22.66,250.01,35.05,86.04,78.063,5.53,762.49
15/9-F-14,2013-06-29,24.0,244.79,32.55,88.58,100.0,3.46,821.87
15/9-F-14,2013-06-30,24.0,245.24,32.75,88.25,100.0,3.34,824.65
15/9-F-14,2013-07-01,24.0,245.37,32.75,88.75,100.0,3.35,842.56
15/9-F-14,2013-07-02,24.0,244.67,32.43,88.03,100.0,3.36,863.9
15/9-F-14,2013-07-03,24.0,244.96,32.54,87.85,100.0,3.4,865.77
15/9-F-14,2013-07-04,24.0,245.03,32.49,88.08,100.0,3.48,875.54
15/9-F-14,2013-07-05,24.0,244.33,32.47,88.33,100.0,3.4,891.6
15/9-F-14,2013-07-06,17.17,250.1,36.04,85.02,55.1,7.33,583.75
15/9-F-14,2013-07-07,24.0,244.46,32.48,89.13,99.995,3.8,948.8
15/9-F-14,2013-07-08,24.0,211.49,32.54,89.27,100.0,3.79,852.38
15/9-F-14,2013-07-09,24.0,245.38,32.68,89.12,100.0,3.72,857.61
15/9-F-14,2013-07-10,24.0,245.33,32.5,89.2,100.0,3.76,867.73
15/9-F-14,2013-07-11,24.0,245.71,32.65,89.26,100.0,3.72,850.37
15/9-F-14,2013-07-12,24.0,245.44,32.49,89.43,100.0,3.71,872.74
15/9-F-14,2013-07-13,24.0,245.66,32.52,89.36,100.0,3.64,860.38
15/9-F-14,2013-07-14,24.0,245.67,32.5,89.12,100.0,3.62,863.13
15/9-F-14,2013-07-15,24.0,245.65,32.38,89.04,100.0,3.62,837.4
15/9-F-14,2013-07-16,24.0,245.72,32.39,89.34,100.0,3.61,827.69
15/9-F-14,2013-07-17,24.0,245.73,32.36,89.23,100.0,3.59,824.01
15/9-F-14,2013-07-18,24.0,245.81,32.37,89.5,100.0,3.6,822.86
15/9-F-14,2013-07-19,24.0,245.9,32.35,89.41,100.0,3.59,818.02
15/9-F-14,2013-07-20,24.0,245.87,32.34,89.48,100.0,3.58,818.74
15/9-F-14,2013-07-21,24.0,245.82,32.31,89.37,100.0,3.56,816.6
15/9-F-14,2013-07-22,4.5,262.98,42.18,74.39,13.484,15.55,105.65
15/9-F-14,2013-07-23,24.0,248.25,33.12,87.17,88.855,4.44,745.71
15/9-F-14,2013-07-24,24.0,246.42,32.56,87.56,100.0,3.39,770.67
15/9-F-14,2013-07-25,24.0,246.84,32.38,88.42,100.0,3.48,695.39
15/9-F-14,2013-07-26,24.0,246.45,32.2,87.95,100.0,3.46,776.09
15/9-F-14,2013-07-27,24.0,246.0,32.27,89.13,100.0,3.49,779.72
15/9-F-14,2013-07-28,0.84,260.62,31.07,87.59,3.154,5.06,7.18
15/9-F-14,2013-07-29,5.99,268.55,44.76,71.48,9.001,18.11,65.68
15/9-F-14,2013-07-30,24.0,246.95,33.66,87.65,82.649,4.61,670.4
15/9-F-14,2013-07-31,8.34,248.48,32.22,88.56,38.997,3.05,324.71
15/9-F-14,2013-08-03,15.82,255.75,38.8,80.77,35.177,9.88,318.64
15/9-F-14,2013-08-04,24.0,245.31,32.72,87.66,95.744,3.34,736.95
15/9-F-14,2013-08-05,24.0,244.93,32.33,87.51,97.917,3.31,769.73
15/9-F-14,2013-08-06,24.0,244.83,32.47,88.77,100.0,3.42,777.23
15/9-F-14,2013-08-07,24.0,244.72,32.54,89.15,100.0,3.47,788.24
15/9-F-14,2013-08-08,24.0,245.21,32.48,89.18,100.0,3.41,783.12
15/9-F-14,2013-08-09,24.0,245.34,32.39,88.12,100.0,3.35,775.86
15/9-F-14,2013-08-10,24.0,245.27,32.47,89.07,100.0,3.42,777.26
15/9-F-14,2013-08-11,24.0,245.59,32.78,88.92,99.908,3.3,764.87
15/9-F-14,2013-08-12,24.0,245.76,32.94,89.08,100.0,3.28,758.25
15/9-F-14,2013-08-13,24.0,245.19,32.45,88.95,100.0,3.27,765.06
15/9-F-14,2013-08-14,24.0,245.26,32.31,89.06,100.0,3.28,768.65
15/9-F-14,2013-08-15,24.0,245.87,32.23,88.14,100.0,3.21,763.75
15/9-F-14,2013-08-16,24.0,246.13,32.28,88.73,100.0,3.25,777.62
15/9-F-14,2013-08-17,24.0,246.33,32.19,87.57,100.0,3.16,765.66
15/9-F-14,2013-08-18,24.0,246.51,32.23,87.94,100.0,3.18,767.88
15/9-F-14,2013-08-19,24.0,246.7,32.24,88.74,100.0,3.2,795.06
15/9-F-14,2013-08-20,24.0,246.8,32.22,88.89,100.0,3.19,783.49
15/9-F-14,2013-08-21,24.0,246.94,32.12,88.74,100.0,3.11,768.84
15/9-F-14,2013-08-22,24.0,246.97,32.15,89.02,100.0,3.15,775.82
15/9-F-14,2013-08-23,24.0,247.07,32.04,87.57,100.0,3.04,762.29
15/9-F-14,2013-08-24,24.0,247.21,32.0,86.54,100.0,3.02,759.95
15/9-F-14,2013-08-25,24.0,247.28,32.0,87.35,100.0,3.01,756.32
15/9-F-14,2013-08-26,24.0,247.43,32.01,88.89,100.0,3.03,750.96
15/9-F-14,2013-08-27,24.0,247.27,32.13,88.49,100.0,3.0,813.18
15/9-F-14,2013-08-28,24.0,247.08,32.12,89.19,100.0,3.08,701.65
15/9-F-14,2013-08-29,24.0,247.6,31.97,88.81,100.0,3.04,705.38
15/9-F-14,2013-08-30,24.0,247.65,31.98,88.69,100.0,3.0,714.74
15/9-F-14,2013-08-31,24.0,247.46,31.86,88.71,100.0,3.08,720.45
15/9-F-14,2013-09-01,24.0,247.56,31.89,88.41,100.0,3.06,720.93
15/9-F-14,2013-09-02,24.0,248.04,32.19,88.72,100.0,3.0,748.74
15/9-F-14,2013-09-03,24.0,247.88,32.03,88.86,100.0,3.04,754.75
15/9-F-14,2013-09-04,24.0,248.01,31.98,88.15,100.0,2.98,759.66
15/9-F-14,2013-09-05,24.0,248.05,31.91,87.66,100.0,2.95,773.9
15/9-F-14,2013-09-06,24.0,248.07,32.02,88.84,100.0,2.98,767.82
15/9-F-14,2013-09-07,24.0,247.96,31.87,88.45,100.0,2.94,764.48
15/9-F-14,2013-09-08,24.0,247.97,31.9,88.84,100.0,2.97,760.03
15/9-F-14,2013-09-09,24.0,247.95,31.92,89.06,100.0,2.98,764.55
15/9-F-14,2013-09-10,24.0,247.93,31.85,88.79,100.0,2.92,749.17
15/9-F-14,2013-09-11,24.0,247.88,31.83,88.93,100.0,2.88,737.77
15/9-F-14,2013-09-12,18.64,248.28,31.73,88.7,77.73,2.9,586.5
15/9-F-14,2013-09-13,10.66,260.19,37.79,80.59,46.252,10.37,218.49
15/9-F-14,2013-09-14,6.86,268.89,43.71,74.89,10.986,15.33,27.93
15/9-F-14,2013-09-15,24.0,249.59,33.32,86.8,79.947,4.2,545.87
15/9-F-14,2013-09-16,22.33,254.88,36.0,84.99,71.479,7.05,479.48
15/9-F-14,2013-09-17,24.0,248.32,32.49,87.35,99.973,2.97,628.31
15/9-F-14,2013-09-18,10.64,250.02,32.91,88.33,43.662,3.65,284.01
15/9-F-14,2013-09-20,17.02,256.75,36.68,82.35,39.67,7.61,326.59
15/9-F-14,2013-09-21,19.83,250.64,33.61,86.33,82.063,3.86,655.17
15/9-F-14,2013-09-22,24.0,250.52,33.71,86.87,84.979,4.13,574.57
15/9-F-14,2013-09-23,24.0,248.05,32.42,88.69,100.0,2.93,625.99
15/9-F-14,2013-09-24,24.0,247.72,32.48,88.64,100.0,2.98,656.48
15/9-F-14,2013-09-25,24.0,247.64,32.49,88.83,100.0,2.98,659.55
15/9-F-14,2013-09-26,24.0,247.79,32.46,88.93,100.0,2.95,661.93
15/9-F-14,2013-09-27,16.83,186.94,36.1,85.85,52.943,7.35,491.73
15/9-F-14,2013-09-28,24.0,0.0,32.24,87.8,99.228,3.03,799.2
15/9-F-14,2013-09-29,24.0,135.63,32.49,87.07,100.0,2.99,665.7
15/9-F-14,2013-09-30,24.0,247.96,32.48,86.0,100.0,2.97,681.42
15/9-F-14,2013-10-01,24.0,248.58,32.44,85.98,100.0,2.95,681.02
15/9-F-14,2013-10-02,24.0,248.57,32.44,86.45,100.0,2.96,711.35
15/9-F-14,2013-10-03,24.0,248.77,32.43,85.81,100.0,2.94,707.63
15/9-F-14,2013-10-04,24.0,248.96,32.42,86.92,100.0,2.92,705.9
15/9-F-14,2013-10-05,24.0,248.93,32.47,88.97,100.0,2.96,714.35
15/9-F-14,2013-10-06,24.0,248.91,32.4,87.95,100.0,2.92,718.46
15/9-F-14,2013-10-07,24.0,249.03,32.4,87.72,97.917,2.93,714.08
15/9-F-14,2013-10-08,24.0,249.16,32.38,88.24,100.0,2.9,709.59
15/9-F-14,2013-10-09,24.0,249.32,32.39,88.71,100.0,2.9,702.19
15/9-F-14,2013-10-10,24.0,249.47,32.36,88.45,100.0,2.89,703.99
15/9-F-14,2013-10-11,12.14,250.39,32.33,88.81,53.568,3.08,311.95
15/9-F-14,2013-10-12,9.36,272.77,45.85,73.08,13.895,16.44,44.93
15/9-F-14,2013-10-13,24.0,250.8,33.04,88.19,89.057,3.77,615.54
15/9-F-14,2013-10-14,24.0,249.92,32.21,88.46,100.0,2.91,671.85
15/9-F-14,2013-10-15,24.0,249.58,32.29,88.63,100.0,2.94,683.09
15/9-F-14,2013-10-16,24.0,249.86,32.27,88.7,100.0,2.89,680.85
15/9-F-14,2013-10-17,24.0,249.69,32.31,88.51,100.0,2.88,692.36
15/9-F-14,2013-10-18,24.0,249.75,32.34,88.56,100.0,2.91,685.23
15/9-F-14,2013-10-19,24.0,249.93,32.23,87.05,100.0,2.81,679.92
15/9-F-14,2013-10-20,24.0,249.8,32.16,86.37,100.0,2.75,691.96
15/9-F-14,2013-10-21,24.0,249.52,32.08,84.79,100.0,2.69,678.86
15/9-F-14,2013-10-22,24.0,249.57,32.14,86.86,100.0,2.72,686.85
15/9-F-14,2013-10-23,24.0,249.61,32.14,87.39,100.0,2.71,687.36
15/9-F-14,2013-10-24,24.0,249.63,32.19,87.26,97.917,2.76,686.11
15/9-F-14,2013-10-25,24.0,249.59,32.15,87.21,100.0,2.73,687.65
15/9-F-14,2013-10-26,24.0,249.71,32.17,87.83,100.0,2.75,685.92
15/9-F-14,2013-10-27,24.31,250.21,32.07,87.11,95.811,2.8,675.02
15/9-F-14,2013-10-30,12.86,262.41,39.41,77.19,24.492,10.64,193.53
15/9-F-14,2013-10-31,24.0,249.53,32.31,86.54,100.0,3.05,633.57
15/9-F-14,2013-11-01,24.0,249.73,32.04,86.07,100.0,2.73,677.68
15/9-F-14,2013-11-02,3.22,251.69,34.22,86.49,14.657,5.96,11.09
15/9-F-14,2013-11-03,6.02,270.48,44.45,67.24,9.051,15.65,5.75
15/9-F-14,2013-11-04,24.0,249.56,32.73,87.37,100.0,3.89,565.18
15/9-F-14,2013-11-05,24.0,248.6,31.66,88.27,99.973,2.8,678.85
15/9-F-14,2013-11-06,24.0,257.22,38.28,84.56,77.481,7.51,647.62
15/9-F-14,2013-11-07,24.0,249.77,32.59,86.77,100.0,3.12,623.9
15/9-F-14,2013-11-08,24.0,249.22,32.28,86.54,99.989,2.8,670.56
15/9-F-14,2013-11-09,24.0,249.25,32.33,88.47,99.998,2.86,661.81
15/9-F-14,2013-11-10,24.0,249.36,32.32,88.4,100.0,2.85,659.87
15/9-F-14,2013-11-11,24.0,249.3,32.19,86.51,100.0,2.79,673.1
15/9-F-14,2013-11-12,24.0,249.58,32.47,87.08,100.0,2.79,707.48
15/9-F-14,2013-11-13,24.0,249.27,32.32,87.46,100.0,2.85,699.29
15/9-F-14,2013-11-14,24.0,248.99,32.3,87.72,100.0,2.84,707.27
15/9-F-14,2013-11-15,24.0,249.34,32.3,87.22,100.0,2.84,714.35
15/9-F-14,2013-11-16,24.0,249.48,32.28,87.15,100.0,2.83,721.6
15/9-F-14,2013-11-17,24.0,249.63,32.28,88.02,100.0,2.83,701.5
15/9-F-14,2013-11-18,24.0,249.77,32.24,88.04,100.0,2.78,701.07
15/9-F-14,2013-11-19,24.0,249.93,32.23,87.91,100.0,2.78,688.24
15/9-F-14,2013-11-20,24.0,250.36,32.2,86.59,100.0,2.74,705.48
15/9-F-14,2013-11-21,24.0,250.57,32.24,87.87,100.0,2.79,706.16
15/9-F-14,2013-11-22,24.0,250.72,32.3,88.61,100.0,2.83,715.3
15/9-F-14,2013-11-23,24.0,250.91,32.28,88.64,100.0,2.83,705.39
15/9-F-14,2013-11-24,24.0,250.98,32.24,88.14,100.0,2.79,699.92
15/9-F-14,2013-11-25,24.0,251.08,32.23,88.35,100.0,2.8,700.29
15/9-F-14,2013-11-26,24.0,251.13,32.19,87.68,100.0,2.75,702.39
15/9-F-14,2013-11-27,24.0,250.22,32.19,88.51,100.0,2.74,701.55
15/9-F-14,2013-11-28,24.0,251.23,32.17,88.33,100.0,2.74,700.53
15/9-F-14,2013-11-29,24.0,251.38,32.17,87.66,100.0,2.72,696.45
15/9-F-14,2013-11-30,24.0,251.49,32.16,88.17,100.0,2.72,698.99
15/9-F-14,2013-12-01,24.0,251.46,32.15,88.35,100.0,2.72,700.13
15/9-F-14,2013-12-02,24.0,251.5,32.14,87.19,100.0,2.7,644.52
15/9-F-14,2013-12-03,24.0,251.4,32.1,87.41,100.0,2.68,642.92
15/9-F-14,2013-12-04,24.0,251.43,32.07,87.82,100.0,2.65,623.26
15/9-F-14,2013-12-05,23.56,251.94,32.53,85.77,96.367,3.09,609.47
15/9-F-14,2013-12-06,15.78,257.08,34.54,81.4,55.06,4.81,321.16
15/9-F-14,2013-12-07,24.0,252.04,31.98,87.34,99.946,2.59,577.46
15/9-F-14,2013-12-08,24.0,252.07,31.98,87.04,99.912,2.57,605.97
15/9-F-14,2013-12-09,13.5,258.3,34.95,83.04,54.541,5.75,308.67
15/9-F-14,2013-12-10,6.06,257.17,34.13,86.38,18.189,4.34,37.17
15/9-F-14,2013-12-12,9.94,263.68,38.52,79.66,18.995,9.9,56.35
15/9-F-14,2013-12-13,7.81,255.55,34.13,85.7,20.87,5.02,111.55
15/9-F-14,2013-12-14,22.28,256.82,34.67,81.71,100.0,5.75,460.84
15/9-F-14,2013-12-15,22.83,255.87,34.28,85.35,83.826,4.76,552.54
15/9-F-14,2013-12-16,24.0,252.11,32.68,86.22,92.349,3.22,627.43
15/9-F-14,2013-12-17,24.0,251.9,32.25,86.22,100.0,2.79,649.17
15/9-F-14,2013-12-18,24.0,251.59,32.18,85.46,100.0,2.72,629.0
15/9-F-14,2013-12-19,24.0,251.8,32.25,85.74,100.0,2.75,628.24
15/9-F-14,2013-12-20,17.33,257.21,35.16,82.23,62.557,6.23,388.08
15/9-F-14,2013-12-21,24.0,252.79,32.49,85.47,93.129,3.2,589.05
15/9-F-14,2013-12-22,24.0,252.08,32.22,86.46,100.0,2.91,632.5
15/9-F-14,2013-12-23,24.0,252.11,32.19,85.9,100.0,2.85,628.71
15/9-F-14,2013-12-24,24.0,252.06,32.18,85.72,100.0,2.77,628.16
15/9-F-14,2013-12-25,24.0,252.1,32.2,85.25,100.0,2.75,646.65
15/9-F-14,2013-12-26,20.98,252.74,32.71,86.26,86.786,3.25,534.96
15/9-F-14,2013-12-27,15.52,260.52,37.19,80.42,49.122,6.32,262.78
15/9-F-14,2013-12-28,24.0,252.88,32.45,85.92,100.0,2.95,615.33
15/9-F-14,2013-12-29,24.0,252.76,32.24,88.5,100.0,3.01,627.72
15/9-F-14,2013-12-30,24.0,252.66,32.15,86.34,100.0,2.94,626.64
15/9-F-14,2013-12-31,22.5,257.35,35.0,85.38,81.125,5.43,529.54
15/9-F-14,2014-01-01,24.0,253.12,32.55,86.12,93.47,3.33,604.44
15/9-F-14,2014-01-02,24.0,252.69,32.14,86.19,100.0,2.9,631.61
15/9-F-14,2014-01-03,24.0,252.51,32.0,85.96,100.0,2.93,619.46
15/9-F-14,2014-01-04,14.14,253.69,32.58,86.22,58.851,3.49,358.71
15/9-F-14,2014-01-05,6.36,268.1,39.99,76.01,12.167,10.3,32.57
15/9-F-14,2014-01-06,24.0,254.45,33.05,86.18,82.563,3.86,523.11
15/9-F-14,2014-01-07,24.0,252.58,32.13,86.63,100.0,2.92,620.74
15/9-F-14,2014-01-08,24.0,252.47,32.18,87.11,100.0,2.95,647.63
15/9-F-14,2014-01-09,24.0,252.13,32.15,88.08,100.0,2.93,632.21
15/9-F-14,2014-01-10,24.0,252.12,32.16,88.12,100.0,2.96,633.44
15/9-F-14,2014-01-11,24.0,252.08,32.19,88.14,100.0,2.98,630.81
15/9-F-14,2014-01-12,24.0,252.02,32.14,87.52,100.0,2.94,628.08
15/9-F-14,2014-01-13,24.0,252.09,32.06,85.83,100.0,2.86,633.9
15/9-F-14,2014-01-14,24.0,252.14,32.05,85.59,100.0,2.85,618.13
15/9-F-14,2014-01-15,24.0,251.97,31.88,84.09,100.0,2.85,600.53
15/9-F-14,2014-01-16,24.0,252.18,31.93,83.43,97.917,2.89,604.43
15/9-F-14,2014-01-17,24.0,252.48,32.22,84.59,97.917,2.91,619.14
15/9-F-14,2014-01-18,24.0,252.25,31.98,83.37,100.0,2.97,593.68
15/9-F-14,2014-01-19,24.0,252.43,31.86,82.6,100.0,3.04,568.99
15/9-F-14,2014-01-20,24.0,252.63,31.92,83.27,97.917,3.11,580.12
15/9-F-14,2014-01-21,24.0,252.75,31.96,84.23,100.0,3.15,570.78
15/9-F-14,2014-01-22,24.0,252.92,31.98,83.62,100.0,3.16,597.45
15/9-F-14,2014-01-23,24.0,253.1,32.02,84.16,100.0,3.17,623.72
15/9-F-14,2014-01-24,24.0,253.21,32.02,84.12,100.0,3.22,594.99
15/9-F-14,2014-01-25,24.0,253.35,32.07,85.74,100.0,3.2,651.77
15/9-F-14,2014-01-26,24.0,253.45,32.05,84.99,100.0,3.2,527.7
15/9-F-14,2014-01-27,24.0,253.65,32.06,84.54,100.0,3.15,526.02
15/9-F-14,2014-01-28,24.0,253.66,32.01,84.33,100.0,3.14,555.86
15/9-F-14,2014-01-29,7.98,254.37,32.7,84.12,34.703,3.86,241.01
15/9-F-14,2014-01-31,20.78,261.37,36.56,79.29,100.0,7.0,415.55
15/9-F-14,2014-02-01,24.0,254.33,32.42,83.62,100.0,2.77,563.55
15/9-F-14,2014-02-02,24.0,254.37,32.4,85.46,100.0,2.77,578.73
15/9-F-14,2014-02-03,24.0,253.95,32.37,86.15,100.0,2.77,581.16
15/9-F-14,2014-02-04,24.0,253.7,32.3,85.12,100.0,2.72,578.4
15/9-F-14,2014-02-05,24.0,253.35,32.37,84.36,100.0,2.68,580.14
15/9-F-14,2014-02-06,8.0,256.16,33.41,84.26,34.794,2.36,195.27
15/9-F-14,2014-02-08,20.94,260.07,36.68,80.62,54.808,6.58,506.83
15/9-F-14,2014-02-09,24.0,252.36,32.16,85.69,100.0,2.57,562.95
15/9-F-14,2014-02-10,12.0,258.66,35.7,83.04,47.269,5.36,299.48
15/9-F-14,2014-02-11,15.39,254.44,33.47,86.71,64.981,2.86,308.34
15/9-F-14,2014-02-12,21.94,258.23,36.35,83.64,69.542,5.11,433.55
15/9-F-14,2014-02-13,24.0,252.85,32.66,84.79,100.0,2.63,597.34
15/9-F-14,2014-02-14,24.0,252.77,32.63,86.6,100.0,2.73,607.85
15/9-F-14,2014-02-15,24.0,252.73,32.39,86.59,100.0,2.74,600.91
15/9-F-14,2014-02-16,24.0,253.25,32.65,88.0,100.0,2.77,609.6
15/9-F-14,2014-02-17,24.0,253.37,32.67,88.42,100.0,2.8,616.6
15/9-F-14,2014-02-18,16.33,259.43,35.75,83.62,52.364,6.03,332.49
15/9-F-14,2014-02-19,24.0,253.68,32.83,88.04,97.279,3.2,597.13
15/9-F-14,2014-02-20,24.0,253.67,32.57,86.05,100.0,2.96,624.9
15/9-F-14,2014-02-21,24.0,253.76,32.57,86.21,100.0,2.94,631.46
15/9-F-14,2014-02-22,24.0,253.51,32.53,86.03,100.0,2.93,640.73
15/9-F-14,2014-02-23,24.0,253.21,32.38,85.99,100.0,2.83,629.14
15/9-F-14,2014-02-24,24.0,253.08,32.35,86.73,100.0,2.82,631.65
15/9-F-14,2014-02-25,24.0,252.35,32.34,86.3,100.0,2.8,615.86
15/9-F-14,2014-02-26,24.0,253.45,32.32,86.1,100.0,2.8,615.02
15/9-F-14,2014-02-27,24.0,253.61,32.28,86.22,100.0,2.76,609.92
15/9-F-14,2014-02-28,24.0,253.84,32.31,87.65,100.0,2.79,617.13
15/9-F-14,2014-03-01,24.0,253.98,32.3,87.26,100.0,2.77,600.87
15/9-F-14,2014-03-02,24.0,254.08,32.36,86.09,100.0,2.67,600.82
15/9-F-14,2014-03-03,24.0,253.79,32.14,84.73,97.917,2.63,616.36
15/9-F-14,2014-03-04,24.0,253.71,32.12,86.44,100.0,2.65,604.97
15/9-F-14,2014-03-05,24.0,253.86,32.17,87.26,100.0,2.7,609.49
15/9-F-14,2014-03-06,24.0,254.07,32.16,86.77,100.0,2.68,613.41
15/9-F-14,2014-03-07,24.0,254.22,32.19,86.83,100.0,2.69,595.48
15/9-F-14,2014-03-08,24.0,254.33,32.11,86.38,100.0,2.68,591.15
15/9-F-14,2014-03-09,24.0,254.48,32.18,86.46,100.0,2.69,594.86
15/9-F-14,2014-03-10,24.0,254.6,32.25,88.35,100.0,2.75,534.84
15/9-F-14,2014-03-11,24.0,254.73,32.18,87.77,100.0,2.72,529.99
15/9-F-14,2014-03-12,24.0,255.23,32.46,87.12,100.0,2.63,526.6
15/9-F-14,2014-03-13,24.0,254.87,32.2,88.03,97.917,2.72,543.99
15/9-F-14,2014-03-14,24.0,254.77,32.14,87.1,100.0,2.65,542.98
15/9-F-14,2014-03-15,24.0,254.76,32.14,88.15,100.0,2.67,543.6
15/9-F-14,2014-03-16,24.0,254.81,32.11,87.85,100.0,2.6,538.68
15/9-F-14,2014-03-17,24.0,255.08,32.29,88.18,100.0,2.61,541.75
15/9-F-14,2014-03-18,24.0,255.14,32.32,87.85,100.0,2.62,535.24
15/9-F-14,2014-03-19,24.0,254.68,31.84,86.64,100.0,2.61,539.1
15/9-F-14,2014-03-20,24.0,255.37,32.2,85.37,100.0,2.49,547.51
15/9-F-14,2014-03-21,24.0,255.33,32.25,85.55,100.0,2.55,540.7
15/9-F-14,2014-03-22,14.17,259.88,34.87,81.48,53.8,5.22,302.51
15/9-F-14,2014-03-23,24.0,258.31,33.5,86.66,85.928,3.2,432.1
15/9-F-14,2014-03-24,6.22,257.3,31.47,88.0,27.234,2.31,106.91
15/9-F-14,2014-03-25,6.61,276.32,44.79,68.83,10.146,13.59,9.81
15/9-F-14,2014-03-26,24.0,258.18,33.72,87.42,81.123,3.35,486.84
15/9-F-14,2014-03-27,12.5,261.34,35.3,81.21,47.047,5.24,164.78
15/9-F-14,2014-03-28,24.0,260.62,35.51,86.73,89.792,2.7,401.02
15/9-F-14,2014-03-29,14.67,268.29,40.15,77.35,36.159,9.39,140.74
15/9-F-14,2014-03-30,23.0,255.8,32.49,88.15,94.863,2.56,487.12
15/9-F-14,2014-03-31,24.0,255.8,32.39,88.15,100.0,2.48,530.62
15/9-F-14,2014-04-01,24.0,255.78,32.43,88.18,100.0,2.49,528.32
15/9-F-14,2014-04-02,24.0,255.7,32.38,87.91,100.0,2.44,529.68
15/9-F-14,2014-04-03,24.0,255.81,32.36,87.14,100.0,2.42,531.58
15/9-F-14,2014-04-04,24.0,255.9,32.31,85.24,100.0,2.39,539.14
15/9-F-14,2014-04-05,24.0,255.93,32.35,86.51,97.917,2.41,539.2
15/9-F-14,2014-04-06,18.23,256.7,32.5,87.18,74.972,2.73,401.1
15/9-F-14,2014-04-07,18.94,260.68,35.11,83.27,59.631,6.11,428.03
15/9-F-14,2014-04-08,24.0,255.67,32.24,87.99,100.0,2.59,543.96
15/9-F-14,2014-04-09,24.0,255.93,32.39,88.3,100.0,2.53,573.63
15/9-F-14,2014-04-10,16.29,261.78,35.78,84.24,60.394,6.27,294.4
15/9-F-14,2014-04-11,24.0,255.92,32.52,87.93,100.0,2.81,585.5
15/9-F-14,2014-04-12,24.0,256.13,32.46,86.28,100.0,2.73,584.55
15/9-F-14,2014-04-13,24.0,256.17,32.49,87.78,100.0,2.77,577.19
15/9-F-14,2014-04-14,24.0,256.28,32.49,88.15,97.917,2.77,584.55
15/9-F-14,2014-04-15,24.0,256.42,32.49,88.27,100.0,2.8,577.68
15/9-F-14,2014-04-16,24.0,255.87,32.4,86.69,100.0,2.71,576.69
15/9-F-14,2014-04-17,24.0,256.68,32.47,87.46,100.0,2.76,583.62
15/9-F-14,2014-04-18,24.0,256.75,32.47,88.45,100.0,2.77,578.0
15/9-F-14,2014-04-19,24.0,256.84,32.41,88.43,100.0,2.73,578.95
15/9-F-14,2014-04-20,24.0,256.91,32.43,88.31,100.0,2.74,574.74
15/9-F-14,2014-04-21,24.0,256.31,31.99,88.41,100.0,2.81,575.45
15/9-F-14,2014-04-22,24.0,256.04,31.61,88.22,100.0,2.85,555.35
15/9-F-14,2014-04-23,24.0,256.26,31.57,86.12,100.0,2.78,581.4
15/9-F-14,2014-04-24,24.0,256.39,31.58,85.17,100.0,2.78,714.49
15/9-F-14,2014-04-25,24.0,256.34,31.64,88.24,100.0,2.79,589.96
15/9-F-14,2014-04-26,24.0,256.49,31.59,86.8,100.0,2.72,583.71
15/9-F-14,2014-04-27,24.0,256.62,31.67,88.25,100.0,2.76,584.82
15/9-F-14,2014-04-28,24.0,256.71,31.69,88.99,100.0,2.78,582.58
15/9-F-14,2014-04-29,24.0,256.81,31.65,88.55,100.0,2.76,554.65
15/9-F-14,2014-04-30,24.0,256.97,31.66,88.73,100.0,2.74,539.32
15/9-F-14,2014-05-01,24.0,257.11,31.64,88.5,100.0,2.74,532.62
15/9-F-14,2014-05-02,24.0,257.4,31.76,88.78,100.0,2.74,530.32
15/9-F-14,2014-05-03,24.0,257.39,31.62,88.86,100.0,2.73,529.07
15/9-F-14,2014-05-04,24.0,257.54,31.52,88.33,100.0,2.65,523.92
15/9-F-14,2014-05-05,24.0,257.71,31.49,87.83,100.0,2.6,544.38
15/9-F-14,2014-05-06,24.0,257.93,31.52,87.59,100.0,2.59,535.8
15/9-F-14,2014-05-07,24.0,258.96,32.18,88.48,100.0,2.51,533.97
15/9-F-14,2014-05-08,15.49,260.7,33.57,88.18,63.679,2.86,262.96
15/9-F-14,2014-05-10,14.01,272.11,39.73,76.95,24.506,10.74,107.31
15/9-F-14,2014-05-11,24.0,258.48,31.83,87.31,93.839,2.59,469.42
15/9-F-14,2014-05-12,24.0,257.48,31.49,88.22,100.0,2.25,479.16
15/9-F-14,2014-05-13,24.0,256.34,31.21,87.87,97.917,2.09,481.15
15/9-F-14,2014-05-14,24.0,254.71,30.77,87.96,97.917,2.09,487.45
15/9-F-14,2014-05-15,24.0,254.79,30.64,87.21,97.917,2.0,456.34
15/9-F-14,2014-05-16,24.0,255.72,31.02,87.4,97.917,2.0,450.38
15/9-F-14,2014-05-17,24.0,255.77,31.0,87.75,100.0,2.05,455.79
15/9-F-14,2014-05-18,24.0,255.49,30.57,86.48,97.917,2.02,455.57
15/9-F-14,2014-05-19,24.0,255.66,30.63,86.57,97.917,2.07,450.86
15/9-F-14,2014-05-20,24.0,255.82,30.67,87.54,100.0,2.1,454.02
15/9-F-14,2014-05-21,24.0,255.95,30.68,87.38,100.0,2.1,454.45
15/9-F-14,2014-05-22,24.0,256.51,30.87,87.8,100.0,2.23,459.04
15/9-F-14,2014-05-23,24.0,257.26,31.01,87.43,100.0,2.32,463.91
15/9-F-14,2014-05-24,24.0,257.94,31.22,89.01,100.0,2.52,468.0
15/9-F-14,2014-05-25,24.0,258.22,31.33,88.93,100.0,2.58,469.68
15/9-F-14,2014-05-26,24.0,258.41,31.42,88.25,97.917,2.54,448.28
15/9-F-14,2014-05-27,24.0,258.5,31.52,88.85,100.0,2.57,449.19
15/9-F-14,2014-05-28,24.0,257.57,31.52,88.75,100.0,2.56,416.03
15/9-F-14,2014-05-29,24.0,258.73,31.55,89.18,100.0,2.58,418.28
15/9-F-14,2014-05-30,24.0,258.89,31.59,89.13,100.0,2.58,420.8
15/9-F-14,2014-05-31,24.0,259.01,31.6,89.12,100.0,2.68,428.87
15/9-F-14,2014-06-01,24.0,259.13,31.59,89.17,100.0,2.6,431.47
15/9-F-14,2014-06-02,22.0,265.38,35.8,84.86,72.323,6.09,325.75
15/9-F-14,2014-06-03,24.0,259.45,31.74,87.41,96.176,2.61,411.55
15/9-F-14,2014-06-04,24.0,259.47,31.6,87.93,99.185,2.47,421.75
15/9-F-14,2014-06-05,24.0,259.6,31.66,88.85,99.139,2.51,445.16
15/9-F-14,2014-06-06,24.0,259.67,31.64,89.27,99.19,2.5,445.36
15/9-F-14,2014-06-07,24.0,259.74,31.61,89.02,99.269,2.48,448.72
15/9-F-14,2014-06-08,24.0,259.8,31.53,88.11,100.0,2.41,452.13
15/9-F-14,2014-06-09,24.0,259.92,31.5,89.0,100.0,2.38,509.65
15/9-F-14,2014-06-10,24.0,260.0,31.48,88.2,100.0,2.35,451.41
15/9-F-14,2014-06-11,24.0,260.03,31.5,88.63,100.0,2.37,452.56
15/9-F-14,2014-06-12,24.0,260.04,31.55,89.37,100.0,2.42,451.89
15/9-F-14,2014-06-13,24.0,260.09,31.51,89.34,100.0,2.39,503.1
15/9-F-14,2014-06-14,24.0,260.12,31.48,89.2,100.0,2.36,495.05
15/9-F-14,2014-06-15,24.0,260.13,31.46,89.21,100.0,2.35,496.1
15/9-F-14,2014-06-16,24.0,260.14,31.44,89.15,100.0,2.34,500.94
15/9-F-14,2014-06-17,24.0,260.16,31.44,89.26,100.0,2.32,489.91
15/9-F-14,2014-06-18,24.0,260.19,31.43,89.3,100.0,2.33,486.9
15/9-F-14,2014-06-19,24.0,260.26,31.41,89.07,100.0,2.3,483.72
15/9-F-14,2014-06-20,24.0,260.33,31.41,89.21,100.0,2.29,482.36
15/9-F-14,2014-06-21,24.0,260.37,31.4,89.26,100.0,2.29,478.49
15/9-F-14,2014-06-22,24.0,260.46,31.41,89.28,100.0,2.3,474.22
15/9-F-14,2014-06-23,24.0,260.92,31.71,89.31,100.0,2.29,466.36
15/9-F-14,2014-06-24,24.0,260.6,31.42,89.28,100.0,2.33,440.96
15/9-F-14,2014-06-25,24.0,260.69,31.42,89.37,100.0,2.34,462.73
15/9-F-14,2014-06-26,16.5,174.79,36.35,81.3,51.03,8.17,183.67
15/9-F-14,2014-06-27,23.5,147.2,35.44,87.02,74.268,5.76,296.83
15/9-F-14,2014-06-28,24.0,260.67,31.61,89.18,91.183,2.54,394.59
15/9-F-14,2014-06-29,24.0,260.59,31.29,89.13,97.917,2.23,432.02
15/9-F-14,2014-06-30,24.0,260.66,31.28,89.14,97.917,2.21,442.64
15/9-F-14,2014-07-01,24.0,260.62,31.31,89.17,100.0,2.25,439.06
15/9-F-14,2014-07-02,24.0,260.68,31.29,88.67,100.0,2.22,439.09
15/9-F-14,2014-07-03,24.0,260.74,31.3,88.58,100.0,2.23,439.5
15/9-F-14,2014-07-04,24.0,260.79,31.22,87.8,100.0,2.15,435.95
15/9-F-14,2014-07-05,24.0,260.82,31.25,87.9,100.0,2.18,435.23
15/9-F-14,2014-07-06,24.0,260.88,31.32,88.84,100.0,2.24,434.67
15/9-F-14,2014-07-07,24.0,260.9,31.31,88.96,100.0,2.24,442.68
15/9-F-14,2014-07-08,24.0,260.93,31.35,89.4,100.0,2.27,445.32
15/9-F-14,2014-07-09,24.0,260.92,31.37,89.26,100.0,2.28,443.92
15/9-F-14,2014-07-10,24.0,260.69,31.31,89.09,100.0,2.26,450.92
15/9-F-14,2014-07-11,24.0,260.55,31.28,89.0,100.0,2.21,452.35
15/9-F-14,2014-07-12,24.0,260.25,31.19,88.86,100.0,2.13,443.73
15/9-F-14,2014-07-13,24.0,260.0,31.1,88.27,100.0,2.06,442.05
15/9-F-14,2014-07-14,24.0,259.85,31.11,89.31,100.0,2.07,436.1
15/9-F-14,2014-07-15,24.0,259.94,31.07,88.74,100.0,2.05,444.23
15/9-F-14,2014-07-16,24.0,259.86,31.03,88.46,100.0,2.03,441.15
15/9-F-14,2014-07-17,24.0,259.91,31.08,88.52,100.0,2.06,440.9
15/9-F-14,2014-07-18,24.0,260.02,31.13,89.33,100.0,2.11,437.73
15/9-F-14,2014-07-19,24.0,260.23,31.1,88.84,100.0,2.06,436.95
15/9-F-14,2014-07-20,23.08,263.87,33.75,85.37,84.318,4.0,380.77
15/9-F-14,2014-07-21,24.0,260.73,31.41,88.06,93.478,2.38,414.84
15/9-F-14,2014-07-22,24.0,260.52,31.24,89.3,100.0,2.19,446.27
15/9-F-14,2014-07-23,24.0,260.54,31.25,89.24,100.0,2.21,442.19
15/9-F-14,2014-07-24,24.0,260.61,31.26,89.52,100.0,2.21,447.69
15/9-F-14,2014-07-25,24.0,260.71,31.28,89.53,100.0,2.22,444.29
15/9-F-14,2014-07-26,24.0,261.19,31.63,89.58,100.0,2.18,441.5
15/9-F-14,2014-07-27,24.0,261.49,31.83,89.14,100.0,2.12,444.28
15/9-F-14,2014-07-28,24.0,261.52,31.9,89.48,100.0,2.15,440.93
15/9-F-14,2014-07-29,24.0,261.52,31.87,89.13,100.0,2.12,437.53
15/9-F-14,2014-07-30,24.0,261.0,31.41,88.72,100.0,2.17,418.68
15/9-F-14,2014-07-31,24.0,260.8,31.27,89.3,100.0,2.2,355.48
15/9-F-14,2014-08-01,24.0,260.84,31.24,89.22,100.0,2.17,357.69
15/9-F-14,2014-08-02,24.0,260.86,31.24,88.9,100.0,2.16,359.24
15/9-F-14,2014-08-03,24.0,260.66,31.15,88.62,100.0,2.09,357.55
15/9-F-14,2014-08-04,24.0,260.64,31.13,88.03,100.0,2.08,363.53
15/9-F-14,2014-08-05,24.0,260.69,31.22,89.38,100.0,2.15,350.83
15/9-F-14,2014-08-06,24.0,260.75,31.14,88.5,100.0,2.1,350.44
15/9-F-14,2014-08-07,24.0,260.76,31.18,89.15,97.917,2.15,334.33
15/9-F-14,2014-08-08,24.0,260.79,31.19,89.43,97.917,2.14,332.25
15/9-F-14,2014-08-09,24.0,260.85,31.13,87.68,100.0,2.07,330.84
15/9-F-14,2014-08-10,24.0,260.93,31.12,87.68,97.917,2.06,326.08
15/9-F-14,2014-08-11,24.0,261.07,31.11,86.6,97.917,2.03,336.92
15/9-F-14,2014-08-12,24.0,260.95,31.13,87.03,100.0,2.06,340.72
15/9-F-14,2014-08-13,24.0,260.91,31.12,88.29,100.0,2.05,339.33
15/9-F-14,2014-08-14,24.0,260.93,31.19,89.21,100.0,2.13,341.09
15/9-F-14,2014-08-15,24.0,260.8,31.14,89.14,100.0,2.11,342.15
15/9-F-14,2014-08-16,24.0,260.76,31.13,88.28,100.0,2.08,340.59
15/9-F-14,2014-08-17,24.0,260.75,31.07,88.35,100.0,2.1,340.72
15/9-F-14,2014-08-18,24.0,260.7,31.02,88.78,100.0,2.09,338.4
15/9-F-14,2014-08-19,1.66,265.72,31.41,87.96,11.011,6.07,4.3
15/9-F-14,2014-08-25,22.62,267.62,35.09,82.23,51.867,6.28,155.58
15/9-F-14,2014-08-26,24.0,260.41,31.4,88.36,91.706,2.38,332.73
15/9-F-14,2014-08-27,24.0,260.28,30.92,88.59,99.809,2.03,358.23
15/9-F-14,2014-08-28,23.5,164.07,33.82,85.06,76.428,5.78,290.24
15/9-F-14,2014-08-29,24.0,177.67,30.81,86.92,99.291,2.02,374.02
15/9-F-14,2014-08-30,24.0,260.13,30.9,87.67,99.999,1.99,368.61
15/9-F-14,2014-08-31,24.0,259.81,30.88,88.51,100.0,2.06,377.32
15/9-F-14,2014-09-01,24.0,259.73,31.03,88.03,100.0,2.07,369.58
15/9-F-14,2014-09-02,24.0,259.92,31.16,88.98,100.0,2.15,419.29
15/9-F-14,2014-09-03,22.17,263.53,33.18,87.12,76.389,3.94,305.75
15/9-F-14,2014-09-04,24.0,260.83,31.45,88.41,96.038,2.2,327.3
15/9-F-14,2014-09-05,24.0,260.56,31.09,88.68,100.0,2.11,335.43
15/9-F-14,2014-09-06,24.0,260.56,31.16,88.98,97.917,2.16,333.78
15/9-F-14,2014-09-07,24.0,260.47,31.14,88.62,100.0,2.13,333.5
15/9-F-14,2014-09-08,24.0,260.33,31.16,88.85,100.0,2.15,333.06
15/9-F-14,2014-09-09,24.0,260.26,31.17,88.82,100.0,2.18,331.54
15/9-F-14,2014-09-10,24.0,260.24,31.2,89.15,100.0,2.19,332.39
15/9-F-14,2014-09-11,24.0,260.26,31.2,89.2,100.0,2.2,326.65
15/9-F-14,2014-09-12,24.0,260.32,31.21,89.11,100.0,2.2,338.03
15/9-F-14,2014-09-13,24.0,260.39,31.2,89.14,100.0,2.22,336.76
15/9-F-14,2014-09-14,24.0,260.47,31.21,89.04,100.0,2.21,331.91
15/9-F-14,2014-09-15,24.0,260.53,31.17,88.69,100.0,2.18,339.41
15/9-F-14,2014-09-16,24.0,260.72,31.19,86.85,100.0,2.08,335.78
15/9-F-14,2014-09-17,24.0,260.68,31.09,86.8,97.917,2.09,333.27
15/9-F-14,2014-09-18,24.0,260.75,31.09,86.99,97.917,2.09,333.09
15/9-F-14,2014-09-19,24.0,260.85,31.11,88.4,97.917,2.12,331.24
15/9-F-14,2014-09-20,24.0,260.92,31.19,89.04,97.917,2.2,340.08
15/9-F-14,2014-09-21,24.0,261.04,31.16,88.8,97.917,2.15,333.29
15/9-F-14,2014-09-22,24.0,261.12,31.2,89.0,97.917,2.18,333.16
15/9-F-14,2014-09-23,24.0,261.18,31.2,88.96,100.0,2.18,338.89
15/9-F-14,2014-09-24,24.0,261.19,31.2,89.06,100.0,2.16,337.74
15/9-F-14,2014-09-25,24.0,261.2,31.16,88.32,100.0,2.15,338.79
15/9-F-14,2014-09-26,24.0,261.21,31.12,87.88,100.0,2.12,338.8
15/9-F-14,2014-09-27,24.0,261.26,31.14,87.63,100.0,2.13,335.82
15/9-F-14,2014-09-28,24.0,261.29,31.14,88.03,100.0,2.13,334.71
15/9-F-14,2014-09-29,1.26,269.57,32.91,88.11,10.411,4.41,5.42
15/9-F-14,2014-09-30,18.24,267.47,34.76,82.78,43.945,6.07,157.75
15/9-F-14,2014-10-01,24.0,261.34,31.04,87.9,100.0,2.34,323.17
15/9-F-14,2014-10-02,24.0,261.68,31.06,88.22,100.0,2.37,341.36
15/9-F-14,2014-10-03,24.0,262.32,31.45,86.94,100.0,2.28,311.3
15/9-F-14,2014-10-04,24.0,261.48,31.07,87.38,100.0,2.37,325.86
15/9-F-14,2014-10-05,24.0,261.66,31.16,88.13,100.0,2.4,322.32
15/9-F-14,2014-10-06,24.0,261.72,31.06,85.54,100.0,2.35,320.67
15/9-F-14,2014-10-07,24.0,261.43,31.03,85.61,100.0,2.33,323.6
15/9-F-14,2014-10-08,24.0,261.53,31.1,87.6,100.0,2.35,320.46
15/9-F-14,2014-10-09,24.0,261.36,31.08,87.58,100.0,2.34,326.8
15/9-F-14,2014-10-10,24.0,261.26,31.07,87.75,100.0,2.34,330.91
15/9-F-14,2014-10-11,24.0,261.35,31.04,88.11,100.0,2.34,326.95
15/9-F-14,2014-10-12,24.0,261.39,31.08,88.37,100.0,2.37,325.64
15/9-F-14,2014-10-13,24.0,261.27,31.08,88.86,100.0,2.37,323.25
15/9-F-14,2014-10-14,24.0,261.33,31.08,88.79,100.0,2.4,322.94
15/9-F-14,2014-10-15,24.0,261.42,31.09,88.92,100.0,2.38,323.28
15/9-F-14,2014-10-16,24.0,261.39,31.03,88.27,100.0,2.33,321.24
15/9-F-14,2014-10-17,24.0,261.41,31.01,87.2,100.0,2.3,320.17
15/9-F-14,2014-10-18,24.0,261.42,30.97,86.42,100.0,2.27,321.63
15/9-F-14,2014-10-19,24.0,261.45,31.0,86.87,100.0,2.29,323.0
15/9-F-14,2014-10-20,24.0,261.45,31.05,88.16,100.0,2.33,319.88
15/9-F-14,2014-10-21,24.0,261.47,31.02,87.28,100.0,2.3,326.36
15/9-F-14,2014-10-22,24.0,261.49,31.05,87.98,100.0,2.33,324.91
15/9-F-14,2014-10-23,24.0,261.54,31.03,87.2,100.0,2.32,324.89
15/9-F-14,2014-10-24,24.0,261.57,31.08,87.43,100.0,2.35,325.66
15/9-F-14,2014-10-25,24.0,261.57,31.0,86.5,100.0,2.3,328.9
15/9-F-14,2014-10-26,25.0,261.6,31.0,85.65,100.0,2.29,344.97
15/9-F-14,2014-10-27,24.0,261.93,31.27,87.14,100.0,2.31,329.71
15/9-F-14,2014-10-28,24.0,262.41,31.64,87.23,100.0,2.24,329.27
15/9-F-14,2014-10-29,24.0,262.07,30.79,88.58,100.0,2.3,318.0
15/9-F-14,2014-10-30,24.0,261.29,30.96,87.37,100.0,2.28,327.23
15/9-F-14,2014-10-31,24.0,261.22,30.92,87.28,97.917,2.24,321.89
15/9-F-14,2014-11-01,24.0,261.2,30.92,86.91,100.0,2.22,326.63
15/9-F-14,2014-11-02,24.0,261.2,30.91,86.63,97.917,2.21,324.42
15/9-F-14,2014-11-03,24.0,261.24,30.91,87.46,100.0,2.19,340.8
15/9-F-14,2014-11-04,24.0,261.27,30.99,88.27,100.0,2.27,335.94
15/9-F-14,2014-11-05,24.0,261.29,30.98,88.4,100.0,2.28,331.12
15/9-F-14,2014-11-06,24.0,261.32,30.88,86.73,100.0,2.18,331.3
15/9-F-14,2014-11-07,24.0,261.13,30.7,84.96,100.0,2.17,339.2
15/9-F-14,2014-11-08,24.0,259.12,29.1,86.97,100.0,2.35,338.53
15/9-F-14,2014-11-09,24.0,258.69,28.67,87.23,100.0,2.35,335.86
15/9-F-14,2014-11-10,24.0,258.91,28.85,88.1,100.0,2.39,349.09
15/9-F-14,2014-11-11,24.0,258.75,28.65,86.73,100.0,2.38,363.01
15/9-F-14,2014-11-12,24.0,258.82,28.64,84.83,100.0,2.37,364.46
15/9-F-14,2014-11-13,24.0,258.99,28.69,85.85,100.0,2.41,359.37
15/9-F-14,2014-11-14,24.0,258.94,28.66,84.94,100.0,2.39,358.97
15/9-F-14,2014-11-15,24.0,258.96,28.66,85.53,100.0,2.38,362.59
15/9-F-14,2014-11-16,24.0,258.95,28.68,86.87,100.0,2.4,357.73
15/9-F-14,2014-11-17,24.0,258.78,28.67,87.06,100.0,2.4,353.08
15/9-F-14,2014-11-18,24.0,258.51,28.58,86.93,100.0,2.35,363.03
15/9-F-14,2014-11-19,24.0,260.27,30.09,86.7,100.0,2.17,353.98
15/9-F-14,2014-11-20,24.0,260.3,30.28,87.03,100.0,2.12,358.38
15/9-F-14,2014-11-21,24.0,259.32,29.52,87.13,100.0,2.15,356.36
15/9-F-14,2014-11-22,24.0,259.36,29.46,84.64,100.0,2.08,355.82
15/9-F-14,2014-11-23,24.0,259.21,29.56,88.18,100.0,2.15,343.6
15/9-F-14,2014-11-24,24.0,260.32,30.25,88.16,100.0,2.14,357.14
15/9-F-14,2014-11-25,24.0,260.96,30.75,88.01,100.0,2.1,340.37
15/9-F-14,2014-11-26,24.0,261.06,31.49,86.92,100.0,1.95,305.37
15/9-F-14,2014-11-27,24.0,261.9,31.47,84.06,100.0,1.92,321.38
15/9-F-14,2014-11-28,22.06,266.18,35.04,82.47,70.646,5.55,400.77
15/9-F-14,2014-11-29,14.94,273.24,38.55,69.73,45.26,9.03,336.44
15/9-F-14,2014-11-30,23.5,266.43,34.99,83.63,70.687,5.39,321.67
15/9-F-14,2014-12-01,24.0,263.72,33.17,85.68,82.461,3.46,198.35
15/9-F-14,2014-12-02,24.0,262.05,31.69,87.61,100.0,1.94,253.04
15/9-F-14,2014-12-03,24.0,261.98,31.72,87.73,100.0,1.96,262.77
15/9-F-14,2014-12-04,23.33,267.56,36.42,84.95,72.492,6.33,282.43
15/9-F-14,2014-12-05,24.0,265.19,34.83,87.05,73.69,5.05,483.94
15/9-F-14,2014-12-06,24.0,261.7,31.75,86.61,100.0,1.91,339.06
15/9-F-14,2014-12-07,24.0,261.79,31.77,87.05,100.0,1.9,310.03
15/9-F-14,2014-12-08,24.0,261.78,31.79,87.53,100.0,1.92,295.37
15/9-F-14,2014-12-09,24.0,261.74,31.75,86.47,100.0,1.9,302.9
15/9-F-14,2014-12-10,24.0,261.69,31.77,85.65,100.0,1.89,313.84
15/9-F-14,2014-12-11,24.0,261.68,31.79,86.09,100.0,1.9,281.74
15/9-F-14,2014-12-12,24.0,261.51,31.79,86.97,97.917,1.91,331.51
15/9-F-14,2014-12-13,24.0,261.51,31.79,87.42,97.917,1.92,277.88
15/9-F-14,2014-12-14,24.0,261.47,31.73,85.27,97.917,1.87,328.13
15/9-F-14,2014-12-15,24.0,261.47,31.81,86.86,97.917,1.93,306.76
15/9-F-14,2014-12-16,24.0,261.49,31.81,87.38,100.0,1.94,324.63
15/9-F-14,2014-12-17,24.0,261.52,31.8,86.97,100.0,1.92,333.97
15/9-F-14,2014-12-18,22.33,264.65,34.07,85.03,75.489,4.15,278.73
15/9-F-14,2014-12-19,23.67,264.44,34.14,84.58,80.431,3.97,278.82
15/9-F-14,2014-12-20,24.0,261.62,31.89,87.17,97.917,2.25,329.27
15/9-F-14,2014-12-21,24.0,261.67,31.9,86.29,100.0,2.28,319.65
15/9-F-14,2014-12-22,24.0,261.73,31.88,86.27,97.917,2.25,305.35
15/9-F-14,2014-12-23,24.0,261.73,31.9,86.76,100.0,2.27,312.7
15/9-F-14,2014-12-24,24.0,261.76,31.97,87.61,100.0,2.34,312.55
15/9-F-14,2014-12-25,24.0,261.79,32.0,88.03,100.0,2.38,318.56
15/9-F-14,2014-12-26,24.0,261.84,31.99,87.8,100.0,2.37,326.73
15/9-F-14,2014-12-27,24.0,261.91,31.91,86.91,100.0,2.31,314.02
15/9-F-14,2014-12-28,24.0,262.02,32.0,87.98,100.0,2.38,319.75
15/9-F-14,2014-12-29,23.5,265.05,34.09,87.92,83.284,4.26,292.71
15/9-F-14,2014-12-30,24.0,262.77,32.11,87.39,100.0,2.47,376.06
15/9-F-14,2014-12-31,24.0,262.47,32.02,86.64,100.0,2.39,353.86
15/9-F-14,2015-01-01,24.0,262.29,31.79,86.28,100.0,2.38,488.21
15/9-F-14,2015-01-02,24.0,261.93,31.31,86.84,100.0,2.44,324.9
15/9-F-14,2015-01-03,24.0,262.43,31.57,87.56,100.0,2.45,343.85
15/9-F-14,2015-01-04,24.0,262.33,31.37,87.55,100.0,2.47,337.58
15/9-F-14,2015-01-05,24.0,262.63,31.51,87.79,100.0,2.46,331.43
15/9-F-14,2015-01-06,24.0,262.44,31.2,87.32,100.0,2.4,324.45
15/9-F-14,2015-01-07,24.0,262.63,31.26,86.73,100.0,2.36,333.91
15/9-F-14,2015-01-08,24.0,262.84,31.38,86.4,100.0,2.35,322.41
15/9-F-14,2015-01-09,18.0,267.46,34.43,82.56,56.22,5.15,189.48
15/9-F-14,2015-01-10,20.75,268.06,35.9,81.99,65.14,5.15,231.0
15/9-F-14,2015-01-11,24.0,264.86,32.97,86.59,84.247,3.14,282.48
15/9-F-14,2015-01-12,24.0,264.01,31.94,85.26,100.0,2.07,312.71
15/9-F-14,2015-01-13,24.0,263.74,31.7,85.69,100.0,2.08,315.5
15/9-F-14,2015-01-14,24.0,263.92,31.86,85.88,100.0,2.15,282.1
15/9-F-14,2015-01-15,24.0,263.91,31.76,85.53,100.0,2.11,301.02
15/9-F-14,2015-01-16,24.0,263.87,31.79,85.48,100.0,2.13,305.23
15/9-F-14,2015-01-17,24.0,263.86,31.79,85.42,100.0,2.15,282.31
15/9-F-14,2015-01-18,24.0,263.86,31.79,85.42,100.0,2.15,297.94
15/9-F-14,2015-01-19,24.0,263.86,31.79,85.42,100.0,2.15,301.42
15/9-F-14,2015-01-20,22.0,268.37,34.98,84.51,69.244,5.39,215.18
15/9-F-14,2015-01-21,24.0,263.14,31.12,86.55,91.83,2.36,298.54
15/9-F-14,2015-01-22,24.0,262.88,30.79,86.81,100.0,2.05,314.32
15/9-F-14,2015-01-23,24.0,262.87,30.78,86.25,100.0,2.0,309.83
15/9-F-14,2015-01-24,24.0,262.79,30.81,87.61,100.0,2.03,308.19
15/9-F-14,2015-01-25,24.0,262.71,30.78,87.06,100.0,1.97,303.93
15/9-F-14,2015-01-26,22.0,263.72,31.21,87.73,100.0,1.98,277.44
15/9-F-14,2015-01-27,16.44,266.67,33.4,83.28,53.837,4.42,118.82
15/9-F-14,2015-01-28,24.0,263.12,31.32,86.6,100.0,2.06,309.9
15/9-F-14,2015-01-29,24.0,263.26,31.32,87.42,100.0,2.01,308.96
15/9-F-14,2015-01-30,24.0,263.21,31.28,87.46,100.0,2.01,277.58
15/9-F-14,2015-01-31,18.94,265.06,32.06,85.53,77.321,3.17,170.36
15/9-F-14,2015-02-01,21.06,264.84,32.3,84.96,72.403,3.28,183.95
15/9-F-14,2015-02-02,24.0,262.53,31.1,87.36,100.0,1.93,270.25
15/9-F-14,2015-02-03,15.94,262.96,31.1,87.58,76.408,2.09,139.66
15/9-F-14,2015-02-04,18.06,265.61,32.58,82.39,56.678,3.61,106.75
15/9-F-14,2015-02-05,24.0,261.75,30.88,87.11,100.0,1.86,338.0
15/9-F-14,2015-02-06,24.0,261.07,30.39,87.5,100.0,1.92,206.71
15/9-F-14,2015-02-07,24.0,261.63,30.42,87.34,100.0,1.96,249.26
15/9-F-14,2015-02-08,24.0,262.09,30.61,87.38,100.0,2.0,255.65
15/9-F-14,2015-02-09,24.0,261.79,30.56,87.66,100.0,2.02,293.78
15/9-F-14,2015-02-10,24.0,262.2,30.65,87.72,100.0,2.14,250.89
15/9-F-14,2015-02-11,24.0,262.62,30.73,86.9,100.0,2.18,272.56
15/9-F-14,2015-02-12,24.0,262.99,30.81,87.56,100.0,2.24,268.0
15/9-F-14,2015-02-13,24.0,261.05,30.59,86.26,98.466,2.22,271.96
15/9-F-14,2015-02-14,24.0,263.46,30.85,85.79,100.0,2.3,270.78
15/9-F-14,2015-02-15,24.0,261.68,30.65,84.15,97.912,2.34,269.97
15/9-F-14,2015-02-16,24.0,264.08,30.97,85.86,100.0,2.38,269.67
15/9-F-14,2015-02-17,24.0,264.4,31.14,86.75,93.478,2.5,260.65
15/9-F-14,2015-02-18,24.0,264.5,31.13,86.17,100.0,2.5,274.9
15/9-F-14,2015-02-19,24.0,264.42,31.1,86.25,100.0,2.46,278.07
15/9-F-14,2015-02-20,24.0,264.5,31.3,87.32,100.0,2.43,271.56
15/9-F-14,2015-02-21,24.0,264.16,31.07,88.26,100.0,2.44,265.58
15/9-F-14,2015-02-22,24.0,264.24,30.99,87.2,100.0,2.37,276.0
15/9-F-14,2015-02-23,24.0,264.31,30.97,86.42,100.0,2.34,275.59
15/9-F-14,2015-02-24,24.0,264.61,31.17,87.3,100.0,2.34,269.61
15/9-F-14,2015-02-25,24.0,264.52,31.06,88.24,100.0,2.4,272.17
15/9-F-14,2015-02-26,24.0,264.48,30.95,86.62,100.0,2.32,271.87
15/9-F-14,2015-02-27,24.0,264.45,30.96,86.53,100.0,2.36,273.25
15/9-F-14,2015-02-28,24.0,264.5,30.85,86.51,100.0,2.28,271.71
15/9-F-14,2015-03-01,24.0,264.84,31.1,86.4,100.0,2.25,271.85
15/9-F-14,2015-03-02,24.0,265.35,31.56,88.22,100.0,2.25,270.42
15/9-F-14,2015-03-03,24.0,265.3,31.55,87.47,100.0,2.25,271.12
15/9-F-14,2015-03-04,24.0,263.49,31.31,87.71,100.0,2.25,282.91
15/9-F-14,2015-03-05,24.0,264.99,31.18,87.18,100.0,2.28,270.27
15/9-F-14,2015-03-06,24.0,264.73,30.82,87.22,100.0,2.26,261.96
15/9-F-14,2015-03-07,24.0,264.8,30.79,85.59,100.0,2.2,259.79
15/9-F-14,2015-03-08,24.0,264.84,30.86,87.55,97.917,2.27,258.51
15/9-F-14,2015-03-09,24.0,264.89,30.79,86.66,100.0,2.2,263.44
15/9-F-14,2015-03-10,24.0,264.93,30.82,87.18,100.0,2.25,261.71
15/9-F-14,2015-03-11,24.0,264.98,30.75,86.81,100.0,2.2,261.22
15/9-F-14,2015-03-12,24.0,264.93,30.77,87.1,100.0,2.23,260.65
15/9-F-14,2015-03-13,24.0,264.94,30.71,86.8,100.0,2.17,257.26
15/9-F-14,2015-03-14,24.0,265.0,30.72,86.86,100.0,2.2,258.79
15/9-F-14,2015-03-15,24.0,265.07,30.74,87.16,100.0,2.2,256.56
15/9-F-14,2015-03-16,24.0,265.1,30.7,86.39,100.0,2.17,259.2
15/9-F-14,2015-03-17,24.0,265.18,30.68,85.55,100.0,2.14,262.19
15/9-F-14,2015-03-18,24.0,265.28,30.85,88.55,100.0,2.21,263.83
15/9-F-14,2015-03-19,24.0,265.24,30.81,88.2,100.0,2.23,264.35
15/9-F-14,2015-03-20,24.0,265.22,30.77,88.1,100.0,2.18,271.47
15/9-F-14,2015-03-21,24.0,265.19,30.75,88.4,100.0,2.17,274.32
15/9-F-14,2015-03-22,24.0,265.24,30.75,86.35,100.0,2.11,257.66
15/9-F-14,2015-03-23,24.0,265.14,30.72,87.49,99.994,2.16,229.5
15/9-F-14,2015-03-24,24.0,265.87,31.44,88.51,79.223,2.87,195.3
15/9-F-14,2015-03-25,24.0,265.98,31.57,88.22,81.29,2.83,250.48
15/9-F-14,2015-03-26,24.0,266.73,32.13,86.1,100.0,2.1,269.7
15/9-F-14,2015-03-27,24.0,265.56,31.1,88.56,100.0,2.3,273.87
15/9-F-14,2015-03-28,24.0,265.45,30.81,86.81,100.0,2.19,261.25
15/9-F-14,2015-03-29,24.0,265.45,30.88,88.55,97.826,2.24,250.31
15/9-F-14,2015-03-30,24.0,265.69,31.07,88.2,97.917,2.2,257.61
15/9-F-14,2015-03-31,24.0,265.44,30.82,87.97,100.0,2.17,261.54
15/9-F-14,2015-04-01,24.0,265.44,30.79,88.01,100.0,2.19,251.24
15/9-F-14,2015-04-02,24.0,265.51,30.76,88.26,100.0,2.2,256.09
15/9-F-14,2015-04-03,24.0,265.56,30.79,88.51,100.0,2.18,254.14
15/9-F-14,2015-04-04,24.0,265.5,30.71,88.42,100.0,2.16,253.43
15/9-F-14,2015-04-05,24.0,265.45,30.68,88.34,100.0,2.13,252.16
15/9-F-14,2015-04-06,24.0,265.32,30.66,88.05,100.0,2.14,252.07
15/9-F-14,2015-04-07,24.0,265.1,30.58,88.27,100.0,2.06,250.49
15/9-F-14,2015-04-08,24.0,265.08,30.53,88.15,100.0,2.01,251.63
15/9-F-14,2015-04-09,24.0,265.09,30.48,87.26,100.0,1.96,250.8
15/9-F-14,2015-04-10,24.0,265.07,30.45,87.1,100.0,1.92,248.18
15/9-F-14,2015-04-11,24.0,265.05,30.45,86.84,100.0,1.91,249.16
15/9-F-14,2015-04-12,24.0,265.09,30.5,86.64,100.0,1.97,249.64
15/9-F-14,2015-04-13,24.0,265.54,30.55,87.87,100.0,2.0,249.2
15/9-F-14,2015-04-14,24.0,265.97,30.67,87.43,100.0,2.11,250.23
15/9-F-14,2015-04-15,24.0,266.36,30.78,88.7,97.917,2.21,249.89
15/9-F-14,2015-04-16,24.0,266.54,30.85,88.76,100.0,2.24,252.44
15/9-F-14,2015-04-17,24.0,266.76,30.91,88.94,97.917,2.3,254.67
15/9-F-14,2015-04-18,24.0,267.13,30.97,88.92,97.917,2.35,252.32
15/9-F-14,2015-04-19,24.0,267.19,30.98,88.99,97.917,2.39,254.68
15/9-F-14,2015-04-20,24.0,267.03,30.98,89.01,100.0,2.37,255.71
15/9-F-14,2015-04-21,24.0,266.94,30.97,88.97,100.0,2.34,257.81
15/9-F-14,2015-04-22,24.0,266.84,30.93,88.96,100.0,2.31,257.92
15/9-F-14,2015-04-23,24.0,266.74,30.88,88.87,100.0,2.28,269.39
15/9-F-14,2015-04-24,24.0,266.62,30.81,88.84,100.0,2.25,268.14
15/9-F-14,2015-04-25,24.0,266.57,30.81,88.61,100.0,2.23,265.67
15/9-F-14,2015-04-26,24.0,266.54,30.78,88.69,100.0,2.22,265.19
15/9-F-14,2015-04-27,24.0,266.51,30.74,88.5,100.0,2.18,266.54
15/9-F-14,2015-04-28,24.0,266.48,30.66,87.85,100.0,2.12,265.58
15/9-F-14,2015-04-29,24.0,266.48,30.69,88.01,100.0,2.12,265.86
15/9-F-14,2015-04-30,24.0,266.59,30.86,88.58,100.0,2.14,266.93
15/9-F-14,2015-05-01,24.0,266.43,30.73,88.67,100.0,2.14,266.77
15/9-F-14,2015-05-02,24.0,266.39,30.69,88.63,100.0,2.12,264.65
15/9-F-14,2015-05-03,24.0,266.32,30.58,87.48,100.0,2.04,261.21
15/9-F-14,2015-05-04,24.0,266.29,30.55,87.35,100.0,2.0,256.3
15/9-F-14,2015-05-05,24.0,266.28,30.56,87.38,100.0,1.99,256.05
15/9-F-14,2015-05-06,24.0,266.27,30.5,87.06,100.0,1.93,251.22
15/9-F-14,2015-05-07,24.0,266.24,30.58,88.15,100.0,2.0,251.83
15/9-F-14,2015-05-08,24.0,266.23,30.57,88.19,100.0,2.0,248.81
15/9-F-14,2015-05-09,24.0,266.21,30.51,87.48,100.0,1.96,249.54
15/9-F-14,2015-05-10,24.0,266.19,30.5,87.78,100.0,1.95,249.52
15/9-F-14,2015-05-11,24.0,266.16,30.45,86.99,100.0,1.9,249.57
15/9-F-14,2015-05-12,24.0,266.14,30.44,86.39,100.0,1.87,249.17
15/9-F-14,2015-05-13,24.0,266.43,30.77,88.06,100.0,1.92,247.01
15/9-F-14,2015-05-14,24.0,266.66,31.04,88.33,100.0,1.97,218.91
15/9-F-14,2015-05-15,24.0,266.66,31.04,88.09,100.0,1.93,218.85
15/9-F-14,2015-05-16,24.0,266.65,31.03,87.99,100.0,1.91,220.18
15/9-F-14,2015-05-17,24.0,266.66,31.03,88.05,100.0,1.91,219.57
15/9-F-14,2015-05-18,24.0,266.65,30.9,87.23,100.0,1.82,218.22
15/9-F-14,2015-05-19,24.0,266.6,31.01,87.62,100.0,1.87,219.36
15/9-F-14,2015-05-20,24.0,266.57,31.02,88.47,100.0,1.9,219.12
15/9-F-14,2015-05-21,24.0,266.55,30.96,87.48,100.0,1.87,216.11
15/9-F-14,2015-05-22,24.0,266.32,30.81,87.72,100.0,1.9,213.4
15/9-F-14,2015-05-23,24.0,265.9,30.45,88.22,100.0,1.9,202.34
15/9-F-14,2015-05-24,24.0,266.18,30.68,87.65,100.0,1.84,216.49
15/9-F-14,2015-05-25,24.0,265.82,30.46,88.27,100.0,1.88,204.02
15/9-F-14,2015-05-26,24.0,265.74,30.41,88.29,100.0,1.88,210.6
15/9-F-14,2015-05-27,24.0,265.66,30.33,87.85,97.917,1.84,205.59
15/9-F-14,2015-05-28,24.0,265.6,30.32,87.69,97.917,1.84,209.54
15/9-F-14,2015-05-29,24.0,265.56,30.32,87.43,100.0,1.83,212.97
15/9-F-14,2015-05-30,24.0,265.53,30.34,88.24,100.0,1.86,211.21
15/9-F-14,2015-05-31,24.0,265.5,30.25,87.28,97.917,1.78,209.66
15/9-F-14,2015-06-01,24.0,265.5,30.26,86.69,100.0,1.78,212.13
15/9-F-14,2015-06-02,24.0,265.52,30.24,85.9,100.0,1.73,211.86
15/9-F-14,2015-06-03,24.0,265.47,30.29,88.1,100.0,1.81,210.38
15/9-F-14,2015-06-04,24.0,265.45,30.27,87.95,100.0,1.81,209.98
15/9-F-14,2015-06-05,24.0,265.45,30.17,85.89,100.0,1.74,209.93
15/9-F-14,2015-06-06,24.0,265.49,30.19,86.12,100.0,1.72,209.42
15/9-F-14,2015-06-07,22.82,268.39,32.26,86.14,74.928,3.49,158.34
15/9-F-14,2015-06-08,24.0,265.59,30.41,87.99,98.83,1.89,207.56
15/9-F-14,2015-06-09,24.0,265.7,30.39,88.26,100.0,1.86,208.95
15/9-F-14,2015-06-10,24.0,265.73,30.36,88.12,100.0,1.85,207.44
15/9-F-14,2015-06-11,24.0,265.74,30.36,88.07,100.0,1.79,205.45
15/9-F-14,2015-06-12,24.0,265.77,30.34,87.96,100.0,1.82,205.93
15/9-F-14,2015-06-13,24.0,265.64,30.37,88.37,100.0,1.84,203.36
15/9-F-14,2015-06-14,24.0,265.59,30.32,87.96,100.0,1.8,199.6
15/9-F-14,2015-06-15,24.0,265.56,30.33,88.04,100.0,1.81,200.25
15/9-F-14,2015-06-16,24.0,265.54,30.29,87.91,100.0,1.78,198.29
15/9-F-14,2015-06-17,24.0,265.5,30.29,87.52,100.0,1.77,197.29
15/9-F-14,2015-06-18,24.0,265.88,30.62,87.91,100.0,1.76,197.15
15/9-F-14,2015-06-19,24.0,266.29,30.8,88.06,100.0,1.81,194.1
15/9-F-14,2015-06-20,24.0,266.15,30.45,88.56,100.0,1.89,199.56
15/9-F-14,2015-06-21,24.0,266.45,30.43,87.42,100.0,1.89,197.87
15/9-F-14,2015-06-22,24.0,266.72,30.57,88.5,100.0,1.98,202.06
15/9-F-14,2015-06-23,24.0,267.01,30.64,88.56,100.0,2.05,199.63
15/9-F-14,2015-06-24,24.0,267.26,30.7,88.71,100.0,2.09,200.27
15/9-F-14,2015-06-25,24.0,267.51,30.78,88.99,100.0,2.16,199.69
15/9-F-14,2015-06-26,24.0,267.74,30.72,87.33,100.0,2.11,195.5
15/9-F-14,2015-06-27,24.0,268.11,31.0,88.87,100.0,2.19,198.1
15/9-F-14,2015-06-28,24.0,267.75,30.75,88.19,100.0,2.14,209.52
15/9-F-14,2015-06-29,24.0,267.86,31.03,88.96,100.0,2.15,209.13
15/9-F-14,2015-06-30,24.0,267.5,30.72,88.21,100.0,2.1,211.19
15/9-F-14,2015-07-01,24.0,267.35,30.58,86.96,100.0,2.03,195.17
15/9-F-14,2015-07-02,24.0,267.28,30.55,86.89,100.0,2.01,238.65
15/9-F-14,2015-07-03,24.0,267.16,30.68,88.7,100.0,2.04,237.7
15/9-F-14,2015-07-04,24.0,267.0,30.6,88.55,100.0,2.01,233.92
15/9-F-14,2015-07-05,24.0,266.96,30.55,88.42,100.0,1.96,232.49
15/9-F-14,2015-07-06,24.0,266.95,30.59,88.81,100.0,1.99,230.42
15/9-F-14,2015-07-07,24.0,266.92,30.5,88.45,100.0,1.93,229.25
15/9-F-14,2015-07-08,24.0,266.91,30.52,88.48,100.0,1.93,226.43
15/9-F-14,2015-07-09,24.0,266.9,30.5,88.08,100.0,1.93,224.74
15/9-F-14,2015-07-10,24.0,266.89,30.48,88.16,97.917,1.92,217.63
15/9-F-14,2015-07-11,24.0,266.87,30.41,87.68,97.917,1.87,214.0
15/9-F-14,2015-07-12,24.0,266.85,30.43,88.13,100.0,1.86,217.93
15/9-F-14,2015-07-13,24.0,266.82,30.47,88.82,100.0,1.92,230.04
15/9-F-14,2015-07-14,24.0,266.83,30.46,88.84,100.0,1.9,226.32
15/9-F-14,2015-07-15,24.0,266.83,30.48,88.78,100.0,1.92,223.37
15/9-F-14,2015-07-16,24.0,266.82,30.47,88.86,100.0,1.91,220.64
15/9-F-14,2015-07-17,24.0,266.79,30.38,87.27,100.0,1.85,218.99
15/9-F-14,2015-07-18,24.0,266.8,30.39,86.71,100.0,1.82,218.66
15/9-F-14,2015-07-19,24.0,266.83,30.42,88.25,100.0,1.86,215.45
15/9-F-14,2015-07-20,24.0,266.87,30.4,88.28,100.0,1.84,213.78
15/9-F-14,2015-07-21,24.0,266.88,30.39,86.93,100.0,1.84,215.67
15/9-F-14,2015-07-22,24.0,266.91,30.45,88.84,100.0,1.89,217.6
15/9-F-14,2015-07-23,24.0,266.92,30.42,87.98,100.0,1.87,217.68
15/9-F-14,2015-07-24,24.0,266.9,30.44,88.24,100.0,1.88,215.49
15/9-F-14,2015-07-25,24.0,266.91,30.45,88.75,100.0,1.89,213.27
15/9-F-14,2015-07-26,24.0,266.9,30.43,88.64,100.0,1.86,210.61
15/9-F-14,2015-07-27,24.0,266.89,30.43,88.76,100.0,1.87,208.91
15/9-F-14,2015-07-28,24.0,266.89,30.43,88.76,100.0,1.86,205.32
15/9-F-14,2015-07-29,21.04,268.37,31.25,87.2,81.423,2.64,143.98
15/9-F-14,2015-07-30,24.0,267.07,30.43,88.16,100.0,1.88,205.34
15/9-F-14,2015-07-31,24.0,267.14,30.42,88.27,100.0,1.88,201.29
15/9-F-14,2015-08-01,24.0,267.12,30.37,87.64,100.0,1.84,200.38
15/9-F-14,2015-08-02,24.0,267.11,30.43,88.2,100.0,1.88,200.32
15/9-F-14,2015-08-03,24.0,267.1,30.3,85.92,100.0,1.79,198.27
15/9-F-14,2015-08-04,24.0,267.07,30.29,87.12,100.0,1.81,199.08
15/9-F-14,2015-08-05,24.0,267.12,30.35,87.79,100.0,1.8,199.66
15/9-F-14,2015-08-06,24.0,267.04,30.34,87.65,100.0,1.82,196.53
15/9-F-14,2015-08-07,24.0,267.01,30.42,88.74,100.0,1.87,194.38
15/9-F-14,2015-08-08,24.0,266.98,30.37,88.29,100.0,1.85,190.88
15/9-F-14,2015-08-09,24.0,266.95,30.31,87.58,100.0,1.81,192.44
15/9-F-14,2015-08-10,24.0,266.92,30.29,87.68,100.0,1.79,191.28
15/9-F-14,2015-08-11,24.0,266.87,30.33,87.76,100.0,1.8,188.45
15/9-F-14,2015-08-12,24.0,266.87,30.35,88.48,100.0,1.83,190.09
15/9-F-14,2015-08-13,24.0,266.89,30.32,88.39,100.0,1.8,188.64
15/9-F-14,2015-08-14,24.0,266.86,30.27,86.74,100.0,1.76,189.0
15/9-F-14,2015-08-15,24.0,266.87,30.29,86.76,100.0,1.76,188.94
15/9-F-14,2015-08-16,24.0,266.9,30.39,88.69,100.0,1.85,188.47
15/9-F-14,2015-08-17,24.0,266.88,30.37,88.47,100.0,1.85,186.14
15/9-F-14,2015-08-18,24.0,266.82,30.27,87.61,100.0,1.77,187.29
15/9-F-14,2015-08-19,24.0,266.81,30.24,85.94,97.917,1.74,184.81
15/9-F-14,2015-08-20,24.0,266.81,30.25,87.33,100.0,1.75,188.93
15/9-F-14,2015-08-21,24.0,266.81,30.25,87.02,100.0,1.76,187.31
15/9-F-14,2015-08-22,24.0,266.81,30.23,87.12,100.0,1.73,187.04
15/9-F-14,2015-08-23,24.0,266.58,30.22,87.07,100.0,1.74,182.72
15/9-F-14,2015-08-24,24.0,266.36,30.19,87.97,100.0,1.69,182.3
15/9-F-14,2015-08-25,24.0,266.45,30.24,87.83,100.0,1.73,181.85
15/9-F-14,2015-08-26,15.15,267.04,30.21,87.09,61.82,1.95,83.33
15/9-F-14,2015-08-31,14.24,273.72,34.46,76.74,25.529,4.69,27.78
15/9-F-14,2015-09-01,24.0,267.21,30.47,87.56,90.288,1.66,157.03
15/9-F-14,2015-09-02,24.0,266.86,30.45,87.49,100.0,1.46,167.01
15/9-F-14,2015-09-03,24.0,269.27,32.46,87.46,93.209,2.43,149.36
15/9-F-14,2015-09-04,24.0,271.57,33.93,85.09,78.194,4.49,116.5
15/9-F-14,2015-09-05,24.0,266.97,30.28,87.33,98.937,1.5,194.21
15/9-F-14,2015-09-06,24.0,267.04,30.29,87.76,100.0,1.53,189.75
15/9-F-14,2015-09-07,24.0,267.02,30.3,87.99,100.0,1.54,188.42
15/9-F-14,2015-09-08,24.0,266.98,30.33,88.17,100.0,1.57,186.89
15/9-F-14,2015-09-09,24.0,266.95,30.33,88.29,100.0,1.57,187.0
15/9-F-14,2015-09-10,24.0,266.83,30.28,87.59,100.0,1.53,186.39
15/9-F-14,2015-09-11,24.0,266.7,30.23,86.03,100.0,1.48,187.0
15/9-F-14,2015-09-12,24.0,266.54,30.21,85.19,100.0,1.47,189.52
15/9-F-14,2015-09-13,24.0,266.43,30.26,87.0,100.0,1.49,187.91
15/9-F-14,2015-09-14,24.0,266.32,30.28,87.25,100.0,1.5,182.96
15/9-F-14,2015-09-15,24.0,266.25,30.27,87.52,100.0,1.48,189.43
15/9-F-14,2015-09-16,24.0,266.2,30.26,87.8,100.0,1.48,191.27
15/9-F-14,2015-09-17,24.0,266.18,30.34,88.24,100.0,1.54,189.42
15/9-F-14,2015-09-18,24.0,266.17,30.33,88.17,100.0,1.54,197.04
15/9-F-14,2015-09-19,24.0,266.23,30.41,88.24,100.0,1.55,191.34
15/9-F-14,2015-09-20,24.0,266.3,30.46,88.34,100.0,1.55,183.18
15/9-F-14,2015-09-21,24.0,266.17,30.26,87.92,100.0,1.46,193.91
15/9-F-14,2015-09-22,23.07,257.28,35.41,84.95,58.896,5.75,99.34
15/9-F-14,2015-09-23,24.0,266.43,30.8,88.13,97.547,1.57,190.37
15/9-F-14,2015-09-24,24.0,266.56,30.74,87.19,100.0,1.48,194.61
15/9-F-14,2015-09-25,24.0,266.66,30.8,87.46,100.0,1.51,169.33
15/9-F-14,2015-09-26,24.0,266.72,30.83,88.23,100.0,1.52,169.8
15/9-F-14,2015-09-27,24.0,266.75,30.8,88.37,100.0,1.55,167.65
15/9-F-14,2015-09-28,24.0,266.74,30.73,87.82,100.0,1.49,167.02
15/9-F-14,2015-09-29,24.0,266.74,30.69,87.03,97.917,1.47,165.39
15/9-F-14,2015-09-30,24.0,266.74,30.74,87.83,97.917,1.53,171.36
15/9-F-14,2015-10-01,24.0,265.37,29.58,88.06,100.0,1.61,175.34
15/9-F-14,2015-10-02,24.0,263.07,27.52,88.35,100.0,1.75,191.42
15/9-F-14,2015-10-03,24.0,263.15,27.53,88.5,100.0,1.75,189.77
15/9-F-14,2015-10-04,24.0,263.13,27.53,88.72,97.917,1.74,187.11
15/9-F-14,2015-10-05,24.0,263.12,27.43,86.5,100.0,1.67,187.63
15/9-F-14,2015-10-06,24.0,263.12,27.39,84.42,100.0,1.63,186.65
15/9-F-14,2015-10-07,24.0,263.14,27.39,84.47,100.0,1.63,187.21
15/9-F-14,2015-10-08,24.0,263.19,27.47,86.24,100.0,1.67,184.47
15/9-F-14,2015-10-09,24.0,263.34,27.66,88.62,100.0,1.75,192.53
15/9-F-14,2015-10-10,24.0,263.29,27.55,88.32,100.0,1.7,191.96
15/9-F-14,2015-10-11,24.0,263.35,27.52,87.0,100.0,1.67,192.56
15/9-F-14,2015-10-12,24.0,263.41,27.56,87.43,100.0,1.68,190.38
15/9-F-14,2015-10-13,23.17,265.92,29.35,87.39,79.45,3.03,151.5
15/9-F-14,2015-10-14,24.0,264.15,28.33,88.29,99.817,1.64,186.2
15/9-F-14,2015-10-15,24.0,265.56,29.53,87.89,100.0,1.54,185.5
15/9-F-14,2015-10-16,24.0,263.57,27.85,88.71,100.0,1.72,190.93
15/9-F-14,2015-10-17,24.0,263.5,27.81,88.67,100.0,1.7,188.91
15/9-F-14,2015-10-18,24.0,263.26,27.66,88.65,100.0,1.69,189.64
15/9-F-14,2015-10-19,24.0,263.48,27.84,88.56,100.0,1.64,183.8
15/9-F-14,2015-10-20,24.0,263.56,27.87,88.17,100.0,1.6,184.12
15/9-F-14,2015-10-21,24.0,263.42,27.69,86.86,100.0,1.53,182.83
15/9-F-14,2015-10-22,24.0,263.43,27.67,86.55,100.0,1.53,182.73
15/9-F-14,2015-10-23,24.0,263.43,27.6,87.31,100.0,1.55,180.53
15/9-F-14,2015-10-24,24.0,263.7,27.82,87.2,100.0,1.5,178.36
15/9-F-14,2015-10-25,24.0,263.62,27.79,87.12,100.0,1.56,188.52
15/9-F-14,2015-10-26,24.0,263.38,27.51,87.09,100.0,1.53,164.94
15/9-F-14,2015-10-27,24.0,263.54,27.63,86.5,100.0,1.54,164.86
15/9-F-14,2015-10-28,24.0,263.77,27.83,84.74,100.0,1.49,179.02
15/9-F-14,2015-10-29,22.75,270.89,32.8,80.09,68.459,6.28,151.69
15/9-F-14,2015-10-30,24.0,268.62,31.4,82.81,76.152,3.54,156.28
15/9-F-14,2015-10-31,24.0,263.89,27.88,86.29,100.0,1.59,187.47
15/9-F-14,2015-11-01,24.0,264.21,28.01,87.42,100.0,1.71,189.24
15/9-F-14,2015-11-02,23.5,266.09,29.55,86.96,83.813,2.71,166.89
15/9-F-14,2015-11-03,24.0,264.5,28.53,87.6,100.0,1.63,181.25
15/9-F-14,2015-11-04,24.0,265.01,28.8,87.34,100.0,1.58,187.6
15/9-F-14,2015-11-05,24.0,266.47,29.97,86.06,77.819,2.43,167.76
15/9-F-14,2015-11-06,24.0,264.71,28.41,86.93,100.0,1.51,174.96
15/9-F-14,2015-11-07,24.0,264.97,28.42,87.97,100.0,1.59,172.15
15/9-F-14,2015-11-08,24.0,265.39,28.44,86.9,100.0,1.59,167.46
15/9-F-14,2015-11-09,24.0,265.72,28.51,86.33,100.0,1.65,154.9
15/9-F-14,2015-11-10,24.0,265.8,28.44,87.86,100.0,1.74,153.47
15/9-F-14,2015-11-11,24.0,265.3,27.8,87.77,100.0,1.84,161.54
15/9-F-14,2015-11-12,24.0,265.56,27.82,86.73,100.0,1.83,189.39
15/9-F-14,2015-11-13,24.0,266.07,28.15,86.67,100.0,1.85,188.06
15/9-F-14,2015-11-14,24.0,265.98,27.93,87.77,100.0,1.94,192.09
15/9-F-14,2015-11-15,24.0,266.25,28.2,88.54,100.0,1.95,193.1
15/9-F-14,2015-11-16,24.0,266.3,28.32,86.61,97.917,1.82,191.32
15/9-F-14,2015-11-17,24.0,266.12,28.27,86.26,100.0,1.8,191.78
15/9-F-14,2015-11-18,24.0,265.63,27.97,88.51,100.0,1.84,189.75
15/9-F-14,2015-11-19,24.0,265.18,27.77,88.79,100.0,1.85,195.58
15/9-F-14,2015-11-20,24.0,265.85,28.39,88.4,100.0,1.76,187.25
15/9-F-14,2015-11-21,24.0,266.65,29.14,88.14,100.0,1.69,192.44
15/9-F-14,2015-11-22,24.0,266.72,29.28,88.35,100.0,1.68,187.21
15/9-F-14,2015-11-23,24.0,266.45,29.05,87.31,100.0,1.64,187.69
15/9-F-14,2015-11-24,24.0,266.47,29.12,88.08,100.0,1.63,186.03
15/9-F-14,2015-11-25,24.0,266.46,29.11,88.14,100.0,1.6,184.01
15/9-F-14,2015-11-26,24.0,266.28,28.98,87.29,100.0,1.58,182.78
15/9-F-14,2015-11-27,24.0,266.46,29.13,86.77,100.0,1.53,181.38
15/9-F-14,2015-11-28,24.0,266.36,29.06,86.59,100.0,1.51,179.87
15/9-F-14,2015-11-29,24.0,266.3,29.02,86.69,100.0,1.5,178.02
15/9-F-14,2015-11-30,24.0,266.17,28.94,87.67,100.0,1.54,176.59
15/9-F-14,2015-12-01,24.0,266.17,28.9,87.65,100.0,1.48,174.05
15/9-F-14,2015-12-02,24.0,266.37,29.07,86.34,100.0,1.45,173.3
15/9-F-14,2015-12-03,24.0,266.42,29.1,87.47,100.0,1.48,173.84
15/9-F-14,2015-12-04,24.0,266.03,28.53,86.9,100.0,1.57,170.82
15/9-F-14,2015-12-05,24.0,266.45,28.63,86.13,100.0,1.57,178.49
15/9-F-14,2015-12-06,24.0,266.71,28.72,87.67,100.0,1.67,175.99
15/9-F-14,2015-12-07,24.0,267.19,28.92,87.46,100.0,1.69,177.61
15/9-F-14,2015-12-08,24.0,267.69,29.12,86.42,100.0,1.65,176.95
15/9-F-14,2015-12-09,20.5,273.23,33.12,82.15,53.297,5.51,96.23
15/9-F-14,2015-12-10,24.0,268.27,29.84,85.8,58.169,3.65,138.11
15/9-F-14,2015-12-11,24.0,267.35,29.12,87.48,77.474,2.79,163.14
15/9-F-14,2015-12-12,24.0,266.49,28.43,88.54,100.0,2.08,181.72
15/9-F-14,2015-12-13,24.0,266.33,28.32,88.43,100.0,2.04,178.83
15/9-F-14,2015-12-14,24.0,266.2,28.18,87.93,100.0,1.98,177.31
15/9-F-14,2015-12-15,24.0,266.02,28.03,86.49,100.0,1.93,176.31
15/9-F-14,2015-12-16,24.0,265.91,27.95,85.81,100.0,1.89,173.96
15/9-F-14,2015-12-17,24.0,265.8,27.94,87.06,100.0,1.88,175.4
15/9-F-14,2015-12-18,24.0,265.7,27.92,86.17,100.0,1.88,172.75
15/9-F-14,2015-12-19,24.0,265.58,27.81,86.72,100.0,1.84,171.45
15/9-F-14,2015-12-20,24.0,265.42,27.76,86.24,100.0,1.82,168.92
15/9-F-14,2015-12-21,24.0,265.35,27.74,85.94,100.0,1.82,168.06
15/9-F-14,2015-12-22,24.0,265.33,27.74,86.06,100.0,1.81,166.23
15/9-F-14,2015-12-23,24.0,264.97,27.47,85.49,97.917,1.83,164.49
15/9-F-14,2015-12-24,24.0,264.85,27.35,85.98,100.0,1.8,164.4
15/9-F-14,2015-12-25,24.0,264.81,27.4,86.86,100.0,1.87,163.95
15/9-F-14,2015-12-26,24.0,264.75,27.38,87.2,100.0,1.88,162.36
15/9-F-14,2015-12-27,24.0,264.85,27.46,86.48,100.0,1.82,158.71
15/9-F-14,2015-12-28,24.0,264.7,27.26,84.66,97.917,1.79,158.77
15/9-F-14,2015-12-29,24.0,264.67,27.24,84.57,100.0,1.75,159.12
15/9-F-14,2015-12-30,24.0,264.66,27.24,84.74,100.0,1.73,159.04
15/9-F-14,2015-12-31,24.0,264.63,27.26,85.74,100.0,1.75,157.78
15/9-F-14,2016-01-01,24.0,264.62,27.31,86.62,100.0,1.8,157.2
15/9-F-14,2016-01-02,24.0,264.81,27.4,83.33,100.0,1.73,153.88
15/9-F-14,2016-01-03,21.5,271.91,37.11,70.66,71.017,1.76,96.03
15/9-F-14,2016-01-04,24.0,269.27,32.15,76.47,68.275,4.37,104.68
15/9-F-14,2016-01-05,24.0,264.53,27.33,84.25,100.0,1.75,155.56
15/9-F-14,2016-01-06,24.0,265.19,27.52,84.17,100.0,1.8,153.43
15/9-F-14,2016-01-07,24.0,265.56,27.5,83.74,100.0,1.87,154.18
15/9-F-14,2016-01-08,24.0,266.05,27.81,86.67,100.0,1.95,155.28
15/9-F-14,2016-01-09,24.0,266.33,27.87,85.85,100.0,1.97,155.81
15/9-F-14,2016-01-10,24.0,266.56,27.94,85.7,100.0,1.98,156.29
15/9-F-14,2016-01-11,24.0,266.94,28.15,86.68,100.0,2.01,157.86
15/9-F-14,2016-01-12,24.0,267.21,28.36,88.27,100.0,2.13,158.65
15/9-F-14,2016-01-13,23.33,268.93,29.74,88.02,85.209,3.26,132.99
15/9-F-14,2016-01-14,24.0,267.07,28.54,88.04,100.0,2.1,160.15
15/9-F-14,2016-01-15,24.0,266.63,28.23,87.92,100.0,2.1,160.07
15/9-F-14,2016-01-16,24.0,266.32,28.04,88.14,100.0,2.12,159.17
15/9-F-14,2016-01-17,24.0,266.09,27.9,88.44,100.0,2.11,157.52
15/9-F-14,2016-01-18,24.0,266.07,27.91,88.0,100.0,2.04,156.34
15/9-F-14,2016-01-19,24.0,266.22,28.14,88.24,100.0,2.04,151.67
15/9-F-14,2016-01-20,20.83,268.71,29.85,87.81,70.712,3.09,110.37
15/9-F-14,2016-01-21,24.0,267.7,29.48,87.16,93.681,1.73,141.28
15/9-F-14,2016-01-22,24.0,267.1,28.87,85.49,100.0,1.57,149.94
15/9-F-14,2016-01-23,24.0,266.29,28.22,86.48,100.0,1.7,154.65
15/9-F-14,2016-01-24,24.0,265.57,27.55,87.11,100.0,1.71,156.47
15/9-F-14,2016-01-25,22.67,268.91,30.27,85.62,72.449,3.58,153.24
15/9-F-14,2016-01-26,24.0,268.82,30.35,84.4,80.354,3.47,138.82
15/9-F-14,2016-01-27,24.0,265.31,27.56,88.24,100.0,1.69,159.12
15/9-F-14,2016-01-28,24.0,265.37,27.48,86.43,100.0,1.63,151.83
15/9-F-14,2016-01-29,24.0,265.34,27.43,85.17,100.0,1.58,152.55
15/9-F-14,2016-01-30,24.0,265.35,27.46,85.35,100.0,1.58,151.74
15/9-F-14,2016-01-31,24.0,265.32,27.49,88.09,100.0,1.64,149.53
15/9-F-14,2016-02-01,24.0,265.35,27.45,86.02,100.0,1.56,148.07
15/9-F-14,2016-02-02,24.0,265.4,27.52,85.83,100.0,1.56,148.14
15/9-F-14,2016-02-03,24.0,265.45,27.61,87.58,100.0,1.59,145.61
15/9-F-14,2016-02-04,23.58,269.15,30.68,86.38,80.934,4.53,123.99
15/9-F-14,2016-02-05,24.0,265.97,28.02,86.47,88.063,1.99,143.41
15/9-F-14,2016-02-06,24.0,265.23,27.46,86.76,100.0,1.59,146.6
15/9-F-14,2016-02-07,24.0,265.39,27.5,85.48,100.0,1.53,143.3
15/9-F-14,2016-02-08,24.0,265.55,27.71,86.95,100.0,1.57,143.01
15/9-F-14,2016-02-09,24.0,265.73,27.88,87.57,100.0,1.57,143.71
15/9-F-14,2016-02-10,24.0,266.09,28.24,88.37,100.0,1.59,141.92
15/9-F-14,2016-02-11,24.0,266.7,28.77,87.99,100.0,1.56,143.84
15/9-F-14,2016-02-12,24.0,266.74,28.81,87.11,100.0,1.54,135.93
15/9-F-14,2016-02-13,24.0,266.79,28.9,88.07,100.0,1.55,131.98
15/9-F-14,2016-02-14,24.0,266.97,29.07,87.92,100.0,1.55,134.47
15/9-F-14,2016-02-15,24.0,266.9,29.0,87.97,100.0,1.57,134.02
15/9-F-14,2016-02-16,24.0,266.89,28.87,86.03,100.0,1.49,132.57
15/9-F-14,2016-02-17,24.0,266.99,28.96,86.15,100.0,1.47,132.18
15/9-F-14,2016-02-18,24.0,267.0,29.07,87.77,100.0,1.55,129.78
15/9-F-14,2016-02-19,24.0,266.76,28.75,86.0,100.0,1.47,125.46
15/9-F-14,2016-02-20,24.0,266.68,28.63,86.48,100.0,1.52,129.68
15/9-F-14,2016-02-21,24.0,267.03,28.72,86.87,100.0,1.58,123.46
15/9-F-14,2016-02-22,24.0,266.76,28.35,88.03,100.0,1.68,125.82
15/9-F-14,2016-02-23,24.0,267.14,28.48,87.88,100.0,1.73,125.71
15/9-F-14,2016-02-24,24.0,267.47,28.61,88.17,100.0,1.79,125.29
15/9-F-14,2016-02-25,24.0,268.15,29.05,88.37,100.0,1.81,127.94
15/9-F-14,2016-02-26,24.0,267.22,28.14,88.86,100.0,1.97,139.07
15/9-F-14,2016-02-27,24.0,267.77,28.36,88.92,100.0,2.01,138.2
15/9-F-14,2016-02-28,24.0,268.22,28.62,89.06,100.0,2.05,139.83
15/9-F-14,2016-02-29,24.0,268.42,28.59,87.81,100.0,1.98,138.78
15/9-F-14,2016-03-01,24.0,268.25,28.58,86.18,100.0,1.9,140.97
15/9-F-14,2016-03-02,24.0,268.08,28.64,88.84,100.0,1.97,138.93
15/9-F-14,2016-03-03,24.0,267.94,28.59,88.97,100.0,1.96,137.47
15/9-F-14,2016-03-04,24.0,267.81,28.48,88.23,100.0,1.9,136.45
15/9-F-14,2016-03-05,24.0,267.65,28.42,88.83,100.0,1.94,134.55
15/9-F-14,2016-03-06,24.0,267.57,28.4,88.71,100.0,1.93,134.34
15/9-F-14,2016-03-07,24.0,267.51,28.39,88.8,100.0,1.93,132.94
15/9-F-14,2016-03-08,24.0,267.52,28.35,88.03,100.0,1.84,131.43
15/9-F-14,2016-03-09,24.0,267.5,28.32,87.92,100.0,1.78,129.73
15/9-F-14,2016-03-10,24.0,267.47,28.29,87.85,100.0,1.79,129.67
15/9-F-14,2016-03-11,24.0,267.47,28.28,86.81,100.0,1.76,128.01
15/9-F-14,2016-03-12,18.67,270.28,30.19,84.95,60.974,4.01,78.86
15/9-F-14,2016-03-13,24.0,267.9,28.58,87.36,100.0,1.81,123.15
15/9-F-14,2016-03-14,24.0,266.96,27.8,88.6,100.0,1.92,126.68
15/9-F-14,2016-03-15,24.0,266.98,27.79,88.73,100.0,1.91,125.61
15/9-F-14,2016-03-16,24.0,266.97,27.77,88.74,100.0,1.91,127.05
15/9-F-14,2016-03-17,24.0,266.96,27.75,88.75,100.0,1.89,120.66
15/9-F-14,2016-03-18,24.0,267.13,27.89,88.69,100.0,1.85,118.92
15/9-F-14,2016-03-19,24.0,266.97,27.76,88.61,100.0,1.85,117.8
15/9-F-14,2016-03-20,24.0,267.08,27.87,88.57,100.0,1.82,118.58
15/9-F-14,2016-03-21,24.0,267.27,28.07,88.66,100.0,1.79,117.29
15/9-F-14,2016-03-22,24.0,267.21,28.04,88.78,100.0,1.8,113.59
15/9-F-14,2016-03-23,24.0,267.32,28.13,88.75,100.0,1.76,112.78
15/9-F-14,2016-03-24,24.0,267.33,28.13,87.49,100.0,1.7,113.55
15/9-F-14,2016-03-25,24.0,267.19,28.06,88.35,100.0,1.73,114.13
15/9-F-14,2016-03-26,24.0,267.39,28.16,86.37,100.0,1.61,111.92
15/9-F-14,2016-03-27,23.0,267.6,28.37,86.02,100.0,1.59,106.43
15/9-F-14,2016-03-28,24.0,267.63,28.43,86.61,100.0,1.6,109.31
15/9-F-14,2016-03-29,24.0,267.67,28.49,88.62,100.0,1.72,110.06
15/9-F-14,2016-03-30,24.0,267.69,28.47,88.62,100.0,1.72,107.52
15/9-F-14,2016-03-31,24.0,267.94,28.71,88.55,100.0,1.73,105.42
15/9-F-14,2016-04-01,24.0,268.0,28.66,86.88,100.0,1.62,103.59
15/9-F-14,2016-04-02,24.0,267.93,28.73,87.5,100.0,1.65,102.03
15/9-F-14,2016-04-03,24.0,267.8,28.56,87.55,100.0,1.63,102.69
15/9-F-14,2016-04-04,24.0,267.49,28.31,88.15,100.0,1.66,102.82
15/9-F-14,2016-04-05,24.0,267.32,28.12,87.67,100.0,1.64,102.44
15/9-F-14,2016-04-06,22.83,275.79,35.33,82.96,65.909,8.75,76.6
15/9-F-14,2016-04-07,24.0,269.38,29.97,87.77,76.538,3.9,94.06
15/9-F-14,2016-04-08,24.0,266.61,27.66,88.59,100.0,1.8,118.84
15/9-F-14,2016-04-09,24.0,266.66,27.51,87.49,100.0,1.67,115.85
15/9-F-14,2016-04-10,24.0,266.6,27.52,87.48,100.0,1.69,115.19
15/9-F-14,2016-04-11,24.0,266.56,27.55,87.99,100.0,1.71,112.58
15/9-F-14,2016-04-12,24.0,266.52,27.54,88.11,100.0,1.7,109.13
15/9-F-14,2016-04-13,24.0,266.47,27.54,88.03,100.0,1.7,108.94
15/9-F-14,2016-04-14,24.0,266.42,27.56,88.57,100.0,1.71,109.65
15/9-F-14,2016-04-15,24.0,266.37,27.55,88.32,100.0,1.69,106.58
15/9-F-14,2016-04-16,24.0,266.34,27.54,88.41,100.0,1.69,112.71
15/9-F-14,2016-04-17,24.0,265.89,27.19,87.72,100.0,1.7,116.79
15/9-F-14,2016-04-18,24.0,266.84,28.08,87.19,94.131,2.37,98.36
15/9-F-14,2016-04-19,24.0,268.53,29.73,87.92,78.29,3.93,112.19
15/9-F-14,2016-04-20,24.0,266.05,27.52,88.27,100.0,1.71,115.51
15/9-F-14,2016-04-21,24.0,266.02,27.52,88.34,100.0,1.71,111.87
15/9-F-14,2016-04-22,21.0,272.79,33.2,83.99,63.743,7.46,77.77
15/9-F-14,2016-04-23,24.0,265.75,27.55,87.94,100.0,1.74,110.55
15/9-F-14,2016-04-24,24.0,267.77,29.24,88.13,70.72,3.42,99.04
15/9-F-14,2016-04-25,24.0,269.73,30.89,87.77,46.487,4.98,96.43
15/9-F-14,2016-04-26,24.0,270.5,31.53,87.83,43.14,5.75,93.76
15/9-F-14,2016-04-27,24.0,270.54,31.55,88.13,43.037,5.72,92.3
15/9-F-14,2016-04-28,24.0,270.48,31.37,87.84,43.134,5.59,93.42
15/9-F-14,2016-04-29,24.0,270.53,31.38,87.43,43.164,5.6,100.39
15/9-F-14,2016-04-30,24.0,270.58,31.41,88.04,43.205,5.73,100.33
15/9-F-14,2016-05-01,24.0,270.69,31.39,86.81,43.15,5.61,97.69
15/9-F-14,2016-05-02,24.0,270.91,31.56,86.24,43.06,5.54,101.32
15/9-F-14,2016-05-03,24.0,271.09,31.78,87.26,42.967,5.55,111.05
15/9-F-14,2016-05-04,24.0,270.84,31.46,86.61,43.08,5.53,110.1
15/9-F-14,2016-05-05,24.0,270.7,31.32,86.1,43.068,5.54,110.78
15/9-F-14,2016-05-06,24.0,270.69,31.31,86.73,43.036,5.54,111.23
15/9-F-14,2016-05-07,24.0,270.68,31.39,88.01,42.958,5.59,110.71
15/9-F-14,2016-05-08,24.0,270.68,31.31,85.77,43.142,5.49,110.4
15/9-F-14,2016-05-09,24.0,270.63,31.26,86.21,43.093,5.5,108.96
15/9-F-14,2016-05-10,24.0,270.63,31.35,88.17,43.016,5.57,107.66
15/9-F-14,2016-05-11,24.0,270.71,31.45,88.48,43.292,5.66,107.36
15/9-F-14,2016-05-12,24.0,270.75,31.51,88.6,43.264,5.71,106.46
15/9-F-14,2016-05-13,24.0,270.79,31.54,88.19,43.191,5.74,105.69
15/9-F-14,2016-05-14,24.0,270.79,31.53,87.93,43.158,5.75,104.75
15/9-F-14,2016-05-15,18.0,274.24,34.02,83.0,30.14,8.17,71.02
15/9-F-14,2016-05-16,24.0,270.14,30.67,88.27,47.383,4.85,106.52
15/9-F-14,2016-05-17,24.0,270.75,31.52,88.4,43.202,5.72,103.84
15/9-F-14,2016-05-18,24.0,270.75,31.46,88.02,43.133,5.66,103.26
15/9-F-14,2016-05-19,24.0,270.67,31.43,87.99,43.244,5.64,102.32
15/9-F-14,2016-05-20,24.0,270.77,31.5,87.67,43.101,5.7,102.15
15/9-F-14,2016-05-21,24.0,270.64,31.38,87.1,43.127,5.6,100.7
15/9-F-14,2016-05-22,24.0,270.55,31.41,88.26,43.016,5.6,101.14
15/9-F-14,2016-05-23,24.0,270.51,31.41,88.63,43.083,5.62,101.57
15/9-F-14,2016-05-24,24.0,270.62,31.48,88.36,43.291,5.7,102.31
15/9-F-14,2016-05-25,24.0,270.6,31.49,88.6,43.191,5.7,102.71
15/9-F-14,2016-05-26,24.0,270.57,31.49,88.79,43.166,5.69,102.73
15/9-F-14,2016-05-27,24.0,270.5,31.44,88.79,43.19,5.65,101.76
15/9-F-14,2016-05-28,24.0,270.57,31.49,88.69,43.268,5.7,102.13
15/9-F-14,2016-05-29,24.0,270.6,31.5,88.08,43.159,5.73,101.12
15/9-F-14,2016-05-30,24.0,270.61,31.55,88.83,43.097,5.75,100.78
15/9-F-14,2016-05-31,24.0,270.52,31.47,88.63,43.163,5.69,102.74
15/9-F-14,2016-06-01,24.0,270.46,31.42,88.54,43.151,5.64,102.65
15/9-F-14,2016-06-02,24.0,270.42,31.38,88.57,43.12,5.6,101.83
15/9-F-14,2016-06-03,24.0,270.38,31.39,88.93,43.01,5.6,97.14
15/9-F-14,2016-06-04,24.0,270.32,31.34,88.76,43.035,5.55,102.59
15/9-F-14,2016-06-05,24.0,270.27,31.3,88.77,43.02,5.51,103.15
15/9-F-14,2016-06-06,24.0,270.24,31.26,88.86,43.025,5.46,103.3
15/9-F-14,2016-06-07,24.0,270.51,31.51,88.82,43.192,5.72,103.68
15/9-F-14,2016-06-08,22.42,273.16,33.36,86.4,37.862,7.97,91.57
15/9-F-14,2016-06-09,24.0,268.02,29.32,88.86,53.937,3.79,102.38
15/9-F-14,2016-06-10,24.0,267.92,29.25,89.06,56.411,3.7,105.78
15/9-F-14,2016-06-11,23.99,266.8,28.25,89.29,88.62,2.69,109.05
15/9-F-14,2016-06-12,21.68,274.11,34.18,82.43,58.295,8.69,91.46
15/9-F-14,2016-06-13,24.0,267.82,29.16,88.9,71.532,3.62,107.23
15/9-F-14,2016-06-14,24.0,269.68,30.82,88.45,45.042,5.3,104.48
15/9-F-14,2016-06-15,24.0,269.71,30.88,88.62,45.025,5.33,103.8
15/9-F-14,2016-06-16,24.0,269.71,30.88,88.72,45.035,5.32,104.63
15/9-F-14,2016-06-17,24.0,269.73,30.89,89.23,44.939,5.37,103.29
15/9-F-14,2016-06-18,24.0,269.68,30.82,88.81,44.992,5.31,103.44
15/9-F-14,2016-06-19,24.0,269.65,30.78,88.94,45.023,5.27,103.55
15/9-F-14,2016-06-20,24.0,269.6,30.73,87.81,44.902,5.2,103.75
15/9-F-14,2016-06-21,24.0,269.61,30.73,89.05,44.924,5.2,103.44
15/9-F-14,2016-06-22,24.0,269.58,30.63,88.47,44.946,5.12,103.21
15/9-F-14,2016-06-23,24.0,269.55,30.61,88.75,44.929,5.11,103.27
15/9-F-14,2016-06-24,24.0,269.57,30.72,89.45,44.797,5.19,103.37
15/9-F-14,2016-06-25,24.0,269.52,30.67,89.46,44.81,5.15,102.57
15/9-F-14,2016-06-26,24.0,269.48,30.65,89.32,44.859,5.11,102.85
15/9-F-14,2016-06-27,24.0,269.76,30.86,89.05,45.107,5.34,101.46
15/9-F-14,2016-06-28,24.0,269.88,30.97,88.78,45.126,5.45,102.26
15/9-F-14,2016-06-29,24.0,269.83,30.89,88.38,45.204,5.37,102.38
15/9-F-14,2016-06-30,24.0,269.83,30.93,88.84,45.155,5.4,101.47
15/9-F-14,2016-07-01,24.0,269.89,30.98,88.83,45.161,5.32,102.89
15/9-F-14,2016-07-02,24.0,269.79,30.93,89.18,45.175,5.39,101.58
15/9-F-14,2016-07-03,24.0,269.79,30.96,89.14,45.109,5.44,102.43
15/9-F-14,2016-07-04,24.0,269.78,30.96,89.48,45.084,5.44,100.67
15/9-F-14,2016-07-05,24.0,269.77,30.97,89.52,45.077,5.43,101.88
15/9-F-14,2016-07-06,24.0,269.6,30.81,89.43,45.857,5.28,98.3
15/9-F-14,2016-07-07,24.0,266.2,27.76,89.44,93.424,2.19,106.19
15/9-F-14,2016-07-08,24.0,266.04,27.56,89.31,100.0,2.0,106.3
15/9-F-14,2016-07-09,22.67,268.81,29.73,87.86,82.191,4.11,102.09
15/9-F-14,2016-07-10,24.0,265.92,27.52,89.15,100.0,1.96,113.38
15/9-F-14,2016-07-11,23.67,267.77,29.13,89.07,91.162,3.41,108.84
15/9-F-14,2016-07-12,24.0,266.0,27.73,89.5,100.0,1.94,113.84
15/9-F-14,2016-07-13,14.89,266.39,28.13,89.35,60.59,2.54,68.47
15/9-F-15 D,2014-01-16,24.0,241.77,55.87,16.9,8.661,27.97,351.05
15/9-F-15 D,2014-01-17,24.0,213.85,51.64,22.36,9.47,22.35,485.34
15/9-F-15 D,2014-01-18,24.0,206.61,48.69,22.23,9.688,19.86,513.12
15/9-F-15 D,2014-01-19,24.0,203.07,46.57,20.96,9.731,18.04,497.55
15/9-F-15 D,2014-01-20,24.0,203.98,46.87,21.19,9.401,18.36,469.59
15/9-F-15 D,2014-01-21,24.0,201.57,45.86,22.55,9.581,17.35,479.09
15/9-F-15 D,2014-01-22,24.0,199.67,45.0,22.47,9.536,16.5,495.13
15/9-F-15 D,2014-01-23,24.0,200.19,45.14,23.34,9.415,16.59,430.23
15/9-F-15 D,2014-01-24,24.0,200.64,45.2,22.78,9.4,16.69,409.09
15/9-F-15 D,2014-01-25,24.0,200.99,45.25,26.75,9.358,16.71,443.84
15/9-F-15 D,2014-01-26,24.0,200.49,45.02,24.84,9.376,16.49,360.8
15/9-F-15 D,2014-01-27,24.0,200.18,44.84,20.16,9.405,16.26,362.03
15/9-F-15 D,2014-01-28,24.0,201.55,45.24,21.59,9.35,16.7,377.77
15/9-F-15 D,2014-02-01,24.0,200.4,45.23,21.42,4.168,15.86,356.46
15/9-F-15 D,2014-02-02,24.0,200.86,45.47,27.26,3.742,16.13,338.4
15/9-F-15 D,2014-02-03,24.0,200.13,45.2,27.99,3.7,15.89,336.0
15/9-F-15 D,2014-02-04,24.0,199.89,45.07,25.65,3.602,15.77,325.52
15/9-F-15 D,2014-02-05,24.0,200.06,45.06,24.86,3.444,15.65,312.16
15/9-F-15 D,2014-02-06,7.88,201.71,45.11,23.02,1.983,13.98,117.66
15/9-F-15 D,2014-02-08,21.94,218.04,52.93,21.4,3.044,23.86,381.23
15/9-F-15 D,2014-02-09,24.0,200.95,45.73,27.18,4.865,16.38,373.59
15/9-F-15 D,2014-02-10,12.0,205.64,47.1,26.72,5.092,17.15,334.24
15/9-F-15 D,2014-02-11,15.39,200.27,44.89,29.05,4.161,14.75,262.69
15/9-F-15 D,2014-02-12,23.28,210.43,48.98,24.66,3.618,18.25,334.29
15/9-F-15 D,2014-02-13,24.0,199.81,45.09,25.79,3.959,15.6,369.51
15/9-F-15 D,2014-02-14,24.0,199.95,45.15,29.19,3.667,15.78,348.32
15/9-F-15 D,2014-02-15,24.0,199.25,44.85,28.02,3.599,15.84,337.97
15/9-F-15 D,2014-02-16,24.0,200.85,45.33,31.1,3.239,15.98,308.48
15/9-F-15 D,2014-02-17,24.0,200.86,45.28,33.24,3.224,15.94,262.46
15/9-F-15 D,2014-02-18,11.17,208.11,45.06,29.0,2.865,15.61,134.26
15/9-F-15 D,2014-02-19,24.0,203.09,45.64,28.96,3.514,16.04,301.33
15/9-F-15 D,2014-02-20,24.0,199.76,44.5,26.18,3.255,14.91,281.26
15/9-F-15 D,2014-02-21,24.0,200.71,45.11,27.7,2.99,15.52,255.93
15/9-F-15 D,2014-02-22,24.0,201.18,45.29,28.35,2.87,15.72,252.46
15/9-F-15 D,2014-02-23,24.0,200.95,45.18,27.96,2.92,15.64,250.86
15/9-F-15 D,2014-02-24,24.0,200.6,45.14,29.16,2.913,15.61,278.48
15/9-F-15 D,2014-02-25,24.0,199.23,44.96,27.43,2.879,15.43,268.59
15/9-F-15 D,2014-02-26,24.0,200.61,45.06,28.26,2.846,15.53,265.37
15/9-F-15 D,2014-02-27,24.0,200.18,44.84,28.19,2.809,15.31,259.99
15/9-F-15 D,2014-02-28,24.0,200.54,44.91,30.97,2.671,15.39,251.09
15/9-F-15 D,2014-03-01,24.0,200.1,44.88,29.78,2.644,15.33,242.16
15/9-F-15 D,2014-03-02,24.0,199.97,44.87,26.78,2.617,15.17,239.92
15/9-F-15 D,2014-03-03,24.0,199.92,44.88,25.18,2.465,15.37,236.48
15/9-F-15 D,2014-03-04,24.0,200.34,44.93,28.07,2.439,15.44,226.36
15/9-F-15 D,2014-03-05,24.0,200.15,44.73,30.5,2.369,15.26,232.62
15/9-F-15 D,2014-03-06,24.0,200.4,44.53,29.6,2.339,15.07,230.65
15/9-F-15 D,2014-03-07,24.0,200.12,44.18,29.78,2.411,14.71,231.96
15/9-F-15 D,2014-03-08,24.0,200.22,44.26,28.85,2.403,15.11,229.4
15/9-F-15 D,2014-03-09,24.0,201.23,44.45,30.24,2.369,14.97,227.01
15/9-F-15 D,2014-03-10,24.0,200.42,44.09,33.98,2.536,14.61,261.49
15/9-F-15 D,2014-03-11,24.0,200.08,44.03,33.0,2.592,14.57,264.28
15/9-F-15 D,2014-03-12,24.0,199.94,44.14,31.88,2.613,14.32,264.46
15/9-F-15 D,2014-03-13,24.0,199.82,44.19,33.04,2.463,14.73,254.96
15/9-F-15 D,2014-03-14,24.0,199.62,44.24,31.42,2.541,14.77,257.13
15/9-F-15 D,2014-03-15,24.0,200.01,44.51,32.78,2.516,15.04,255.09
15/9-F-15 D,2014-03-16,24.0,200.2,44.67,31.61,2.469,15.17,248.63
15/9-F-15 D,2014-03-17,24.0,199.88,44.56,32.88,2.449,14.87,248.22
15/9-F-15 D,2014-03-18,24.0,199.86,44.54,32.89,2.445,14.84,244.88
15/9-F-15 D,2014-03-19,24.0,199.71,44.5,30.98,2.334,15.44,236.67
15/9-F-15 D,2014-03-20,24.0,200.39,44.72,28.56,2.171,15.09,225.45
15/9-F-15 D,2014-03-21,24.0,199.74,44.47,28.74,2.245,14.76,229.31
15/9-F-15 D,2014-03-22,13.42,200.23,43.93,29.33,2.177,14.23,192.31
15/9-F-15 D,2014-03-23,24.0,199.89,43.73,27.3,2.981,13.88,267.64
15/9-F-15 D,2014-03-24,1.56,202.56,44.92,28.85,1.737,16.01,24.01
15/9-F-15 D,2014-03-25,6.36,208.31,47.16,24.0,14.513,16.26,178.5
15/9-F-15 D,2014-03-26,24.0,200.11,44.6,28.75,0.756,14.42,72.79
15/9-F-15 D,2014-03-27,12.5,208.81,46.09,22.08,11.671,16.2,197.56
15/9-F-15 D,2014-03-28,24.0,214.07,48.55,21.98,12.351,16.02,295.02
15/9-F-15 D,2014-03-29,13.92,212.86,48.69,23.88,10.999,18.56,190.24
15/9-F-15 D,2014-03-30,23.0,199.97,44.87,31.41,12.657,15.44,343.28
15/9-F-15 D,2014-03-31,24.0,200.09,45.06,32.85,12.782,15.64,232.99
15/9-F-15 D,2014-04-01,24.0,201.42,45.84,31.84,12.576,16.41,244.15
15/9-F-15 D,2014-04-02,24.0,201.17,45.87,29.16,12.545,16.47,243.97
15/9-F-15 D,2014-04-03,24.0,200.83,45.78,27.13,12.54,16.35,244.72
15/9-F-15 D,2014-04-04,24.0,200.37,45.57,24.7,12.536,16.13,248.08
15/9-F-15 D,2014-04-05,24.0,200.44,45.57,27.32,12.279,16.14,245.44
15/9-F-15 D,2014-04-06,18.06,200.39,45.49,29.42,10.648,16.09,183.67
15/9-F-15 D,2014-04-07,18.94,206.97,47.28,26.44,10.023,18.54,208.02
15/9-F-15 D,2014-04-08,24.0,199.91,45.16,29.9,12.621,15.88,240.57
15/9-F-15 D,2014-04-09,24.0,200.11,45.39,32.3,12.453,15.97,249.1
15/9-F-15 D,2014-04-10,21.71,203.13,46.52,29.69,11.134,17.34,220.07
15/9-F-15 D,2014-04-11,24.0,200.08,45.42,31.53,12.337,15.93,251.02
15/9-F-15 D,2014-04-12,24.0,199.96,45.41,28.19,12.297,15.91,249.52
15/9-F-15 D,2014-04-13,24.0,200.32,45.44,29.98,12.315,15.96,246.85
15/9-F-15 D,2014-04-14,24.0,200.38,45.37,30.65,12.067,15.89,247.48
15/9-F-15 D,2014-04-15,24.0,200.22,45.23,32.04,12.338,15.75,247.69
15/9-F-15 D,2014-04-16,24.0,199.5,45.13,29.32,12.364,15.64,247.99
15/9-F-15 D,2014-04-17,24.0,200.22,45.07,30.43,12.331,15.59,250.07
15/9-F-15 D,2014-04-18,24.0,200.16,44.99,32.47,12.314,15.51,247.18
15/9-F-15 D,2014-04-19,24.0,199.52,44.7,32.46,12.452,15.22,251.39
15/9-F-15 D,2014-04-20,24.0,199.47,44.61,31.48,12.505,15.12,251.0
15/9-F-15 D,2014-04-21,24.0,199.79,44.67,34.6,12.404,15.98,248.55
15/9-F-15 D,2014-04-22,24.0,199.97,44.71,32.66,12.311,16.39,237.41
15/9-F-15 D,2014-04-23,22.48,199.77,44.64,26.92,11.74,16.29,217.96
15/9-F-15 D,2014-04-24,19.69,205.0,46.29,24.88,10.227,17.66,192.44
15/9-F-15 D,2014-04-25,24.0,199.75,44.9,28.53,12.133,16.26,247.23
15/9-F-15 D,2014-04-26,24.0,200.34,44.84,26.83,12.114,16.17,244.07
15/9-F-15 D,2014-04-27,24.0,200.53,44.62,30.43,12.063,15.93,243.12
15/9-F-15 D,2014-04-28,24.0,200.23,44.3,34.6,12.2,15.6,245.97
15/9-F-15 D,2014-04-29,24.0,200.02,44.15,32.99,12.347,15.44,238.06
15/9-F-15 D,2014-04-30,24.0,199.97,44.11,32.55,12.309,15.4,230.51
15/9-F-15 D,2014-05-01,24.0,199.32,43.79,32.76,12.371,15.09,229.21
15/9-F-15 D,2014-05-02,24.0,199.54,43.87,33.17,12.342,15.04,227.49
15/9-F-15 D,2014-05-03,24.0,200.09,44.02,33.64,12.287,15.33,225.58
15/9-F-15 D,2014-05-04,24.0,199.75,43.85,31.17,12.341,15.15,224.74
15/9-F-15 D,2014-05-05,24.0,200.03,43.92,30.81,12.347,15.21,258.38
15/9-F-15 D,2014-05-06,24.0,199.92,43.81,29.24,12.336,15.05,254.05
15/9-F-15 D,2014-05-07,24.0,200.22,43.87,32.09,12.308,14.36,252.47
15/9-F-15 D,2014-05-08,24.0,200.25,43.78,31.25,12.325,13.63,261.88
15/9-F-15 D,2014-05-09,24.0,199.74,43.48,29.23,12.33,14.12,348.6
15/9-F-15 D,2014-05-10,24.0,199.83,43.45,29.03,12.317,14.82,253.83
15/9-F-15 D,2014-05-11,24.0,200.19,43.44,31.45,12.286,14.31,231.51
15/9-F-15 D,2014-05-12,24.0,200.74,43.52,33.21,12.228,14.35,224.81
15/9-F-15 D,2014-05-13,24.0,200.64,43.27,31.68,11.966,14.22,223.23
15/9-F-15 D,2014-05-14,24.0,200.5,43.14,33.2,11.952,14.53,225.84
15/9-F-15 D,2014-05-15,24.0,200.33,43.01,32.74,11.915,14.42,210.63
15/9-F-15 D,2014-05-16,24.0,200.24,42.82,32.98,12.022,13.93,210.13
15/9-F-15 D,2014-05-17,24.0,195.29,41.24,34.29,13.138,12.28,232.87
15/9-F-15 D,2014-05-18,24.0,195.33,41.65,31.26,12.652,13.14,225.92
15/9-F-15 D,2014-05-19,24.0,195.21,41.36,29.99,12.524,12.86,220.88
15/9-F-15 D,2014-05-20,24.0,195.14,41.14,30.78,12.687,12.65,222.58
15/9-F-15 D,2014-05-21,24.0,195.02,40.96,31.56,12.639,12.47,221.78
15/9-F-15 D,2014-05-22,24.0,195.22,40.86,32.79,12.614,12.35,223.49
15/9-F-15 D,2014-05-23,24.0,195.23,40.74,31.89,12.553,12.22,224.58
15/9-F-15 D,2014-05-24,24.0,195.07,40.52,35.73,12.471,12.04,224.8
15/9-F-15 D,2014-05-25,24.0,196.76,41.22,34.91,12.141,12.71,218.49
15/9-F-15 D,2014-05-26,24.0,200.1,42.5,30.44,11.376,13.87,195.66
15/9-F-15 D,2014-05-27,24.0,200.1,42.15,33.61,11.78,13.48,201.53
15/9-F-15 D,2014-05-28,24.0,199.24,41.99,32.65,11.775,13.32,231.07
15/9-F-15 D,2014-05-29,24.0,199.83,41.95,35.12,11.858,13.27,234.29
15/9-F-15 D,2014-05-30,24.0,200.08,42.09,35.04,11.917,13.41,237.1
15/9-F-15 D,2014-05-31,24.0,200.25,42.16,34.6,11.898,13.54,241.19
15/9-F-15 D,2014-06-01,24.0,200.17,42.11,35.08,11.939,13.41,243.64
15/9-F-15 D,2014-06-02,21.5,202.56,43.86,29.14,10.633,15.12,221.03
15/9-F-15 D,2014-06-03,24.0,200.59,42.83,28.16,11.835,14.13,239.71
15/9-F-15 D,2014-06-04,24.0,201.34,42.79,28.89,11.817,14.08,237.3
15/9-F-15 D,2014-06-05,24.0,200.8,42.35,33.21,12.016,13.65,255.67
15/9-F-15 D,2014-06-06,24.0,200.31,42.31,34.06,12.03,13.6,256.0
15/9-F-15 D,2014-06-07,24.0,200.14,42.48,33.04,12.035,13.78,257.84
15/9-F-15 D,2014-06-08,24.0,200.38,42.63,32.03,11.984,13.91,256.49
15/9-F-15 D,2014-06-09,24.0,200.34,42.63,33.72,11.976,13.93,288.87
15/9-F-15 D,2014-06-10,24.0,200.24,42.66,31.54,11.97,13.95,255.7
15/9-F-15 D,2014-06-11,24.0,200.08,42.51,33.88,11.91,13.78,254.83
15/9-F-15 D,2014-06-12,24.0,199.94,42.49,35.82,11.888,13.76,253.87
15/9-F-15 D,2014-06-13,24.0,200.12,42.74,35.24,11.921,14.04,239.97
15/9-F-15 D,2014-06-14,24.0,199.8,42.68,34.76,11.94,13.98,236.57
15/9-F-15 D,2014-06-15,24.0,199.65,42.72,34.85,11.918,14.01,236.55
15/9-F-15 D,2014-06-16,24.0,199.45,42.65,34.7,11.654,13.94,232.51
15/9-F-15 D,2014-06-17,24.0,199.84,42.84,34.93,11.846,14.09,231.91
15/9-F-15 D,2014-06-18,24.0,200.89,43.22,35.33,11.805,14.5,229.52
15/9-F-15 D,2014-06-19,24.0,201.66,43.41,33.93,11.705,14.7,225.7
15/9-F-15 D,2014-06-20,24.0,200.07,42.63,35.02,11.776,13.89,226.71
15/9-F-15 D,2014-06-21,24.0,200.7,43.04,35.39,11.812,14.32,225.72
15/9-F-15 D,2014-06-22,24.0,200.02,42.74,36.09,11.824,14.02,223.97
15/9-F-15 D,2014-06-23,24.0,200.29,42.91,36.37,11.803,13.87,219.8
15/9-F-15 D,2014-06-24,24.0,200.35,42.82,36.11,11.645,14.11,226.23
15/9-F-15 D,2014-06-25,24.0,200.16,42.75,36.66,11.4,14.03,231.36
15/9-F-15 D,2014-06-26,16.5,207.26,46.37,32.43,7.449,18.49,127.49
15/9-F-15 D,2014-06-27,23.33,201.32,44.89,32.27,11.044,15.89,205.56
15/9-F-15 D,2014-06-28,24.0,199.99,43.9,33.91,11.607,15.2,225.63
15/9-F-15 D,2014-06-29,24.0,200.21,43.16,33.8,11.348,14.44,220.34
15/9-F-15 D,2014-06-30,24.0,200.17,42.27,33.65,11.36,13.53,226.06
15/9-F-15 D,2014-07-01,24.0,199.96,41.91,34.43,11.715,13.19,226.89
15/9-F-15 D,2014-07-02,24.0,200.04,42.02,33.6,11.702,13.3,226.6
15/9-F-15 D,2014-07-03,24.0,199.91,42.0,33.45,11.682,13.29,226.34
15/9-F-15 D,2014-07-04,24.0,200.09,42.21,31.13,11.723,13.51,225.47
15/9-F-15 D,2014-07-05,24.0,199.98,42.1,31.36,11.748,13.39,225.66
15/9-F-15 D,2014-07-06,24.0,200.05,42.21,33.1,11.763,13.48,225.73
15/9-F-15 D,2014-07-07,24.0,200.28,42.21,33.95,11.739,13.5,229.33
15/9-F-15 D,2014-07-08,24.0,200.1,41.95,35.81,11.716,13.22,230.15
15/9-F-15 D,2014-07-09,24.0,199.51,41.83,35.89,11.757,13.11,230.38
15/9-F-15 D,2014-07-10,24.0,199.58,41.87,35.75,11.726,13.16,233.28
15/9-F-15 D,2014-07-11,24.0,199.94,41.92,35.63,11.664,13.19,232.53
15/9-F-15 D,2014-07-12,24.0,198.72,41.42,34.68,11.814,12.71,231.65
15/9-F-15 D,2014-07-13,24.0,198.55,41.61,33.69,11.761,12.9,229.51
15/9-F-15 D,2014-07-14,24.0,198.58,41.44,37.18,11.743,12.72,226.01
15/9-F-15 D,2014-07-15,24.0,197.77,41.08,34.94,11.864,12.38,233.07
15/9-F-15 D,2014-07-16,24.0,197.55,41.0,34.88,11.873,12.32,231.68
15/9-F-15 D,2014-07-17,24.0,197.34,40.9,35.15,11.853,12.18,231.08
15/9-F-15 D,2014-07-18,24.0,197.08,40.72,37.61,11.856,12.0,229.48
15/9-F-15 D,2014-07-19,24.0,196.74,40.62,34.8,11.856,11.91,229.08
15/9-F-15 D,2014-07-20,18.59,196.72,40.65,30.86,9.655,11.94,155.38
15/9-F-15 D,2014-07-21,18.07,202.39,44.29,32.78,9.255,15.66,133.54
15/9-F-15 D,2014-07-22,24.0,200.38,44.17,34.13,11.444,15.49,224.19
15/9-F-15 D,2014-07-23,24.0,200.25,43.21,34.98,11.428,14.51,221.77
15/9-F-15 D,2014-07-24,24.0,200.03,41.9,36.25,11.374,13.18,223.21
15/9-F-15 D,2014-07-25,24.0,200.15,40.88,36.12,11.535,12.16,225.33
15/9-F-15 D,2014-07-26,24.0,199.92,40.89,36.64,11.521,12.25,223.58
15/9-F-15 D,2014-07-27,24.0,200.02,41.11,34.76,11.557,11.92,225.86
15/9-F-15 D,2014-07-28,24.0,200.28,41.12,36.08,11.605,11.52,225.28
15/9-F-15 D,2014-07-29,24.0,199.93,41.06,35.52,11.63,11.45,224.12
15/9-F-15 D,2014-07-30,24.0,199.61,41.17,34.79,11.648,12.17,214.87
15/9-F-15 D,2014-07-31,24.0,199.36,41.03,35.5,11.667,12.28,196.37
15/9-F-15 D,2014-08-01,24.0,199.94,41.4,34.34,11.567,12.67,195.54
15/9-F-15 D,2014-08-02,24.0,200.33,41.29,33.86,11.511,12.55,195.23
15/9-F-15 D,2014-08-03,24.0,200.46,41.34,33.51,11.51,12.59,194.31
15/9-F-15 D,2014-08-04,24.0,200.3,41.29,32.63,11.515,12.56,197.66
15/9-F-15 D,2014-08-05,24.0,200.13,41.23,36.54,11.512,12.52,190.7
15/9-F-15 D,2014-08-06,24.0,199.93,41.33,33.07,11.526,12.61,198.4
15/9-F-15 D,2014-08-07,24.0,200.09,41.29,35.41,11.273,12.57,187.32
15/9-F-15 D,2014-08-08,24.0,200.04,41.21,35.81,11.288,12.47,186.52
15/9-F-15 D,2014-08-09,24.0,199.95,41.28,31.83,11.53,12.54,187.39
15/9-F-15 D,2014-08-10,24.0,200.37,41.45,31.38,11.33,12.73,184.07
15/9-F-15 D,2014-08-11,24.0,200.21,41.23,29.22,11.366,12.49,191.07
15/9-F-15 D,2014-08-12,24.0,199.85,41.21,30.68,11.602,12.47,194.74
15/9-F-15 D,2014-08-13,24.0,199.45,41.05,32.42,11.641,12.32,194.89
15/9-F-15 D,2014-08-14,24.0,199.75,41.28,35.67,11.512,12.53,192.77
15/9-F-15 D,2014-08-15,24.0,199.46,40.95,35.49,11.433,12.24,191.43
15/9-F-15 D,2014-08-16,24.0,199.27,40.96,33.7,11.436,12.27,190.63
15/9-F-15 D,2014-08-17,24.0,199.6,41.01,34.03,11.431,12.38,190.59
15/9-F-15 D,2014-08-18,24.0,200.53,41.28,33.52,11.426,12.7,189.16
15/9-F-15 D,2014-08-19,1.32,201.58,38.72,33.27,9.941,11.83,22.97
15/9-F-15 D,2014-09-02,9.12,257.04,75.91,24.51,3.951,38.2,29.63
15/9-F-15 D,2014-09-03,22.5,215.91,54.1,30.59,11.344,24.95,228.09
15/9-F-15 D,2014-09-04,24.0,203.55,48.45,33.97,12.378,19.78,212.27
15/9-F-15 D,2014-09-05,24.0,201.35,45.84,36.35,12.526,17.44,211.34
15/9-F-15 D,2014-09-06,24.0,200.68,45.62,37.18,11.974,17.19,204.1
15/9-F-15 D,2014-09-07,24.0,199.56,44.7,36.12,12.205,16.29,204.01
15/9-F-15 D,2014-09-08,24.0,200.04,44.42,35.52,11.893,16.01,197.29
15/9-F-15 D,2014-09-09,24.0,199.63,43.82,34.68,12.133,15.42,201.45
15/9-F-15 D,2014-09-10,24.0,199.97,43.7,36.87,11.91,15.3,197.29
15/9-F-15 D,2014-09-11,24.0,200.58,43.29,36.9,11.758,14.91,190.35
15/9-F-15 D,2014-09-12,24.0,199.95,42.94,36.43,11.737,14.55,196.46
15/9-F-15 D,2014-09-13,24.0,200.48,43.11,36.24,11.645,14.72,193.51
15/9-F-15 D,2014-09-14,24.0,200.29,42.48,36.53,11.567,14.09,188.87
15/9-F-15 D,2014-09-15,24.0,200.28,42.71,35.12,11.508,14.33,191.73
15/9-F-15 D,2014-09-16,24.0,201.51,42.66,29.15,11.429,14.14,187.78
15/9-F-15 D,2014-09-17,24.0,199.93,42.14,28.84,11.216,13.72,185.33
15/9-F-15 D,2014-09-18,24.0,199.68,41.99,29.46,11.243,13.61,196.95
15/9-F-15 D,2014-09-19,24.0,200.39,42.05,31.38,11.216,13.67,195.59
15/9-F-15 D,2014-09-20,24.0,199.58,41.54,34.58,11.226,13.15,200.91
15/9-F-15 D,2014-09-21,24.0,200.01,41.69,33.17,11.221,13.28,196.86
15/9-F-15 D,2014-09-22,24.0,199.67,41.36,34.24,11.241,12.95,196.96
15/9-F-15 D,2014-09-23,24.0,199.98,41.5,34.69,11.469,13.09,198.19
15/9-F-15 D,2014-09-24,24.0,200.13,41.27,35.14,11.473,12.84,197.56
15/9-F-15 D,2014-09-25,24.0,199.74,41.23,32.93,11.453,12.82,197.98
15/9-F-15 D,2014-09-26,24.0,199.6,41.1,32.49,11.443,12.69,197.89
15/9-F-15 D,2014-09-27,24.0,199.53,41.04,32.43,11.425,12.64,195.97
15/9-F-15 D,2014-09-28,24.0,199.51,40.93,33.04,11.414,12.52,195.23
15/9-F-15 D,2014-09-29,1.09,201.77,39.67,35.31,3.049,11.31,11.4
15/9-F-15 D,2014-09-30,14.74,215.24,50.49,27.24,7.257,22.09,113.56
15/9-F-15 D,2014-10-01,24.0,200.03,44.01,29.8,11.614,15.56,190.34
15/9-F-15 D,2014-10-02,24.0,200.27,44.04,31.63,11.026,15.59,195.31
15/9-F-15 D,2014-10-03,24.0,201.69,42.61,28.73,11.045,13.67,178.28
15/9-F-15 D,2014-10-04,24.0,199.84,40.5,29.96,11.579,12.04,191.59
15/9-F-15 D,2014-10-05,24.0,200.44,41.02,31.43,11.461,12.5,188.43
15/9-F-15 D,2014-10-06,24.0,200.35,40.99,26.47,11.453,12.52,187.38
15/9-F-15 D,2014-10-07,24.0,199.94,40.99,25.43,11.499,12.52,189.53
15/9-F-15 D,2014-10-08,24.0,201.34,41.46,30.23,11.196,12.99,184.91
15/9-F-15 D,2014-10-09,24.0,200.19,40.89,30.48,11.423,12.39,190.7
15/9-F-15 D,2014-10-10,24.0,199.98,40.95,32.21,11.373,12.48,192.62
15/9-F-15 D,2014-10-11,24.0,199.82,40.93,32.38,11.39,12.47,190.47
15/9-F-15 D,2014-10-12,24.0,200.53,40.84,33.07,11.352,12.39,189.35
15/9-F-15 D,2014-10-13,24.0,199.64,40.75,35.35,11.37,12.29,188.14
15/9-F-15 D,2014-10-14,24.0,199.57,40.59,35.21,11.409,12.11,188.31
15/9-F-15 D,2014-10-15,24.0,199.76,40.8,35.24,11.392,12.32,188.35
15/9-F-15 D,2014-10-16,24.0,200.25,40.79,30.43,11.38,12.32,187.05
15/9-F-15 D,2014-10-17,24.0,199.62,40.62,28.53,11.43,12.14,186.89
15/9-F-15 D,2014-10-18,24.0,199.81,40.81,28.84,11.373,12.34,187.21
15/9-F-15 D,2014-10-19,24.0,200.35,40.74,31.03,11.33,12.25,187.62
15/9-F-15 D,2014-10-20,24.0,200.0,40.57,32.62,11.341,12.08,185.91
15/9-F-15 D,2014-10-21,24.0,199.37,40.54,30.05,11.409,12.05,190.31
15/9-F-15 D,2014-10-22,24.0,199.77,40.68,31.37,11.346,12.18,188.87
15/9-F-15 D,2014-10-23,24.0,200.28,40.62,30.64,11.285,12.12,188.29
15/9-F-15 D,2014-10-24,23.0,201.06,40.96,31.2,10.537,12.45,174.21
15/9-F-15 D,2014-10-25,16.76,201.44,40.64,27.92,9.508,11.89,117.56
15/9-F-15 D,2014-10-26,21.58,206.67,44.6,27.77,9.99,16.12,161.42
15/9-F-15 D,2014-10-27,24.0,200.44,40.46,28.89,11.208,11.97,190.36
15/9-F-15 D,2014-10-28,24.0,200.11,40.06,29.68,11.292,11.04,190.9
15/9-F-15 D,2014-10-29,24.0,199.64,40.31,31.67,11.131,12.44,182.9
15/9-F-15 D,2014-10-30,24.0,199.83,40.21,28.56,11.382,11.69,190.57
15/9-F-15 D,2014-10-31,24.0,199.75,40.28,28.51,11.122,11.75,189.19
15/9-F-15 D,2014-11-01,24.0,199.97,40.25,29.25,11.284,11.71,189.29
15/9-F-15 D,2014-11-02,24.0,199.46,40.11,29.01,11.053,11.53,190.03
15/9-F-15 D,2014-11-03,24.0,199.78,40.3,29.08,11.012,11.72,195.52
15/9-F-15 D,2014-11-04,24.0,199.98,40.14,31.82,11.214,11.54,193.73
15/9-F-15 D,2014-11-05,24.0,199.63,40.05,32.03,11.25,11.45,191.12
15/9-F-15 D,2014-11-06,24.0,200.01,40.21,27.62,11.279,11.61,191.37
15/9-F-15 D,2014-11-07,24.0,200.09,40.14,24.8,11.262,11.57,195.85
15/9-F-15 D,2014-11-08,24.0,199.89,40.07,28.46,11.223,11.54,195.26
15/9-F-15 D,2014-11-09,24.0,199.66,40.05,28.97,11.221,11.53,193.72
15/9-F-15 D,2014-11-10,24.0,199.74,40.1,30.22,11.2,11.46,184.92
15/9-F-15 D,2014-11-11,24.0,200.22,40.08,27.07,11.199,11.53,192.29
15/9-F-15 D,2014-11-12,24.0,200.47,40.1,23.55,11.184,11.54,192.99
15/9-F-15 D,2014-11-13,24.0,200.47,40.03,25.9,11.149,11.47,190.12
15/9-F-15 D,2014-11-14,24.0,200.41,40.04,24.26,11.105,11.5,189.7
15/9-F-15 D,2014-11-15,24.0,200.26,39.97,23.61,11.121,11.42,191.69
15/9-F-15 D,2014-11-16,24.0,199.65,39.83,25.02,11.127,11.29,189.15
15/9-F-15 D,2014-11-17,24.0,199.33,39.78,27.66,11.128,11.25,186.7
15/9-F-15 D,2014-11-18,24.0,200.2,40.01,25.99,11.071,11.44,191.68
15/9-F-15 D,2014-11-19,24.0,200.64,39.87,25.75,11.056,11.28,186.82
15/9-F-15 D,2014-11-20,24.0,200.42,39.77,27.38,11.047,11.19,189.11
15/9-F-15 D,2014-11-21,24.0,200.37,39.72,28.1,11.031,11.15,187.96
15/9-F-15 D,2014-11-22,24.0,200.24,39.65,24.18,11.041,11.06,187.72
15/9-F-15 D,2014-11-23,24.0,199.82,39.61,31.56,10.99,11.02,181.04
15/9-F-15 D,2014-11-24,24.0,200.59,39.49,32.33,10.956,10.94,188.01
15/9-F-15 D,2014-11-25,21.38,200.75,39.47,32.67,9.714,10.92,150.52
15/9-F-15 D,2015-01-01,9.5,265.15,80.55,16.81,3.328,51.57,29.34
15/9-F-15 D,2015-01-02,24.0,267.83,81.77,18.78,7.084,53.12,159.18
15/9-F-15 D,2015-01-03,24.0,242.9,67.53,26.09,8.968,38.62,207.72
15/9-F-15 D,2015-01-04,24.0,238.78,61.5,27.78,9.089,32.81,206.42
15/9-F-15 D,2015-01-05,24.0,231.0,56.52,30.99,10.038,27.68,221.34
15/9-F-15 D,2015-01-06,24.0,221.13,53.3,32.02,10.723,24.7,223.41
15/9-F-15 D,2015-01-07,24.0,218.01,51.12,31.99,10.746,22.41,230.15
15/9-F-15 D,2015-01-08,24.0,214.06,48.56,32.1,11.103,19.71,225.72
15/9-F-15 D,2015-01-09,17.67,212.49,49.22,28.28,8.351,20.23,183.0
15/9-F-15 D,2015-01-10,20.42,218.4,48.35,24.58,8.624,17.85,196.73
15/9-F-15 D,2015-01-11,24.0,202.74,42.93,30.78,11.658,13.24,236.36
15/9-F-15 D,2015-01-12,24.0,200.83,42.04,28.79,11.34,12.31,221.17
15/9-F-15 D,2015-01-13,24.0,201.29,41.94,28.77,11.021,12.49,220.09
15/9-F-15 D,2015-01-14,24.0,201.79,41.34,28.35,10.977,11.72,196.41
15/9-F-15 D,2015-01-15,24.0,200.82,40.62,27.04,10.976,10.99,209.59
15/9-F-15 D,2015-01-16,24.0,199.87,39.9,26.99,11.041,10.27,213.12
15/9-F-15 D,2015-01-17,24.0,199.46,39.6,26.62,11.134,9.97,197.91
15/9-F-15 D,2015-01-18,24.0,199.46,39.6,26.62,11.134,9.97,208.87
15/9-F-15 D,2015-01-19,24.0,199.46,39.6,26.62,11.134,9.97,211.31
15/9-F-15 D,2015-01-20,22.33,201.94,39.21,24.32,9.932,9.45,201.3
15/9-F-15 D,2015-01-21,24.0,199.95,38.22,24.93,10.508,9.62,219.96
15/9-F-15 D,2015-01-22,24.0,199.75,37.94,25.5,10.577,9.37,215.04
15/9-F-15 D,2015-01-23,24.0,199.91,37.68,26.25,10.47,9.05,210.97
15/9-F-15 D,2015-01-24,24.0,199.79,37.3,28.61,10.254,8.72,207.84
15/9-F-15 D,2015-01-25,24.0,200.75,37.25,27.71,10.138,8.7,203.89
15/9-F-15 D,2015-01-26,22.0,199.96,36.79,29.53,10.444,7.54,188.7
15/9-F-15 D,2015-01-27,11.78,203.21,42.35,29.62,8.361,12.96,87.82
15/9-F-15 D,2015-01-28,24.0,200.19,35.49,25.39,11.072,6.1,179.1
15/9-F-15 D,2015-01-29,24.0,199.95,36.05,26.74,10.776,6.61,175.79
15/9-F-15 D,2015-01-30,24.0,200.14,35.9,27.45,10.693,6.49,161.02
15/9-F-15 D,2015-01-31,17.77,200.09,35.58,28.29,13.011,6.39,126.24
15/9-F-15 D,2015-02-01,15.56,203.72,39.99,27.52,10.645,10.78,105.73
15/9-F-15 D,2015-02-02,24.0,200.52,34.87,25.68,11.049,5.62,159.92
15/9-F-15 D,2015-02-03,15.78,200.29,35.2,27.68,17.526,6.07,110.62
15/9-F-15 D,2015-02-04,18.06,206.64,39.74,23.87,10.865,10.56,106.92
15/9-F-15 D,2015-02-05,24.0,199.71,34.74,25.38,11.447,5.56,204.42
15/9-F-15 D,2015-02-06,24.0,199.78,35.13,27.36,10.751,6.57,120.3
15/9-F-15 D,2015-02-07,24.0,199.94,35.03,26.05,10.713,6.48,144.76
15/9-F-15 D,2015-02-08,24.0,199.79,34.92,25.0,10.749,6.26,148.78
15/9-F-15 D,2015-02-09,24.0,200.0,34.94,27.65,10.561,6.36,169.15
15/9-F-15 D,2015-02-10,24.0,199.93,34.55,27.34,10.757,5.98,146.07
15/9-F-15 D,2015-02-11,24.0,199.6,34.74,24.88,10.722,6.15,178.9
15/9-F-15 D,2015-02-12,24.0,200.37,34.54,26.12,10.629,5.94,174.98
15/9-F-15 D,2015-02-13,24.0,197.94,34.26,23.2,10.663,5.87,180.31
15/9-F-15 D,2015-02-14,24.0,200.54,34.55,20.9,10.656,5.98,177.07
15/9-F-15 D,2015-02-15,24.0,198.75,34.0,18.53,10.59,5.65,179.11
15/9-F-15 D,2015-02-16,24.0,199.78,34.41,20.94,10.826,5.82,178.04
15/9-F-15 D,2015-02-17,24.0,200.3,34.29,24.27,9.98,5.69,173.71
15/9-F-15 D,2015-02-18,24.0,199.87,34.12,24.25,10.755,5.55,180.77
15/9-F-15 D,2015-02-19,24.0,199.62,34.09,24.52,10.759,5.51,182.89
15/9-F-15 D,2015-02-20,24.0,200.24,34.09,25.86,10.746,5.24,178.49
15/9-F-15 D,2015-02-21,24.0,199.71,33.96,28.1,10.78,5.35,174.89
15/9-F-15 D,2015-02-22,24.0,201.22,34.18,25.17,10.534,5.56,179.23
15/9-F-15 D,2015-02-23,24.0,199.69,34.09,24.24,10.787,5.46,181.56
15/9-F-15 D,2015-02-24,24.0,200.4,34.26,25.07,10.597,5.43,175.72
15/9-F-15 D,2015-02-25,24.0,201.37,33.9,27.62,10.541,5.24,176.82
15/9-F-15 D,2015-02-26,24.0,200.9,34.09,24.44,10.594,5.46,177.15
15/9-F-15 D,2015-02-27,24.0,200.99,34.02,25.43,10.532,5.43,157.19
15/9-F-15 D,2015-02-28,24.0,200.59,33.91,24.91,10.68,5.3,157.79
15/9-F-15 D,2015-03-01,24.0,200.27,33.9,24.68,10.665,5.32,157.72
15/9-F-15 D,2015-03-02,24.0,201.49,33.99,27.97,10.674,4.7,156.98
15/9-F-15 D,2015-03-03,24.0,202.17,33.36,27.02,11.226,3.92,162.93
15/9-F-15 D,2015-03-04,24.0,198.52,33.68,29.39,10.415,4.51,161.52
15/9-F-15 D,2015-03-05,24.0,200.11,33.61,27.46,10.873,4.7,158.88
15/9-F-15 D,2015-03-06,24.0,200.5,33.66,27.71,10.516,5.08,150.54
15/9-F-15 D,2015-03-07,24.0,200.17,33.62,24.8,10.558,5.03,149.7
15/9-F-15 D,2015-03-08,24.0,199.99,33.55,28.06,10.36,4.95,149.76
15/9-F-15 D,2015-03-09,24.0,199.99,33.65,26.13,10.561,5.06,151.82
15/9-F-15 D,2015-03-10,24.0,200.27,33.44,26.74,10.517,4.85,150.41
15/9-F-15 D,2015-03-11,24.0,200.04,33.63,26.32,10.518,5.05,150.13
15/9-F-15 D,2015-03-12,24.0,200.05,33.32,25.3,10.6,4.75,150.59
15/9-F-15 D,2015-03-13,24.0,199.73,33.43,24.09,10.646,4.85,149.08
15/9-F-15 D,2015-03-14,24.0,200.06,33.45,23.34,10.523,4.88,148.78
15/9-F-15 D,2015-03-15,24.0,200.16,33.18,23.1,10.644,4.6,148.65
15/9-F-15 D,2015-03-16,24.0,200.06,33.49,21.6,10.405,4.9,147.89
15/9-F-15 D,2015-03-17,24.0,199.93,33.05,21.31,10.674,4.46,152.21
15/9-F-15 D,2015-03-18,24.0,199.37,33.23,29.67,10.536,4.57,151.81
15/9-F-15 D,2015-03-19,24.0,199.69,33.09,29.8,10.493,4.48,151.69
15/9-F-15 D,2015-03-20,24.0,199.91,33.05,28.84,10.463,4.43,155.47
15/9-F-15 D,2015-03-21,24.0,199.5,33.03,29.96,10.549,4.42,157.97
15/9-F-15 D,2015-03-22,8.29,199.61,33.27,26.78,4.394,4.48,29.12
15/9-F-15 D,2015-03-25,9.38,229.41,56.19,15.14,3.624,26.5,31.78
15/9-F-15 D,2015-03-26,24.0,209.25,45.31,17.26,8.273,15.21,132.58
15/9-F-15 D,2015-03-27,24.0,203.5,37.02,25.82,9.555,8.21,147.64
15/9-F-15 D,2015-03-28,24.0,199.7,34.24,23.19,10.357,5.59,148.59
15/9-F-15 D,2015-03-29,24.0,199.59,34.27,27.76,9.7,5.6,138.89
15/9-F-15 D,2015-03-30,24.0,199.56,34.33,26.95,9.948,5.42,145.23
15/9-F-15 D,2015-03-31,24.0,199.85,34.37,25.23,9.98,5.68,145.11
15/9-F-15 D,2015-04-01,24.0,200.98,34.31,25.54,9.857,5.67,138.25
15/9-F-15 D,2015-04-02,24.0,201.22,34.43,26.86,9.705,5.82,139.48
15/9-F-15 D,2015-04-03,24.0,200.48,34.1,28.4,9.932,5.46,140.55
15/9-F-15 D,2015-04-04,24.0,200.46,34.34,28.74,9.689,5.75,137.88
15/9-F-15 D,2015-04-05,24.0,199.77,33.99,28.53,9.892,5.4,139.07
15/9-F-15 D,2015-04-06,24.0,199.33,33.94,28.79,9.89,5.35,139.02
15/9-F-15 D,2015-04-07,24.0,199.25,33.77,28.87,9.923,5.19,138.45
15/9-F-15 D,2015-04-08,24.0,200.58,34.09,28.5,9.688,5.2,136.88
15/9-F-15 D,2015-04-09,24.0,199.98,33.59,26.91,10.223,4.26,141.4
15/9-F-15 D,2015-04-10,24.0,200.01,33.8,26.23,10.017,4.47,138.03
15/9-F-15 D,2015-04-11,24.0,200.01,33.57,25.08,10.136,4.23,139.68
15/9-F-15 D,2015-04-12,24.0,199.74,33.48,25.57,10.138,4.16,139.96
15/9-F-15 D,2015-04-13,24.0,199.67,33.45,26.93,10.141,4.15,139.74
15/9-F-15 D,2015-04-14,24.0,200.63,33.38,26.31,9.944,4.07,138.5
15/9-F-15 D,2015-04-15,24.0,199.57,33.19,29.38,10.064,3.85,141.98
15/9-F-15 D,2015-04-16,24.0,200.52,33.37,28.91,9.952,4.03,139.79
15/9-F-15 D,2015-04-17,24.0,199.68,33.12,30.88,10.021,3.76,144.28
15/9-F-15 D,2015-04-18,24.0,199.78,33.16,30.07,9.785,4.11,140.7
15/9-F-15 D,2015-04-19,24.0,199.7,33.0,30.69,9.615,4.41,140.39
15/9-F-15 D,2015-04-20,24.0,199.93,32.9,31.08,9.863,4.29,140.77
15/9-F-15 D,2015-04-21,24.0,199.8,32.91,30.9,9.891,4.28,142.18
15/9-F-15 D,2015-04-22,24.0,199.68,32.93,30.88,9.874,4.3,142.09
15/9-F-15 D,2015-04-23,24.0,199.6,32.85,30.05,9.936,4.23,149.02
15/9-F-15 D,2015-04-24,24.0,199.89,32.97,30.59,9.757,4.4,146.56
15/9-F-15 D,2015-04-25,24.0,200.39,32.68,29.75,9.934,4.08,146.94
15/9-F-15 D,2015-04-26,24.0,199.54,32.86,29.8,9.898,4.27,146.33
15/9-F-15 D,2015-04-27,24.0,199.93,32.7,29.13,9.977,4.11,147.85
15/9-F-15 D,2015-04-28,24.0,199.67,32.67,26.8,10.068,4.05,148.21
15/9-F-15 D,2015-04-29,24.0,199.76,32.68,27.05,9.99,4.02,147.6
15/9-F-15 D,2015-04-30,24.0,200.0,32.66,29.84,10.005,3.95,148.34
15/9-F-15 D,2015-05-01,24.0,200.55,32.48,30.65,9.973,3.84,147.94
15/9-F-15 D,2015-05-02,24.0,200.03,32.49,30.81,10.069,3.86,147.7
15/9-F-15 D,2015-05-03,24.0,199.29,32.52,26.72,10.161,4.06,146.68
15/9-F-15 D,2015-05-04,24.0,199.49,32.6,25.96,9.98,3.95,142.2
15/9-F-15 D,2015-05-05,17.17,201.68,33.41,26.72,8.172,4.85,89.35
15/9-F-15 D,2015-05-06,24.0,200.41,31.43,23.51,11.437,2.79,152.94
15/9-F-15 D,2015-05-07,24.0,199.83,32.25,26.1,10.203,3.63,141.8
15/9-F-15 D,2015-05-08,24.0,199.88,32.2,26.91,10.19,3.57,139.98
15/9-F-15 D,2015-05-09,24.0,199.04,32.27,24.67,10.232,3.65,140.78
15/9-F-15 D,2015-05-10,24.0,199.33,32.37,27.11,10.036,3.74,138.95
15/9-F-15 D,2015-05-11,24.0,199.86,32.3,25.17,9.946,3.67,138.15
15/9-F-15 D,2015-05-12,24.0,200.27,32.21,25.26,9.877,3.58,137.3
15/9-F-15 D,2015-05-13,24.0,199.48,32.17,26.85,9.997,3.6,137.2
15/9-F-15 D,2015-05-14,24.0,199.85,32.17,28.74,9.844,3.66,128.43
15/9-F-15 D,2015-05-15,24.0,199.95,32.07,28.31,9.909,3.56,128.78
15/9-F-15 D,2015-05-16,24.0,199.81,32.08,27.52,9.878,3.57,129.38
15/9-F-15 D,2015-05-17,24.0,199.88,32.0,28.6,9.896,3.48,129.12
15/9-F-15 D,2015-05-18,24.0,199.72,31.93,25.57,10.018,3.42,129.03
15/9-F-15 D,2015-05-19,24.0,199.54,32.04,26.49,9.912,3.5,129.09
15/9-F-15 D,2015-05-20,24.0,201.1,31.89,29.84,9.717,3.37,127.79
15/9-F-15 D,2015-05-21,24.0,201.99,31.83,27.62,9.676,3.32,125.79
15/9-F-15 D,2015-05-22,24.0,202.04,31.84,27.47,9.678,3.29,124.23
15/9-F-15 D,2015-05-23,24.0,201.63,31.92,28.38,9.69,3.3,117.85
15/9-F-15 D,2015-05-24,24.0,201.95,32.06,27.16,9.759,3.12,126.5
15/9-F-15 D,2015-05-25,24.0,202.11,31.8,28.82,9.742,3.15,119.12
15/9-F-15 D,2015-05-26,24.0,201.25,31.89,28.93,9.745,3.29,122.98
15/9-F-15 D,2015-05-27,24.0,200.68,31.88,28.33,9.549,3.31,121.64
15/9-F-15 D,2015-05-28,24.0,199.92,31.84,27.76,9.646,3.26,124.55
15/9-F-15 D,2015-05-29,24.0,200.14,31.79,27.57,9.774,3.22,124.53
15/9-F-15 D,2015-05-30,24.0,200.62,31.61,29.83,9.794,3.03,123.62
15/9-F-15 D,2015-05-31,24.0,200.74,31.54,26.78,9.636,2.96,124.56
15/9-F-15 D,2015-06-01,24.0,200.46,31.58,25.78,9.84,3.0,124.42
15/9-F-15 D,2015-06-02,24.0,200.36,31.56,24.3,9.885,2.93,124.53
15/9-F-15 D,2015-06-03,24.0,200.56,31.41,28.57,9.848,2.84,123.45
15/9-F-15 D,2015-06-04,24.0,199.92,31.45,29.71,9.893,2.89,123.47
15/9-F-15 D,2015-06-05,24.0,200.42,31.45,24.41,9.839,2.89,123.13
15/9-F-15 D,2015-06-06,24.0,201.08,31.25,26.65,9.804,2.68,122.63
15/9-F-15 D,2015-06-07,22.98,202.38,31.68,27.64,9.462,2.76,125.2
15/9-F-15 D,2015-06-08,24.0,200.59,31.01,29.33,11.129,2.4,129.58
15/9-F-15 D,2015-06-09,24.0,200.13,31.12,31.12,10.223,2.52,124.53
15/9-F-15 D,2015-06-10,24.0,199.53,31.42,31.51,10.015,2.83,122.65
15/9-F-15 D,2015-06-11,24.0,201.08,30.99,30.74,9.953,2.5,121.14
15/9-F-15 D,2015-06-12,24.0,200.07,30.9,31.06,10.227,2.27,122.75
15/9-F-15 D,2015-06-13,24.0,199.36,31.21,32.34,9.959,2.56,119.94
15/9-F-15 D,2015-06-14,24.0,199.97,30.97,29.31,10.037,2.34,118.11
15/9-F-15 D,2015-06-15,24.0,200.37,30.78,29.65,10.199,2.17,119.23
15/9-F-15 D,2015-06-16,24.0,199.58,30.8,30.73,10.444,2.18,119.17
15/9-F-15 D,2015-06-17,24.0,200.5,30.96,29.49,10.13,2.33,117.16
15/9-F-15 D,2015-06-18,24.0,200.72,30.67,29.33,11.21,1.69,121.92
15/9-F-15 D,2015-06-19,24.0,201.26,30.33,29.25,13.376,1.22,123.65
15/9-F-15 D,2015-06-20,24.0,199.73,31.46,31.56,9.672,2.82,116.13
15/9-F-15 D,2015-06-21,24.0,200.97,30.23,26.22,11.329,1.61,122.9
15/9-F-15 D,2015-06-22,24.0,199.63,30.85,30.69,10.581,2.19,122.07
15/9-F-15 D,2015-06-23,24.0,200.55,30.59,29.71,10.398,1.94,119.77
15/9-F-15 D,2015-06-24,24.0,200.04,30.59,29.83,10.613,1.95,121.13
15/9-F-15 D,2015-06-25,24.0,200.2,30.78,31.67,10.513,2.12,120.33
15/9-F-15 D,2015-06-26,24.0,200.22,30.52,25.61,10.757,1.88,118.89
15/9-F-15 D,2015-06-27,24.0,200.35,30.96,29.78,10.456,2.12,119.11
15/9-F-15 D,2015-06-28,24.0,201.96,30.62,28.48,10.374,1.98,125.59
15/9-F-15 D,2015-06-29,24.0,202.75,30.61,31.08,10.418,1.69,125.56
15/9-F-15 D,2015-06-30,24.0,201.07,30.75,29.54,10.597,2.08,127.66
15/9-F-15 D,2015-07-01,24.0,201.89,31.01,26.75,9.655,2.4,113.49
15/9-F-15 D,2015-07-02,24.0,199.74,30.95,27.2,10.383,2.35,136.88
15/9-F-15 D,2015-07-03,24.0,200.7,31.07,30.68,9.905,2.38,133.76
15/9-F-15 D,2015-07-04,24.0,202.24,30.61,30.27,10.019,1.96,132.31
15/9-F-15 D,2015-07-05,24.0,200.39,30.6,30.79,10.452,1.95,133.69
15/9-F-15 D,2015-07-06,24.0,200.21,31.06,32.03,9.743,2.41,128.69
15/9-F-15 D,2015-07-07,24.0,200.85,30.52,29.54,10.146,1.86,130.3
15/9-F-15 D,2015-07-08,24.0,199.57,30.81,30.64,10.363,2.15,129.77
15/9-F-15 D,2015-07-09,24.0,199.34,30.77,28.82,10.354,2.12,128.76
15/9-F-15 D,2015-07-10,24.0,199.61,30.67,30.06,10.102,2.02,126.55
15/9-F-15 D,2015-07-11,24.0,200.43,30.6,28.38,10.035,1.95,124.12
15/9-F-15 D,2015-07-12,24.0,201.6,30.46,29.5,10.177,1.82,124.01
15/9-F-15 D,2015-07-13,24.0,201.24,30.26,32.13,10.467,1.63,132.36
15/9-F-15 D,2015-07-14,24.0,198.86,30.73,33.53,10.453,2.11,130.14
15/9-F-15 D,2015-07-15,24.0,199.99,30.64,32.82,10.159,1.99,127.02
15/9-F-15 D,2015-07-16,24.0,202.04,30.12,32.84,10.345,1.48,126.37
15/9-F-15 D,2015-07-17,24.0,201.37,30.12,28.03,11.1,1.48,129.01
15/9-F-15 D,2015-07-18,12.18,200.43,30.6,28.0,6.021,1.96,51.22
15/9-F-15 D,2015-08-15,5.36,281.85,92.67,24.55,1.651,64.65,58.0
15/9-F-15 D,2015-08-16,24.0,262.03,65.67,35.28,6.953,37.0,317.27
15/9-F-15 D,2015-08-17,24.0,250.45,53.12,45.52,8.139,24.37,286.73
15/9-F-15 D,2015-08-18,24.0,244.93,51.99,41.22,8.29,23.27,288.96
15/9-F-15 D,2015-08-19,24.0,240.49,50.65,40.85,8.769,21.97,293.67
15/9-F-15 D,2015-08-20,24.0,235.37,49.71,43.66,9.538,21.06,295.35
15/9-F-15 D,2015-08-21,24.0,232.12,49.59,43.79,9.287,20.92,323.83
15/9-F-15 D,2015-08-22,24.0,229.89,49.0,44.65,9.248,20.34,323.24
15/9-F-15 D,2015-08-23,24.0,227.94,48.46,41.97,9.416,19.79,323.97
15/9-F-15 D,2015-08-24,24.0,226.27,47.79,42.86,9.406,19.12,323.19
15/9-F-15 D,2015-08-25,24.0,224.52,46.96,46.4,9.41,18.28,322.41
15/9-F-15 D,2015-08-26,13.52,224.53,46.96,44.38,6.422,18.31,204.38
15/9-F-15 D,2015-08-31,17.41,242.14,60.72,37.86,6.197,31.69,216.67
15/9-F-15 D,2015-09-01,24.0,231.23,48.16,47.89,9.017,19.7,312.75
15/9-F-15 D,2015-09-02,24.0,226.44,46.87,46.1,9.24,18.2,295.69
15/9-F-15 D,2015-09-03,24.0,224.42,46.6,47.52,9.212,16.87,286.99
15/9-F-15 D,2015-09-04,24.0,227.22,47.43,45.31,8.952,18.31,275.44
15/9-F-15 D,2015-09-05,24.0,220.28,45.44,44.95,9.754,16.98,281.33
15/9-F-15 D,2015-09-06,24.0,220.49,44.88,44.77,9.743,16.43,272.04
15/9-F-15 D,2015-09-07,24.0,220.02,44.39,46.14,9.68,15.95,269.89
15/9-F-15 D,2015-09-08,24.0,219.55,43.68,47.04,9.669,15.24,267.64
15/9-F-15 D,2015-09-09,24.0,219.36,42.8,47.28,9.669,14.36,267.81
15/9-F-15 D,2015-09-10,24.0,219.23,42.16,43.73,9.652,13.73,266.87
15/9-F-15 D,2015-09-11,24.0,219.17,41.69,39.83,9.629,13.24,240.98
15/9-F-15 D,2015-09-12,24.0,218.99,41.15,37.94,9.612,12.71,244.15
15/9-F-15 D,2015-09-13,24.0,220.53,39.41,41.34,9.621,10.95,242.11
15/9-F-15 D,2015-09-14,24.0,220.8,38.86,40.62,9.611,10.4,235.7
15/9-F-15 D,2015-09-15,24.0,220.97,38.96,41.56,9.605,10.47,244.0
15/9-F-15 D,2015-09-16,24.0,220.76,38.73,42.26,9.599,10.25,246.35
15/9-F-15 D,2015-09-17,24.0,220.54,38.69,44.66,9.593,10.18,243.94
15/9-F-15 D,2015-09-18,24.0,220.28,38.61,44.39,9.613,10.11,253.84
15/9-F-15 D,2015-09-19,24.0,219.94,38.53,45.17,9.621,9.96,246.53
15/9-F-15 D,2015-09-20,24.0,219.99,38.31,45.68,9.62,9.69,236.01
15/9-F-15 D,2015-09-21,24.0,219.49,38.09,43.03,9.676,9.55,250.08
15/9-F-15 D,2015-09-22,23.16,221.69,37.6,41.25,9.193,8.27,206.11
15/9-F-15 D,2015-09-23,24.0,220.17,38.09,45.64,10.797,9.01,256.33
15/9-F-15 D,2015-09-24,24.0,221.05,37.99,41.76,10.33,9.14,222.76
15/9-F-15 D,2015-09-25,24.0,221.37,37.82,42.08,10.31,8.76,209.22
15/9-F-15 D,2015-09-26,24.0,221.63,37.74,44.04,10.297,8.67,209.8
15/9-F-15 D,2015-09-27,24.0,221.99,37.73,44.67,10.287,8.68,207.14
15/9-F-15 D,2015-09-28,24.0,222.21,37.54,42.58,10.271,8.41,206.37
15/9-F-15 D,2015-09-29,24.0,222.79,37.02,40.09,10.043,7.93,206.02
15/9-F-15 D,2015-09-30,24.0,220.82,37.33,44.24,10.031,8.25,213.46
15/9-F-15 D,2015-10-01,24.0,219.59,36.96,45.16,10.313,9.14,216.65
15/9-F-15 D,2015-10-02,24.0,219.88,36.86,44.53,10.205,11.26,211.61
15/9-F-15 D,2015-10-03,24.0,219.59,36.75,44.89,10.184,11.14,209.78
15/9-F-15 D,2015-10-04,24.0,220.39,36.69,45.65,9.785,11.07,209.12
15/9-F-15 D,2015-10-05,24.0,220.09,35.95,38.87,9.658,10.35,207.39
15/9-F-15 D,2015-10-06,24.0,219.93,34.0,34.06,9.989,8.41,206.33
15/9-F-15 D,2015-10-07,24.0,219.9,34.24,32.39,9.983,8.65,206.94
15/9-F-15 D,2015-10-08,24.0,221.23,33.7,36.28,9.953,8.07,203.92
15/9-F-15 D,2015-10-09,24.0,220.13,34.91,44.53,9.934,9.17,212.82
15/9-F-15 D,2015-10-10,24.0,219.05,35.39,43.36,10.2,9.71,212.21
15/9-F-15 D,2015-10-11,24.0,218.61,35.33,39.13,10.349,9.64,212.88
15/9-F-15 D,2015-10-12,24.0,219.05,35.2,38.95,10.063,9.48,210.45
15/9-F-15 D,2015-10-13,23.17,219.99,34.6,41.07,9.472,8.46,187.23
15/9-F-15 D,2015-10-14,24.0,219.87,35.43,43.61,9.705,8.9,206.01
15/9-F-15 D,2015-10-15,24.0,219.79,35.15,41.88,10.313,7.3,205.07
15/9-F-15 D,2015-10-16,24.0,218.97,34.97,46.09,10.459,9.01,211.08
15/9-F-15 D,2015-10-17,24.0,219.08,34.8,45.69,10.438,8.86,208.84
15/9-F-15 D,2015-10-18,24.0,218.65,34.82,46.08,10.445,9.0,209.65
15/9-F-15 D,2015-10-19,24.0,218.83,34.25,45.49,10.436,8.2,203.19
15/9-F-15 D,2015-10-20,24.0,219.25,34.08,43.96,10.373,7.96,203.54
15/9-F-15 D,2015-10-21,24.0,220.27,32.8,39.37,10.353,6.8,202.12
15/9-F-15 D,2015-10-22,24.0,221.9,32.34,37.23,10.329,6.36,202.01
15/9-F-15 D,2015-10-23,24.0,221.73,31.95,38.91,11.001,6.05,199.61
15/9-F-15 D,2015-10-24,24.0,220.4,32.66,39.09,11.089,6.5,197.22
15/9-F-15 D,2015-10-25,24.0,220.15,32.84,39.94,10.853,6.77,208.44
15/9-F-15 D,2015-10-26,24.0,224.91,30.7,34.8,10.957,4.85,182.37
15/9-F-15 D,2015-10-27,24.0,222.37,32.63,36.54,11.368,6.67,182.31
15/9-F-15 D,2015-10-28,24.0,218.56,33.13,35.05,11.78,6.96,197.99
15/9-F-15 D,2015-10-29,24.0,216.98,33.46,36.11,11.784,7.1,215.08
15/9-F-15 D,2015-10-30,24.0,221.72,32.76,34.9,11.779,5.01,197.65
15/9-F-15 D,2015-10-31,24.0,218.62,32.93,39.6,11.758,6.83,207.32
15/9-F-15 D,2015-11-01,24.0,219.61,32.54,41.45,11.756,6.45,209.29
15/9-F-15 D,2015-11-02,23.17,219.93,32.13,41.4,12.463,5.5,198.93
15/9-F-15 D,2015-11-03,24.0,224.26,31.08,36.3,12.69,4.36,200.5
15/9-F-15 D,2015-11-04,24.0,230.04,29.59,32.06,17.484,2.53,207.78
15/9-F-15 D,2015-11-05,23.63,223.13,34.33,38.07,13.265,7.0,206.85
15/9-F-15 D,2015-11-06,13.65,236.95,28.15,27.01,14.14,2.56,110.12
15/9-F-15 D,2015-11-07,10.22,211.72,24.12,49.42,15.529,3.8,81.19
15/9-F-15 D,2015-11-08,24.0,207.29,28.98,49.63,23.12,3.78,185.75
15/9-F-15 D,2015-11-09,24.0,206.6,29.37,45.88,21.604,4.37,278.28
15/9-F-15 D,2015-11-10,24.0,208.0,30.15,47.53,20.675,3.92,275.63
15/9-F-15 D,2015-11-11,24.0,200.09,27.9,51.25,26.113,2.14,290.63
15/9-F-15 D,2015-11-12,24.0,200.13,27.39,47.52,27.063,1.63,235.07
15/9-F-15 D,2015-11-13,24.0,201.56,27.55,45.14,26.954,1.49,233.38
15/9-F-15 D,2015-11-14,24.0,201.51,27.35,46.66,26.82,1.6,238.33
15/9-F-15 D,2015-11-15,24.0,202.52,27.37,48.56,26.345,1.34,239.42
15/9-F-15 D,2015-11-16,24.0,203.24,27.44,43.37,27.253,1.17,240.16
15/9-F-15 D,2015-11-17,24.0,206.04,27.72,41.14,28.092,0.96,238.37
15/9-F-15 D,2015-11-18,10.66,218.84,27.64,38.0,13.411,0.66,102.58
15/9-F-15 D,2015-11-20,12.49,232.49,42.77,27.73,7.624,15.7,95.34
15/9-F-15 D,2015-11-21,24.0,234.52,28.13,30.68,24.799,0.84,43.94
15/9-F-15 D,2015-11-22,8.91,237.72,28.58,29.2,9.123,0.89,14.47
15/9-F-15 D,2015-12-09,13.18,244.36,49.63,33.28,8.766,23.26,212.65
15/9-F-15 D,2015-12-10,24.0,232.14,35.82,45.58,18.364,9.55,310.21
15/9-F-15 D,2015-12-11,24.0,227.79,32.09,48.76,18.956,5.66,246.08
15/9-F-15 D,2015-12-12,24.0,226.06,31.73,49.35,18.958,5.29,241.6
15/9-F-15 D,2015-12-13,24.0,223.11,30.85,49.08,20.009,4.47,238.04
15/9-F-15 D,2015-12-14,24.0,219.83,30.7,46.26,20.649,4.4,236.18
15/9-F-15 D,2015-12-15,24.0,218.93,31.3,40.98,20.037,5.11,234.69
15/9-F-15 D,2015-12-16,24.0,218.32,31.72,39.65,19.176,5.57,231.34
15/9-F-15 D,2015-12-17,24.0,218.47,31.86,43.51,18.612,5.73,210.03
15/9-F-15 D,2015-12-18,24.0,218.48,31.84,41.07,18.579,5.74,206.85
15/9-F-15 D,2015-12-19,24.0,218.8,31.88,41.38,18.592,5.82,205.29
15/9-F-15 D,2015-12-20,24.0,218.81,31.68,40.44,18.583,5.65,202.27
15/9-F-15 D,2015-12-21,24.0,218.5,31.55,39.31,18.599,5.54,201.25
15/9-F-15 D,2015-12-22,24.0,218.38,31.32,39.93,18.588,5.29,199.05
15/9-F-15 D,2015-12-23,24.0,218.08,31.08,38.55,18.189,5.4,199.05
15/9-F-15 D,2015-12-24,24.0,217.09,30.77,38.62,18.667,5.18,196.87
15/9-F-15 D,2015-12-25,24.0,215.88,30.21,41.68,19.173,4.61,196.45
15/9-F-15 D,2015-12-26,24.0,214.4,29.76,42.51,19.544,4.18,194.64
15/9-F-15 D,2015-12-27,24.0,213.96,29.45,38.79,19.924,3.83,190.35
15/9-F-15 D,2015-12-28,24.0,211.76,28.91,37.34,20.637,3.34,192.7
15/9-F-15 D,2015-12-29,24.0,210.58,28.31,36.69,22.274,2.73,191.39
15/9-F-15 D,2015-12-30,24.0,209.97,27.87,37.93,23.204,2.29,191.5
15/9-F-15 D,2015-12-31,24.0,208.46,27.29,40.33,25.668,1.7,190.56
15/9-F-15 D,2016-01-01,24.0,208.56,27.05,41.94,26.406,1.47,190.03
15/9-F-15 D,2016-01-02,24.0,209.46,27.05,32.95,27.121,1.4,186.17
15/9-F-15 D,2016-01-03,21.17,213.7,34.67,24.81,19.627,1.31,133.75
15/9-F-15 D,2016-01-04,9.66,234.45,59.84,7.04,2.781,9.73,19.15
15/9-F-15 D,2016-01-20,9.07,264.0,64.3,18.99,3.041,39.8,93.34
15/9-F-15 D,2016-01-21,24.0,232.58,33.84,45.26,18.874,6.96,273.19
15/9-F-15 D,2016-01-22,24.0,233.33,30.29,39.28,19.772,3.17,194.57
15/9-F-15 D,2016-01-23,24.0,228.31,29.38,44.24,20.78,2.99,200.79
15/9-F-15 D,2016-01-24,24.0,222.71,28.06,46.45,23.497,2.17,203.46
15/9-F-15 D,2016-01-25,22.5,222.2,28.24,43.42,17.914,4.92,216.42
15/9-F-15 D,2016-01-26,24.0,223.25,33.48,38.99,11.381,8.84,191.44
15/9-F-15 D,2016-01-27,24.0,211.93,27.14,49.18,13.044,11.37,205.72
15/9-F-15 D,2016-01-28,24.0,217.12,29.23,40.82,12.347,13.45,196.22
15/9-F-15 D,2016-01-29,24.0,214.83,28.97,39.72,12.81,13.19,197.19
15/9-F-15 D,2016-01-30,24.0,212.55,28.23,39.9,13.029,12.45,196.18
15/9-F-15 D,2016-01-31,24.0,213.29,28.34,44.31,12.981,12.57,193.31
15/9-F-15 D,2016-02-01,24.0,212.55,28.12,41.12,12.902,12.35,191.42
15/9-F-15 D,2016-02-02,24.0,212.0,27.86,39.35,12.864,12.07,191.51
15/9-F-15 D,2016-02-03,24.0,211.46,27.58,41.75,12.923,11.82,188.24
15/9-F-15 D,2016-02-04,22.75,213.49,27.74,42.15,11.31,11.94,164.61
15/9-F-15 D,2016-02-05,24.0,211.48,27.23,42.14,11.909,11.41,192.71
15/9-F-15 D,2016-02-06,24.0,209.56,26.88,41.32,11.974,10.77,189.42
15/9-F-15 D,2016-02-07,24.0,208.0,26.02,39.96,12.428,10.04,185.2
15/9-F-15 D,2016-02-08,24.0,207.46,25.74,42.71,12.339,9.73,184.82
15/9-F-15 D,2016-02-09,24.0,207.33,25.51,44.62,12.329,9.51,185.72
15/9-F-15 D,2016-02-10,24.0,206.98,25.29,46.48,12.339,9.31,183.41
15/9-F-15 D,2016-02-11,24.0,206.62,25.1,45.33,12.354,9.1,185.9
15/9-F-15 D,2016-02-12,24.0,205.9,24.88,42.02,12.487,8.64,175.68
15/9-F-15 D,2016-02-13,24.0,206.15,24.63,46.23,12.565,8.42,170.59
15/9-F-15 D,2016-02-14,24.0,206.1,24.51,45.71,12.589,8.31,173.8
15/9-F-15 D,2016-02-15,24.0,205.9,24.45,44.96,12.572,8.25,173.22
15/9-F-15 D,2016-02-16,24.0,205.38,24.46,40.73,12.568,8.28,171.35
15/9-F-15 D,2016-02-17,24.0,205.19,24.21,40.09,12.822,8.03,170.87
15/9-F-15 D,2016-02-18,24.0,205.56,24.01,44.89,13.041,7.84,167.79
15/9-F-15 D,2016-02-19,24.0,204.42,23.66,41.1,14.034,7.5,162.29
15/9-F-15 D,2016-02-20,24.0,193.19,19.78,47.51,22.682,3.62,168.55
15/9-F-15 D,2016-02-21,24.0,204.68,21.85,40.09,13.775,5.75,159.68
15/9-F-15 D,2016-02-22,24.0,205.14,22.5,41.98,14.093,6.3,162.76
15/9-F-15 D,2016-02-23,24.0,204.29,22.79,41.64,14.551,6.61,162.65
15/9-F-15 D,2016-02-24,24.0,204.3,22.78,42.95,14.713,6.59,162.13
15/9-F-15 D,2016-02-25,24.0,204.94,22.79,43.67,14.697,6.57,165.56
15/9-F-15 D,2016-02-26,24.0,204.02,22.69,47.33,14.818,7.05,179.97
15/9-F-15 D,2016-02-27,24.0,203.86,22.53,47.73,15.022,6.77,178.87
15/9-F-15 D,2016-02-28,24.0,203.82,22.55,48.29,14.915,7.27,180.97
15/9-F-15 D,2016-02-29,24.0,203.01,22.56,44.76,15.28,6.89,179.64
15/9-F-15 D,2016-03-01,24.0,201.29,21.09,41.12,18.271,5.46,182.78
15/9-F-15 D,2016-03-02,24.0,201.32,20.7,48.08,19.865,4.93,180.29
15/9-F-15 D,2016-03-03,24.0,200.84,21.29,48.57,18.777,5.52,178.3
15/9-F-15 D,2016-03-04,24.0,201.31,21.53,44.12,18.307,5.83,176.92
15/9-F-15 D,2016-03-05,24.0,202.25,21.63,46.81,17.755,5.85,174.4
15/9-F-15 D,2016-03-06,24.0,202.46,21.88,47.15,17.565,6.09,174.11
15/9-F-15 D,2016-03-07,24.0,202.52,21.83,47.52,17.52,6.04,172.3
15/9-F-15 D,2016-03-08,24.0,201.76,21.88,45.96,17.081,6.1,170.3
15/9-F-15 D,2016-03-09,24.0,201.99,21.75,44.09,16.807,5.97,168.07
15/9-F-15 D,2016-03-10,24.0,202.11,21.66,43.66,16.807,5.9,167.99
15/9-F-15 D,2016-03-11,24.0,201.85,21.77,42.79,16.809,6.01,165.85
15/9-F-15 D,2016-03-12,24.0,202.06,21.6,41.7,16.769,5.83,165.42
15/9-F-15 D,2016-03-13,24.0,202.33,21.56,44.8,16.721,5.79,159.53
15/9-F-15 D,2016-03-14,24.0,203.31,21.43,47.69,16.615,5.66,164.1
15/9-F-15 D,2016-03-15,24.0,202.92,21.69,48.08,16.597,5.93,162.72
15/9-F-15 D,2016-03-16,11.17,208.73,26.59,41.6,6.908,10.16,54.18
15/9-F-15 D,2016-03-17,24.0,214.32,20.05,42.6,13.832,5.42,156.06
15/9-F-15 D,2016-03-18,24.0,208.16,22.44,47.02,13.856,6.63,153.81
15/9-F-15 D,2016-03-19,24.0,206.92,22.58,46.29,13.904,6.7,152.37
15/9-F-15 D,2016-03-20,24.0,206.68,22.6,45.84,13.887,6.72,153.38
15/9-F-15 D,2016-03-21,24.0,206.0,22.77,46.43,13.876,6.83,151.71
15/9-F-15 D,2016-03-22,24.0,205.76,22.78,47.43,13.873,6.82,146.92
15/9-F-15 D,2016-03-23,24.0,205.81,22.9,47.9,13.943,6.55,145.88
15/9-F-15 D,2016-03-24,11.49,206.1,23.07,45.21,7.239,6.41,70.16
15/9-F-15 D,2016-04-06,0.51,257.82,70.37,9.24,1.104,54.25,0.17
15/9-F-15 D,2016-04-07,24.0,234.98,34.15,43.18,15.829,11.36,262.93
15/9-F-15 D,2016-04-08,24.0,232.15,27.03,47.57,22.997,1.53,159.3
15/9-F-15 D,2016-04-09,24.0,230.2,26.16,39.84,26.219,1.15,155.46
15/9-F-15 D,2016-04-10,24.0,228.86,25.85,38.34,28.833,0.93,154.72
15/9-F-15 D,2016-04-11,24.0,227.58,26.04,42.35,30.782,0.83,151.31
15/9-F-15 D,2016-04-12,24.0,220.82,25.75,46.85,30.627,0.83,192.12
15/9-F-15 D,2016-04-13,24.0,219.17,26.01,47.11,27.805,1.03,191.67
15/9-F-15 D,2016-04-14,24.0,219.05,26.49,47.38,23.291,1.5,197.26
15/9-F-15 D,2016-04-15,24.0,219.93,27.05,45.31,21.435,1.81,191.65
15/9-F-15 D,2016-04-16,24.0,219.09,27.13,45.18,23.001,1.46,202.75
15/9-F-15 D,2016-04-17,24.0,217.38,26.88,43.8,23.028,1.59,210.09
15/9-F-15 D,2016-04-18,24.0,218.4,26.96,41.57,23.022,1.43,179.86
15/9-F-15 D,2016-04-19,24.0,218.14,27.11,43.14,23.178,1.47,214.77
15/9-F-15 D,2016-04-20,24.0,217.91,27.15,44.84,23.259,1.51,207.79
15/9-F-15 D,2016-04-21,24.0,217.59,27.16,44.65,23.276,1.52,201.24
15/9-F-15 D,2016-04-22,24.0,217.21,27.13,44.45,23.339,1.53,190.69
15/9-F-15 D,2016-04-23,24.0,217.18,27.16,42.52,23.342,1.59,198.88
15/9-F-15 D,2016-04-24,24.0,217.95,27.15,42.86,23.145,1.56,193.93
15/9-F-15 D,2016-04-25,24.0,218.67,27.23,42.13,23.101,1.63,198.76
15/9-F-15 D,2016-04-26,24.0,218.41,27.14,43.03,23.077,1.47,202.97
15/9-F-15 D,2016-04-27,24.0,219.68,27.08,43.13,23.072,1.36,200.13
15/9-F-15 D,2016-04-28,24.0,219.73,27.05,41.79,23.1,1.38,202.28
15/9-F-15 D,2016-04-29,24.0,221.09,26.94,39.06,23.09,1.27,141.77
15/9-F-15 D,2016-04-30,24.0,224.45,26.77,38.69,23.075,1.19,141.66
15/9-F-15 D,2016-05-01,15.16,229.02,26.57,32.52,21.708,0.92,87.09
15/9-F-15 D,2016-05-04,14.01,234.95,27.88,27.98,5.919,10.65,108.01
15/9-F-15 D,2016-05-05,24.0,220.0,19.09,44.03,13.844,6.09,148.14
15/9-F-15 D,2016-05-06,24.0,212.84,22.99,44.49,13.819,6.12,177.49
15/9-F-15 D,2016-05-07,24.0,208.65,23.49,47.16,15.132,5.34,176.84
15/9-F-15 D,2016-05-08,24.0,206.38,23.05,41.3,16.427,4.26,176.4
15/9-F-15 D,2016-05-09,24.0,205.44,22.83,41.41,16.385,4.01,174.12
15/9-F-15 D,2016-05-10,24.0,204.93,22.58,46.44,16.375,3.77,172.06
15/9-F-15 D,2016-05-11,24.0,204.56,22.28,47.99,16.455,3.48,171.49
15/9-F-15 D,2016-05-12,24.0,204.5,22.04,47.57,16.441,3.3,170.06
15/9-F-15 D,2016-05-13,24.0,204.07,21.79,44.83,16.512,3.22,168.86
15/9-F-15 D,2016-05-14,24.0,203.74,21.46,43.19,16.539,3.14,167.37
15/9-F-15 D,2016-05-15,24.0,203.72,21.18,44.16,16.539,3.03,155.79
15/9-F-15 D,2016-05-16,24.0,203.84,20.86,46.32,16.501,2.95,168.64
15/9-F-15 D,2016-05-17,24.0,203.76,20.66,46.42,16.515,2.91,165.91
15/9-F-15 D,2016-05-18,24.0,203.54,20.51,44.5,16.584,2.88,165.01
15/9-F-15 D,2016-05-19,24.0,203.24,20.27,44.03,16.681,2.83,163.48
15/9-F-15 D,2016-05-20,24.0,203.39,20.11,44.15,16.72,2.79,163.26
15/9-F-15 D,2016-05-21,24.0,205.51,20.05,40.46,16.727,2.41,160.94
15/9-F-15 D,2016-05-22,24.0,206.31,20.19,43.6,16.73,2.34,161.68
15/9-F-15 D,2016-05-23,24.0,204.4,20.21,46.07,18.249,2.35,162.49
15/9-F-15 D,2016-05-24,24.0,202.39,19.54,44.95,18.955,2.31,163.66
15/9-F-15 D,2016-05-25,24.0,201.81,19.34,46.27,18.958,2.29,164.35
15/9-F-15 D,2016-05-26,24.0,201.95,19.11,47.55,18.944,2.16,164.39
15/9-F-15 D,2016-05-27,24.0,201.79,19.1,47.81,18.951,2.19,162.82
15/9-F-15 D,2016-05-28,24.0,201.89,19.03,47.36,18.992,2.18,163.38
15/9-F-15 D,2016-05-29,24.0,202.9,18.92,44.11,19.085,2.06,161.83
15/9-F-15 D,2016-05-30,24.0,204.18,18.56,45.86,19.12,1.87,161.31
15/9-F-15 D,2016-05-31,24.0,195.28,18.3,49.89,24.462,2.02,192.14
15/9-F-15 D,2016-06-01,24.0,196.15,16.73,47.78,29.601,0.85,192.48
15/9-F-15 D,2016-06-02,24.0,193.89,16.64,48.66,29.752,0.82,190.97
15/9-F-15 D,2016-06-03,17.68,206.33,16.21,41.25,43.017,0.58,135.1
15/9-F-15 D,2016-06-08,11.24,240.81,55.36,20.18,5.516,35.29,65.83
15/9-F-15 D,2016-06-09,24.0,228.07,20.93,34.56,18.701,8.02,107.03
15/9-F-15 D,2016-06-10,24.0,224.89,19.01,40.16,19.83,5.81,83.58
15/9-F-15 D,2016-06-11,24.0,224.26,17.35,41.36,20.781,4.48,83.98
15/9-F-15 D,2016-06-12,24.0,223.25,17.04,37.35,21.477,3.99,80.03
15/9-F-15 D,2016-06-13,24.0,222.23,17.78,39.43,21.528,4.23,83.81
15/9-F-15 D,2016-06-14,24.0,219.4,17.88,42.96,22.861,4.34,84.23
15/9-F-15 D,2016-06-15,24.0,212.74,18.24,47.37,24.742,4.57,128.62
15/9-F-15 D,2016-06-16,24.0,212.33,18.3,47.68,24.753,4.64,129.65
15/9-F-15 D,2016-06-17,24.0,202.88,17.73,50.29,25.332,4.58,159.82
15/9-F-15 D,2016-06-18,24.0,200.25,18.05,47.76,25.403,4.9,160.05
15/9-F-15 D,2016-06-19,24.0,199.8,18.04,48.46,25.476,4.48,160.21
15/9-F-15 D,2016-06-20,24.0,196.03,17.82,45.94,25.492,4.58,160.56
15/9-F-15 D,2016-06-21,24.0,197.89,17.64,49.44,25.447,4.64,160.07
15/9-F-15 D,2016-06-22,24.0,198.46,17.45,46.01,25.528,4.22,159.71
15/9-F-15 D,2016-06-23,24.0,202.47,17.88,44.36,26.377,2.78,123.52
15/9-F-15 D,2016-06-24,24.0,200.41,17.48,49.33,27.699,2.39,146.47
15/9-F-15 D,2016-06-25,24.0,199.98,17.53,48.84,27.69,2.4,145.33
15/9-F-15 D,2016-06-26,24.0,199.97,17.41,47.99,27.848,2.3,145.73
15/9-F-15 D,2016-06-27,24.0,199.74,17.34,46.7,27.931,2.29,143.68
15/9-F-15 D,2016-06-28,24.0,198.3,17.28,47.55,27.882,2.52,144.8
15/9-F-15 D,2016-06-29,24.0,197.16,16.87,45.82,27.972,2.58,144.95
15/9-F-15 D,2016-06-30,24.0,196.61,16.82,47.85,28.263,2.51,143.7
15/9-F-15 D,2016-07-01,24.0,193.3,15.85,49.11,31.058,1.74,145.84
15/9-F-15 D,2016-07-02,24.0,194.98,15.81,49.02,31.576,1.26,144.01
15/9-F-15 D,2016-07-03,24.0,194.98,15.77,48.99,31.541,1.2,145.22
15/9-F-15 D,2016-07-04,24.0,194.32,15.7,50.1,31.522,1.28,142.74
15/9-F-15 D,2016-07-05,24.0,195.21,15.61,49.84,31.523,1.2,144.46
15/9-F-15 D,2016-07-06,18.38,195.31,15.76,48.73,24.923,1.3,106.3
