fecha,pozo,horas,oil,gas,agua
2007-09-01,15/9-F-4,,,,
2007-09-01,15/9-F-5,,,,
2007-09-02,15/9-F-4,,,,
2007-09-02,15/9-F-5,,,,
2007-09-03,15/9-F-4,,,,
2007-09-03,15/9-F-5,,,,
2007-09-04,15/9-F-4,,,,
2007-09-04,15/9-F-5,,,,
2007-09-05,15/9-F-4,,,,
2007-09-05,15/9-F-5,,,,
2007-09-06,15/9-F-4,,,,
2007-09-06,15/9-F-5,,,,
2007-09-07,15/9-F-4,,,,
2007-09-07,15/9-F-5,,,,
2007-09-08,15/9-F-4,,,,
2007-09-08,15/9-F-5,,,,
2007-09-09,15/9-F-4,,,,
2007-09-09,15/9-F-5,,,,
2007-09-10,15/9-F-4,,,,
2007-09-10,15/9-F-5,,,,
2007-09-11,15/9-F-4,,,,
2007-09-11,15/9-F-5,,,,
2007-09-12,15/9-F-4,,,,
2007-09-12,15/9-F-5,,,,
2007-09-13,15/9-F-4,,,,
2007-09-13,15/9-F-5,,,,
2007-09-14,15/9-F-4,,,,
2007-09-14,15/9-F-5,,,,
2007-09-15,15/9-F-4,,,,
2007-09-15,15/9-F-5,,,,
2007-09-16,15/9-F-4,,,,
2007-09-16,15/9-F-5,,,,
2007-09-17,15/9-F-4,,,,
2007-09-17,15/9-F-5,,,,
2007-09-18,15/9-F-4,,,,
2007-09-18,15/9-F-5,,,,
2007-09-19,15/9-F-4,,,,
2007-09-19,15/9-F-5,,,,
2007-09-20,15/9-F-4,,,,
2007-09-20,15/9-F-5,,,,
2007-09-21,15/9-F-4,,,,
2007-09-21,15/9-F-5,,,,
2007-09-22,15/9-F-4,,,,
2007-09-22,15/9-F-5,,,,
2007-09-23,15/9-F-4,,,,
2007-09-23,15/9-F-5,,,,
2007-09-24,15/9-F-4,,,,
2007-09-24,15/9-F-5,,,,
2007-09-25,15/9-F-4,,,,
2007-09-25,15/9-F-5,,,,
2007-09-26,15/9-F-4,,,,
2007-09-26,15/9-F-5,,,,
2007-09-27,15/9-F-4,,,,
2007-09-27,15/9-F-5,,,,
2007-09-28,15/9-F-4,,,,
2007-09-28,15/9-F-5,,,,
2007-09-29,15/9-F-4,,,,
2007-09-29,15/9-F-5,,,,
2007-09-30,15/9-F-4,,,,
2007-09-30,15/9-F-5,,,,
2007-10-01,15/9-F-4,,,,
2007-10-01,15/9-F-5,,,,
2007-10-02,15/9-F-4,,,,
2007-10-02,15/9-F-5,,,,
2007-10-03,15/9-F-4,,,,
2007-10-03,15/9-F-5,,,,
2007-10-04,15/9-F-4,,,,
2007-10-04,15/9-F-5,,,,
2007-10-05,15/9-F-4,,,,
2007-10-05,15/9-F-5,,,,
2007-10-06,15/9-F-4,,,,
2007-10-06,15/9-F-5,,,,
2007-10-07,15/9-F-4,,,,
2007-10-07,15/9-F-5,,,,
2007-10-08,15/9-F-4,,,,
2007-10-08,15/9-F-5,,,,
2007-10-09,15/9-F-4,,,,
2007-10-09,15/9-F-5,,,,
2007-10-10,15/9-F-4,,,,
2007-10-10,15/9-F-5,,,,
2007-10-11,15/9-F-4,,,,
2007-10-11,15/9-F-5,,,,
2007-10-12,15/9-F-4,,,,
2007-10-12,15/9-F-5,,,,
2007-10-13,15/9-F-4,,,,
2007-10-13,15/9-F-5,,,,
2007-10-14,15/9-F-4,,,,
2007-10-14,15/9-F-5,,,,
2007-10-15,15/9-F-4,,,,
2007-10-15,15/9-F-5,,,,
2007-10-16,15/9-F-4,,,,
2007-10-16,15/9-F-5,,,,
2007-10-17,15/9-F-4,,,,
2007-10-17,15/9-F-5,,,,
2007-10-18,15/9-F-4,,,,
2007-10-18,15/9-F-5,,,,
2007-10-19,15/9-F-4,,,,
2007-10-19,15/9-F-5,,,,
2007-10-20,15/9-F-4,,,,
2007-10-20,15/9-F-5,,,,
2007-10-21,15/9-F-4,,,,
2007-10-21,15/9-F-5,,,,
2007-10-22,15/9-F-4,,,,
2007-10-22,15/9-F-5,,,,
2007-10-23,15/9-F-4,,,,
2007-10-23,15/9-F-5,,,,
2007-10-24,15/9-F-4,,,,
2007-10-24,15/9-F-5,,,,
2007-10-25,15/9-F-4,,,,
2007-10-25,15/9-F-5,,,,
2007-10-26,15/9-F-4,,,,
2007-10-26,15/9-F-5,,,,
2007-10-27,15/9-F-4,,,,
2007-10-27,15/9-F-5,,,,
2007-10-28,15/9-F-4,,,,
2007-10-28,15/9-F-5,,,,
2007-10-29,15/9-F-4,,,,
2007-10-29,15/9-F-5,,,,
2007-10-30,15/9-F-4,,,,
2007-10-30,15/9-F-5,,,,
2007-10-31,15/9-F-4,,,,
2007-10-31,15/9-F-5,,,,
2007-11-01,15/9-F-4,,,,
2007-11-01,15/9-F-5,,,,
2007-11-02,15/9-F-4,,,,
2007-11-02,15/9-F-5,,,,
2007-11-03,15/9-F-4,,,,
2007-11-03,15/9-F-5,,,,
2007-11-04,15/9-F-4,,,,
2007-11-04,15/9-F-5,,,,
2007-11-05,15/9-F-4,,,,
2007-11-05,15/9-F-5,,,,
2007-11-06,15/9-F-4,,,,
2007-11-06,15/9-F-5,,,,
2007-11-07,15/9-F-4,,,,
2007-11-07,15/9-F-5,,,,
2007-11-08,15/9-F-4,,,,
2007-11-08,15/9-F-5,,,,
2007-11-09,15/9-F-4,,,,
2007-11-09,15/9-F-5,,,,
2007-11-10,15/9-F-4,,,,
2007-11-10,15/9-F-5,,,,
2007-11-11,15/9-F-4,,,,
2007-11-11,15/9-F-5,,,,
2007-11-12,15/9-F-4,,,,
2007-11-12,15/9-F-5,,,,
2007-11-13,15/9-F-4,,,,
2007-11-13,15/9-F-5,,,,
2007-11-14,15/9-F-4,,,,
2007-11-14,15/9-F-5,,,,
2007-11-15,15/9-F-4,,,,
2007-11-15,15/9-F-5,,,,
2007-11-16,15/9-F-4,,,,
2007-11-16,15/9-F-5,,,,
2007-11-17,15/9-F-4,,,,
2007-11-17,15/9-F-5,,,,
2007-11-18,15/9-F-4,,,,
2007-11-18,15/9-F-5,,,,
2007-11-19,15/9-F-4,,,,
2007-11-19,15/9-F-5,,,,
2007-11-20,15/9-F-4,,,,
2007-11-20,15/9-F-5,,,,
2007-11-21,15/9-F-4,,,,
2007-11-21,15/9-F-5,,,,
2007-11-22,15/9-F-4,,,,
2007-11-22,15/9-F-5,,,,
2007-11-23,15/9-F-4,,,,
2007-11-23,15/9-F-5,,,,
2007-11-24,15/9-F-4,,,,
2007-11-24,15/9-F-5,,,,
2007-11-25,15/9-F-4,,,,
2007-11-25,15/9-F-5,,,,
2007-11-26,15/9-F-4,,,,
2007-11-26,15/9-F-5,,,,
2007-11-27,15/9-F-4,,,,
2007-11-27,15/9-F-5,,,,
2007-11-28,15/9-F-4,,,,
2007-11-28,15/9-F-5,,,,
2007-11-29,15/9-F-4,,,,
2007-11-29,15/9-F-5,,,,
2007-11-30,15/9-F-4,,,,
2007-11-30,15/9-F-5,,,,
2007-12-01,15/9-F-4,,,,
2007-12-01,15/9-F-5,,,,
2007-12-02,15/9-F-4,,,,
2007-12-02,15/9-F-5,,,,
2007-12-03,15/9-F-4,,,,
2007-12-03,15/9-F-5,,,,
2007-12-04,15/9-F-4,,,,
2007-12-04,15/9-F-5,,,,
2007-12-05,15/9-F-4,,,,
2007-12-05,15/9-F-5,,,,
2007-12-06,15/9-F-4,,,,
2007-12-06,15/9-F-5,,,,
2007-12-07,15/9-F-4,,,,
2007-12-07,15/9-F-5,,,,
2007-12-08,15/9-F-4,,,,
2007-12-08,15/9-F-5,,,,
2007-12-09,15/9-F-4,,,,
2007-12-09,15/9-F-5,,,,
2007-12-10,15/9-F-4,,,,
2007-12-10,15/9-F-5,,,,
2007-12-11,15/9-F-4,,,,
2007-12-11,15/9-F-5,,,,
2007-12-12,15/9-F-4,,,,
2007-12-12,15/9-F-5,,,,
2007-12-13,15/9-F-4,,,,
2007-12-13,15/9-F-5,,,,
2007-12-14,15/9-F-4,,,,
2007-12-14,15/9-F-5,,,,
2007-12-15,15/9-F-4,,,,
2007-12-15,15/9-F-5,,,,
2007-12-16,15/9-F-4,,,,
2007-12-16,15/9-F-5,,,,
2007-12-17,15/9-F-4,,,,
2007-12-17,15/9-F-5,,,,
2007-12-18,15/9-F-4,,,,
2007-12-18,15/9-F-5,,,,
2007-12-19,15/9-F-4,,,,
2007-12-19,15/9-F-5,,,,
2007-12-20,15/9-F-4,,,,
2007-12-20,15/9-F-5,,,,
2007-12-21,15/9-F-4,,,,
2007-12-21,15/9-F-5,,,,
2007-12-22,15/9-F-4,,,,
2007-12-22,15/9-F-5,,,,
2007-12-23,15/9-F-4,,,,
2007-12-23,15/9-F-5,,,,
2007-12-24,15/9-F-4,,,,
2007-12-24,15/9-F-5,,,,
2007-12-25,15/9-F-4,,,,
2007-12-25,15/9-F-5,,,,
2007-12-26,15/9-F-4,,,,
2007-12-26,15/9-F-5,,,,
2007-12-27,15/9-F-4,,,,
2007-12-27,15/9-F-5,,,,
2007-12-28,15/9-F-4,,,,
2007-12-28,15/9-F-5,,,,
2007-12-29,15/9-F-4,,,,
2007-12-29,15/9-F-5,,,,
2007-12-30,15/9-F-4,,,,
2007-12-30,15/9-F-5,,,,
2007-12-31,15/9-F-4,,,,
2007-12-31,15/9-F-5,,,,
2008-01-01,15/9-F-4,0.0,,,
2008-01-01,15/9-F-5,0.0,,,
2008-01-02,15/9-F-4,0.0,,,
2008-01-02,15/9-F-5,0.0,,,
2008-01-03,15/9-F-4,0.0,,,
2008-01-03,15/9-F-5,0.0,,,
2008-01-04,15/9-F-4,0.0,,,
2008-01-04,15/9-F-5,0.0,,,
2008-01-05,15/9-F-4,0.0,,,
2008-01-05,15/9-F-5,0.0,,,
2008-01-06,15/9-F-4,0.0,,,
2008-01-06,15/9-F-5,0.0,,,
2008-01-07,15/9-F-4,0.0,,,
2008-01-07,15/9-F-5,0.0,,,
2008-01-08,15/9-F-4,0.0,,,
2008-01-08,15/9-F-5,0.0,,,
2008-01-09,15/9-F-4,0.0,,,
2008-01-09,15/9-F-5,0.0,,,
2008-01-10,15/9-F-4,0.0,,,
2008-01-10,15/9-F-5,0.0,,,
2008-01-11,15/9-F-4,0.0,,,
2008-01-11,15/9-F-5,0.0,,,
2008-01-12,15/9-F-4,0.0,,,
2008-01-12,15/9-F-5,0.0,,,
2008-01-13,15/9-F-4,0.0,,,
2008-01-13,15/9-F-5,0.0,,,
2008-01-14,15/9-F-4,0.0,,,
2008-01-14,15/9-F-5,0.0,,,
2008-01-15,15/9-F-4,0.0,,,
2008-01-15,15/9-F-5,0.0,,,
2008-01-16,15/9-F-4,0.0,,,
2008-01-16,15/9-F-5,0.0,,,
2008-01-17,15/9-F-4,0.0,,,
2008-01-17,15/9-F-5,0.0,,,
2008-01-18,15/9-F-4,0.0,,,
2008-01-18,15/9-F-5,0.0,,,
2008-01-19,15/9-F-4,0.0,,,
2008-01-19,15/9-F-5,0.0,,,
2008-01-20,15/9-F-4,0.0,,,
2008-01-20,15/9-F-5,0.0,,,
2008-01-21,15/9-F-4,0.0,,,
2008-01-21,15/9-F-5,0.0,,,
2008-01-22,15/9-F-4,,,,
2008-01-22,15/9-F-5,,,,
2008-01-23,15/9-F-4,,,,
2008-01-23,15/9-F-5,,,,
2008-01-24,15/9-F-4,,,,
2008-01-24,15/9-F-5,,,,
2008-01-25,15/9-F-4,,,,
2008-01-25,15/9-F-5,,,,
2008-01-26,15/9-F-4,,,,
2008-01-26,15/9-F-5,,,,
2008-01-27,15/9-F-4,0.0,,,
2008-01-27,15/9-F-5,0.0,,,
2008-01-28,15/9-F-4,,,,
2008-01-28,15/9-F-5,,,,
2008-01-29,15/9-F-4,,,,
2008-01-29,15/9-F-5,,,,
2008-01-30,15/9-F-4,,,,
2008-01-30,15/9-F-5,,,,
2008-01-31,15/9-F-4,,,,
2008-01-31,15/9-F-5,,,,
2008-02-01,15/9-F-4,0.0,,,
2008-02-01,15/9-F-5,0.0,,,
2008-02-02,15/9-F-4,0.0,,,
2008-02-02,15/9-F-5,0.0,,,
2008-02-03,15/9-F-4,0.0,,,
2008-02-03,15/9-F-5,0.0,,,
2008-02-04,15/9-F-4,0.0,,,
2008-02-04,15/9-F-5,0.0,,,
2008-02-05,15/9-F-4,0.0,,,
2008-02-05,15/9-F-5,0.0,,,
2008-02-06,15/9-F-4,0.0,,,
2008-02-06,15/9-F-5,0.0,,,
2008-02-07,15/9-F-4,0.0,,,
2008-02-07,15/9-F-5,0.0,,,
2008-02-08,15/9-F-4,0.0,,,
2008-02-08,15/9-F-5,0.0,,,
2008-02-09,15/9-F-4,0.0,,,
2008-02-09,15/9-F-5,0.0,,,
2008-02-10,15/9-F-4,0.0,,,
2008-02-10,15/9-F-5,0.0,,,
2008-02-11,15/9-F-4,0.0,,,
2008-02-11,15/9-F-5,0.0,,,
2008-02-12,15/9-F-12,11.5,284.65,38888.67,385.01
2008-02-12,15/9-F-14,0.0,0.0,0.0,0.0
2008-02-12,15/9-F-4,0.0,,,
2008-02-12,15/9-F-5,0.0,,,
2008-02-13,15/9-F-12,24.0,1869.7,285246.16,7.13
2008-02-13,15/9-F-14,0.0,0.0,0.0,0.0
2008-02-13,15/9-F-4,0.0,,,
2008-02-13,15/9-F-5,0.0,,,
2008-02-14,15/9-F-12,22.5,3124.09,509954.88,1.16
2008-02-14,15/9-F-14,0.0,0.0,0.0,0.0
2008-02-14,15/9-F-4,0.0,,,
2008-02-14,15/9-F-5,0.0,,,
2008-02-15,15/9-F-12,23.15,2608.28,383426.67,0.97
2008-02-15,15/9-F-14,0.0,0.0,0.0,0.0
2008-02-15,15/9-F-4,0.0,,,
2008-02-15,15/9-F-5,0.0,,,
2008-02-16,15/9-F-12,24.0,3051.8,418474.0,4.89
2008-02-16,15/9-F-14,0.0,0.0,0.0,0.0
2008-02-16,15/9-F-4,0.0,,,
2008-02-16,15/9-F-5,0.0,,,
2008-02-17,15/9-F-12,24.0,2982.63,422763.0,1.85
2008-02-17,15/9-F-14,0.0,0.0,0.0,0.0
2008-02-17,15/9-F-4,0.0,,,
2008-02-17,15/9-F-5,0.0,,,
2008-02-18,15/9-F-12,23.0,2980.52,413831.0,6.48
2008-02-18,15/9-F-14,0.0,0.0,0.0,0.0
2008-02-18,15/9-F-4,0.0,,,
2008-02-18,15/9-F-5,0.0,,,
2008-02-19,15/9-F-12,24.0,3046.19,429218.0,0.73
2008-02-19,15/9-F-14,0.0,0.0,0.0,0.0
2008-02-19,15/9-F-4,0.0,,,
2008-02-19,15/9-F-5,0.0,,,
2008-02-20,15/9-F-12,24.0,3057.18,442982.75,0.46
2008-02-20,15/9-F-14,0.0,0.0,0.0,0.0
2008-02-20,15/9-F-4,0.0,,,
2008-02-20,15/9-F-5,0.0,,,
2008-02-21,15/9-F-12,24.0,3030.33,423809.16,0.45
2008-02-21,15/9-F-14,0.0,0.0,0.0,0.0
2008-02-21,15/9-F-4,,,,
2008-02-21,15/9-F-5,,,,
2008-02-22,15/9-F-12,23.66666,2907.56,397808.0,0.44
2008-02-22,15/9-F-14,0.0,0.0,0.0,0.0
2008-02-22,15/9-F-4,0.0,,,
2008-02-22,15/9-F-5,0.0,,,
2008-02-23,15/9-F-12,15.14167,1851.72,252078.0,0.28
2008-02-23,15/9-F-14,0.0,0.0,0.0,0.0
2008-02-23,15/9-F-4,0.0,,,
2008-02-23,15/9-F-5,0.0,,,
2008-02-24,15/9-F-12,24.0,3126.7,442808.0,0.47
2008-02-24,15/9-F-14,0.0,0.0,0.0,0.0
2008-02-24,15/9-F-4,0.0,,,
2008-02-24,15/9-F-5,0.0,,,
2008-02-25,15/9-F-12,24.0,3045.54,439178.0,0.46
2008-02-25,15/9-F-14,0.0,0.0,0.0,0.0
2008-02-25,15/9-F-4,0.0,,,
2008-02-25,15/9-F-5,0.0,,,
2008-02-26,15/9-F-12,24.0,3046.54,446905.0,0.46
2008-02-26,15/9-F-14,0.0,0.0,0.0,0.0
2008-02-26,15/9-F-4,0.0,,,
2008-02-26,15/9-F-5,0.0,,,
2008-02-27,15/9-F-12,24.0,3035.54,445616.0,0.46
2008-02-27,15/9-F-14,0.0,0.0,0.0,0.0
2008-02-27,15/9-F-4,0.0,,,
2008-02-27,15/9-F-5,0.0,,,
2008-02-28,15/9-F-12,23.66666,2971.55,424674.0,0.45
2008-02-28,15/9-F-14,0.0,0.0,0.0,0.0
2008-02-28,15/9-F-4,0.0,,,
2008-02-28,15/9-F-5,0.0,,,
2008-02-29,15/9-F-12,24.0,3070.54,450348.0,0.46
2008-02-29,15/9-F-14,0.0,0.0,0.0,0.0
2008-02-29,15/9-F-4,0.0,,,
2008-02-29,15/9-F-5,0.0,,,
2008-03-01,15/9-F-12,24.0,3068.48,447584.12,0.46
2008-03-01,15/9-F-14,0.0,0.0,0.0,0.0
2008-03-01,15/9-F-4,0.0,,,
2008-03-01,15/9-F-5,0.0,,,
2008-03-02,15/9-F-12,24.0,3066.54,446144.0,0.46
2008-03-02,15/9-F-14,0.0,0.0,0.0,0.0
2008-03-02,15/9-F-4,0.0,,,
2008-03-02,15/9-F-5,0.0,,,
2008-03-03,15/9-F-12,24.0,3043.54,443726.0,0.46
2008-03-03,15/9-F-14,0.0,0.0,0.0,0.0
2008-03-03,15/9-F-4,0.0,,,
2008-03-03,15/9-F-5,0.0,,,
2008-03-04,15/9-F-12,24.0,2983.19,430246.72,0.45
2008-03-04,15/9-F-14,0.0,0.0,0.0,0.0
2008-03-04,15/9-F-4,0.0,,,
2008-03-04,15/9-F-5,0.0,,,
2008-03-05,15/9-F-12,24.0,2967.05,437688.2,0.45
2008-03-05,15/9-F-14,0.0,0.0,0.0,0.0
2008-03-05,15/9-F-4,0.0,,,
2008-03-05,15/9-F-5,0.0,,,
2008-03-06,15/9-F-12,24.0,2950.88,432727.0,1.74
2008-03-06,15/9-F-14,0.0,0.0,0.0,0.0
2008-03-06,15/9-F-4,0.0,,,
2008-03-06,15/9-F-5,0.0,,,
2008-03-07,15/9-F-12,22.83333,2656.62,391264.6,1.57
2008-03-07,15/9-F-14,0.0,0.0,0.0,0.0
2008-03-07,15/9-F-4,0.0,,,
2008-03-07,15/9-F-5,0.0,,,
2008-03-08,15/9-F-12,23.0,2578.48,365769.0,1.52
2008-03-08,15/9-F-14,0.0,0.0,0.0,0.0
2008-03-08,15/9-F-4,0.0,,,
2008-03-08,15/9-F-5,0.0,,,
2008-03-09,15/9-F-12,24.0,2996.83,427791.0,1.77
2008-03-09,15/9-F-14,0.0,0.0,0.0,0.0
2008-03-09,15/9-F-4,0.0,,,
2008-03-09,15/9-F-5,0.0,,,
2008-03-10,15/9-F-12,24.0,3021.4,440679.0,0.6
2008-03-10,15/9-F-14,0.0,0.0,0.0,0.0
2008-03-10,15/9-F-4,0.0,,,
2008-03-10,15/9-F-5,0.0,,,
2008-03-11,15/9-F-12,24.0,3010.4,450972.0,0.6
2008-03-11,15/9-F-14,0.0,0.0,0.0,0.0
2008-03-11,15/9-F-4,0.0,,,
2008-03-11,15/9-F-5,0.0,,,
2008-03-12,15/9-F-12,23.775,2794.44,418887.0,0.56
2008-03-12,15/9-F-14,0.0,0.0,0.0,0.0
2008-03-12,15/9-F-4,0.0,,,
2008-03-12,15/9-F-5,0.0,,,
2008-03-13,15/9-F-12,24.0,3058.89,458524.0,0.61
2008-03-13,15/9-F-14,0.0,0.0,0.0,0.0
2008-03-13,15/9-F-4,0.0,,,
2008-03-13,15/9-F-5,0.0,,,
2008-03-14,15/9-F-12,23.83334,2964.81,428015.0,0.59
2008-03-14,15/9-F-14,0.0,0.0,0.0,0.0
2008-03-14,15/9-F-4,0.0,,,
2008-03-14,15/9-F-5,0.0,,,
2008-03-15,15/9-F-12,24.0,3131.37,454137.0,0.63
2008-03-15,15/9-F-14,0.0,0.0,0.0,0.0
2008-03-15,15/9-F-4,0.0,,,
2008-03-15,15/9-F-5,0.0,,,
2008-03-16,15/9-F-12,24.0,3135.37,454798.0,0.63
2008-03-16,15/9-F-14,0.0,0.0,0.0,0.0
2008-03-16,15/9-F-4,0.0,,,
2008-03-16,15/9-F-5,0.0,,,
2008-03-17,15/9-F-12,24.0,3143.37,470240.0,0.63
2008-03-17,15/9-F-14,0.0,0.0,0.0,0.0
2008-03-17,15/9-F-4,0.0,,,
2008-03-17,15/9-F-5,0.0,,,
2008-03-18,15/9-F-12,24.0,3132.37,425284.44,0.63
2008-03-18,15/9-F-14,0.0,0.0,0.0,0.0
2008-03-18,15/9-F-4,0.0,,,
2008-03-18,15/9-F-5,0.0,,,
2008-03-19,15/9-F-12,24.0,3139.62,454093.33,0.63
2008-03-19,15/9-F-14,0.0,0.0,0.0,0.0
2008-03-19,15/9-F-4,0.0,,,
2008-03-19,15/9-F-5,0.0,,,
2008-03-20,15/9-F-12,24.0,3156.67,467465.72,0.63
2008-03-20,15/9-F-14,0.0,0.0,0.0,0.0
2008-03-20,15/9-F-4,0.0,,,
2008-03-20,15/9-F-5,0.0,,,
2008-03-21,15/9-F-12,24.0,3192.14,458447.4,0.64
2008-03-21,15/9-F-14,0.0,0.0,0.0,0.0
2008-03-21,15/9-F-4,0.0,,,
2008-03-21,15/9-F-5,0.0,,,
2008-03-22,15/9-F-12,24.0,3172.12,458028.49,0.63
2008-03-22,15/9-F-14,0.0,0.0,0.0,0.0
2008-03-22,15/9-F-4,0.0,,,
2008-03-22,15/9-F-5,0.0,,,
2008-03-23,15/9-F-12,24.0,3160.26,466335.26,0.63
2008-03-23,15/9-F-14,0.0,0.0,0.0,0.0
2008-03-23,15/9-F-4,0.0,,,
2008-03-23,15/9-F-5,0.0,,,
2008-03-24,15/9-F-12,24.0,3153.35,468479.65,0.63
2008-03-24,15/9-F-14,0.0,0.0,0.0,0.0
2008-03-24,15/9-F-4,0.0,,,
2008-03-24,15/9-F-5,0.0,,,
2008-03-25,15/9-F-12,24.0,3130.58,406562.1,0.63
2008-03-25,15/9-F-14,0.0,0.0,0.0,0.0
2008-03-25,15/9-F-4,0.0,,,
2008-03-25,15/9-F-5,0.0,,,
2008-03-26,15/9-F-12,7.475,960.26,113341.21,1.64
2008-03-26,15/9-F-14,0.0,0.0,0.0,0.0
2008-03-26,15/9-F-4,0.0,,,
2008-03-26,15/9-F-5,0.0,,,
2008-03-27,15/9-F-12,0.0,0.0,0.0,0.0
2008-03-27,15/9-F-14,0.0,0.0,0.0,0.0
2008-03-27,15/9-F-4,0.0,,,
2008-03-27,15/9-F-5,0.0,,,
2008-03-28,15/9-F-12,1.19167,73.44,48936.44,0.13
2008-03-28,15/9-F-14,0.0,0.0,0.0,0.0
2008-03-28,15/9-F-4,0.0,,,
2008-03-28,15/9-F-5,0.0,,,
2008-03-29,15/9-F-12,24.0,3137.26,509074.88,3.39
2008-03-29,15/9-F-14,0.0,0.0,0.0,0.0
2008-03-29,15/9-F-4,0.0,,,
2008-03-29,15/9-F-5,0.0,,,
2008-03-30,15/9-F-12,10.975,1430.95,137396.4,1.55
2008-03-30,15/9-F-14,0.0,0.0,0.0,0.0
2008-03-30,15/9-F-4,0.0,,,
2008-03-30,15/9-F-5,0.0,,,
2008-03-31,15/9-F-12,14.025,1950.58,378532.95,1.93
2008-03-31,15/9-F-14,0.0,0.0,0.0,0.0
2008-03-31,15/9-F-4,0.0,,,
2008-03-31,15/9-F-5,0.0,,,
2008-04-01,15/9-F-12,24.0,3060.6,457837.18,2.82
2008-04-01,15/9-F-14,0.0,0.0,0.0,0.0
2008-04-01,15/9-F-4,0.0,,,
2008-04-01,15/9-F-5,0.0,,,
2008-04-02,15/9-F-12,24.0,3053.67,461808.99,2.81
2008-04-02,15/9-F-14,0.0,0.0,0.0,0.0
2008-04-02,15/9-F-4,0.0,,,
2008-04-02,15/9-F-5,0.0,,,
2008-04-03,15/9-F-12,24.0,3103.12,372985.57,2.86
2008-04-03,15/9-F-14,0.0,0.0,0.0,0.0
2008-04-03,15/9-F-4,0.0,,,
2008-04-03,15/9-F-5,0.0,,,
2008-04-04,15/9-F-12,24.0,3110.68,463717.13,2.86
2008-04-04,15/9-F-14,0.0,0.0,0.0,0.0
2008-04-04,15/9-F-4,0.0,,,
2008-04-04,15/9-F-5,0.0,,,
2008-04-05,15/9-F-12,24.0,3303.3,463529.9,3.04
2008-04-05,15/9-F-14,0.0,0.0,0.0,0.0
2008-04-05,15/9-F-4,0.0,,,
2008-04-05,15/9-F-5,0.0,,,
2008-04-06,15/9-F-12,24.0,3028.41,440906.09,153.36
2008-04-06,15/9-F-14,0.0,0.0,0.0,0.0
2008-04-06,15/9-F-4,0.0,,,
2008-04-06,15/9-F-5,0.0,,,
2008-04-07,15/9-F-12,24.0,2998.8,452369.44,151.86
2008-04-07,15/9-F-14,0.0,0.0,0.0,0.0
2008-04-07,15/9-F-4,0.0,,,
2008-04-07,15/9-F-5,0.0,,,
2008-04-08,15/9-F-12,24.0,3054.12,451030.48,4.34
2008-04-08,15/9-F-14,0.0,0.0,0.0,0.0
2008-04-08,15/9-F-4,0.0,,,
2008-04-08,15/9-F-5,0.0,,,
2008-04-09,15/9-F-12,24.0,3025.8,463595.31,4.91
2008-04-09,15/9-F-14,0.0,0.0,0.0,0.0
2008-04-09,15/9-F-4,0.0,,,
2008-04-09,15/9-F-5,0.0,,,
2008-04-10,15/9-F-12,24.0,3003.22,468712.0,4.09
2008-04-10,15/9-F-14,0.0,0.0,0.0,0.0
2008-04-10,15/9-F-4,0.0,,,
2008-04-10,15/9-F-5,0.0,,,
2008-04-11,15/9-F-12,24.0,3015.97,458936.65,10.44
2008-04-11,15/9-F-14,0.0,0.0,0.0,0.0
2008-04-11,15/9-F-4,0.0,,,
2008-04-11,15/9-F-5,0.0,,,
2008-04-12,15/9-F-12,12.975,1615.37,242280.01,2.91
2008-04-12,15/9-F-14,0.0,0.0,0.0,0.0
2008-04-12,15/9-F-4,0.0,,,
2008-04-12,15/9-F-5,0.0,,,
2008-04-13,15/9-F-12,4.0,429.77,65731.44,1.73
2008-04-13,15/9-F-14,0.0,0.0,0.0,0.0
2008-04-13,15/9-F-4,0.0,,,
2008-04-13,15/9-F-5,0.0,,,
2008-04-14,15/9-F-12,21.26,2578.63,413142.56,3.62
2008-04-14,15/9-F-14,0.0,0.0,0.0,0.0
2008-04-14,15/9-F-4,0.0,,,
2008-04-14,15/9-F-5,0.0,,,
2008-04-15,15/9-F-12,20.55,2494.26,400308.2,3.5
2008-04-15,15/9-F-14,0.0,0.0,0.0,0.0
2008-04-15,15/9-F-4,0.0,,,
2008-04-15,15/9-F-5,0.0,,,
2008-04-16,15/9-F-12,24.0,2847.56,462314.88,3.99
2008-04-16,15/9-F-14,0.0,0.0,0.0,0.0
2008-04-16,15/9-F-4,0.0,,,
2008-04-16,15/9-F-5,0.0,,,
2008-04-17,15/9-F-12,9.375,1120.57,184080.6,1.1
2008-04-17,15/9-F-14,0.0,0.0,0.0,0.0
2008-04-17,15/9-F-4,0.0,,,
2008-04-17,15/9-F-5,0.0,,,
2008-04-18,15/9-F-12,21.57,2448.14,372536.86,2.4
2008-04-18,15/9-F-14,0.0,0.0,0.0,0.0
2008-04-18,15/9-F-4,0.0,,,
2008-04-18,15/9-F-5,0.0,,,
2008-04-19,15/9-F-12,22.71203,2513.65,383126.44,2.47
2008-04-19,15/9-F-14,0.0,0.0,0.0,0.0
2008-04-19,15/9-F-4,0.0,,,
2008-04-19,15/9-F-5,0.0,,,
2008-04-20,15/9-F-12,24.0,2752.75,418498.59,2.7
2008-04-20,15/9-F-14,0.0,0.0,0.0,0.0
2008-04-20,15/9-F-4,0.0,,,
2008-04-20,15/9-F-5,0.0,,,
2008-04-21,15/9-F-12,24.0,2752.3,426345.05,2.7
2008-04-21,15/9-F-14,0.0,0.0,0.0,0.0
2008-04-21,15/9-F-4,0.0,,,
2008-04-21,15/9-F-5,0.0,,,
2008-04-22,15/9-F-12,24.0,2737.24,422378.97,2.31
2008-04-22,15/9-F-14,0.0,0.0,0.0,0.0
2008-04-22,15/9-F-4,0.0,,,
2008-04-22,15/9-F-5,0.0,,,
2008-04-23,15/9-F-12,24.0,2735.53,422115.01,-14.19
2008-04-23,15/9-F-14,0.0,0.0,0.0,0.0
2008-04-23,15/9-F-4,10.0,,,
2008-04-23,15/9-F-5,0.0,,,
2008-04-24,15/9-F-12,24.0,2730.33,474459.4,93.87
2008-04-24,15/9-F-14,0.0,0.0,0.0,0.0
2008-04-24,15/9-F-4,24.0,,,
2008-04-24,15/9-F-5,0.0,,,
2008-04-25,15/9-F-12,24.0,2727.65,480456.7,4.22
2008-04-25,15/9-F-14,0.0,0.0,0.0,0.0
2008-04-25,15/9-F-4,24.0,,,
2008-04-25,15/9-F-5,0.0,,,
2008-04-26,15/9-F-12,24.0,2747.01,481822.53,3.81
2008-04-26,15/9-F-14,0.0,0.0,0.0,0.0
2008-04-26,15/9-F-4,18.65,,,
2008-04-26,15/9-F-5,0.0,,,
2008-04-27,15/9-F-12,15.95833,1985.59,350826.25,2.76
2008-04-27,15/9-F-14,0.0,0.0,0.0,0.0
2008-04-27,15/9-F-4,15.95833,,,
2008-04-27,15/9-F-5,0.0,,,
2008-04-28,15/9-F-4,0.0,,,
2008-04-28,15/9-F-5,0.0,,,
2008-04-29,15/9-F-12,5.2463,546.58,90823.83,4.76
2008-04-29,15/9-F-14,0.0,0.0,0.0,0.0
2008-04-29,15/9-F-4,5.0,,,
2008-04-29,15/9-F-5,0.0,,,
2008-04-30,15/9-F-12,24.0,3011.83,459764.68,14.0
2008-04-30,15/9-F-14,0.0,0.0,0.0,0.0
2008-04-30,15/9-F-4,21.04167,,,
2008-04-30,15/9-F-5,0.0,,,
2008-05-01,15/9-F-12,24.0,3167.59,471209.85,3.44
2008-05-01,15/9-F-14,0.0,0.0,0.0,0.0
2008-05-01,15/9-F-4,24.0,,,
2008-05-01,15/9-F-5,0.0,,,
2008-05-02,15/9-F-12,24.0,3163.92,486368.03,4.43
2008-05-02,15/9-F-14,0.0,0.0,0.0,0.0
2008-05-02,15/9-F-4,23.23,,,
2008-05-02,15/9-F-5,0.0,,,
2008-05-03,15/9-F-12,24.0,3173.19,474305.4,4.44
2008-05-03,15/9-F-14,0.0,0.0,0.0,0.0
2008-05-03,15/9-F-4,23.83333,,,
2008-05-03,15/9-F-5,0.0,,,
2008-05-04,15/9-F-12,24.0,3188.85,493120.0,4.44
2008-05-04,15/9-F-14,0.0,0.0,0.0,0.0
2008-05-04,15/9-F-4,24.0,,,
2008-05-04,15/9-F-5,0.0,,,
2008-05-05,15/9-F-12,24.0,3186.96,491322.97,4.42
2008-05-05,15/9-F-14,0.0,0.0,0.0,0.0
2008-05-05,15/9-F-4,22.75,,,
2008-05-05,15/9-F-5,0.0,,,
2008-05-06,15/9-F-12,24.0,3176.89,489872.38,4.42
2008-05-06,15/9-F-14,0.0,0.0,0.0,0.0
2008-05-06,15/9-F-4,24.0,,,
2008-05-06,15/9-F-5,0.0,,,
2008-05-07,15/9-F-12,24.0,3171.32,489343.07,4.29
2008-05-07,15/9-F-14,0.0,0.0,0.0,0.0
2008-05-07,15/9-F-4,24.0,,,
2008-05-07,15/9-F-5,0.0,,,
2008-05-08,15/9-F-12,24.0,3170.85,488607.46,4.76
2008-05-08,15/9-F-14,0.0,0.0,0.0,0.0
2008-05-08,15/9-F-4,24.0,,,
2008-05-08,15/9-F-5,0.0,,,
2008-05-09,15/9-F-12,24.0,3188.02,489393.88,0.01
2008-05-09,15/9-F-14,0.0,0.0,0.0,0.0
2008-05-09,15/9-F-4,24.0,,,
2008-05-09,15/9-F-5,0.0,,,
2008-05-10,15/9-F-12,24.0,3415.68,524276.14,6.39
2008-05-10,15/9-F-14,0.0,0.0,0.0,0.0
2008-05-10,15/9-F-4,24.0,,,
2008-05-10,15/9-F-5,0.0,,,
2008-05-11,15/9-F-12,24.0,3701.51,567340.44,7.22
2008-05-11,15/9-F-14,0.0,0.0,0.0,0.0
2008-05-11,15/9-F-4,24.0,,,
2008-05-11,15/9-F-5,0.0,,,
2008-05-12,15/9-F-12,24.0,4002.28,612762.21,7.62
2008-05-12,15/9-F-14,0.0,0.0,0.0,0.0
2008-05-12,15/9-F-4,24.0,,,
2008-05-12,15/9-F-5,0.0,,,
2008-05-13,15/9-F-12,24.0,4253.12,648380.88,8.22
2008-05-13,15/9-F-14,0.0,0.0,0.0,0.0
2008-05-13,15/9-F-4,24.0,,,
2008-05-13,15/9-F-5,0.0,,,
2008-05-14,15/9-F-12,24.0,4279.91,651572.53,8.29
2008-05-14,15/9-F-14,0.0,0.0,0.0,0.0
2008-05-14,15/9-F-4,24.0,,,
2008-05-14,15/9-F-5,0.0,,,
2008-05-15,15/9-F-12,24.0,4439.62,671084.55,8.59
2008-05-15,15/9-F-14,0.0,0.0,0.0,0.0
2008-05-15,15/9-F-4,24.0,,,
2008-05-15,15/9-F-5,0.0,,,
2008-05-16,15/9-F-12,24.0,4582.9,696343.43,8.86
2008-05-16,15/9-F-14,0.0,0.0,0.0,0.0
2008-05-16,15/9-F-4,24.0,,,
2008-05-16,15/9-F-5,0.0,,,
2008-05-17,15/9-F-12,24.0,4677.42,709992.17,9.04
2008-05-17,15/9-F-14,0.0,0.0,0.0,0.0
2008-05-17,15/9-F-4,24.0,,,
2008-05-17,15/9-F-5,0.0,,,
2008-05-18,15/9-F-12,24.0,4688.63,711699.89,9.07
2008-05-18,15/9-F-14,0.0,0.0,0.0,0.0
2008-05-18,15/9-F-4,24.0,,,
2008-05-18,15/9-F-5,0.0,,,
2008-05-19,15/9-F-12,24.0,4687.74,714081.05,9.06
2008-05-19,15/9-F-14,0.0,0.0,0.0,0.0
2008-05-19,15/9-F-4,24.0,,,
2008-05-19,15/9-F-5,0.0,,,
2008-05-20,15/9-F-12,24.0,4885.56,741919.56,9.45
2008-05-20,15/9-F-14,0.0,0.0,0.0,0.0
2008-05-20,15/9-F-4,24.0,,,
2008-05-20,15/9-F-5,0.0,,,
2008-05-21,15/9-F-12,24.0,5013.12,759588.91,9.69
2008-05-21,15/9-F-14,0.0,0.0,0.0,0.0
2008-05-21,15/9-F-4,24.0,,,
2008-05-21,15/9-F-5,0.0,,,
2008-05-22,15/9-F-12,24.0,5017.55,760577.09,7.7
2008-05-22,15/9-F-14,0.0,0.0,0.0,0.0
2008-05-22,15/9-F-4,24.0,,,
2008-05-22,15/9-F-5,0.0,,,
2008-05-23,15/9-F-12,24.0,5019.23,760297.25,19.71
2008-05-23,15/9-F-14,0.0,0.0,0.0,0.0
2008-05-23,15/9-F-4,24.0,,,
2008-05-23,15/9-F-5,0.0,,,
2008-05-24,15/9-F-12,24.0,5034.28,762332.85,8019.72
2008-05-24,15/9-F-14,0.0,0.0,0.0,0.0
2008-05-24,15/9-F-4,24.0,,,
2008-05-24,15/9-F-5,0.0,,,
2008-05-25,15/9-F-12,24.0,5045.72,764673.62,8019.74
2008-05-25,15/9-F-14,0.0,0.0,0.0,0.0
2008-05-25,15/9-F-4,24.0,,,
2008-05-25,15/9-F-5,0.0,,,
2008-05-26,15/9-F-12,24.0,5053.01,766791.37,19.77
2008-05-26,15/9-F-14,0.0,0.0,0.0,0.0
2008-05-26,15/9-F-4,24.0,,,
2008-05-26,15/9-F-5,0.0,,,
2008-05-27,15/9-F-12,24.0,5065.87,767889.19,29.8
2008-05-27,15/9-F-14,0.0,0.0,0.0,0.0
2008-05-27,15/9-F-4,24.0,,,
2008-05-27,15/9-F-5,0.0,,,
2008-05-28,15/9-F-12,24.0,5072.27,767413.36,10.01
2008-05-28,15/9-F-14,0.0,0.0,0.0,0.0
2008-05-28,15/9-F-4,24.0,,,
2008-05-28,15/9-F-5,0.0,,,
2008-05-29,15/9-F-12,24.0,5086.33,770161.99,10.04
2008-05-29,15/9-F-14,0.0,0.0,0.0,0.0
2008-05-29,15/9-F-4,24.0,,,
2008-05-29,15/9-F-5,0.0,,,
2008-05-30,15/9-F-12,20.19167,3869.22,589150.0,7.48
2008-05-30,15/9-F-14,0.0,0.0,0.0,0.0
2008-05-30,15/9-F-4,20.19167,,,
2008-05-30,15/9-F-5,0.0,,,
2008-05-31,15/9-F-12,0.0,0.0,0.0,0.0
2008-05-31,15/9-F-14,0.0,0.0,0.0,0.0
2008-05-31,15/9-F-4,0.0,,,
2008-05-31,15/9-F-5,0.0,,,
2008-06-01,15/9-F-12,0.5,22.94,11729.2,0.04
2008-06-01,15/9-F-14,0.0,0.0,0.0,0.0
2008-06-01,15/9-F-4,0.0,,,
2008-06-01,15/9-F-5,0.0,,,
2008-06-02,15/9-F-12,13.41667,4019.51,603534.04,7.77
2008-06-02,15/9-F-14,0.0,0.0,0.0,0.0
2008-06-02,15/9-F-4,16.0,,,
2008-06-02,15/9-F-5,0.0,,,
2008-06-03,15/9-F-12,24.0,4999.75,755898.39,9.67
2008-06-03,15/9-F-14,0.0,0.0,0.0,0.0
2008-06-03,15/9-F-4,14.15,,,
2008-06-03,15/9-F-5,0.0,,,
2008-06-04,15/9-F-12,24.0,5067.01,764495.52,9.8
2008-06-04,15/9-F-14,0.0,0.0,0.0,0.0
2008-06-04,15/9-F-4,24.0,,,
2008-06-04,15/9-F-5,0.0,,,
2008-06-05,15/9-F-12,24.0,5040.47,768018.95,9.75
2008-06-05,15/9-F-14,0.0,0.0,0.0,0.0
2008-06-05,15/9-F-4,24.0,,,
2008-06-05,15/9-F-5,0.0,,,
2008-06-06,15/9-F-12,24.0,5058.13,763388.73,9.78
2008-06-06,15/9-F-14,0.0,0.0,0.0,0.0
2008-06-06,15/9-F-4,24.0,,,
2008-06-06,15/9-F-5,0.0,,,
2008-06-07,15/9-F-12,24.0,5057.56,761308.55,184.78
2008-06-07,15/9-F-14,0.0,0.0,0.0,0.0
2008-06-07,15/9-F-4,24.0,,,
2008-06-07,15/9-F-5,0.0,,,
2008-06-08,15/9-F-12,24.0,5070.12,761089.16,9.8
2008-06-08,15/9-F-14,0.0,0.0,0.0,0.0
2008-06-08,15/9-F-4,24.0,,,
2008-06-08,15/9-F-5,0.0,,,
2008-06-09,15/9-F-12,24.0,5081.36,762129.8,14.83
2008-06-09,15/9-F-14,0.0,0.0,0.0,0.0
2008-06-09,15/9-F-4,24.0,,,
2008-06-09,15/9-F-5,0.0,,,
2008-06-10,15/9-F-12,24.0,5081.78,761130.49,9.83
2008-06-10,15/9-F-14,0.0,0.0,0.0,0.0
2008-06-10,15/9-F-4,19.0,,,
2008-06-10,15/9-F-5,0.0,,,
2008-06-11,15/9-F-12,24.0,5087.06,760260.45,9.84
2008-06-11,15/9-F-14,0.0,0.0,0.0,0.0
2008-06-11,15/9-F-4,0.0,,,
2008-06-11,15/9-F-5,0.0,,,
2008-06-12,15/9-F-12,24.0,5060.12,757005.32,9.78
2008-06-12,15/9-F-14,0.0,0.0,0.0,0.0
2008-06-12,15/9-F-4,6.5,,,
2008-06-12,15/9-F-5,0.0,,,
2008-06-13,15/9-F-12,24.0,5032.29,754387.87,9.73
2008-06-13,15/9-F-14,0.0,0.0,0.0,0.0
2008-06-13,15/9-F-4,24.0,,,
2008-06-13,15/9-F-5,0.0,,,
2008-06-14,15/9-F-12,22.66667,4332.16,651120.47,8.28
2008-06-14,15/9-F-14,0.0,0.0,0.0,0.0
2008-06-14,15/9-F-4,19.5,,,
2008-06-14,15/9-F-5,0.0,,,
2008-06-15,15/9-F-12,24.0,5087.53,763089.71,9.84
2008-06-15,15/9-F-14,0.0,0.0,0.0,0.0
2008-06-15,15/9-F-4,24.0,,,
2008-06-15,15/9-F-5,0.0,,,
2008-06-16,15/9-F-12,24.0,5102.25,764342.55,10.0
2008-06-16,15/9-F-14,0.0,0.0,0.0,0.0
2008-06-16,15/9-F-4,24.0,,,
2008-06-16,15/9-F-5,0.0,,,
2008-06-17,15/9-F-12,24.0,5102.84,756365.89,9.88
2008-06-17,15/9-F-14,0.0,0.0,0.0,0.0
2008-06-17,15/9-F-4,24.0,,,
2008-06-17,15/9-F-5,0.0,,,
2008-06-18,15/9-F-12,24.0,5135.06,765784.34,7.17
2008-06-18,15/9-F-14,0.0,0.0,0.0,0.0
2008-06-18,15/9-F-4,24.0,,,
2008-06-18,15/9-F-5,0.0,,,
2008-06-19,15/9-F-12,24.0,5140.62,766175.86,8.75
2008-06-19,15/9-F-14,0.0,0.0,0.0,0.0
2008-06-19,15/9-F-4,24.0,,,
2008-06-19,15/9-F-5,0.0,,,
2008-06-20,15/9-F-12,23.50001,4721.66,702550.38,9.53
2008-06-20,15/9-F-14,0.0,0.0,0.0,0.0
2008-06-20,15/9-F-4,21.16667,,,
2008-06-20,15/9-F-5,0.0,,,
2008-06-21,15/9-F-12,24.0,5037.62,750094.0,15.16
2008-06-21,15/9-F-14,0.0,0.0,0.0,0.0
2008-06-21,15/9-F-4,24.0,,,
2008-06-21,15/9-F-5,0.0,,,
2008-06-22,15/9-F-12,24.0,5147.1,769091.42,11.35
2008-06-22,15/9-F-14,0.0,0.0,0.0,0.0
2008-06-22,15/9-F-4,24.0,,,
2008-06-22,15/9-F-5,0.0,,,
2008-06-23,15/9-F-12,24.0,5114.6,765622.03,10.25
2008-06-23,15/9-F-14,0.0,0.0,0.0,0.0
2008-06-23,15/9-F-4,24.0,,,
2008-06-23,15/9-F-5,0.0,,,
2008-06-24,15/9-F-12,24.0,5123.74,766123.1,11.81
2008-06-24,15/9-F-14,0.0,0.0,0.0,0.0
2008-06-24,15/9-F-4,24.0,,,
2008-06-24,15/9-F-5,0.0,,,
2008-06-25,15/9-F-12,24.0,5135.48,767514.63,11.77
2008-06-25,15/9-F-14,0.0,0.0,0.0,0.0
2008-06-25,15/9-F-4,21.66667,,,
2008-06-25,15/9-F-5,0.0,,,
2008-06-26,15/9-F-12,15.83334,4232.54,639125.35,9.76
2008-06-26,15/9-F-14,0.0,0.0,0.0,0.0
2008-06-26,15/9-F-4,18.5,,,
2008-06-26,15/9-F-5,0.0,,,
2008-06-27,15/9-F-12,24.0,5126.41,762147.27,11.8
2008-06-27,15/9-F-14,0.0,0.0,0.0,0.0
2008-06-27,15/9-F-4,24.0,,,
2008-06-27,15/9-F-5,0.0,,,
2008-06-28,15/9-F-12,24.0,5075.74,711222.19,11.7
2008-06-28,15/9-F-14,0.0,0.0,0.0,0.0
2008-06-28,15/9-F-4,7.83333,,,
2008-06-28,15/9-F-5,0.0,,,
2008-06-29,15/9-F-12,24.0,5121.12,768245.7,11.82
2008-06-29,15/9-F-14,0.0,0.0,0.0,0.0
2008-06-29,15/9-F-4,22.5,,,
2008-06-29,15/9-F-5,0.0,,,
2008-06-30,15/9-F-12,24.0,4372.28,659342.57,10.1
2008-06-30,15/9-F-14,0.0,0.0,0.0,0.0
2008-06-30,15/9-F-4,24.0,,,
2008-06-30,15/9-F-5,0.0,,,
2008-07-01,15/9-F-12,22.66666,3980.51,599295.69,9.18
2008-07-01,15/9-F-14,0.0,0.0,0.0,0.0
2008-07-01,15/9-F-4,20.66666,,,
2008-07-01,15/9-F-5,0.0,,,
2008-07-02,15/9-F-12,24.0,5114.67,766478.4,0.79
2008-07-02,15/9-F-14,0.0,0.0,0.0,0.0
2008-07-02,15/9-F-4,24.0,,,
2008-07-02,15/9-F-5,0.0,,,
2008-07-03,15/9-F-12,24.0,5083.67,762466.05,15.17
2008-07-03,15/9-F-14,0.0,0.0,0.0,0.0
2008-07-03,15/9-F-4,24.0,,,
2008-07-03,15/9-F-5,0.0,,,
2008-07-04,15/9-F-12,24.0,5080.84,761637.18,4.51
2008-07-04,15/9-F-14,0.0,0.0,0.0,0.0
2008-07-04,15/9-F-4,24.0,,,
2008-07-04,15/9-F-5,0.0,,,
2008-07-05,15/9-F-12,24.0,5086.26,761985.49,11.73
2008-07-05,15/9-F-14,0.0,0.0,0.0,0.0
2008-07-05,15/9-F-4,24.0,,,
2008-07-05,15/9-F-5,0.0,,,
2008-07-06,15/9-F-12,24.0,5087.7,762728.95,15.73
2008-07-06,15/9-F-14,0.0,0.0,0.0,0.0
2008-07-06,15/9-F-4,24.0,,,
2008-07-06,15/9-F-5,0.0,,,
2008-07-07,15/9-F-12,24.0,5094.92,764020.22,12.75
2008-07-07,15/9-F-14,0.0,0.0,0.0,0.0
2008-07-07,15/9-F-4,24.0,,,
2008-07-07,15/9-F-5,0.0,,,
2008-07-08,15/9-F-12,24.0,5095.75,764104.54,36.05
2008-07-08,15/9-F-14,0.0,0.0,0.0,0.0
2008-07-08,15/9-F-4,24.0,,,
2008-07-08,15/9-F-5,0.0,,,
2008-07-09,15/9-F-12,24.0,5094.03,762917.06,11.74
2008-07-09,15/9-F-14,0.0,0.0,0.0,0.0
2008-07-09,15/9-F-4,24.0,,,
2008-07-09,15/9-F-5,0.0,,,
2008-07-10,15/9-F-12,21.35,4621.52,691133.54,10.65
2008-07-10,15/9-F-14,0.0,0.0,0.0,0.0
2008-07-10,15/9-F-4,9.75,,,
2008-07-10,15/9-F-5,0.0,,,
2008-07-11,15/9-F-12,13.16666,2855.54,426766.13,6.58
2008-07-11,15/9-F-14,0.0,0.0,0.0,0.0
2008-07-11,15/9-F-4,4.33333,,,
2008-07-11,15/9-F-5,0.0,,,
2008-07-12,15/9-F-12,6.30833,686.84,151768.25,1.58
2008-07-12,15/9-F-14,0.0,0.0,0.0,0.0
2008-07-12,15/9-F-4,1.58334,,,
2008-07-12,15/9-F-5,0.0,,,
2008-07-13,15/9-F-12,24.0,4169.38,606053.9,9.61
2008-07-13,15/9-F-14,24.0,1735.26,252235.23,4.0
2008-07-13,15/9-F-4,0.0,,,
2008-07-13,15/9-F-5,0.0,,,
2008-07-14,15/9-F-12,23.25,3818.8,573434.83,8.8
2008-07-14,15/9-F-14,5.57,592.36,88949.0,1.37
2008-07-14,15/9-F-4,0.0,,,
2008-07-14,15/9-F-5,0.0,,,
2008-07-15,15/9-F-12,24.0,4304.71,635429.85,9.92
2008-07-15,15/9-F-14,24.0,2532.21,373786.28,5.84
2008-07-15,15/9-F-4,9.975,,,
2008-07-15,15/9-F-5,0.0,,,
2008-07-16,15/9-F-12,24.0,3526.92,521163.81,10.63
2008-07-16,15/9-F-14,24.0,3030.71,447840.09,9.13
2008-07-16,15/9-F-4,24.0,,,
2008-07-16,15/9-F-5,0.0,,,
2008-07-17,15/9-F-12,24.0,3341.55,482331.58,7.7
2008-07-17,15/9-F-14,24.0,3288.08,474614.43,7.58
2008-07-17,15/9-F-4,24.0,,,
2008-07-17,15/9-F-5,0.0,,,
2008-07-18,15/9-F-12,24.0,3215.85,474686.18,12.77
2008-07-18,15/9-F-14,24.0,2780.06,410359.82,11.05
2008-07-18,15/9-F-4,24.0,,,
2008-07-18,15/9-F-5,0.0,,,
2008-07-19,15/9-F-12,24.0,3176.28,481830.98,7.32
2008-07-19,15/9-F-14,24.0,2774.38,420865.05,6.4
2008-07-19,15/9-F-4,24.0,,,
2008-07-19,15/9-F-5,0.0,,,
2008-07-20,15/9-F-12,24.0,3186.03,466621.33,7.34
2008-07-20,15/9-F-14,24.0,2791.01,408766.41,6.43
2008-07-20,15/9-F-4,24.0,,,
2008-07-20,15/9-F-5,0.0,,,
2008-07-21,15/9-F-12,24.0,3182.55,466633.46,7.34
2008-07-21,15/9-F-14,24.0,2743.1,402199.56,6.32
2008-07-21,15/9-F-4,24.0,,,
2008-07-21,15/9-F-5,,,,
2008-07-22,15/9-F-12,24.0,3166.64,465211.96,7.51
2008-07-22,15/9-F-14,24.0,2717.44,399221.04,6.45
2008-07-22,15/9-F-4,24.0,,,
2008-07-22,15/9-F-5,0.0,,,
2008-07-23,15/9-F-12,24.0,3148.96,463102.57,7.33
2008-07-23,15/9-F-14,24.0,2745.51,403771.0,6.38
2008-07-23,15/9-F-4,22.5,,,
2008-07-23,15/9-F-5,0.0,,,
2008-07-24,15/9-F-12,24.0,3148.89,471104.48,7.3
2008-07-24,15/9-F-14,24.0,2762.59,413309.67,6.4
2008-07-24,15/9-F-4,24.0,,,
2008-07-24,15/9-F-5,0.0,,,
2008-07-25,15/9-F-12,24.0,3163.29,460618.77,7.35
2008-07-25,15/9-F-14,24.0,2763.68,402430.02,6.43
2008-07-25,15/9-F-4,24.0,,,
2008-07-25,15/9-F-5,0.0,,,
2008-07-26,15/9-F-12,24.0,3145.11,461623.27,7.29
2008-07-26,15/9-F-14,24.0,2759.3,404995.2,6.39
2008-07-26,15/9-F-4,24.0,,,
2008-07-26,15/9-F-5,0.0,,,
2008-07-27,15/9-F-12,24.0,3177.3,465308.05,7.31
2008-07-27,15/9-F-14,24.0,2732.34,400145.03,6.28
2008-07-27,15/9-F-4,24.0,,,
2008-07-27,15/9-F-5,0.0,,,
2008-07-28,15/9-F-12,24.0,3143.1,460975.55,7.21
2008-07-28,15/9-F-14,24.0,2762.74,405191.14,6.35
2008-07-28,15/9-F-4,24.0,,,
2008-07-28,15/9-F-5,0.0,,,
2008-07-29,15/9-F-12,24.0,3346.15,490196.57,11.06
2008-07-29,15/9-F-14,24.0,2670.67,391242.72,8.82
2008-07-29,15/9-F-4,24.0,,,
2008-07-29,15/9-F-5,0.0,,,
2008-07-30,15/9-F-12,24.0,2434.33,355646.65,5.61
2008-07-30,15/9-F-14,24.0,3553.37,519134.99,8.19
2008-07-30,15/9-F-4,24.0,,,
2008-07-30,15/9-F-5,0.0,,,
2008-07-31,15/9-F-12,24.0,2316.52,339166.49,4.16
2008-07-31,15/9-F-14,24.0,3550.27,519804.39,6.36
2008-07-31,15/9-F-4,24.0,,,
2008-07-31,15/9-F-5,0.0,,,
2008-08-01,15/9-F-12,24.0,2976.42,436752.07,4.77
2008-08-01,15/9-F-14,24.0,3118.92,457661.81,5.0
2008-08-01,15/9-F-4,24.0,,,
2008-08-01,15/9-F-5,0.0,,,
2008-08-02,15/9-F-12,24.0,3031.55,445348.64,4.25
2008-08-02,15/9-F-14,24.0,3057.91,449222.7,4.29
2008-08-02,15/9-F-4,24.0,,,
2008-08-02,15/9-F-5,0.0,,,
2008-08-03,15/9-F-12,24.0,2993.48,438550.35,4.5
2008-08-03,15/9-F-14,24.0,3111.44,455830.95,4.67
2008-08-03,15/9-F-4,24.0,,,
2008-08-03,15/9-F-5,0.0,,,
2008-08-04,15/9-F-12,24.0,3093.31,452054.82,4.64
2008-08-04,15/9-F-14,22.5,3019.3,441240.45,4.54
2008-08-04,15/9-F-4,24.0,,,
2008-08-04,15/9-F-5,0.0,,,
2008-08-05,15/9-F-12,24.0,2998.53,437720.84,4.5
2008-08-05,15/9-F-14,24.0,3135.89,457771.78,4.72
2008-08-05,15/9-F-4,24.0,,,
2008-08-05,15/9-F-5,0.0,,,
2008-08-06,15/9-F-12,7.525,919.75,135274.51,1.38
2008-08-06,15/9-F-14,7.79167,911.43,134051.24,1.37
2008-08-06,15/9-F-4,7.69167,,,
2008-08-06,15/9-F-5,0.0,,,
2008-08-07,15/9-F-4,0.0,,,
2008-08-07,15/9-F-5,0.0,,,
2008-08-08,15/9-F-12,6.975,808.23,110780.18,1.21
2008-08-08,15/9-F-14,11.4,724.97,99367.94,1.09
2008-08-08,15/9-F-4,18.00001,,,
2008-08-08,15/9-F-5,0.0,,,
2008-08-09,15/9-F-12,24.0,4060.24,559249.17,6.03
2008-08-09,15/9-F-14,24.0,3821.01,526296.56,5.68
2008-08-09,15/9-F-4,24.0,,,
2008-08-09,15/9-F-5,0.0,,,
2008-08-10,15/9-F-12,24.0,4349.22,603102.92,6.58
2008-08-10,15/9-F-14,24.0,4148.94,575329.6,6.27
2008-08-10,15/9-F-4,24.0,,,
2008-08-10,15/9-F-5,0.0,,,
2008-08-11,15/9-F-12,24.0,4412.46,611780.88,6.61
2008-08-11,15/9-F-14,24.0,4118.03,570958.86,6.17
2008-08-11,15/9-F-4,23.8,,,
2008-08-11,15/9-F-5,0.0,,,
2008-08-12,15/9-F-12,24.0,4418.03,616241.04,6.64
2008-08-12,15/9-F-14,24.0,4126.78,575615.74,6.2
2008-08-12,15/9-F-4,24.0,,,
2008-08-12,15/9-F-5,0.0,,,
2008-08-13,15/9-F-12,24.0,4448.97,620813.2,8.5
2008-08-13,15/9-F-14,24.0,3941.15,549953.08,7.54
2008-08-13,15/9-F-4,24.0,,,
2008-08-13,15/9-F-5,0.0,,,
2008-08-14,15/9-F-12,24.0,4353.59,651318.9,27.37
2008-08-14,15/9-F-14,24.0,3676.28,549990.93,23.12
2008-08-14,15/9-F-4,24.0,,,
2008-08-14,15/9-F-5,0.0,,,
2008-08-15,15/9-F-12,24.0,4499.01,673535.88,47.97
2008-08-15,15/9-F-14,24.0,3603.11,539411.93,38.42
2008-08-15,15/9-F-4,24.0,,,
2008-08-15,15/9-F-5,0.0,,,
2008-08-16,15/9-F-12,24.0,5479.4,799524.84,47.85
2008-08-16,15/9-F-14,24.0,3578.92,522217.2,31.26
2008-08-16,15/9-F-4,24.0,,,
2008-08-16,15/9-F-5,0.0,,,
2008-08-17,15/9-F-12,24.0,5443.61,795277.26,53.93
2008-08-17,15/9-F-14,24.0,3723.19,543934.14,36.88
2008-08-17,15/9-F-4,24.0,,,
2008-08-17,15/9-F-5,0.0,,,
2008-08-18,15/9-F-12,24.0,5374.18,810900.02,18.12
2008-08-18,15/9-F-14,24.0,3666.19,553186.01,12.37
2008-08-18,15/9-F-4,24.0,,,
2008-08-18,15/9-F-5,0.0,,,
2008-08-19,15/9-F-12,24.0,5315.03,801345.75,9.84
2008-08-19,15/9-F-14,24.0,3719.87,560845.2,6.89
2008-08-19,15/9-F-4,24.0,,,
2008-08-19,15/9-F-5,0.0,,,
2008-08-20,15/9-F-12,24.0,4980.89,728548.75,9.48
2008-08-20,15/9-F-14,24.0,4032.64,589848.54,7.67
2008-08-20,15/9-F-4,24.0,,,
2008-08-20,15/9-F-5,0.0,,,
2008-08-21,15/9-F-12,24.0,4450.0,647512.91,8.47
2008-08-21,15/9-F-14,17.875,2911.25,423611.98,5.54
2008-08-21,15/9-F-4,24.0,,,
2008-08-21,15/9-F-5,0.0,,,
2008-08-22,15/9-F-12,24.0,2049.86,290174.27,3.9
2008-08-22,15/9-F-14,0.0,0.0,0.0,0.0
2008-08-22,15/9-F-4,24.0,,,
2008-08-22,15/9-F-5,0.0,,,
2008-08-23,15/9-F-12,24.0,2059.29,291279.7,3.82
2008-08-23,15/9-F-14,0.0,0.0,0.0,0.0
2008-08-23,15/9-F-4,24.0,,,
2008-08-23,15/9-F-5,0.0,,,
2008-08-24,15/9-F-12,24.0,2080.27,294693.68,3.96
2008-08-24,15/9-F-14,0.0,0.0,0.0,0.0
2008-08-24,15/9-F-4,24.0,,,
2008-08-24,15/9-F-5,0.0,,,
2008-08-25,15/9-F-12,24.0,2089.77,293955.38,3.98
2008-08-25,15/9-F-14,0.0,0.0,0.0,0.0
2008-08-25,15/9-F-4,24.0,,,
2008-08-25,15/9-F-5,0.0,,,
2008-08-26,15/9-F-12,24.0,2093.46,293973.81,3.97
2008-08-26,15/9-F-14,0.0,0.0,0.0,0.0
2008-08-26,15/9-F-4,23.0,,,
2008-08-26,15/9-F-5,6.5,,,
2008-08-27,15/9-F-12,24.0,2084.4,295564.57,40.33
2008-08-27,15/9-F-14,0.0,0.0,0.0,0.0
2008-08-27,15/9-F-4,4.0,,,
2008-08-27,15/9-F-5,9.0,,,
2008-08-28,15/9-F-12,23.83334,2086.63,305319.46,4.1
2008-08-28,15/9-F-14,0.0,0.0,0.0,0.0
2008-08-28,15/9-F-4,18.20834,,,
2008-08-28,15/9-F-5,18.21,,,
2008-08-29,15/9-F-12,24.0,2189.55,318561.33,4.46
2008-08-29,15/9-F-14,0.0,0.0,0.0,0.0
2008-08-29,15/9-F-4,16.54167,,,
2008-08-29,15/9-F-5,16.54167,,,
2008-08-30,15/9-F-12,24.0,2058.63,297315.78,1.82
2008-08-30,15/9-F-14,0.0,0.0,0.0,0.0
2008-08-30,15/9-F-4,24.0,,,
2008-08-30,15/9-F-5,24.0,,,
2008-08-31,15/9-F-12,10.5,624.7,86537.33,1.2
2008-08-31,15/9-F-14,14.83333,1473.98,204185.7,2.84
2008-08-31,15/9-F-4,23.83333,,,
2008-08-31,15/9-F-5,23.83,,,
2008-09-01,15/9-F-12,24.0,2029.12,284059.33,2.17
2008-09-01,15/9-F-14,0.0,0.0,0.0,0.0
2008-09-01,15/9-F-4,24.0,,,
2008-09-01,15/9-F-5,24.0,,,
2008-09-02,15/9-F-12,9.70833,837.23,116783.59,0.49
2008-09-02,15/9-F-14,15.29167,1345.44,187673.22,0.79
2008-09-02,15/9-F-4,21.9186,,,
2008-09-02,15/9-F-5,23.54167,,,
2008-09-03,15/9-F-12,0.0,0.0,0.0,0.0
2008-09-03,15/9-F-14,24.0,2164.78,298774.41,0.8
2008-09-03,15/9-F-4,24.0,,,
2008-09-03,15/9-F-5,24.0,,,
2008-09-04,15/9-F-12,0.0,0.0,0.0,0.0
2008-09-04,15/9-F-14,24.0,2186.74,302139.38,0.86
2008-09-04,15/9-F-4,24.0,,,
2008-09-04,15/9-F-5,24.0,,,
2008-09-05,15/9-F-12,0.0,0.0,0.0,0.0
2008-09-05,15/9-F-14,24.0,2230.26,305847.41,0.81
2008-09-05,15/9-F-4,24.0,,,
2008-09-05,15/9-F-5,24.0,,,
2008-09-06,15/9-F-12,8.5,760.58,105098.33,0.39
2008-09-06,15/9-F-14,16.875,1442.19,199286.09,0.75
2008-09-06,15/9-F-4,21.04167,,,
2008-09-06,15/9-F-5,21.2463,,,
2008-09-07,15/9-F-12,24.0,2173.11,304483.02,0.83
2008-09-07,15/9-F-14,0.0,0.0,0.0,0.0
2008-09-07,15/9-F-4,0.0,,,
2008-09-07,15/9-F-5,0.0,,,
2008-09-08,15/9-F-12,5.70833,500.19,69031.17,0.35
2008-09-08,15/9-F-14,19.45833,1729.8,238728.06,1.23
2008-09-08,15/9-F-4,23.125,,,
2008-09-08,15/9-F-5,22.95463,,,
2008-09-09,15/9-F-12,0.0,0.0,0.0,0.0
2008-09-09,15/9-F-14,24.0,2272.65,194403.17,1.11
2008-09-09,15/9-F-4,21.14,,,
2008-09-09,15/9-F-5,21.14167,,,
2008-09-10,15/9-F-12,23.6,1181.97,173052.95,1.53
2008-09-10,15/9-F-14,24.0,4378.15,641009.67,5.68
2008-09-10,15/9-F-4,24.0,,,
2008-09-10,15/9-F-5,24.0,,,
2008-09-11,15/9-F-12,24.0,4067.32,592088.64,6.9
2008-09-11,15/9-F-14,24.0,4813.99,700783.73,8.17
2008-09-11,15/9-F-4,24.0,,,
2008-09-11,15/9-F-5,24.0,,,
2008-09-12,15/9-F-12,24.0,3735.86,550255.99,6.35
2008-09-12,15/9-F-14,24.0,4789.59,705461.79,8.14
2008-09-12,15/9-F-4,24.0,,,
2008-09-12,15/9-F-5,24.0,,,
2008-09-13,15/9-F-12,24.0,4057.56,593839.89,5.3
2008-09-13,15/9-F-14,24.0,4925.62,720884.42,6.44
2008-09-13,15/9-F-4,24.0,,,
2008-09-13,15/9-F-5,24.0,,,
2008-09-14,15/9-F-12,24.0,4036.38,589477.56,6.06
2008-09-14,15/9-F-14,24.0,4963.82,724921.58,7.44
2008-09-14,15/9-F-4,24.0,,,
2008-09-14,15/9-F-5,23.9963,,,
2008-09-15,15/9-F-12,24.0,4046.64,590019.17,6.08
2008-09-15,15/9-F-14,24.0,4970.38,724705.09,7.47
2008-09-15,15/9-F-4,16.21203,,,
2008-09-15,15/9-F-5,17.29167,,,
2008-09-16,15/9-F-12,24.0,4004.96,582278.93,5.99
2008-09-16,15/9-F-14,24.0,4982.77,724440.98,7.45
2008-09-16,15/9-F-4,0.0,,,
2008-09-16,15/9-F-5,0.0,,,
2008-09-17,15/9-F-12,24.0,3937.38,570001.84,5.52
2008-09-17,15/9-F-14,24.0,5003.65,724363.22,7.01
2008-09-17,15/9-F-4,0.0,,,
2008-09-17,15/9-F-5,0.0,,,
2008-09-18,15/9-F-12,24.0,2503.26,362080.29,10.95
2008-09-18,15/9-F-14,24.0,3949.42,571257.62,17.27
2008-09-18,15/9-F-4,0.0,,,
2008-09-18,15/9-F-5,0.0,,,
2008-09-19,15/9-F-12,24.0,2551.19,369110.04,3.38
2008-09-19,15/9-F-14,24.0,4169.6,603265.9,5.54
2008-09-19,15/9-F-4,10.95833,,,
2008-09-19,15/9-F-5,12.29167,,,
2008-09-20,15/9-F-12,24.0,3605.75,515386.04,3.84
2008-09-20,15/9-F-14,24.0,5353.53,765203.95,5.69
2008-09-20,15/9-F-4,24.0,,,
2008-09-20,15/9-F-5,24.0,,,
2008-09-21,15/9-F-12,22.16666,2858.81,407044.88,4.01
2008-09-21,15/9-F-14,22.33333,4520.52,643641.96,6.34
2008-09-21,15/9-F-4,4.33333,,,
2008-09-21,15/9-F-5,7.74999,,,
2008-09-22,15/9-F-12,18.29167,2846.55,405957.52,11.72
2008-09-22,15/9-F-14,22.58334,4689.72,668819.96,19.31
2008-09-22,15/9-F-4,18.375,,,
2008-09-22,15/9-F-5,18.29167,,,
2008-09-23,15/9-F-12,24.0,3652.8,520319.29,14.31
2008-09-23,15/9-F-14,24.0,5290.92,753658.36,20.73
2008-09-23,15/9-F-4,23.45833,,,
2008-09-23,15/9-F-5,21.5,,,
2008-09-24,15/9-F-12,24.0,3629.3,514831.95,5.09
2008-09-24,15/9-F-14,24.0,5336.6,757018.34,7.49
2008-09-24,15/9-F-4,22.08333,,,
2008-09-24,15/9-F-5,16.04166,,,
2008-09-25,15/9-F-12,24.0,3389.78,509447.83,14.28
2008-09-25,15/9-F-14,24.0,4880.31,733460.14,20.56
2008-09-25,15/9-F-4,22.16667,,,
2008-09-25,15/9-F-5,21.83334,,,
2008-09-26,15/9-F-12,24.0,3575.59,507353.58,19.4
2008-09-26,15/9-F-14,24.0,5453.84,773865.6,29.58
2008-09-26,15/9-F-4,24.0,,,
2008-09-26,15/9-F-5,24.0,,,
2008-09-27,15/9-F-12,24.0,3174.51,456679.24,29.46
2008-09-27,15/9-F-14,24.0,4902.39,705250.94,45.51
2008-09-27,15/9-F-4,17.33333,,,
2008-09-27,15/9-F-5,21.5,,,
2008-09-28,15/9-F-12,24.0,3371.21,481430.17,12.32
2008-09-28,15/9-F-14,24.0,5156.66,736404.87,18.84
2008-09-28,15/9-F-4,24.0,,,
2008-09-28,15/9-F-5,20.70833,,,
2008-09-29,15/9-F-12,24.0,3512.44,497305.01,6.57
2008-09-29,15/9-F-14,24.0,5410.73,766070.77,10.11
2008-09-29,15/9-F-4,24.0,,,
2008-09-29,15/9-F-5,23.79167,,,
2008-09-30,15/9-F-12,24.0,3627.46,518528.16,5.1
2008-09-30,15/9-F-14,18.16666,3282.19,469174.12,4.61
2008-09-30,15/9-F-4,24.0,,,
2008-09-30,15/9-F-5,24.0,,,
2008-10-01,15/9-F-12,24.0,3606.89,511855.53,5.03
2008-10-01,15/9-F-14,24.0,5319.83,754940.79,7.42
2008-10-01,15/9-F-4,24.0,,,
2008-10-01,15/9-F-5,24.0,,,
2008-10-02,15/9-F-12,24.0,3319.85,470881.4,10.71
2008-10-02,15/9-F-14,24.0,5569.54,789974.73,1.8
2008-10-02,15/9-F-4,23.75,,,
2008-10-02,15/9-F-5,24.0,,,
2008-10-03,15/9-F-12,24.0,3593.88,509508.63,10.79
2008-10-03,15/9-F-14,24.0,5281.92,748824.81,1.58
2008-10-03,15/9-F-4,24.0,,,
2008-10-03,15/9-F-5,24.0,,,
2008-10-04,15/9-F-12,24.0,2463.91,360305.75,8.66
2008-10-04,15/9-F-14,24.0,4954.21,724471.61,1.74
2008-10-04,15/9-F-4,14.0,,,
2008-10-04,15/9-F-5,15.5,,,
2008-10-05,15/9-F-12,24.0,3377.17,477920.15,10.57
2008-10-05,15/9-F-14,24.0,5419.56,766948.87,1.7
2008-10-05,15/9-F-4,24.0,,,
2008-10-05,15/9-F-5,24.0,,,
2008-10-06,15/9-F-12,22.33334,2126.84,295620.76,6.76
2008-10-06,15/9-F-14,22.16667,3485.34,484446.82,1.11
2008-10-06,15/9-F-4,19.0,,,
2008-10-06,15/9-F-5,18.66667,,,
2008-10-07,15/9-F-12,24.0,2726.28,387130.02,16.66
2008-10-07,15/9-F-14,24.0,4222.5,599591.35,2.58
2008-10-07,15/9-F-4,24.0,,,
2008-10-07,15/9-F-5,24.0,,,
2008-10-08,15/9-F-12,24.0,2719.29,386724.08,22.76
2008-10-08,15/9-F-14,24.0,4208.55,598519.97,3.52
2008-10-08,15/9-F-4,24.0,,,
2008-10-08,15/9-F-5,2.20833,,,
2008-10-09,15/9-F-12,24.0,2713.82,385383.83,30.62
2008-10-09,15/9-F-14,24.0,4201.86,596697.5,4.74
2008-10-09,15/9-F-4,23.16666,,,
2008-10-09,15/9-F-5,19.125,,,
2008-10-10,15/9-F-12,24.0,2720.48,387183.99,18.72
2008-10-10,15/9-F-14,24.0,4206.55,598685.25,2.9
2008-10-10,15/9-F-4,23.08333,,,
2008-10-10,15/9-F-5,20.58333,,,
2008-10-11,15/9-F-12,24.0,2739.75,390609.12,32.0
2008-10-11,15/9-F-14,24.0,4231.88,603345.05,4.94
2008-10-11,15/9-F-4,21.58334,,,
2008-10-11,15/9-F-5,15.90833,,,
2008-10-12,15/9-F-12,24.0,2824.96,400414.75,26.98
2008-10-12,15/9-F-14,24.0,4195.09,594618.04,4.01
2008-10-12,15/9-F-4,24.0,,,
2008-10-12,15/9-F-5,9.925,,,
2008-10-13,15/9-F-12,24.0,2827.75,399786.56,23.65
2008-10-13,15/9-F-14,24.0,4208.9,595052.35,3.52
2008-10-13,15/9-F-4,24.0,,,
2008-10-13,15/9-F-5,24.0,,,
2008-10-14,15/9-F-12,24.0,2829.21,399679.55,11.49
2008-10-14,15/9-F-14,24.0,4210.83,594860.23,1.71
2008-10-14,15/9-F-4,24.0,,,
2008-10-14,15/9-F-5,4.90833,,,
2008-10-15,15/9-F-12,24.0,2825.33,400424.47,23.56
2008-10-15,15/9-F-14,24.0,4187.33,593455.79,3.49
2008-10-15,15/9-F-4,24.0,,,
2008-10-15,15/9-F-5,0.0,,,
2008-10-16,15/9-F-12,24.0,2825.29,400175.17,23.56
2008-10-16,15/9-F-14,24.0,4194.08,594050.4,3.5
2008-10-16,15/9-F-4,24.0,,,
2008-10-16,15/9-F-5,0.0,,,
2008-10-17,15/9-F-12,24.0,2832.05,400158.56,23.6
2008-10-17,15/9-F-14,24.0,4206.38,594347.07,3.5
2008-10-17,15/9-F-4,23.66667,,,
2008-10-17,15/9-F-5,9.425,,,
2008-10-18,15/9-F-12,19.0,2520.4,359282.43,23.57
2008-10-18,15/9-F-14,24.0,4753.55,677616.46,4.44
2008-10-18,15/9-F-4,24.0,,,
2008-10-18,15/9-F-5,19.74167,,,
2008-10-19,15/9-F-12,24.0,2714.13,382645.81,23.73
2008-10-19,15/9-F-14,24.0,4440.16,625988.23,3.88
2008-10-19,15/9-F-4,24.0,,,
2008-10-19,15/9-F-5,19.75833,,,
2008-10-20,15/9-F-12,24.0,2664.34,377857.96,23.42
2008-10-20,15/9-F-14,24.0,4429.04,628127.79,3.89
2008-10-20,15/9-F-4,22.0,,,
2008-10-20,15/9-F-5,22.16667,,,
2008-10-21,15/9-F-12,24.0,2653.43,375509.76,10.95
2008-10-21,15/9-F-14,24.0,4435.34,627682.44,1.83
2008-10-21,15/9-F-4,24.0,,,
2008-10-21,15/9-F-5,24.0,,,
2008-10-22,15/9-F-12,24.0,3420.75,489181.7,35.62
2008-10-22,15/9-F-14,24.0,4613.81,659793.54,4.8
2008-10-22,15/9-F-4,24.0,,,
2008-10-22,15/9-F-5,24.0,,,
2008-10-23,15/9-F-12,24.0,3363.1,479918.14,23.31
2008-10-23,15/9-F-14,24.0,4652.96,663983.04,3.23
2008-10-23,15/9-F-4,20.0,,,
2008-10-23,15/9-F-5,19.83334,,,
2008-10-24,15/9-F-12,24.0,3426.21,490793.77,30.77
2008-10-24,15/9-F-14,24.0,4675.7,669780.92,4.2
2008-10-24,15/9-F-4,24.0,,,
2008-10-24,15/9-F-5,23.5,,,
2008-10-25,15/9-F-12,24.0,3524.62,504092.19,10.84
2008-10-25,15/9-F-14,24.0,4633.71,662716.12,1.42
2008-10-25,15/9-F-4,24.0,,,
2008-10-25,15/9-F-5,24.0,,,
2008-10-26,15/9-F-12,25.0,3836.99,547535.29,12.84
2008-10-26,15/9-F-14,25.0,4608.81,657672.8,1.54
2008-10-26,15/9-F-4,25.0,,,
2008-10-26,15/9-F-5,25.0,,,
2008-10-27,15/9-F-12,24.0,3622.02,526226.21,22.31
2008-10-27,15/9-F-14,24.0,4429.46,643534.88,2.73
2008-10-27,15/9-F-4,21.66666,,,
2008-10-27,15/9-F-5,21.16666,,,
2008-10-28,15/9-F-12,24.0,3728.48,534003.01,25.29
2008-10-28,15/9-F-14,24.0,5123.01,733730.33,3.48
2008-10-28,15/9-F-4,24.0,,,
2008-10-28,15/9-F-5,24.0,,,
2008-10-29,15/9-F-12,23.16667,2822.93,405404.94,21.71
2008-10-29,15/9-F-14,23.33333,4793.27,688367.98,3.69
2008-10-29,15/9-F-4,17.5,,,
2008-10-29,15/9-F-5,16.725,,,
2008-10-30,15/9-F-12,24.0,3471.47,494825.96,20.8
2008-10-30,15/9-F-14,24.0,5460.78,778382.24,3.27
2008-10-30,15/9-F-4,15.50001,,,
2008-10-30,15/9-F-5,15.85833,,,
2008-10-31,15/9-F-12,24.0,3515.61,499794.46,32.77
2008-10-31,15/9-F-14,24.0,5463.11,776658.92,5.09
2008-10-31,15/9-F-4,24.0,,,
2008-10-31,15/9-F-5,24.0,,,
2008-11-01,15/9-F-12,22.5,2758.29,388670.4,32.64
2008-11-01,15/9-F-14,22.83333,4645.38,654580.07,5.5
2008-11-01,15/9-F-4,21.33333,,,
2008-11-01,15/9-F-5,21.5,,,
2008-11-02,15/9-F-12,24.0,4443.46,632394.03,27.92
2008-11-02,15/9-F-14,23.0,3731.52,531070.72,2.34
2008-11-02,15/9-F-4,24.0,,,
2008-11-02,15/9-F-5,24.0,,,
2008-11-03,15/9-F-12,24.0,4938.78,720457.16,31.25
2008-11-03,15/9-F-14,24.0,3475.8,507041.18,2.2
2008-11-03,15/9-F-4,24.0,,,
2008-11-03,15/9-F-5,24.0,,,
2008-11-04,15/9-F-12,24.0,5124.32,738155.43,19.71
2008-11-04,15/9-F-14,24.0,3460.92,498542.52,1.33
2008-11-04,15/9-F-4,24.0,,,
2008-11-04,15/9-F-5,24.0,,,
2008-11-05,15/9-F-12,24.0,5188.07,734342.85,31.66
2008-11-05,15/9-F-14,24.0,3458.27,489500.32,2.11
2008-11-05,15/9-F-4,24.0,,,
2008-11-05,15/9-F-5,24.0,,,
2008-11-06,15/9-F-12,24.0,5204.11,746222.61,38.19
2008-11-06,15/9-F-14,24.0,3403.18,487984.32,2.5
2008-11-06,15/9-F-4,24.0,,,
2008-11-06,15/9-F-5,24.0,,,
2008-11-07,15/9-F-12,24.0,5136.25,728626.38,42.63
2008-11-07,15/9-F-14,24.0,3310.61,469642.19,2.75
2008-11-07,15/9-F-4,24.0,,,
2008-11-07,15/9-F-5,24.0,,,
2008-11-08,15/9-F-12,24.0,5141.34,730423.46,38.32
2008-11-08,15/9-F-14,24.0,3354.77,476607.16,2.5
2008-11-08,15/9-F-4,24.0,,,
2008-11-08,15/9-F-5,24.0,,,
2008-11-09,15/9-F-12,24.0,5114.03,725814.65,41.55
2008-11-09,15/9-F-14,24.0,3502.6,497111.26,2.85
2008-11-09,15/9-F-4,24.0,,,
2008-11-09,15/9-F-5,24.0,,,
2008-11-10,15/9-F-12,24.0,5059.68,719057.67,35.41
2008-11-10,15/9-F-14,24.0,3464.41,492344.49,2.43
2008-11-10,15/9-F-4,24.0,,,
2008-11-10,15/9-F-5,24.0,,,
2008-11-11,15/9-F-12,24.0,5076.6,720765.9,12.33
2008-11-11,15/9-F-14,24.0,3492.99,495927.25,0.85
2008-11-11,15/9-F-4,24.0,,,
2008-11-11,15/9-F-5,24.0,,,
2008-11-12,15/9-F-12,24.0,5065.13,722185.08,42.31
2008-11-12,15/9-F-14,24.0,3482.0,496461.65,2.91
2008-11-12,15/9-F-4,24.0,,,
2008-11-12,15/9-F-5,24.0,,,
2008-11-13,15/9-F-12,24.0,5083.98,723021.25,15.15
2008-11-13,15/9-F-14,24.0,3499.81,497727.68,1.04
2008-11-13,15/9-F-4,24.0,,,
2008-11-13,15/9-F-5,24.0,,,
2008-11-14,15/9-F-12,24.0,5106.19,726187.77,13.06
2008-11-14,15/9-F-14,24.0,3498.89,497601.8,0.9
2008-11-14,15/9-F-4,24.0,,,
2008-11-14,15/9-F-5,24.0,,,
2008-11-15,15/9-F-12,24.0,5097.33,725355.82,11.84
2008-11-15,15/9-F-14,24.0,3508.48,499260.8,0.81
2008-11-15,15/9-F-4,20.16667,,,
2008-11-15,15/9-F-5,24.0,,,
2008-11-16,15/9-F-12,24.0,5082.14,724024.78,12.9
2008-11-16,15/9-F-14,24.0,3501.06,498776.51,0.89
2008-11-16,15/9-F-4,24.0,,,
2008-11-16,15/9-F-5,24.0,,,
2008-11-17,15/9-F-12,24.0,5076.81,723171.46,12.06
2008-11-17,15/9-F-14,24.0,3526.54,502342.59,0.84
2008-11-17,15/9-F-4,24.0,,,
2008-11-17,15/9-F-5,24.0,,,
2008-11-18,15/9-F-12,24.0,5074.4,724334.15,8.95
2008-11-18,15/9-F-14,24.0,3481.63,496976.88,0.61
2008-11-18,15/9-F-4,23.66667,,,
2008-11-18,15/9-F-5,24.0,,,
2008-11-19,15/9-F-12,24.0,5223.41,744775.94,19.66
2008-11-19,15/9-F-14,24.0,3462.83,493744.18,1.3
2008-11-19,15/9-F-4,22.5,,,
2008-11-19,15/9-F-5,22.66667,,,
2008-11-20,15/9-F-12,23.875,5116.54,729920.52,12.95
2008-11-20,15/9-F-14,24.0,3489.61,497824.4,0.88
2008-11-20,15/9-F-4,24.0,,,
2008-11-20,15/9-F-5,24.0,,,
2008-11-21,15/9-F-12,18.29167,3553.89,505370.49,733.65
2008-11-21,15/9-F-14,24.0,3424.06,486907.05,70.68
2008-11-21,15/9-F-4,24.0,,,
2008-11-21,15/9-F-5,24.0,,,
2008-11-22,15/9-F-12,24.0,5033.51,721488.52,683.38
2008-11-22,15/9-F-14,24.0,3580.99,513287.66,48.62
2008-11-22,15/9-F-4,24.0,,,
2008-11-22,15/9-F-5,24.0,,,
2008-11-23,15/9-F-12,24.0,4831.15,687856.3,94.51
2008-11-23,15/9-F-14,24.0,3234.99,460596.1,6.33
2008-11-23,15/9-F-4,24.0,,,
2008-11-23,15/9-F-5,24.0,,,
2008-11-24,15/9-F-12,24.0,4971.19,715583.37,64.55
2008-11-24,15/9-F-14,24.0,3378.11,486266.34,4.39
2008-11-24,15/9-F-4,24.0,,,
2008-11-24,15/9-F-5,24.0,,,
2008-11-25,15/9-F-12,24.0,5062.55,726974.27,172.17
2008-11-25,15/9-F-14,24.0,3661.02,525715.86,12.45
2008-11-25,15/9-F-4,24.0,,,
2008-11-25,15/9-F-5,24.0,,,
2008-11-26,15/9-F-12,24.0,5145.94,739602.33,20.89
2008-11-26,15/9-F-14,24.0,3853.4,553829.86,1.56
2008-11-26,15/9-F-4,24.0,,,
2008-11-26,15/9-F-5,24.0,,,
2008-11-27,15/9-F-12,24.0,5200.4,750704.44,50.65
2008-11-27,15/9-F-14,24.0,3833.27,553351.63,3.73
2008-11-27,15/9-F-4,24.0,,,
2008-11-27,15/9-F-5,24.0,,,
2008-11-28,15/9-F-12,24.0,2897.09,398090.95,7.2
2008-11-28,15/9-F-14,24.0,1780.74,244692.25,0.44
2008-11-28,15/9-F-4,24.0,,,
2008-11-28,15/9-F-5,24.0,,,
2008-11-29,15/9-F-12,24.0,4853.4,706715.58,47.53
2008-11-29,15/9-F-14,24.0,3100.68,451496.53,3.04
2008-11-29,15/9-F-4,24.0,,,
2008-11-29,15/9-F-5,24.0,,,
2008-11-30,15/9-F-12,24.0,5255.58,756828.7,15.29
2008-11-30,15/9-F-14,24.0,3811.05,548808.76,1.11
2008-11-30,15/9-F-4,24.0,,,
2008-11-30,15/9-F-5,24.0,,,
2008-12-01,15/9-F-12,24.0,5095.38,738451.22,19.19
2008-12-01,15/9-F-14,24.0,3333.32,483082.2,1.26
2008-12-01,15/9-F-4,24.0,,,
2008-12-01,15/9-F-5,24.0,,,
2008-12-02,15/9-F-12,24.0,5276.15,763664.01,39.71
2008-12-02,15/9-F-14,24.0,3203.92,463731.94,2.41
2008-12-02,15/9-F-4,24.0,,,
2008-12-02,15/9-F-5,24.0,,,
2008-12-03,15/9-F-12,24.0,5333.02,771333.77,38.29
2008-12-03,15/9-F-14,24.0,3625.36,524348.41,2.6
2008-12-03,15/9-F-4,24.0,,,
2008-12-03,15/9-F-5,24.0,,,
2008-12-04,15/9-F-12,24.0,5434.56,783688.84,34.59
2008-12-04,15/9-F-14,24.0,3571.27,514993.37,2.27
2008-12-04,15/9-F-4,24.0,,,
2008-12-04,15/9-F-5,24.0,,,
2008-12-05,15/9-F-12,24.0,5209.39,749252.75,38.45
2008-12-05,15/9-F-14,24.0,3629.64,522042.92,2.68
2008-12-05,15/9-F-4,24.0,,,
2008-12-05,15/9-F-5,24.0,,,
2008-12-06,15/9-F-12,24.0,5292.17,764102.01,37.98
2008-12-06,15/9-F-14,24.0,3663.25,528911.84,2.63
2008-12-06,15/9-F-4,24.0,,,
2008-12-06,15/9-F-5,24.0,,,
2008-12-07,15/9-F-12,24.0,5322.5,770155.23,32.79
2008-12-07,15/9-F-14,24.0,3687.91,533632.58,2.27
2008-12-07,15/9-F-4,24.0,,,
2008-12-07,15/9-F-5,24.0,,,
2008-12-08,15/9-F-12,24.0,5241.8,715215.81,37.96
2008-12-08,15/9-F-14,24.0,3652.2,498323.72,2.64
2008-12-08,15/9-F-4,24.0,,,
2008-12-08,15/9-F-5,24.0,,,
2008-12-09,15/9-F-12,24.0,5277.55,730268.11,14.07
2008-12-09,15/9-F-14,24.0,3687.36,510228.28,0.98
2008-12-09,15/9-F-4,24.0,,,
2008-12-09,15/9-F-5,24.0,,,
2008-12-10,15/9-F-12,24.0,5286.4,766437.14,13.13
2008-12-10,15/9-F-14,24.0,3685.38,534315.9,0.91
2008-12-10,15/9-F-4,24.0,,,
2008-12-10,15/9-F-5,24.0,,,
2008-12-11,15/9-F-12,24.0,5126.1,740304.81,16.66
2008-12-11,15/9-F-14,24.0,3526.36,509272.51,1.15
2008-12-11,15/9-F-4,24.0,,,
2008-12-11,15/9-F-5,24.0,,,
2008-12-12,15/9-F-12,24.0,5239.81,757727.37,22.64
2008-12-12,15/9-F-14,24.0,3679.89,532148.72,1.59
2008-12-12,15/9-F-4,22.83333,,,
2008-12-12,15/9-F-5,22.41667,,,
2008-12-13,15/9-F-12,24.0,5281.86,760767.37,15.57
2008-12-13,15/9-F-14,24.0,3712.64,534747.96,1.1
2008-12-13,15/9-F-4,24.0,,,
2008-12-13,15/9-F-5,24.0,,,
2008-12-14,15/9-F-12,24.0,5302.74,766323.87,49.33
2008-12-14,15/9-F-14,24.0,3720.13,537612.97,3.46
2008-12-14,15/9-F-4,23.83333,,,
2008-12-14,15/9-F-5,23.83333,,,
2008-12-15,15/9-F-12,24.0,5270.91,770084.76,14.11
2008-12-15,15/9-F-14,24.0,3676.11,537083.05,0.98
2008-12-15,15/9-F-4,24.0,,,
2008-12-15,15/9-F-5,24.0,,,
2008-12-16,15/9-F-12,24.0,5300.99,777260.85,49.13
2008-12-16,15/9-F-14,24.0,3604.86,528565.99,3.34
2008-12-16,15/9-F-4,24.0,,,
2008-12-16,15/9-F-5,24.0,,,
2008-12-17,15/9-F-12,24.0,5338.2,782191.24,62.46
2008-12-17,15/9-F-14,24.0,3548.88,520006.46,4.15
2008-12-17,15/9-F-4,24.0,,,
2008-12-17,15/9-F-5,24.0,,,
2008-12-18,15/9-F-12,24.0,5377.18,785912.44,55.57
2008-12-18,15/9-F-14,24.0,3622.37,529434.21,3.74
2008-12-18,15/9-F-4,24.0,,,
2008-12-18,15/9-F-5,24.0,,,
2008-12-19,15/9-F-12,24.0,5386.94,787881.9,66.9
2008-12-19,15/9-F-14,24.0,3608.76,527810.53,4.48
2008-12-19,15/9-F-4,24.0,,,
2008-12-19,15/9-F-5,24.0,,,
2008-12-20,15/9-F-12,24.0,5417.44,793711.5,67.1
2008-12-20,15/9-F-14,24.0,3524.44,516367.93,4.36
2008-12-20,15/9-F-4,24.0,,,
2008-12-20,15/9-F-5,24.0,,,
2008-12-21,15/9-F-12,24.0,5472.22,797067.75,64.78
2008-12-21,15/9-F-14,24.0,3492.51,508709.44,4.13
2008-12-21,15/9-F-4,24.0,,,
2008-12-21,15/9-F-5,24.0,,,
2008-12-22,15/9-F-12,24.0,5497.25,800167.39,67.55
2008-12-22,15/9-F-14,24.0,3478.92,506383.06,4.28
2008-12-22,15/9-F-4,24.0,,,
2008-12-22,15/9-F-5,24.0,,,
2008-12-23,15/9-F-12,24.0,5513.05,801712.54,13.72
2008-12-23,15/9-F-14,24.0,3473.27,505086.11,0.86
2008-12-23,15/9-F-4,24.0,,,
2008-12-23,15/9-F-5,24.0,,,
2008-12-24,15/9-F-12,24.0,5508.26,800808.31,14.33
2008-12-24,15/9-F-14,24.0,3494.08,507980.35,0.91
2008-12-24,15/9-F-4,24.0,,,
2008-12-24,15/9-F-5,24.0,,,
2008-12-25,15/9-F-12,24.0,5491.41,799405.17,14.25
2008-12-25,15/9-F-14,24.0,3484.95,507316.82,0.9
2008-12-25,15/9-F-4,24.0,,,
2008-12-25,15/9-F-5,24.0,,,
2008-12-26,15/9-F-12,24.0,5497.48,799580.3,19.87
2008-12-26,15/9-F-14,24.0,3499.21,508942.26,1.26
2008-12-26,15/9-F-4,24.0,,,
2008-12-26,15/9-F-5,24.0,,,
2008-12-27,15/9-F-12,24.0,5571.07,813070.51,21.6
2008-12-27,15/9-F-14,24.0,3422.04,499431.07,1.33
2008-12-27,15/9-F-4,24.0,,,
2008-12-27,15/9-F-5,24.0,,,
2008-12-28,15/9-F-12,24.0,5495.65,801585.71,14.83
2008-12-28,15/9-F-14,24.0,3494.29,509670.57,0.94
2008-12-28,15/9-F-4,24.0,,,
2008-12-28,15/9-F-5,24.0,,,
2008-12-29,15/9-F-12,24.0,5507.18,802974.49,14.73
2008-12-29,15/9-F-14,24.0,3476.12,506836.21,0.93
2008-12-29,15/9-F-4,24.0,,,
2008-12-29,15/9-F-5,24.0,,,
2008-12-30,15/9-F-12,24.0,5527.55,806227.12,17.39
2008-12-30,15/9-F-14,24.0,3451.08,503361.46,1.09
2008-12-30,15/9-F-4,24.0,,,
2008-12-30,15/9-F-5,24.0,,,
2008-12-31,15/9-F-12,24.0,5547.46,809027.45,14.63
2008-12-31,15/9-F-14,24.0,3468.76,505874.61,0.91
2008-12-31,15/9-F-4,24.0,,,
2008-12-31,15/9-F-5,24.0,,,
2009-01-01,15/9-F-12,24.0,5556.56,808293.14,40.59
2009-01-01,15/9-F-14,24.0,3478.64,506024.38,2.54
2009-01-01,15/9-F-4,24.0,,,
2009-01-01,15/9-F-5,24.0,,,
2009-01-02,15/9-F-12,24.0,5555.73,806595.59,13.35
2009-01-02,15/9-F-14,24.0,3363.8,488365.58,0.81
2009-01-02,15/9-F-4,24.0,,,
2009-01-02,15/9-F-5,24.0,,,
2009-01-03,15/9-F-12,24.0,5727.05,835981.33,88.28
2009-01-03,15/9-F-14,18.16666,2216.9,323603.08,3.42
2009-01-03,15/9-F-4,14.58333,,,
2009-01-03,15/9-F-5,14.41667,,,
2009-01-04,15/9-F-12,24.0,5589.89,809542.5,13.0
2009-01-04,15/9-F-14,24.0,3347.77,484832.66,0.78
2009-01-04,15/9-F-4,24.0,,,
2009-01-04,15/9-F-5,24.0,,,
2009-01-05,15/9-F-12,24.0,5629.04,815241.45,25.94
2009-01-05,15/9-F-14,24.0,3495.8,506288.63,1.61
2009-01-05,15/9-F-4,24.0,,,
2009-01-05,15/9-F-5,24.0,,,
2009-01-06,15/9-F-12,21.99999,4672.3,681103.67,26.6
2009-01-06,15/9-F-14,21.0,2649.25,386193.55,1.51
2009-01-06,15/9-F-4,17.16666,,,
2009-01-06,15/9-F-5,17.16666,,,
2009-01-07,15/9-F-12,24.0,5621.9,834503.06,25.57
2009-01-07,15/9-F-14,24.0,3309.88,491311.06,1.51
2009-01-07,15/9-F-4,24.0,,,
2009-01-07,15/9-F-5,24.0,,,
2009-01-08,15/9-F-12,24.0,5901.84,851131.52,15.32
2009-01-08,15/9-F-14,24.0,3054.02,440434.88,0.79
2009-01-08,15/9-F-4,24.0,,,
2009-01-08,15/9-F-5,24.0,,,
2009-01-09,15/9-F-12,24.0,5644.01,810726.77,14.25
2009-01-09,15/9-F-14,24.0,2627.22,377383.98,0.66
2009-01-09,15/9-F-4,24.0,,,
2009-01-09,15/9-F-5,24.0,,,
2009-01-10,15/9-F-12,24.0,5869.78,844192.56,15.72
2009-01-10,15/9-F-14,24.0,3259.45,468775.45,0.87
2009-01-10,15/9-F-4,24.0,,,
2009-01-10,15/9-F-5,24.0,,,
2009-01-11,15/9-F-12,24.0,5716.64,822490.28,15.45
2009-01-11,15/9-F-14,24.0,3360.25,483460.06,0.91
2009-01-11,15/9-F-4,24.0,,,
2009-01-11,15/9-F-5,24.0,,,
2009-01-12,15/9-F-12,24.0,5458.46,784575.24,15.43
2009-01-12,15/9-F-14,24.0,3622.1,520625.52,1.02
2009-01-12,15/9-F-4,23.83333,,,
2009-01-12,15/9-F-5,23.83333,,,
2009-01-13,15/9-F-12,24.0,5110.2,731457.26,43.64
2009-01-13,15/9-F-14,24.0,3920.6,561182.25,3.35
2009-01-13,15/9-F-4,24.0,,,
2009-01-13,15/9-F-5,24.0,,,
2009-01-14,15/9-F-12,24.0,5267.76,753891.01,36.62
2009-01-14,15/9-F-14,24.0,3827.53,547774.31,2.66
2009-01-14,15/9-F-4,24.0,,,
2009-01-14,15/9-F-5,24.0,,,
2009-01-15,15/9-F-12,24.0,4526.49,651055.3,0.0
2009-01-15,15/9-F-14,24.0,4449.03,639914.22,48.44
2009-01-15,15/9-F-4,24.0,,,
2009-01-15,15/9-F-5,24.0,,,
2009-01-16,15/9-F-12,24.0,4385.0,630121.77,0.0
2009-01-16,15/9-F-14,24.0,4595.56,660379.98,59.33
2009-01-16,15/9-F-4,24.0,,,
2009-01-16,15/9-F-5,24.0,,,
2009-01-17,15/9-F-12,24.0,4234.92,619822.14,0.0
2009-01-17,15/9-F-14,24.0,4386.22,641965.53,27.68
2009-01-17,15/9-F-4,24.0,,,
2009-01-17,15/9-F-5,24.0,,,
2009-01-18,15/9-F-12,24.0,4352.4,627030.71,0.0
2009-01-18,15/9-F-14,24.0,4580.12,659836.92,43.97
2009-01-18,15/9-F-4,24.0,,,
2009-01-18,15/9-F-5,24.0,,,
2009-01-19,15/9-F-12,24.0,4426.35,635623.25,0.0
2009-01-19,15/9-F-14,24.0,4621.01,663577.95,17.76
2009-01-19,15/9-F-4,24.0,,,
2009-01-19,15/9-F-5,24.0,,,
2009-01-20,15/9-F-12,24.0,4298.53,618234.01,0.0
2009-01-20,15/9-F-14,24.0,4634.87,666607.86,11.93
2009-01-20,15/9-F-4,24.0,,,
2009-01-20,15/9-F-5,24.0,,,
2009-01-21,15/9-F-12,23.15185,4123.6,593845.29,0.0
2009-01-21,15/9-F-14,22.65185,4162.58,599459.19,27.72
2009-01-21,15/9-F-4,22.175,,,
2009-01-21,15/9-F-5,22.175,,,
2009-01-22,15/9-F-12,23.68148,4350.84,671065.62,0.0
2009-01-22,15/9-F-14,23.51481,3996.66,616437.48,57.89
2009-01-22,15/9-F-4,21.075,,,
2009-01-22,15/9-F-5,19.99166,,,
2009-01-23,15/9-F-12,24.0,4499.42,646277.88,0.0
2009-01-23,15/9-F-14,24.0,4479.0,643344.43,18.03
2009-01-23,15/9-F-4,24.0,,,
2009-01-23,15/9-F-5,24.0,,,
2009-01-24,15/9-F-12,24.0,4473.36,653051.12,0.0
2009-01-24,15/9-F-14,24.0,4459.69,651056.89,25.32
2009-01-24,15/9-F-4,24.0,,,
2009-01-24,15/9-F-5,24.0,,,
2009-01-25,15/9-F-12,24.0,4494.66,644232.7,0.0
2009-01-25,15/9-F-14,24.0,4519.77,647831.55,26.16
2009-01-25,15/9-F-4,24.0,,,
2009-01-25,15/9-F-5,24.0,,,
2009-01-26,15/9-F-12,24.0,4425.1,635968.99,0.0
2009-01-26,15/9-F-14,24.0,4522.95,650030.81,52.77
2009-01-26,15/9-F-4,24.0,,,
2009-01-26,15/9-F-5,24.0,,,
2009-01-27,15/9-F-12,24.0,4425.36,636018.24,0.0
2009-01-27,15/9-F-14,24.0,4526.29,650522.86,57.91
2009-01-27,15/9-F-4,24.0,,,
2009-01-27,15/9-F-5,24.0,,,
2009-01-28,15/9-F-12,24.0,4967.11,720844.61,0.0
2009-01-28,15/9-F-14,14.175,2486.86,360902.16,38.57
2009-01-28,15/9-F-4,14.175,,,
2009-01-28,15/9-F-5,13.75833,,,
2009-01-29,15/9-F-12,24.0,5586.1,823507.19,0.0
2009-01-29,15/9-F-14,5.65833,559.58,82493.78,88.51
2009-01-29,15/9-F-4,10.325,,,
2009-01-29,15/9-F-5,10.15833,,,
2009-01-30,15/9-F-12,24.0,4398.31,629755.99,0.0
2009-01-30,15/9-F-14,24.0,4535.43,649388.07,298.19
2009-01-30,15/9-F-4,24.0,,,
2009-01-30,15/9-F-5,24.0,,,
2009-01-31,15/9-F-12,24.0,4388.45,629043.83,0.0
2009-01-31,15/9-F-14,24.0,4523.83,648450.26,55.17
2009-01-31,15/9-F-4,24.0,,,
2009-01-31,15/9-F-5,24.0,,,
2009-02-01,15/9-F-12,24.0,5224.6,756467.15,0.0
2009-02-01,15/9-F-14,15.0,2266.89,328221.38,43.92
2009-02-01,15/9-F-4,16.0,,,
2009-02-01,15/9-F-5,16.0,,,
2009-02-02,15/9-F-12,24.0,4401.95,629466.87,0.0
2009-02-02,15/9-F-14,24.0,4534.47,648416.75,64.06
2009-02-02,15/9-F-4,24.0,,,
2009-02-02,15/9-F-5,24.0,,,
2009-02-03,15/9-F-12,24.0,4422.08,631333.12,0.0
2009-02-03,15/9-F-14,24.0,4536.97,647736.32,69.52
2009-02-03,15/9-F-4,24.0,,,
2009-02-03,15/9-F-5,24.0,,,
2009-02-04,15/9-F-12,24.0,5437.81,799783.2,0.0
2009-02-04,15/9-F-14,5.83334,384.26,56516.37,53.31
2009-02-04,15/9-F-4,8.66667,,,
2009-02-04,15/9-F-5,8.83333,,,
2009-02-05,15/9-F-12,24.0,4487.91,640815.2,0.0
2009-02-05,15/9-F-14,24.0,4417.62,630778.17,81.55
2009-02-05,15/9-F-4,24.0,,,
2009-02-05,15/9-F-5,21.91666,,,
2009-02-06,15/9-F-12,24.0,4430.31,635863.05,0.0
2009-02-06,15/9-F-14,24.0,4501.76,646118.76,81.78
2009-02-06,15/9-F-4,24.0,,,
2009-02-06,15/9-F-5,24.0,,,
2009-02-07,15/9-F-12,15.84167,2738.23,391983.48,0.0
2009-02-07,15/9-F-14,24.0,4501.18,644354.38,66.28
2009-02-07,15/9-F-4,24.0,,,
2009-02-07,15/9-F-5,24.0,,,
2009-02-08,15/9-F-12,21.825,4189.32,596270.8,0.0
2009-02-08,15/9-F-14,24.0,4669.97,664681.95,71.29
2009-02-08,15/9-F-4,24.0,,,
2009-02-08,15/9-F-5,24.0,,,
2009-02-09,15/9-F-12,24.0,4258.6,607654.22,0.0
2009-02-09,15/9-F-14,24.0,3723.99,531370.47,85.72
2009-02-09,15/9-F-4,24.0,,,
2009-02-09,15/9-F-5,24.0,,,
2009-02-10,15/9-F-12,24.0,4393.0,656412.53,0.0
2009-02-10,15/9-F-14,24.0,4416.34,659900.98,68.04
2009-02-10,15/9-F-4,24.0,,,
2009-02-10,15/9-F-5,24.0,,,
2009-02-11,15/9-F-12,24.0,4431.4,636708.15,0.0
2009-02-11,15/9-F-14,24.0,4379.88,629307.34,143.54
2009-02-11,15/9-F-4,24.0,,,
2009-02-11,15/9-F-5,24.0,,,
2009-02-12,15/9-F-12,24.0,4498.08,640120.28,0.0
2009-02-12,15/9-F-14,24.0,4440.7,631954.75,74.24
2009-02-12,15/9-F-4,24.0,,,
2009-02-12,15/9-F-5,24.0,,,
2009-02-13,15/9-F-12,22.0,3944.99,559545.04,0.0
2009-02-13,15/9-F-14,21.75,3573.58,506865.09,91.37
2009-02-13,15/9-F-4,18.33333,,,
2009-02-13,15/9-F-5,18.33333,,,
2009-02-14,15/9-F-12,24.0,4330.62,611414.35,0.0
2009-02-14,15/9-F-14,24.0,4618.77,652096.63,80.78
2009-02-14,15/9-F-4,24.0,,,
2009-02-14,15/9-F-5,24.0,,,
2009-02-15,15/9-F-12,24.0,4221.09,600565.2,0.0
2009-02-15,15/9-F-14,24.0,4493.98,639392.16,88.04
2009-02-15,15/9-F-4,24.0,,,
2009-02-15,15/9-F-5,24.0,,,
2009-02-16,15/9-F-12,22.64167,4056.66,575668.79,0.0
2009-02-16,15/9-F-14,22.0,3907.94,554563.46,84.73
2009-02-16,15/9-F-4,20.66667,,,
2009-02-16,15/9-F-5,20.66667,,,
2009-02-17,15/9-F-12,24.0,4479.41,637411.19,0.0
2009-02-17,15/9-F-14,24.0,4526.91,644169.06,95.76
2009-02-17,15/9-F-4,24.0,,,
2009-02-17,15/9-F-5,24.0,,,
2009-02-18,15/9-F-12,24.0,4436.07,629921.35,0.0
2009-02-18,15/9-F-14,24.0,4515.1,641145.23,91.87
2009-02-18,15/9-F-4,24.0,,,
2009-02-18,15/9-F-5,24.0,,,
2009-02-19,15/9-F-12,24.0,4434.21,628408.69,0.0
2009-02-19,15/9-F-14,24.0,4518.34,640332.13,81.64
2009-02-19,15/9-F-4,24.0,,,
2009-02-19,15/9-F-5,24.0,,,
2009-02-20,15/9-F-12,24.0,4439.64,628914.98,0.0
2009-02-20,15/9-F-14,24.0,4509.07,638750.17,108.74
2009-02-20,15/9-F-4,24.0,,,
2009-02-20,15/9-F-5,24.0,,,
2009-02-21,15/9-F-12,24.0,3876.08,553168.07,0.0
2009-02-21,15/9-F-14,24.0,2905.92,414713.42,75.56
2009-02-21,15/9-F-4,24.0,,,
2009-02-21,15/9-F-5,24.0,,,
2009-02-22,15/9-F-12,24.0,4535.89,643689.28,0.0
2009-02-22,15/9-F-14,24.0,4319.02,612912.62,106.6
2009-02-22,15/9-F-4,24.0,,,
2009-02-22,15/9-F-5,24.0,,,
2009-02-23,15/9-F-12,24.0,4498.48,636958.83,0.0
2009-02-23,15/9-F-14,24.0,4417.66,625514.01,117.37
2009-02-23,15/9-F-4,24.0,,,
2009-02-23,15/9-F-5,24.0,,,
2009-02-24,15/9-F-12,24.0,4487.34,639993.12,0.0
2009-02-24,15/9-F-14,24.0,4367.33,622877.1,90.87
2009-02-24,15/9-F-4,24.0,,,
2009-02-24,15/9-F-5,22.0,,,
2009-02-25,15/9-F-12,22.0,4036.23,576610.74,0.0
2009-02-25,15/9-F-14,21.83334,3226.61,460948.01,118.99
2009-02-25,15/9-F-4,24.0,,,
2009-02-25,15/9-F-5,24.0,,,
2009-02-26,15/9-F-12,24.0,4421.95,630101.22,0.0
2009-02-26,15/9-F-14,24.0,4411.9,628668.27,134.19
2009-02-26,15/9-F-4,24.0,,,
2009-02-26,15/9-F-5,24.0,,,
2009-02-27,15/9-F-12,24.0,4359.66,623044.76,0.0
2009-02-27,15/9-F-14,24.0,4376.91,625510.25,152.76
2009-02-27,15/9-F-4,24.0,,,
2009-02-27,15/9-F-5,24.0,,,
2009-02-28,15/9-F-12,24.0,4433.4,628757.88,0.0
2009-02-28,15/9-F-14,24.0,4417.91,626562.21,106.72
2009-02-28,15/9-F-4,24.0,,,
2009-02-28,15/9-F-5,24.0,,,
2009-03-01,15/9-F-12,24.0,4448.63,635769.65,0.0
2009-03-01,15/9-F-14,24.0,4396.74,628354.12,155.97
2009-03-01,15/9-F-4,24.0,,,
2009-03-01,15/9-F-5,24.0,,,
2009-03-02,15/9-F-12,24.0,4592.63,653793.66,0.0
2009-03-02,15/9-F-14,24.0,4381.09,623678.16,163.39
2009-03-02,15/9-F-4,24.0,,,
2009-03-02,15/9-F-5,24.0,,,
2009-03-03,15/9-F-12,24.0,4638.29,658569.56,0.0
2009-03-03,15/9-F-14,24.0,4339.13,616094.56,-0.95
2009-03-03,15/9-F-4,24.0,,,
2009-03-03,15/9-F-5,24.0,,,
2009-03-04,15/9-F-12,24.0,4474.26,634593.69,0.0
2009-03-04,15/9-F-14,24.0,4421.77,627149.49,63.56
2009-03-04,15/9-F-4,20.91667,,,
2009-03-04,15/9-F-5,20.75,,,
2009-03-05,15/9-F-12,11.16666,2440.8,347737.77,0.0
2009-03-05,15/9-F-14,14.0,1974.22,281263.48,18.19
2009-03-05,15/9-F-4,11.49999,,,
2009-03-05,15/9-F-5,13.25,,,
2009-03-06,15/9-F-12,24.0,4366.16,624325.51,0.0
2009-03-06,15/9-F-14,24.0,2987.89,427244.32,90.06
2009-03-06,15/9-F-4,24.0,,,
2009-03-06,15/9-F-5,19.025,,,
2009-03-07,15/9-F-12,24.0,3360.6,481718.95,0.0
2009-03-07,15/9-F-14,24.0,2208.96,316638.28,104.01
2009-03-07,15/9-F-4,11.35833,,,
2009-03-07,15/9-F-5,17.975,,,
2009-03-08,15/9-F-12,24.0,4021.37,577222.95,0.0
2009-03-08,15/9-F-14,11.10833,969.01,139091.13,0.0
2009-03-08,15/9-F-4,0.0,,,
2009-03-08,15/9-F-5,24.0,,,
2009-03-09,15/9-F-12,18.525,4197.14,607750.29,0.0
2009-03-09,15/9-F-14,7.5,109.63,15874.53,0.0
2009-03-09,15/9-F-4,11.75,,,
2009-03-09,15/9-F-5,18.525,,,
2009-03-10,15/9-F-12,21.225,4692.91,653842.25,0.0
2009-03-10,15/9-F-14,21.22,2623.97,365586.5,91.12
2009-03-10,15/9-F-4,0.0,,,
2009-03-10,15/9-F-5,0.0,,,
2009-03-11,15/9-F-12,23.5,5414.32,755859.5,0.0
2009-03-11,15/9-F-14,8.80833,1185.05,165437.35,174.74
2009-03-11,15/9-F-4,0.0,,,
2009-03-11,15/9-F-5,0.0,,,
2009-03-12,15/9-F-12,24.0,4870.32,680830.68,0.0
2009-03-12,15/9-F-14,19.85833,3349.12,468179.34,78.12
2009-03-12,15/9-F-4,0.0,,,
2009-03-12,15/9-F-5,0.0,,,
2009-03-13,15/9-F-12,19.94167,3676.71,529095.17,0.0
2009-03-13,15/9-F-14,8.14167,1512.65,217677.63,63.53
2009-03-13,15/9-F-4,0.0,,,
2009-03-13,15/9-F-5,0.0,,,
2009-03-14,15/9-F-12,0.0,0.0,0.0,0.0
2009-03-14,15/9-F-14,24.0,4690.25,639509.9,54.58
2009-03-14,15/9-F-4,0.0,,,
2009-03-14,15/9-F-5,0.0,,,
2009-03-15,15/9-F-12,6.5,613.72,84479.94,0.0
2009-03-15,15/9-F-14,24.0,5220.21,718575.17,48.32
2009-03-15,15/9-F-4,0.0,,,
2009-03-15,15/9-F-5,0.0,,,
2009-03-16,15/9-F-12,13.0,1409.33,193531.67,0.0
2009-03-16,15/9-F-14,24.0,5534.9,760060.88,77.99
2009-03-16,15/9-F-4,0.0,,,
2009-03-16,15/9-F-5,0.0,,,
2009-03-17,15/9-F-12,0.0,0.0,0.0,0.0
2009-03-17,15/9-F-14,24.0,5634.32,778638.78,48.7
2009-03-17,15/9-F-4,0.0,,,
2009-03-17,15/9-F-5,0.0,,,
2009-03-18,15/9-F-12,22.14167,3449.39,483223.53,0.0
2009-03-18,15/9-F-14,24.0,4546.78,636956.26,23.96
2009-03-18,15/9-F-4,0.0,,,
2009-03-18,15/9-F-5,0.0,,,
2009-03-19,15/9-F-12,24.0,4321.87,604989.14,0.0
2009-03-19,15/9-F-14,24.0,3976.45,556637.7,34.22
2009-03-19,15/9-F-4,0.0,,,
2009-03-19,15/9-F-5,0.0,,,
2009-03-20,15/9-F-12,24.0,4217.85,588504.63,0.0
2009-03-20,15/9-F-14,24.0,4539.29,633353.27,37.01
2009-03-20,15/9-F-4,0.0,,,
2009-03-20,15/9-F-5,0.0,,,
2009-03-21,15/9-F-12,24.0,4440.66,620587.39,0.0
2009-03-21,15/9-F-14,24.0,4427.82,618792.43,37.07
2009-03-21,15/9-F-4,0.0,,,
2009-03-21,15/9-F-5,0.0,,,
2009-03-22,15/9-F-12,24.0,4437.68,619261.41,0.0
2009-03-22,15/9-F-14,24.0,4433.69,618703.76,34.73
2009-03-22,15/9-F-4,0.0,,,
2009-03-22,15/9-F-5,0.0,,,
2009-03-23,15/9-F-12,24.0,4418.22,605817.49,0.0
2009-03-23,15/9-F-14,24.0,4490.24,615693.19,33.39
2009-03-23,15/9-F-4,0.0,,,
2009-03-23,15/9-F-5,0.0,,,
2009-03-24,15/9-F-12,24.0,4353.47,607634.39,0.0
2009-03-24,15/9-F-14,24.0,4379.47,611263.11,207.66
2009-03-24,15/9-F-4,0.0,,,
2009-03-24,15/9-F-5,0.0,,,
2009-03-25,15/9-F-12,4.19167,723.91,103202.39,0.0
2009-03-25,15/9-F-14,3.69167,505.63,72083.06,7.34
2009-03-25,15/9-F-4,0.0,,,
2009-03-25,15/9-F-5,0.0,,,
2009-03-26,15/9-F-12,0.0,0.0,0.0,0.0
2009-03-26,15/9-F-14,0.0,0.0,0.0,0.0
2009-03-26,15/9-F-4,0.0,,,
2009-03-26,15/9-F-5,0.0,,,
2009-03-27,15/9-F-12,0.0,0.0,0.0,0.0
2009-03-27,15/9-F-14,0.0,0.0,0.0,0.0
2009-03-27,15/9-F-4,0.0,,,
2009-03-27,15/9-F-5,0.0,,,
2009-03-28,15/9-F-12,0.0,0.0,0.0,0.0
2009-03-28,15/9-F-14,0.0,0.0,0.0,0.0
2009-03-28,15/9-F-4,8.225,,,
2009-03-28,15/9-F-5,8.05833,,,
2009-03-29,15/9-F-12,0.0,0.0,0.0,0.0
2009-03-29,15/9-F-14,0.0,0.0,0.0,0.0
2009-03-29,15/9-F-4,6.525,,,
2009-03-29,15/9-F-5,6.35834,,,
2009-03-30,15/9-F-12,6.14167,456.47,55070.07,0.0
2009-03-30,15/9-F-14,4.475,155.26,18731.26,0.0
2009-03-30,15/9-F-4,0.80833,,,
2009-03-30,15/9-F-5,0.64167,,,
2009-03-31,15/9-F-12,24.0,4922.0,716135.31,0.0
2009-03-31,15/9-F-14,24.0,3650.9,531195.56,31.46
2009-03-31,15/9-F-4,24.0,,,
2009-03-31,15/9-F-5,24.0,,,
2009-04-01,15/9-F-12,24.0,5287.84,747833.27,0.0
2009-04-01,15/9-F-14,24.0,3515.99,497247.67,32.39
2009-04-01,15/9-F-4,24.0,,,
2009-04-01,15/9-F-5,24.0,,,
2009-04-02,15/9-F-12,24.0,5144.72,719978.39,0.0
2009-04-02,15/9-F-14,24.0,3831.97,536264.98,33.0
2009-04-02,15/9-F-4,24.0,,,
2009-04-02,15/9-F-5,24.0,,,
2009-04-03,15/9-F-12,24.0,4733.54,667776.21,0.0
2009-04-03,15/9-F-14,24.0,4211.6,594143.35,37.78
2009-04-03,15/9-F-4,24.0,,,
2009-04-03,15/9-F-5,24.0,,,
2009-04-04,15/9-F-12,24.0,4497.69,635782.47,0.0
2009-04-04,15/9-F-14,24.0,4266.19,603057.78,39.67
2009-04-04,15/9-F-4,24.0,,,
2009-04-04,15/9-F-5,24.0,,,
2009-04-05,15/9-F-12,24.0,4536.0,640609.76,0.0
2009-04-05,15/9-F-14,22.19167,3873.72,547078.74,33.73
2009-04-05,15/9-F-4,22.525,,,
2009-04-05,15/9-F-5,22.525,,,
2009-04-06,15/9-F-12,24.0,5544.62,807878.22,22.28
2009-04-06,15/9-F-14,0.0,0.0,0.0,0.0
2009-04-06,15/9-F-4,0.5,,,
2009-04-06,15/9-F-5,0.0,,,
2009-04-07,15/9-F-12,24.0,5677.96,824316.37,54.68
2009-04-07,15/9-F-14,0.0,0.0,0.0,0.0
2009-04-07,15/9-F-4,0.0,,,
2009-04-07,15/9-F-5,0.0,,,
2009-04-08,15/9-F-12,24.0,5143.67,712608.59,118.27
2009-04-08,15/9-F-14,18.69167,2903.01,402186.22,6.67
2009-04-08,15/9-F-4,20.85833,,,
2009-04-08,15/9-F-5,9.525,,,
2009-04-09,15/9-F-12,24.0,5237.66,728732.91,65.57
2009-04-09,15/9-F-14,15.58334,2094.72,291446.14,2.62
2009-04-09,15/9-F-4,16.33333,,,
2009-04-09,15/9-F-5,16.33333,,,
2009-04-10,15/9-F-12,24.0,5605.38,795763.72,51.33
2009-04-10,15/9-F-14,0.80833,50.65,7190.41,0.05
2009-04-10,15/9-F-4,0.30833,,,
2009-04-10,15/9-F-5,0.30833,,,
2009-04-11,15/9-F-12,24.0,5595.21,796029.24,79.47
2009-04-11,15/9-F-14,0.0,0.0,0.0,0.0
2009-04-11,15/9-F-4,0.0,,,
2009-04-11,15/9-F-5,0.0,,,
2009-04-12,15/9-F-12,24.0,5377.85,745573.29,79.43
2009-04-12,15/9-F-14,13.85833,2063.32,286054.45,3.05
2009-04-12,15/9-F-4,12.85833,,,
2009-04-12,15/9-F-5,12.85833,,,
2009-04-13,15/9-F-12,24.0,4985.07,684272.8,97.46
2009-04-13,15/9-F-14,24.0,3941.13,540977.58,7.7
2009-04-13,15/9-F-4,24.0,,,
2009-04-13,15/9-F-5,24.0,,,
2009-04-14,15/9-F-12,24.0,4997.55,682920.04,33.37
2009-04-14,15/9-F-14,24.0,3975.77,543293.15,2.65
2009-04-14,15/9-F-4,24.0,,,
2009-04-14,15/9-F-5,24.0,,,
2009-04-15,15/9-F-12,24.0,5316.56,782449.82,21.98
2009-04-15,15/9-F-14,4.475,651.67,95907.56,0.27
2009-04-15,15/9-F-4,3.975,,,
2009-04-15,15/9-F-5,3.975,,,
2009-04-16,15/9-F-12,24.0,5112.74,703143.19,29.65
2009-04-16,15/9-F-14,17.525,2452.26,337254.14,1.42
2009-04-16,15/9-F-4,20.52501,,,
2009-04-16,15/9-F-5,20.52501,,,
2009-04-17,15/9-F-12,24.0,4838.54,655222.86,32.07
2009-04-17,15/9-F-14,24.0,4018.0,544108.28,2.66
2009-04-17,15/9-F-4,24.0,,,
2009-04-17,15/9-F-5,24.0,,,
2009-04-18,15/9-F-12,24.0,5271.47,727181.94,23.75
2009-04-18,15/9-F-14,10.47499,1417.68,195564.93,0.64
2009-04-18,15/9-F-4,13.14166,,,
2009-04-18,15/9-F-5,13.14166,,,
2009-04-19,15/9-F-12,24.0,5613.54,782955.38,20.22
2009-04-19,15/9-F-14,3.19167,217.49,30334.9,0.08
2009-04-19,15/9-F-4,6.19167,,,
2009-04-19,15/9-F-5,6.025,,,
2009-04-20,15/9-F-12,24.0,4906.23,663644.34,30.71
2009-04-20,15/9-F-14,24.0,3990.32,539753.59,2.5
2009-04-20,15/9-F-4,24.0,,,
2009-04-20,15/9-F-5,24.0,,,
2009-04-21,15/9-F-12,24.0,4845.36,653196.02,32.8
2009-04-21,15/9-F-14,24.0,4074.51,549278.23,2.76
2009-04-21,15/9-F-4,24.0,,,
2009-04-21,15/9-F-5,24.0,,,
2009-04-22,15/9-F-12,23.16667,4018.17,554652.07,93.21
2009-04-22,15/9-F-14,22.83334,2868.86,396006.07,6.65
2009-04-22,15/9-F-4,18.58334,,,
2009-04-22,15/9-F-5,18.33334,,,
2009-04-23,15/9-F-12,24.0,4752.83,642693.53,33.86
2009-04-23,15/9-F-14,24.0,4074.46,550962.02,2.9
2009-04-23,15/9-F-4,24.0,,,
2009-04-23,15/9-F-5,24.0,,,
2009-04-24,15/9-F-12,24.0,4789.55,645290.77,37.03
2009-04-24,15/9-F-14,24.0,4092.66,551400.92,3.16
2009-04-24,15/9-F-4,24.0,,,
2009-04-24,15/9-F-5,24.0,,,
2009-04-25,15/9-F-12,24.0,4813.6,649841.02,39.73
2009-04-25,15/9-F-14,24.0,4090.03,552159.1,3.38
2009-04-25,15/9-F-4,24.0,,,
2009-04-25,15/9-F-5,24.0,,,
2009-04-26,15/9-F-12,24.0,4855.76,652520.57,35.8
2009-04-26,15/9-F-14,24.0,4103.63,551448.45,3.03
2009-04-26,15/9-F-4,24.0,,,
2009-04-26,15/9-F-5,24.0,,,
2009-04-27,15/9-F-12,24.0,4871.19,656676.51,46.62
2009-04-27,15/9-F-14,24.0,4054.31,546555.88,3.88
2009-04-27,15/9-F-4,24.0,,,
2009-04-27,15/9-F-5,24.0,,,
2009-04-28,15/9-F-12,24.0,4882.81,658770.26,92.83
2009-04-28,15/9-F-14,24.0,4021.8,542607.01,7.65
2009-04-28,15/9-F-4,24.0,,,
2009-04-28,15/9-F-5,24.0,,,
2009-04-29,15/9-F-12,24.0,4842.11,654544.21,37.07
2009-04-29,15/9-F-14,24.0,4052.58,547817.04,3.1
2009-04-29,15/9-F-4,24.0,,,
2009-04-29,15/9-F-5,24.0,,,
2009-04-30,15/9-F-12,24.0,4860.46,658250.04,37.1
2009-04-30,15/9-F-14,24.0,4035.73,546557.59,3.08
2009-04-30,15/9-F-4,24.0,,,
2009-04-30,15/9-F-5,24.0,,,
2009-05-01,15/9-F-12,24.0,4860.67,655718.05,34.79
2009-05-01,15/9-F-14,24.0,4081.53,550609.59,2.92
2009-05-01,15/9-F-4,24.0,,,
2009-05-01,15/9-F-5,24.0,,,
2009-05-02,15/9-F-12,24.0,4814.28,651353.2,29.64
2009-05-02,15/9-F-14,24.0,4066.61,550195.52,2.5
2009-05-02,15/9-F-4,24.0,,,
2009-05-02,15/9-F-5,24.0,,,
2009-05-03,15/9-F-12,24.0,4812.61,651463.54,37.06
2009-05-03,15/9-F-14,24.0,4081.26,552464.51,3.14
2009-05-03,15/9-F-4,24.0,,,
2009-05-03,15/9-F-5,24.0,,,
2009-05-04,15/9-F-12,2.475,438.93,54731.12,2.95
2009-05-04,15/9-F-14,2.30833,412.42,51425.66,0.28
2009-05-04,15/9-F-4,5.80833,,,
2009-05-04,15/9-F-5,5.975,,,
2009-05-05,15/9-F-4,11.69167,,,
2009-05-05,15/9-F-5,8.02499,,,
2009-05-06,15/9-F-12,20.85833,3551.6,481765.16,23.83
2009-05-06,15/9-F-14,20.69167,3306.81,448561.02,2.22
2009-05-06,15/9-F-4,24.0,,,
2009-05-06,15/9-F-5,23.83333,,,
2009-05-07,15/9-F-12,23.83333,4446.68,633204.31,173.14
2009-05-07,15/9-F-14,23.66667,3702.99,527302.52,14.42
2009-05-07,15/9-F-4,21.0,,,
2009-05-07,15/9-F-5,21.16667,,,
2009-05-08,15/9-F-12,24.0,4815.42,648869.14,141.88
2009-05-08,15/9-F-14,24.0,4081.41,549963.51,12.03
2009-05-08,15/9-F-4,24.0,,,
2009-05-08,15/9-F-5,24.0,,,
2009-05-09,15/9-F-12,24.0,4805.75,659613.79,135.39
2009-05-09,15/9-F-14,24.0,3931.18,539574.28,11.08
2009-05-09,15/9-F-4,24.0,,,
2009-05-09,15/9-F-5,24.0,,,
2009-05-10,15/9-F-12,24.0,4892.7,663299.95,34.22
2009-05-10,15/9-F-14,24.0,4150.8,562721.49,2.9
2009-05-10,15/9-F-4,24.0,,,
2009-05-10,15/9-F-5,24.0,,,
2009-05-11,15/9-F-12,24.0,4810.91,652508.75,21.28
2009-05-11,15/9-F-14,24.0,4241.75,575312.38,18.76
2009-05-11,15/9-F-4,24.0,,,
2009-05-11,15/9-F-5,24.0,,,
2009-05-12,15/9-F-12,24.0,4771.11,649888.85,23.48
2009-05-12,15/9-F-14,24.0,4239.18,577434.28,20.87
2009-05-12,15/9-F-4,24.0,,,
2009-05-12,15/9-F-5,24.0,,,
2009-05-13,15/9-F-12,24.0,4684.63,640887.43,16.65
2009-05-13,15/9-F-14,24.0,4197.86,574295.9,14.92
2009-05-13,15/9-F-4,24.0,,,
2009-05-13,15/9-F-5,24.0,,,
2009-05-14,15/9-F-12,24.0,4712.31,645462.5,116.45
2009-05-14,15/9-F-14,24.0,4211.25,576830.95,104.06
2009-05-14,15/9-F-4,24.0,,,
2009-05-14,15/9-F-5,24.0,,,
2009-05-15,15/9-F-12,24.0,4733.92,650506.74,94.28
2009-05-15,15/9-F-14,24.0,4233.1,581687.19,84.31
2009-05-15,15/9-F-4,24.0,,,
2009-05-15,15/9-F-5,24.0,,,
2009-05-16,15/9-F-12,24.0,4741.22,653196.82,116.56
2009-05-16,15/9-F-14,24.0,4237.94,583860.51,104.19
2009-05-16,15/9-F-4,24.0,,,
2009-05-16,15/9-F-5,24.0,,,
2009-05-17,15/9-F-12,24.0,4745.17,654569.23,116.62
2009-05-17,15/9-F-14,24.0,4244.23,585468.54,104.3
2009-05-17,15/9-F-4,24.0,,,
2009-05-17,15/9-F-5,24.0,,,
2009-05-18,15/9-F-12,24.0,5227.04,722111.07,116.61
2009-05-18,15/9-F-14,24.0,3759.11,519316.88,127.1
2009-05-18,15/9-F-4,24.0,,,
2009-05-18,15/9-F-5,24.0,,,
2009-05-19,15/9-F-12,24.0,5013.35,693436.04,139.51
2009-05-19,15/9-F-14,24.0,3967.32,548750.04,110.41
2009-05-19,15/9-F-4,24.0,,,
2009-05-19,15/9-F-5,24.0,,,
2009-05-20,15/9-F-12,24.0,5010.5,692348.1,139.03
2009-05-20,15/9-F-14,24.0,3972.97,548982.34,148.53
2009-05-20,15/9-F-4,24.0,,,
2009-05-20,15/9-F-5,24.0,,,
2009-05-21,15/9-F-12,24.0,5030.59,693069.75,143.08
2009-05-21,15/9-F-14,24.0,3994.95,550388.29,153.09
2009-05-21,15/9-F-4,24.0,,,
2009-05-21,15/9-F-5,24.0,,,
2009-05-22,15/9-F-12,24.0,5037.15,691705.39,138.66
2009-05-22,15/9-F-14,24.0,4063.22,557964.5,190.35
2009-05-22,15/9-F-4,24.0,,,
2009-05-22,15/9-F-5,24.0,,,
2009-05-23,15/9-F-12,24.0,4796.2,658095.21,131.68
2009-05-23,15/9-F-14,24.0,4123.37,565775.96,192.65
2009-05-23,15/9-F-4,24.0,,,
2009-05-23,15/9-F-5,24.0,,,
2009-05-24,15/9-F-12,24.0,4763.66,653571.72,141.15
2009-05-24,15/9-F-14,24.0,4136.45,567519.04,208.58
2009-05-24,15/9-F-4,24.0,,,
2009-05-24,15/9-F-5,24.0,,,
2009-05-25,15/9-F-12,24.0,4851.33,666995.5,127.75
2009-05-25,15/9-F-14,24.0,4030.16,554095.56,219.01
2009-05-25,15/9-F-4,24.0,,,
2009-05-25,15/9-F-5,24.0,,,
2009-05-26,15/9-F-12,24.0,4911.6,674398.65,136.37
2009-05-26,15/9-F-14,24.0,4024.79,552634.43,230.64
2009-05-26,15/9-F-4,24.0,,,
2009-05-26,15/9-F-5,24.0,,,
2009-05-27,15/9-F-12,24.0,4925.85,676599.55,130.51
2009-05-27,15/9-F-14,24.0,4028.53,553345.93,259.77
2009-05-27,15/9-F-4,24.0,,,
2009-05-27,15/9-F-5,24.0,,,
2009-05-28,15/9-F-12,24.0,4940.31,679290.39,145.28
2009-05-28,15/9-F-14,24.0,4023.55,553235.27,287.96
2009-05-28,15/9-F-4,24.0,,,
2009-05-28,15/9-F-5,24.0,,,
2009-05-29,15/9-F-12,24.0,5096.84,728393.23,144.64
2009-05-29,15/9-F-14,24.0,3653.89,522179.16,252.35
2009-05-29,15/9-F-4,24.0,,,
2009-05-29,15/9-F-5,24.0,,,
2009-05-30,15/9-F-12,24.0,5406.74,745582.69,177.4
2009-05-30,15/9-F-14,24.0,3496.61,482178.75,279.22
2009-05-30,15/9-F-4,24.0,,,
2009-05-30,15/9-F-5,24.0,,,
2009-05-31,15/9-F-12,24.0,5389.94,744217.56,176.6
2009-05-31,15/9-F-14,24.0,3479.8,480474.83,277.49
2009-05-31,15/9-F-4,24.0,,,
2009-05-31,15/9-F-5,24.0,,,
2009-06-01,15/9-F-12,24.0,5469.32,755886.22,181.97
2009-06-01,15/9-F-14,24.0,3442.3,475742.46,278.73
2009-06-01,15/9-F-4,23.5,,,
2009-06-01,15/9-F-5,23.66667,,,
2009-06-02,15/9-F-12,24.0,5497.96,758527.94,85.02
2009-06-02,15/9-F-14,24.0,3413.78,470984.55,128.49
2009-06-02,15/9-F-4,24.0,,,
2009-06-02,15/9-F-5,24.0,,,
2009-06-03,15/9-F-12,24.0,5888.69,804359.19,150.85
2009-06-03,15/9-F-14,24.0,2994.6,409045.34,186.7
2009-06-03,15/9-F-4,24.0,,,
2009-06-03,15/9-F-5,24.0,,,
2009-06-04,15/9-F-12,24.0,5509.13,750904.82,61.05
2009-06-04,15/9-F-14,24.0,3352.53,456955.83,104.45
2009-06-04,15/9-F-4,24.0,,,
2009-06-04,15/9-F-5,24.0,,,
2009-06-05,15/9-F-12,24.0,5521.14,754130.59,46.35
2009-06-05,15/9-F-14,24.0,3369.57,460247.78,79.52
2009-06-05,15/9-F-4,24.0,,,
2009-06-05,15/9-F-5,24.0,,,
2009-06-06,15/9-F-12,21.98333,3891.66,530740.58,50.87
2009-06-06,15/9-F-14,21.64999,2702.0,368496.38,99.3
2009-06-06,15/9-F-4,18.48333,,,
2009-06-06,15/9-F-5,18.48333,,,
2009-06-07,15/9-F-12,24.0,5264.7,703838.99,96.75
2009-06-07,15/9-F-14,24.0,3439.9,459880.12,177.73
2009-06-07,15/9-F-4,24.0,,,
2009-06-07,15/9-F-5,24.0,,,
2009-06-08,15/9-F-12,24.0,5422.42,727883.13,60.23
2009-06-08,15/9-F-14,24.0,3497.78,469527.14,109.23
2009-06-08,15/9-F-4,24.0,,,
2009-06-08,15/9-F-5,24.0,,,
2009-06-09,15/9-F-12,24.0,5357.49,726692.81,10.37
2009-06-09,15/9-F-14,24.0,3443.71,467107.5,18.74
2009-06-09,15/9-F-4,24.0,,,
2009-06-09,15/9-F-5,24.0,,,
2009-06-10,15/9-F-12,24.0,5346.85,721518.42,10.34
2009-06-10,15/9-F-14,24.0,3451.46,465749.31,18.77
2009-06-10,15/9-F-4,24.0,,,
2009-06-10,15/9-F-5,24.0,,,
2009-06-11,15/9-F-12,22.83333,4218.09,553284.31,7.99
2009-06-11,15/9-F-14,22.66666,3108.44,436855.72,17.69
2009-06-11,15/9-F-4,20.83333,,,
2009-06-11,15/9-F-5,20.83333,,,
2009-06-12,15/9-F-12,24.0,4995.2,653040.15,9.45
2009-06-12,15/9-F-14,24.0,3768.1,527805.4,21.4
2009-06-12,15/9-F-4,24.0,,,
2009-06-12,15/9-F-5,24.0,,,
2009-06-13,15/9-F-12,22.5,4132.22,546459.74,7.77
2009-06-13,15/9-F-14,22.33333,3178.3,450332.7,17.95
2009-06-13,15/9-F-4,21.33333,,,
2009-06-13,15/9-F-5,21.33333,,,
2009-06-14,15/9-F-12,24.0,4668.7,616524.43,10.61
2009-06-14,15/9-F-14,11.64167,1760.34,249065.38,12.02
2009-06-14,15/9-F-4,13.05833,,,
2009-06-14,15/9-F-5,13.05833,,,
2009-06-15,15/9-F-12,24.0,4994.99,670506.08,10.88
2009-06-15,15/9-F-14,13.60833,1724.89,248079.85,12.74
2009-06-15,15/9-F-4,17.44167,,,
2009-06-15,15/9-F-5,17.35833,,,
2009-06-16,15/9-F-12,24.0,5262.8,696076.75,141.57
2009-06-16,15/9-F-14,24.0,3145.29,445722.63,287.17
2009-06-16,15/9-F-4,24.0,,,
2009-06-16,15/9-F-5,24.0,,,
2009-06-17,15/9-F-12,24.0,5081.09,663614.25,150.04
2009-06-17,15/9-F-14,24.0,3483.91,487515.35,349.17
2009-06-17,15/9-F-4,24.0,,,
2009-06-17,15/9-F-5,24.0,,,
2009-06-18,15/9-F-12,24.0,5037.77,670507.54,185.08
2009-06-18,15/9-F-14,24.0,3494.02,498257.23,435.69
2009-06-18,15/9-F-4,24.0,,,
2009-06-18,15/9-F-5,24.0,,,
2009-06-19,15/9-F-12,24.0,5054.35,676838.86,158.49
2009-06-19,15/9-F-14,24.0,3560.14,510798.71,378.9
2009-06-19,15/9-F-4,24.0,,,
2009-06-19,15/9-F-5,24.0,,,
2009-06-20,15/9-F-12,24.0,5122.69,684149.32,135.51
2009-06-20,15/9-F-14,24.0,3745.56,535961.19,336.28
2009-06-20,15/9-F-4,24.0,,,
2009-06-20,15/9-F-5,24.0,,,
2009-06-21,15/9-F-12,24.0,3421.75,457372.67,98.89
2009-06-21,15/9-F-14,24.0,2777.63,397796.78,272.45
2009-06-21,15/9-F-4,24.0,,,
2009-06-21,15/9-F-5,24.0,,,
2009-06-22,15/9-F-12,24.0,3345.0,448830.33,95.37
2009-06-22,15/9-F-14,24.0,2774.05,398807.86,268.44
2009-06-22,15/9-F-4,24.0,,,
2009-06-22,15/9-F-5,24.0,,,
2009-06-23,15/9-F-12,24.0,3393.7,455038.16,112.91
2009-06-23,15/9-F-14,24.0,2807.65,403348.17,317.03
2009-06-23,15/9-F-4,24.0,,,
2009-06-23,15/9-F-5,24.0,,,
2009-06-24,15/9-F-12,24.0,3399.54,455482.44,99.31
2009-06-24,15/9-F-14,24.0,2811.94,403666.11,278.82
2009-06-24,15/9-F-4,24.0,,,
2009-06-24,15/9-F-5,24.0,,,
2009-06-25,15/9-F-12,24.0,3234.13,432800.46,91.99
2009-06-25,15/9-F-14,24.0,2454.11,351874.86,236.93
2009-06-25,15/9-F-4,24.0,,,
2009-06-25,15/9-F-5,24.0,,,
2009-06-26,15/9-F-12,24.0,2864.24,387728.58,77.84
2009-06-26,15/9-F-14,24.0,1854.16,268924.1,171.03
2009-06-26,15/9-F-4,24.0,,,
2009-06-26,15/9-F-5,24.0,,,
2009-06-27,15/9-F-12,24.0,2727.37,368587.99,128.59
2009-06-27,15/9-F-14,24.0,1774.82,256988.73,284.01
2009-06-27,15/9-F-4,24.0,,,
2009-06-27,15/9-F-5,24.0,,,
2009-06-28,15/9-F-12,24.0,2723.71,367739.2,117.31
2009-06-28,15/9-F-14,24.0,1755.46,253941.55,256.61
2009-06-28,15/9-F-4,24.0,,,
2009-06-28,15/9-F-5,24.0,,,
2009-06-29,15/9-F-12,24.0,2793.58,374705.43,111.63
2009-06-29,15/9-F-14,24.0,1786.06,256678.7,242.23
2009-06-29,15/9-F-4,24.0,,,
2009-06-29,15/9-F-5,24.0,,,
2009-06-30,15/9-F-12,24.0,2789.43,373706.27,153.6
2009-06-30,15/9-F-14,24.0,1781.53,255723.68,332.96
2009-06-30,15/9-F-4,24.0,,,
2009-06-30,15/9-F-5,24.0,,,
2009-07-01,15/9-F-12,24.0,2775.48,372698.06,156.76
2009-07-01,15/9-F-14,24.0,1787.32,257149.64,342.64
2009-07-01,15/9-F-4,24.0,,,
2009-07-01,15/9-F-5,24.0,,,
2009-07-02,15/9-F-12,24.0,2766.16,371158.28,156.85
2009-07-02,15/9-F-14,24.0,1770.55,254537.61,340.75
2009-07-02,15/9-F-4,24.0,,,
2009-07-02,15/9-F-5,24.0,,,
2009-07-03,15/9-F-12,24.0,2761.91,370129.18,156.75
2009-07-03,15/9-F-14,24.0,1756.69,252233.01,338.38
2009-07-03,15/9-F-4,24.0,,,
2009-07-03,15/9-F-5,24.0,,,
2009-07-04,15/9-F-12,24.0,2747.27,367253.0,157.44
2009-07-04,15/9-F-14,24.0,1756.3,251549.54,341.62
2009-07-04,15/9-F-4,24.0,,,
2009-07-04,15/9-F-5,24.0,,,
2009-07-05,15/9-F-12,24.0,2746.36,368057.84,155.39
2009-07-05,15/9-F-14,24.0,1750.5,251352.27,336.16
2009-07-05,15/9-F-4,24.0,,,
2009-07-05,15/9-F-5,24.0,,,
2009-07-06,15/9-F-12,24.0,3414.92,463341.67,57.66
2009-07-06,15/9-F-14,24.0,2178.86,316747.31,124.86
2009-07-06,15/9-F-4,24.0,,,
2009-07-06,15/9-F-5,24.0,,,
2009-07-07,15/9-F-12,24.0,3404.37,460568.95,71.84
2009-07-07,15/9-F-14,24.0,2189.44,317360.89,156.82
2009-07-07,15/9-F-4,24.0,,,
2009-07-07,15/9-F-5,24.0,,,
2009-07-08,15/9-F-12,24.0,3501.35,489971.59,56.05
2009-07-08,15/9-F-14,24.0,1982.23,277388.46,104.12
2009-07-08,15/9-F-4,24.0,,,
2009-07-08,15/9-F-5,24.0,,,
2009-07-09,15/9-F-12,24.0,3500.07,490053.56,53.86
2009-07-09,15/9-F-14,24.0,1983.9,277770.45,100.16
2009-07-09,15/9-F-4,24.0,,,
2009-07-09,15/9-F-5,24.0,,,
2009-07-10,15/9-F-12,24.0,3485.7,487959.83,56.12
2009-07-10,15/9-F-14,24.0,1971.71,276018.34,104.17
2009-07-10,15/9-F-4,24.0,,,
2009-07-10,15/9-F-5,24.0,,,
2009-07-11,15/9-F-12,24.0,3514.43,491136.03,56.16
2009-07-11,15/9-F-14,24.0,1973.72,275823.13,103.48
2009-07-11,15/9-F-4,24.0,,,
2009-07-11,15/9-F-5,24.0,,,
2009-07-12,15/9-F-12,24.0,3523.09,493410.14,57.11
2009-07-12,15/9-F-14,24.0,1990.32,278743.97,105.87
2009-07-12,15/9-F-4,24.0,,,
2009-07-12,15/9-F-5,24.0,,,
2009-07-13,15/9-F-12,24.0,3564.05,495856.94,58.04
2009-07-13,15/9-F-14,24.0,2068.62,287801.88,110.54
2009-07-13,15/9-F-4,24.0,,,
2009-07-13,15/9-F-5,24.0,,,
2009-07-14,15/9-F-12,24.0,3514.2,489459.39,57.26
2009-07-14,15/9-F-14,24.0,2058.71,286738.38,110.06
2009-07-14,15/9-F-4,24.0,,,
2009-07-14,15/9-F-5,24.0,,,
2009-07-15,15/9-F-12,24.0,3450.9,480362.65,56.26
2009-07-15,15/9-F-14,24.0,2031.15,282734.85,108.66
2009-07-15,15/9-F-4,24.0,,,
2009-07-15,15/9-F-5,24.0,,,
2009-07-16,15/9-F-12,24.0,3446.15,478180.01,52.39
2009-07-16,15/9-F-14,24.0,2021.41,280486.36,100.82
2009-07-16,15/9-F-4,21.5,,,
2009-07-16,15/9-F-5,21.5,,,
2009-07-17,15/9-F-12,24.0,3450.11,484482.3,44.22
2009-07-17,15/9-F-14,24.0,2032.92,285473.28,85.5
2009-07-17,15/9-F-4,24.0,,,
2009-07-17,15/9-F-5,24.0,,,
2009-07-18,15/9-F-12,24.0,3395.67,389613.17,58.76
2009-07-18,15/9-F-14,24.0,1998.43,229295.82,113.47
2009-07-18,15/9-F-4,24.0,,,
2009-07-18,15/9-F-5,24.0,,,
2009-07-19,15/9-F-12,22.16666,2808.21,386647.47,69.57
2009-07-19,15/9-F-14,22.16666,1725.31,237547.48,140.25
2009-07-19,15/9-F-4,17.33333,,,
2009-07-19,15/9-F-5,17.33333,,,
2009-07-20,15/9-F-12,24.0,3443.72,481044.66,156.33
2009-07-20,15/9-F-14,24.0,2225.2,310831.78,331.44
2009-07-20,15/9-F-4,24.0,,,
2009-07-20,15/9-F-5,24.0,,,
2009-07-21,15/9-F-12,24.0,3714.36,523125.84,152.2
2009-07-21,15/9-F-14,24.0,2373.34,334257.82,319.12
2009-07-21,15/9-F-4,24.0,,,
2009-07-21,15/9-F-5,24.0,,,
2009-07-22,15/9-F-12,24.0,3721.03,525946.38,128.03
2009-07-22,15/9-F-14,24.0,2374.05,335557.65,268.02
2009-07-22,15/9-F-4,24.0,,,
2009-07-22,15/9-F-5,24.0,,,
2009-07-23,15/9-F-12,24.0,3682.11,521503.78,146.8
2009-07-23,15/9-F-14,24.0,2332.24,330319.48,305.09
2009-07-23,15/9-F-4,24.0,,,
2009-07-23,15/9-F-5,24.0,,,
2009-07-24,15/9-F-12,24.0,3689.01,523260.29,166.68
2009-07-24,15/9-F-14,24.0,2243.58,318234.69,332.63
2009-07-24,15/9-F-4,24.0,,,
2009-07-24,15/9-F-5,24.0,,,
2009-07-25,15/9-F-12,24.0,3737.42,529698.64,163.62
2009-07-25,15/9-F-14,24.0,2334.32,330839.25,335.32
2009-07-25,15/9-F-4,24.0,,,
2009-07-25,15/9-F-5,24.0,,,
2009-07-26,15/9-F-12,24.0,3718.65,529145.09,164.43
2009-07-26,15/9-F-14,24.0,2322.56,330488.82,336.99
2009-07-26,15/9-F-4,24.0,,,
2009-07-26,15/9-F-5,24.0,,,
2009-07-27,15/9-F-12,24.0,3704.42,526019.03,167.4
2009-07-27,15/9-F-14,24.0,2292.32,325504.85,339.9
2009-07-27,15/9-F-4,24.0,,,
2009-07-27,15/9-F-5,24.0,,,
2009-07-28,15/9-F-12,24.0,3734.37,532079.64,115.53
2009-07-28,15/9-F-14,24.0,2345.61,334205.26,238.1
2009-07-28,15/9-F-4,24.0,,,
2009-07-28,15/9-F-5,24.0,,,
2009-07-29,15/9-F-12,24.0,3741.77,534576.77,117.28
2009-07-29,15/9-F-14,24.0,2337.6,333966.83,240.4
2009-07-29,15/9-F-4,24.0,,,
2009-07-29,15/9-F-5,24.0,,,
2009-07-30,15/9-F-12,24.0,3755.47,536800.89,111.86
2009-07-30,15/9-F-14,24.0,2338.0,334189.41,228.51
2009-07-30,15/9-F-4,24.0,,,
2009-07-30,15/9-F-5,24.0,,,
2009-07-31,15/9-F-12,24.0,3692.52,528426.13,110.79
2009-07-31,15/9-F-14,24.0,2324.91,332711.98,228.88
2009-07-31,15/9-F-4,24.0,,,
2009-07-31,15/9-F-5,24.0,,,
2009-08-01,15/9-F-12,24.0,3691.35,529970.55,111.76
2009-08-01,15/9-F-14,24.0,2326.08,333956.28,231.08
2009-08-01,15/9-F-4,24.0,,,
2009-08-01,15/9-F-5,24.0,,,
2009-08-02,15/9-F-12,10.65833,1632.31,239745.52,48.3
2009-08-02,15/9-F-14,10.075,945.06,138806.89,91.77
2009-08-02,15/9-F-4,24.0,,,
2009-08-02,15/9-F-5,24.0,,,
2009-08-03,15/9-F-4,24.0,,,
2009-08-03,15/9-F-5,24.0,,,
2009-08-04,15/9-F-12,0.25,11.98,13300.02,0.07
2009-08-04,15/9-F-14,0.0,0.0,0.0,0.0
2009-08-04,15/9-F-4,24.0,,,
2009-08-04,15/9-F-5,24.0,,,
2009-08-05,15/9-F-12,23.84167,4407.16,616384.54,156.88
2009-08-05,15/9-F-14,21.50834,3027.64,423443.82,353.62
2009-08-05,15/9-F-4,24.0,,,
2009-08-05,15/9-F-5,24.0,,,
2009-08-06,15/9-F-12,24.0,4663.07,647439.48,200.95
2009-08-06,15/9-F-14,24.0,4270.99,593001.24,603.94
2009-08-06,15/9-F-4,24.0,,,
2009-08-06,15/9-F-5,24.0,,,
2009-08-07,15/9-F-12,22.90833,4360.71,604384.3,215.62
2009-08-07,15/9-F-14,22.90833,4265.29,591157.5,893.23
2009-08-07,15/9-F-4,22.90833,,,
2009-08-07,15/9-F-5,22.90833,,,
2009-08-08,15/9-F-12,13.92501,2424.2,354292.44,97.19
2009-08-08,15/9-F-14,18.84167,2058.02,300776.49,349.44
2009-08-08,15/9-F-4,8.25834,,,
2009-08-08,15/9-F-5,8.25834,,,
2009-08-09,15/9-F-12,24.0,4366.57,603300.12,160.0
2009-08-09,15/9-F-14,24.0,4894.2,676198.46,759.55
2009-08-09,15/9-F-4,24.0,,,
2009-08-09,15/9-F-5,24.0,,,
2009-08-10,15/9-F-12,24.0,4437.79,612099.85,172.07
2009-08-10,15/9-F-14,24.0,4998.82,689481.04,820.88
2009-08-10,15/9-F-4,24.0,,,
2009-08-10,15/9-F-5,24.0,,,
2009-08-11,15/9-F-12,24.0,4445.56,614367.8,170.75
2009-08-11,15/9-F-14,24.0,4615.69,637879.27,750.85
2009-08-11,15/9-F-4,24.0,,,
2009-08-11,15/9-F-5,24.0,,,
2009-08-12,15/9-F-12,24.0,4594.22,636081.64,326.87
2009-08-12,15/9-F-14,24.0,4301.84,595600.26,1296.3
2009-08-12,15/9-F-4,24.0,,,
2009-08-12,15/9-F-5,24.0,,,
2009-08-13,15/9-F-12,24.0,4549.48,628768.98,202.77
2009-08-13,15/9-F-14,24.0,4369.42,603883.68,824.8
2009-08-13,15/9-F-4,24.0,,,
2009-08-13,15/9-F-5,24.0,,,
2009-08-14,15/9-F-12,24.0,4638.62,640028.04,208.32
2009-08-14,15/9-F-14,24.0,4325.95,596886.66,822.84
2009-08-14,15/9-F-4,24.0,,,
2009-08-14,15/9-F-5,24.0,,,
2009-08-15,15/9-F-12,24.0,4721.86,653955.15,206.85
2009-08-15,15/9-F-14,24.0,4260.78,590097.95,790.51
2009-08-15,15/9-F-4,24.0,,,
2009-08-15,15/9-F-5,24.0,,,
2009-08-16,15/9-F-12,24.0,4767.4,662261.81,217.73
2009-08-16,15/9-F-14,24.0,4224.45,586837.65,817.1
2009-08-16,15/9-F-4,24.0,,,
2009-08-16,15/9-F-5,24.0,,,
2009-08-17,15/9-F-12,24.0,4783.38,664475.43,214.66
2009-08-17,15/9-F-14,24.0,4232.84,587997.71,804.53
2009-08-17,15/9-F-4,24.0,,,
2009-08-17,15/9-F-5,24.0,,,
2009-08-18,15/9-F-12,24.0,4779.42,665021.72,210.05
2009-08-18,15/9-F-14,24.0,4225.4,587934.37,786.5
2009-08-18,15/9-F-4,24.0,,,
2009-08-18,15/9-F-5,24.0,,,
2009-08-19,15/9-F-12,24.0,4795.27,667424.61,198.59
2009-08-19,15/9-F-14,24.0,4225.22,588082.99,741.09
2009-08-19,15/9-F-4,24.0,,,
2009-08-19,15/9-F-5,24.0,,,
2009-08-20,15/9-F-12,24.0,4800.54,668449.46,210.29
2009-08-20,15/9-F-14,24.0,4232.66,589375.1,785.26
2009-08-20,15/9-F-4,24.0,,,
2009-08-20,15/9-F-5,24.0,,,
2009-08-21,15/9-F-12,24.0,4793.55,666777.92,192.39
2009-08-21,15/9-F-14,24.0,4231.89,588651.73,719.36
2009-08-21,15/9-F-4,24.0,,,
2009-08-21,15/9-F-5,24.0,,,
2009-08-22,15/9-F-12,24.0,4795.4,666527.53,208.78
2009-08-22,15/9-F-14,24.0,4230.53,588015.65,780.1
2009-08-22,15/9-F-4,24.0,,,
2009-08-22,15/9-F-5,24.0,,,
2009-08-23,15/9-F-12,24.0,4788.33,666189.26,203.88
2009-08-23,15/9-F-14,24.0,4227.74,588195.93,762.39
2009-08-23,15/9-F-4,24.0,,,
2009-08-23,15/9-F-5,24.0,,,
2009-08-24,15/9-F-12,24.0,4817.27,670317.97,211.08
2009-08-24,15/9-F-14,24.0,4243.95,590541.2,787.57
2009-08-24,15/9-F-4,24.0,,,
2009-08-24,15/9-F-5,24.0,,,
2009-08-25,15/9-F-12,24.0,4950.96,688051.45,216.16
2009-08-25,15/9-F-14,24.0,4321.88,600625.77,799.17
2009-08-25,15/9-F-4,24.0,,,
2009-08-25,15/9-F-5,24.0,,,
2009-08-26,15/9-F-12,13.99166,2665.86,372319.42,282.4
2009-08-26,15/9-F-14,14.66666,1466.67,204838.22,658.03
2009-08-26,15/9-F-4,13.99166,,,
2009-08-26,15/9-F-5,13.99166,,,
2009-08-27,15/9-F-12,21.34167,3733.66,528401.12,243.91
2009-08-27,15/9-F-14,24.0,3276.91,463759.06,906.67
2009-08-27,15/9-F-4,22.17501,,,
2009-08-27,15/9-F-5,21.34167,,,
2009-08-28,15/9-F-12,24.0,4689.98,652605.79,125.63
2009-08-28,15/9-F-14,24.0,4305.76,599141.97,692.06
2009-08-28,15/9-F-4,24.0,,,
2009-08-28,15/9-F-5,24.0,,,
2009-08-29,15/9-F-12,2.15833,308.37,43408.04,10.06
2009-08-29,15/9-F-14,24.0,4495.44,632803.85,879.68
2009-08-29,15/9-F-4,24.0,,,
2009-08-29,15/9-F-5,24.0,,,
2009-08-30,15/9-F-12,0.0,0.0,0.0,0.0
2009-08-30,15/9-F-14,24.0,4848.34,682081.46,760.43
2009-08-30,15/9-F-4,24.0,,,
2009-08-30,15/9-F-5,24.0,,,
2009-08-31,15/9-F-12,0.0,0.0,0.0,0.0
2009-08-31,15/9-F-14,16.82498,3044.04,414569.61,525.03
2009-08-31,15/9-F-4,13.49166,,,
2009-08-31,15/9-F-5,13.32499,,,
2009-09-01,15/9-F-4,0.0,,,
2009-09-01,15/9-F-5,0.0,,,
2009-09-02,15/9-F-12,0.0,0.0,0.0,0.0
2009-09-02,15/9-F-14,0.0,0.0,0.0,0.0
2009-09-02,15/9-F-4,0.0,,,
2009-09-02,15/9-F-5,0.0,,,
2009-09-03,15/9-F-12,0.0,0.0,0.0,0.0
2009-09-03,15/9-F-14,0.0,0.0,0.0,0.0
2009-09-03,15/9-F-4,0.0,,,
2009-09-03,15/9-F-5,0.0,,,
2009-09-04,15/9-F-12,0.0,0.0,0.0,0.0
2009-09-04,15/9-F-14,3.00834,293.98,39397.99,17.2
2009-09-04,15/9-F-4,0.0,,,
2009-09-04,15/9-F-5,0.0,,,
2009-09-05,15/9-F-12,11.58333,1278.61,153306.81,0.8
2009-09-05,15/9-F-14,24.0,2247.25,269448.67,8.39
2009-09-05,15/9-F-4,19.34167,,,
2009-09-05,15/9-F-5,18.84167,,,
2009-09-06,15/9-F-12,14.34167,2441.38,349062.68,2.04
2009-09-06,15/9-F-14,19.74167,1802.88,257772.89,9.06
2009-09-06,15/9-F-4,24.0,,,
2009-09-06,15/9-F-5,24.0,,,
2009-09-07,15/9-F-12,24.0,5053.84,707675.35,5.17
2009-09-07,15/9-F-14,19.5,2262.5,316811.72,13.9
2009-09-07,15/9-F-4,24.0,,,
2009-09-07,15/9-F-5,24.0,,,
2009-09-08,15/9-F-12,24.0,4573.77,638461.15,180.06
2009-09-08,15/9-F-14,24.0,3644.19,508699.03,860.8
2009-09-08,15/9-F-4,24.0,,,
2009-09-08,15/9-F-5,24.0,,,
2009-09-09,15/9-F-12,24.0,4354.63,603564.35,183.76
2009-09-09,15/9-F-14,24.0,4647.72,644186.79,1176.8
2009-09-09,15/9-F-4,24.0,,,
2009-09-09,15/9-F-5,24.0,,,
2009-09-10,15/9-F-12,24.0,4340.51,601872.52,133.88
2009-09-10,15/9-F-14,24.0,4624.18,641206.13,855.75
2009-09-10,15/9-F-4,24.0,,,
2009-09-10,15/9-F-5,24.0,,,
2009-09-11,15/9-F-12,24.0,4393.44,608017.51,131.21
2009-09-11,15/9-F-14,24.0,4595.16,635934.87,823.42
2009-09-11,15/9-F-4,24.0,,,
2009-09-11,15/9-F-5,24.0,,,
2009-09-12,15/9-F-12,24.0,4477.04,620412.56,150.5
2009-09-12,15/9-F-14,24.0,4525.5,627128.48,912.78
2009-09-12,15/9-F-4,24.0,,,
2009-09-12,15/9-F-5,24.0,,,
2009-09-13,15/9-F-12,24.0,4489.88,623900.83,165.38
2009-09-13,15/9-F-14,24.0,4514.24,627285.29,997.63
2009-09-13,15/9-F-4,24.0,,,
2009-09-13,15/9-F-5,24.0,,,
2009-09-14,15/9-F-12,24.0,4464.08,623859.07,215.65
2009-09-14,15/9-F-14,24.0,4478.74,625909.59,929.36
2009-09-14,15/9-F-4,24.0,,,
2009-09-14,15/9-F-5,24.0,,,
2009-09-15,15/9-F-12,24.0,4526.12,635907.49,191.53
2009-09-15,15/9-F-14,24.0,4377.97,615092.3,795.75
2009-09-15,15/9-F-4,23.5,,,
2009-09-15,15/9-F-5,23.5,,,
2009-09-16,15/9-F-12,24.0,4512.23,632118.06,152.68
2009-09-16,15/9-F-14,24.0,4534.04,635173.29,659.0
2009-09-16,15/9-F-4,24.0,,,
2009-09-16,15/9-F-5,24.0,,,
2009-09-17,15/9-F-12,24.0,4464.89,625323.89,180.39
2009-09-17,15/9-F-14,24.0,4521.12,633199.36,784.64
2009-09-17,15/9-F-4,24.0,,,
2009-09-17,15/9-F-5,24.0,,,
2009-09-18,15/9-F-12,24.0,4492.25,629714.14,176.28
2009-09-18,15/9-F-14,24.0,4504.72,631462.0,759.29
2009-09-18,15/9-F-4,24.0,,,
2009-09-18,15/9-F-5,24.0,,,
2009-09-19,15/9-F-12,24.0,4154.3,581271.01,175.36
2009-09-19,15/9-F-14,24.0,4804.4,672234.53,871.11
2009-09-19,15/9-F-4,24.0,,,
2009-09-19,15/9-F-5,24.0,,,
2009-09-20,15/9-F-12,24.0,3305.88,460547.96,106.89
2009-09-20,15/9-F-14,24.0,5644.37,786328.36,783.9
2009-09-20,15/9-F-4,24.0,,,
2009-09-20,15/9-F-5,24.0,,,
2009-09-21,15/9-F-12,24.0,4206.64,586030.64,13.89
2009-09-21,15/9-F-14,24.0,4867.01,678027.96,799.53
2009-09-21,15/9-F-4,24.0,,,
2009-09-21,15/9-F-5,24.0,,,
2009-09-22,15/9-F-12,24.0,4199.23,585043.94,14.87
2009-09-22,15/9-F-14,24.0,4847.95,675426.37,854.26
2009-09-22,15/9-F-4,24.0,,,
2009-09-22,15/9-F-5,24.0,,,
2009-09-23,15/9-F-12,24.0,4322.81,602914.35,10.25
2009-09-23,15/9-F-14,24.0,4690.49,654195.94,553.31
2009-09-23,15/9-F-4,24.0,,,
2009-09-23,15/9-F-5,24.0,,,
2009-09-24,15/9-F-12,24.0,4684.69,655592.28,15.29
2009-09-24,15/9-F-14,24.0,4270.77,597666.97,693.42
2009-09-24,15/9-F-4,24.0,,,
2009-09-24,15/9-F-5,24.0,,,
2009-09-25,15/9-F-12,24.0,5057.91,708322.49,19.12
2009-09-25,15/9-F-14,24.0,3899.79,546135.88,733.34
2009-09-25,15/9-F-4,24.0,,,
2009-09-25,15/9-F-5,24.0,,,
2009-09-26,15/9-F-12,10.825,2272.73,319210.7,9.97
2009-09-26,15/9-F-14,10.825,1750.83,245908.83,382.2
2009-09-26,15/9-F-4,10.825,,,
2009-09-26,15/9-F-5,10.825,,,
2009-09-27,15/9-F-12,0.5,32.03,1291.91,0.11
2009-09-27,15/9-F-14,0.0,0.0,0.0,0.0
2009-09-27,15/9-F-4,0.0,,,
2009-09-27,15/9-F-5,0.0,,,
2009-09-28,15/9-F-12,0.0,0.0,0.0,0.0
2009-09-28,15/9-F-14,0.0,0.0,0.0,0.0
2009-09-28,15/9-F-4,0.0,,,
2009-09-28,15/9-F-5,0.0,,,
2009-09-29,15/9-F-12,0.0,0.0,0.0,0.0
2009-09-29,15/9-F-14,0.0,0.0,0.0,0.0
2009-09-29,15/9-F-4,0.0,,,
2009-09-29,15/9-F-5,0.0,,,
2009-09-30,15/9-F-12,0.0,0.0,0.0,0.0
2009-09-30,15/9-F-14,0.0,0.0,0.0,0.0
2009-09-30,15/9-F-4,0.0,,,
2009-09-30,15/9-F-5,0.0,,,
2009-10-01,15/9-F-12,22.00834,3565.94,529790.38,22.94
2009-10-01,15/9-F-14,6.175,429.76,63849.67,137.52
2009-10-01,15/9-F-4,12.31852,,,
2009-10-01,15/9-F-5,14.17501,,,
2009-10-02,15/9-F-12,24.0,4883.02,687689.42,7.83
2009-10-02,15/9-F-14,24.0,3567.82,502467.62,284.71
2009-10-02,15/9-F-4,24.0,,,
2009-10-02,15/9-F-5,24.0,,,
2009-10-03,15/9-F-12,24.0,5037.57,703024.66,10.8
2009-10-03,15/9-F-14,24.0,3894.67,543524.32,415.53
2009-10-03,15/9-F-4,24.0,,,
2009-10-03,15/9-F-5,24.0,,,
2009-10-04,15/9-F-12,24.0,5032.99,706391.97,10.56
2009-10-04,15/9-F-14,24.0,3894.95,546666.03,406.62
2009-10-04,15/9-F-4,24.0,,,
2009-10-04,15/9-F-5,24.0,,,
2009-10-05,15/9-F-12,24.0,5072.51,709305.74,23.51
2009-10-05,15/9-F-14,23.15833,3740.04,522982.65,82.33
2009-10-05,15/9-F-4,23.16,,,
2009-10-05,15/9-F-5,23.16,,,
2009-10-06,15/9-F-12,24.0,4326.83,611182.9,266.15
2009-10-06,15/9-F-14,17.925,2449.2,345958.51,715.61
2009-10-06,15/9-F-4,24.0,,,
2009-10-06,15/9-F-5,24.0,,,
2009-10-07,15/9-F-12,24.0,4616.27,646991.19,85.19
2009-10-07,15/9-F-14,24.0,3802.88,532991.23,333.33
2009-10-07,15/9-F-4,24.0,,,
2009-10-07,15/9-F-5,24.0,,,
2009-10-08,15/9-F-12,24.0,4545.12,636428.37,108.06
2009-10-08,15/9-F-14,24.0,3715.57,520270.28,419.58
2009-10-08,15/9-F-4,24.0,,,
2009-10-08,15/9-F-5,24.0,,,
2009-10-09,15/9-F-12,24.0,4420.65,620759.26,133.27
2009-10-09,15/9-F-14,24.0,3536.73,496636.74,506.43
2009-10-09,15/9-F-4,24.0,,,
2009-10-09,15/9-F-5,24.0,,,
2009-10-10,15/9-F-12,24.0,4441.14,622663.39,139.98
2009-10-10,15/9-F-14,24.0,3599.73,504695.35,538.91
2009-10-10,15/9-F-4,24.0,,,
2009-10-10,15/9-F-5,24.0,,,
2009-10-11,15/9-F-12,24.0,4426.34,620058.47,149.76
2009-10-11,15/9-F-14,24.0,3580.92,501628.24,575.5
2009-10-11,15/9-F-4,24.0,,,
2009-10-11,15/9-F-5,24.0,,,
2009-10-12,15/9-F-12,24.0,4454.14,623072.24,163.79
2009-10-12,15/9-F-14,24.0,3585.75,501596.04,626.31
2009-10-12,15/9-F-4,24.0,,,
2009-10-12,15/9-F-5,24.0,,,
2009-10-13,15/9-F-12,21.75,3766.37,526029.48,519.79
2009-10-13,15/9-F-14,21.5,2731.31,381468.81,1790.49
2009-10-13,15/9-F-4,19.66666,,,
2009-10-13,15/9-F-5,19.33333,,,
2009-10-14,15/9-F-12,24.0,4257.96,599091.43,204.39
2009-10-14,15/9-F-14,24.0,3477.84,489328.58,792.97
2009-10-14,15/9-F-4,24.0,,,
2009-10-14,15/9-F-5,24.0,,,
2009-10-15,15/9-F-12,23.16667,3550.58,516544.68,668.29
2009-10-15,15/9-F-14,23.16667,2601.89,378527.11,2326.19
2009-10-15,15/9-F-4,18.33334,,,
2009-10-15,15/9-F-5,18.5,,,
2009-10-16,15/9-F-12,24.0,4728.63,656307.98,180.0
2009-10-16,15/9-F-14,24.0,3837.87,532674.89,693.95
2009-10-16,15/9-F-4,24.0,,,
2009-10-16,15/9-F-5,24.0,,,
2009-10-17,15/9-F-12,6.49166,1377.02,181699.55,1.71
2009-10-17,15/9-F-14,6.64352,1120.11,147799.54,6.6
2009-10-17,15/9-F-4,6.15833,,,
2009-10-17,15/9-F-5,5.99166,,,
2009-10-18,15/9-F-12,23.5,4118.7,585095.94,289.08
2009-10-18,15/9-F-14,19.02314,2434.52,345844.97,811.65
2009-10-18,15/9-F-4,21.34167,,,
2009-10-18,15/9-F-5,7.175,,,
2009-10-19,15/9-F-12,24.0,4334.82,608788.1,169.99
2009-10-19,15/9-F-14,24.0,3684.3,517428.02,686.29
2009-10-19,15/9-F-4,17.33334,,,
2009-10-19,15/9-F-5,24.0,,,
2009-10-20,15/9-F-12,24.0,4339.02,607252.72,326.98
2009-10-20,15/9-F-14,24.0,3675.56,514401.52,1315.69
2009-10-20,15/9-F-4,24.0,,,
2009-10-20,15/9-F-5,24.0,,,
2009-10-21,15/9-F-12,24.0,4333.24,605895.87,340.81
2009-10-21,15/9-F-14,24.0,3675.29,513897.82,1373.07
2009-10-21,15/9-F-4,19.83333,,,
2009-10-21,15/9-F-5,24.0,,,
2009-10-22,15/9-F-12,24.0,4324.32,605508.82,312.73
2009-10-22,15/9-F-14,24.0,3664.12,513063.65,1258.67
2009-10-22,15/9-F-4,24.0,,,
2009-10-22,15/9-F-5,24.0,,,
2009-10-23,15/9-F-12,7.99166,1587.3,218603.99,112.87
2009-10-23,15/9-F-14,7.49166,1238.04,170503.64,418.15
2009-10-23,15/9-F-4,24.0,,,
2009-10-23,15/9-F-5,24.0,,,
2009-10-24,15/9-F-12,2.675,167.17,32884.88,14.39
2009-10-24,15/9-F-14,4.50833,208.75,41061.87,85.34
2009-10-24,15/9-F-4,19.58334,,,
2009-10-24,15/9-F-5,19.58334,,,
2009-10-25,15/9-F-12,24.83333,4190.37,585516.23,279.62
2009-10-25,15/9-F-14,24.5,3384.02,472845.45,1072.62
2009-10-25,15/9-F-4,23.83333,,,
2009-10-25,15/9-F-5,24.0,,,
2009-10-26,15/9-F-12,24.0,4306.5,602824.32,356.73
2009-10-26,15/9-F-14,24.0,3776.04,528571.45,1485.75
2009-10-26,15/9-F-4,24.0,,,
2009-10-26,15/9-F-5,24.0,,,
2009-10-27,15/9-F-12,24.0,4313.37,603085.27,357.45
2009-10-27,15/9-F-14,24.0,3782.51,528860.04,1488.92
2009-10-27,15/9-F-4,24.0,,,
2009-10-27,15/9-F-5,24.0,,,
2009-10-28,15/9-F-12,24.0,4348.44,603773.5,359.23
2009-10-28,15/9-F-14,24.0,3742.33,519616.53,1468.51
2009-10-28,15/9-F-4,24.0,,,
2009-10-28,15/9-F-5,24.0,,,
2009-10-29,15/9-F-12,23.325,4274.9,593576.38,354.67
2009-10-29,15/9-F-14,22.33334,3256.19,452126.15,1283.23
2009-10-29,15/9-F-4,22.16667,,,
2009-10-29,15/9-F-5,22.33334,,,
2009-10-30,15/9-F-12,24.0,4957.61,692870.78,409.02
2009-10-30,15/9-F-14,23.0,3459.66,483519.07,1355.79
2009-10-30,15/9-F-4,24.0,,,
2009-10-30,15/9-F-5,24.0,,,
2009-10-31,15/9-F-12,24.0,4840.81,676986.37,433.2
2009-10-31,15/9-F-14,24.0,3158.95,441779.03,1342.8
2009-10-31,15/9-F-4,24.0,,,
2009-10-31,15/9-F-5,24.0,,,
2009-11-01,15/9-F-12,24.0,4852.06,678487.14,413.98
2009-11-01,15/9-F-14,24.0,3226.08,451119.01,1307.44
2009-11-01,15/9-F-4,24.0,,,
2009-11-01,15/9-F-5,24.0,,,
2009-11-02,15/9-F-12,24.0,4829.38,675577.42,401.36
2009-11-02,15/9-F-14,24.0,3213.55,449539.76,1268.58
2009-11-02,15/9-F-4,24.0,,,
2009-11-02,15/9-F-5,24.0,,,
2009-11-03,15/9-F-12,24.0,4817.07,675254.23,380.41
2009-11-03,15/9-F-14,24.0,3259.61,456930.68,1222.71
2009-11-03,15/9-F-4,24.0,,,
2009-11-03,15/9-F-5,24.0,,,
2009-11-04,15/9-F-12,15.5,3153.99,445344.14,234.97
2009-11-04,15/9-F-14,21.5,2602.28,367442.11,920.88
2009-11-04,15/9-F-4,21.16666,,,
2009-11-04,15/9-F-5,21.16666,,,
2009-11-05,15/9-F-12,24.0,4434.99,620794.82,344.59
2009-11-05,15/9-F-14,24.0,3628.84,507952.15,1339.3
2009-11-05,15/9-F-4,24.0,,,
2009-11-05,15/9-F-5,24.0,,,
2009-11-06,15/9-F-12,24.0,4403.93,617191.43,338.53
2009-11-06,15/9-F-14,24.0,3609.06,505792.91,1317.79
2009-11-06,15/9-F-4,24.0,,,
2009-11-06,15/9-F-5,24.0,,,
2009-11-07,15/9-F-12,24.0,4448.0,623010.35,363.26
2009-11-07,15/9-F-14,24.0,3620.38,507089.3,1404.45
2009-11-07,15/9-F-4,24.0,,,
2009-11-07,15/9-F-5,24.0,,,
2009-11-08,15/9-F-12,24.0,4470.57,625587.92,369.06
2009-11-08,15/9-F-14,24.0,3634.4,508578.56,1425.14
2009-11-08,15/9-F-4,24.0,,,
2009-11-08,15/9-F-5,24.0,,,
2009-11-09,15/9-F-12,23.33334,4089.83,572179.75,350.17
2009-11-09,15/9-F-14,21.34815,3121.08,436648.86,1269.34
2009-11-09,15/9-F-4,22.0,,,
2009-11-09,15/9-F-5,21.66667,,,
2009-11-10,15/9-F-12,24.0,4245.19,594946.25,388.59
2009-11-10,15/9-F-14,23.98519,3409.72,477859.15,1482.53
2009-11-10,15/9-F-4,24.0,,,
2009-11-10,15/9-F-5,24.0,,,
2009-11-11,15/9-F-12,24.0,4401.54,617863.62,396.54
2009-11-11,15/9-F-14,24.0,3640.41,511021.68,1557.87
2009-11-11,15/9-F-4,24.0,,,
2009-11-11,15/9-F-5,24.0,,,
2009-11-12,15/9-F-12,24.0,4408.51,618894.68,416.18
2009-11-12,15/9-F-14,24.0,3635.05,510311.95,1630.01
2009-11-12,15/9-F-4,24.0,,,
2009-11-12,15/9-F-5,24.0,,,
2009-11-13,15/9-F-12,24.0,4378.76,623603.78,412.73
2009-11-13,15/9-F-14,24.0,3614.06,514697.38,1618.1
2009-11-13,15/9-F-4,24.0,,,
2009-11-13,15/9-F-5,24.0,,,
2009-11-14,15/9-F-12,24.0,4413.39,620425.58,410.55
2009-11-14,15/9-F-14,24.0,3624.81,509567.79,1601.68
2009-11-14,15/9-F-4,24.0,,,
2009-11-14,15/9-F-5,24.0,,,
2009-11-15,15/9-F-12,24.0,4446.8,626209.69,434.7
2009-11-15,15/9-F-14,24.0,3580.46,504210.3,1662.57
2009-11-15,15/9-F-4,24.0,,,
2009-11-15,15/9-F-5,24.0,,,
2009-11-16,15/9-F-12,24.0,4517.33,636382.84,394.4
2009-11-16,15/9-F-14,24.0,3506.48,493979.17,1454.21
2009-11-16,15/9-F-4,24.0,,,
2009-11-16,15/9-F-5,24.0,,,
2009-11-17,15/9-F-12,24.0,4724.62,666975.15,263.68
2009-11-17,15/9-F-14,24.0,3296.12,465313.63,873.8
2009-11-17,15/9-F-4,24.0,,,
2009-11-17,15/9-F-5,24.0,,,
2009-11-18,15/9-F-12,24.0,4874.86,687647.42,398.55
2009-11-18,15/9-F-14,24.0,3200.9,451518.58,1134.02
2009-11-18,15/9-F-4,24.0,,,
2009-11-18,15/9-F-5,24.0,,,
2009-11-19,15/9-F-12,24.0,4842.29,684780.8,384.77
2009-11-19,15/9-F-14,24.0,3199.94,452524.38,1101.83
2009-11-19,15/9-F-4,24.0,,,
2009-11-19,15/9-F-5,24.0,,,
2009-11-20,15/9-F-12,23.0,4004.63,564352.25,330.92
2009-11-20,15/9-F-14,22.66667,2699.05,380362.77,966.47
2009-11-20,15/9-F-4,21.5,,,
2009-11-20,15/9-F-5,21.33333,,,
2009-11-21,15/9-F-12,24.0,4846.82,685492.59,401.14
2009-11-21,15/9-F-14,24.0,3222.51,455765.12,1155.71
2009-11-21,15/9-F-4,24.0,,,
2009-11-21,15/9-F-5,24.0,,,
2009-11-22,15/9-F-12,24.0,4840.84,683920.98,379.56
2009-11-22,15/9-F-14,24.0,3197.72,451777.9,1086.47
2009-11-22,15/9-F-4,24.0,,,
2009-11-22,15/9-F-5,24.0,,,
2009-11-23,15/9-F-12,21.5,3930.03,556602.23,314.52
2009-11-23,15/9-F-14,21.5,2570.89,364109.44,891.57
2009-11-23,15/9-F-4,21.58333,,,
2009-11-23,15/9-F-5,21.08333,,,
2009-11-24,15/9-F-12,22.41667,4126.56,585995.17,553.12
2009-11-24,15/9-F-14,22.25,2699.83,383391.37,1568.17
2009-11-24,15/9-F-4,20.5,,,
2009-11-24,15/9-F-5,20.66667,,,
2009-11-25,15/9-F-12,24.0,4837.35,680810.87,170.89
2009-11-25,15/9-F-14,24.0,3147.31,442953.37,605.37
2009-11-25,15/9-F-4,24.0,,,
2009-11-25,15/9-F-5,24.0,,,
2009-11-26,15/9-F-12,24.0,4880.73,692847.97,415.72
2009-11-26,15/9-F-14,24.0,3085.33,437979.66,1430.76
2009-11-26,15/9-F-4,24.0,,,
2009-11-26,15/9-F-5,24.0,,,
2009-11-27,15/9-F-12,24.0,4864.71,690194.23,381.68
2009-11-27,15/9-F-14,24.0,3099.79,439791.82,1324.12
2009-11-27,15/9-F-4,24.0,,,
2009-11-27,15/9-F-5,24.0,,,
2009-11-28,15/9-F-12,24.0,4855.39,688773.85,382.23
2009-11-28,15/9-F-14,24.0,3091.19,438508.15,1324.91
2009-11-28,15/9-F-4,24.0,,,
2009-11-28,15/9-F-5,24.0,,,
2009-11-29,15/9-F-12,24.0,5013.4,726586.54,413.85
2009-11-29,15/9-F-14,24.0,3281.29,475553.35,1474.73
2009-11-29,15/9-F-4,23.5,,,
2009-11-29,15/9-F-5,23.66667,,,
2009-11-30,15/9-F-12,24.0,5062.11,714849.89,446.22
2009-11-30,15/9-F-14,24.0,3325.36,469593.36,1595.92
2009-11-30,15/9-F-4,24.0,,,
2009-11-30,15/9-F-5,24.0,,,
2009-12-01,15/9-F-12,24.0,5031.44,711208.6,409.23
2009-12-01,15/9-F-14,24.0,3305.28,467211.25,1463.65
2009-12-01,15/9-F-4,24.0,,,
2009-12-01,15/9-F-5,24.0,,,
2009-12-02,15/9-F-12,24.0,5047.98,714500.66,452.59
2009-12-02,15/9-F-14,24.0,3319.05,469784.78,1620.14
2009-12-02,15/9-F-4,24.0,,,
2009-12-02,15/9-F-5,24.0,,,
2009-12-03,15/9-F-12,24.0,5043.73,713782.36,447.89
2009-12-03,15/9-F-14,24.0,3300.4,467067.52,1595.67
2009-12-03,15/9-F-4,24.0,,,
2009-12-03,15/9-F-5,24.0,,,
2009-12-04,15/9-F-12,24.0,5485.34,774012.05,573.67
2009-12-04,15/9-F-14,24.0,2913.03,411044.47,1476.4
2009-12-04,15/9-F-4,24.0,,,
2009-12-04,15/9-F-5,24.0,,,
2009-12-05,15/9-F-12,24.0,5189.7,732244.75,535.58
2009-12-05,15/9-F-14,24.0,2797.51,394717.73,1399.1
2009-12-05,15/9-F-4,24.0,,,
2009-12-05,15/9-F-5,24.0,,,
2009-12-06,15/9-F-12,24.0,5303.4,744579.97,564.84
2009-12-06,15/9-F-14,24.0,3031.7,425640.6,1564.79
2009-12-06,15/9-F-4,24.0,,,
2009-12-06,15/9-F-5,24.0,,,
2009-12-07,15/9-F-12,24.0,5467.62,767621.17,578.47
2009-12-07,15/9-F-14,24.0,2895.94,406574.03,1484.8
2009-12-07,15/9-F-4,24.0,,,
2009-12-07,15/9-F-5,24.0,,,
2009-12-08,15/9-F-12,24.0,5604.33,785560.55,539.31
2009-12-08,15/9-F-14,24.0,2763.86,387412.0,1595.82
2009-12-08,15/9-F-4,24.0,,,
2009-12-08,15/9-F-5,24.0,,,
2009-12-09,15/9-F-12,24.0,5601.13,781600.76,551.15
2009-12-09,15/9-F-14,24.0,2821.19,393678.57,1665.62
2009-12-09,15/9-F-4,24.0,,,
2009-12-09,15/9-F-5,24.0,,,
2009-12-10,15/9-F-12,24.0,5549.21,773988.58,422.92
2009-12-10,15/9-F-14,24.0,2900.0,404484.81,1326.08
2009-12-10,15/9-F-4,24.0,,,
2009-12-10,15/9-F-5,24.0,,,
2009-12-11,15/9-F-12,24.0,5480.45,767199.36,350.08
2009-12-11,15/9-F-14,24.0,2919.38,408678.96,1118.89
2009-12-11,15/9-F-4,24.0,,,
2009-12-11,15/9-F-5,24.0,,,
2009-12-12,15/9-F-12,24.0,5465.07,763675.41,562.8
2009-12-12,15/9-F-14,24.0,2919.95,408027.44,1804.23
2009-12-12,15/9-F-4,24.0,,,
2009-12-12,15/9-F-5,24.0,,,
2009-12-13,15/9-F-12,23.0,5049.73,706496.77,599.27
2009-12-13,15/9-F-14,24.0,2920.02,408533.38,2079.2
2009-12-13,15/9-F-4,24.0,,,
2009-12-13,15/9-F-5,24.0,,,
2009-12-14,15/9-F-12,24.0,5380.51,754743.06,592.03
2009-12-14,15/9-F-14,24.0,2910.86,408316.73,1921.74
2009-12-14,15/9-F-4,24.0,,,
2009-12-14,15/9-F-5,24.0,,,
2009-12-15,15/9-F-12,24.0,5366.63,776432.23,581.41
2009-12-15,15/9-F-14,24.0,2874.91,415935.17,1868.78
2009-12-15,15/9-F-4,24.0,,,
2009-12-15,15/9-F-5,24.0,,,
2009-12-16,15/9-F-12,24.0,5358.32,749752.39,359.58
2009-12-16,15/9-F-14,24.0,2894.13,404955.22,1165.29
2009-12-16,15/9-F-4,24.0,,,
2009-12-16,15/9-F-5,24.0,,,
2009-12-17,15/9-F-12,22.85833,5017.66,705591.74,552.07
2009-12-17,15/9-F-14,22.85833,2753.06,387138.84,1817.45
2009-12-17,15/9-F-4,23.0,,,
2009-12-17,15/9-F-5,22.85833,,,
2009-12-18,15/9-F-12,23.475,2516.72,348481.68,310.25
2009-12-18,15/9-F-14,23.475,2129.71,294892.69,1575.24
2009-12-18,15/9-F-4,20.5,,,
2009-12-18,15/9-F-5,20.30833,,,
2009-12-19,15/9-F-12,15.025,3377.75,469681.15,446.76
2009-12-19,15/9-F-14,15.025,1770.13,246139.45,1404.76
2009-12-19,15/9-F-4,24.0,,,
2009-12-19,15/9-F-5,24.0,,,
2009-12-20,15/9-F-12,20.14167,4228.61,583871.56,587.92
2009-12-20,15/9-F-14,22.475,2753.3,380166.76,2296.83
2009-12-20,15/9-F-4,24.0,,,
2009-12-20,15/9-F-5,23.0,,,
2009-12-21,15/9-F-12,24.0,5347.19,739004.92,700.95
2009-12-21,15/9-F-14,24.0,3061.28,423081.69,2407.76
2009-12-21,15/9-F-4,24.0,,,
2009-12-21,15/9-F-5,24.0,,,
2009-12-22,15/9-F-12,24.0,5355.93,743748.51,526.97
2009-12-22,15/9-F-14,24.0,3042.09,422437.44,1795.87
2009-12-22,15/9-F-4,24.0,,,
2009-12-22,15/9-F-5,24.0,,,
2009-12-23,15/9-F-12,24.0,5153.65,715681.17,605.35
2009-12-23,15/9-F-14,24.0,3221.53,447369.71,2270.41
2009-12-23,15/9-F-4,24.0,,,
2009-12-23,15/9-F-5,24.0,,,
2009-12-24,15/9-F-12,24.0,5063.78,703199.58,661.12
2009-12-24,15/9-F-14,24.0,3305.48,459026.57,2589.36
2009-12-24,15/9-F-4,24.0,,,
2009-12-24,15/9-F-5,24.0,,,
2009-12-25,15/9-F-12,24.0,5164.96,723178.83,622.33
2009-12-25,15/9-F-14,18.83334,2205.81,308848.3,1594.68
2009-12-25,15/9-F-4,24.0,,,
2009-12-25,15/9-F-5,24.0,,,
2009-12-26,15/9-F-12,24.0,5148.7,719081.4,680.44
2009-12-26,15/9-F-14,24.0,2991.82,417845.52,2372.37
2009-12-26,15/9-F-4,24.0,,,
2009-12-26,15/9-F-5,24.0,,,
2009-12-27,15/9-F-12,24.0,5098.58,711628.09,466.25
2009-12-27,15/9-F-14,24.0,3205.5,447403.58,1758.79
2009-12-27,15/9-F-4,24.0,,,
2009-12-27,15/9-F-5,24.0,,,
2009-12-28,15/9-F-12,24.0,5298.31,738483.97,768.15
2009-12-28,15/9-F-14,24.0,2912.11,405892.82,2311.77
2009-12-28,15/9-F-4,24.0,,,
2009-12-28,15/9-F-5,24.0,,,
2009-12-29,15/9-F-12,24.0,5281.46,739635.47,734.31
2009-12-29,15/9-F-14,24.0,2892.66,405099.21,2202.17
2009-12-29,15/9-F-4,24.0,,,
2009-12-29,15/9-F-5,24.0,,,
2009-12-30,15/9-F-12,24.0,5280.42,738860.57,783.63
2009-12-30,15/9-F-14,24.0,2891.58,404603.78,2349.65
2009-12-30,15/9-F-4,24.0,,,
2009-12-30,15/9-F-5,24.0,,,
2009-12-31,15/9-F-12,24.0,5243.21,763335.14,753.88
2009-12-31,15/9-F-14,24.0,2891.08,420898.76,2276.11
2009-12-31,15/9-F-4,24.0,,,
2009-12-31,15/9-F-5,24.0,,,
2010-01-01,15/9-F-12,24.0,5261.93,736984.71,790.98
2010-01-01,15/9-F-14,24.0,2956.17,414039.25,2433.18
2010-01-01,15/9-F-4,24.0,,,
2010-01-01,15/9-F-5,24.0,,,
2010-01-02,15/9-F-12,24.0,5256.37,735525.78,847.96
2010-01-02,15/9-F-14,24.0,2973.26,416049.71,2626.33
2010-01-02,15/9-F-4,24.0,,,
2010-01-02,15/9-F-5,24.0,,,
2010-01-03,15/9-F-12,24.0,5227.61,732785.12,793.61
2010-01-03,15/9-F-14,24.0,2829.96,396691.77,2352.4
2010-01-03,15/9-F-4,24.0,,,
2010-01-03,15/9-F-5,24.0,,,
2010-01-04,15/9-F-12,24.0,5199.02,730335.59,749.92
2010-01-04,15/9-F-14,24.0,2703.2,379733.19,2134.98
2010-01-04,15/9-F-4,24.0,,,
2010-01-04,15/9-F-5,24.0,,,
2010-01-05,15/9-F-12,24.0,5206.38,731148.3,541.74
2010-01-05,15/9-F-14,24.0,2745.86,385609.86,1564.42
2010-01-05,15/9-F-4,24.0,,,
2010-01-05,15/9-F-5,24.0,,,
2010-01-06,15/9-F-12,24.0,5200.27,729365.98,550.93
2010-01-06,15/9-F-14,24.0,2755.53,386478.04,1598.47
2010-01-06,15/9-F-4,24.0,,,
2010-01-06,15/9-F-5,24.0,,,
2010-01-07,15/9-F-12,24.0,5189.62,728597.69,709.95
2010-01-07,15/9-F-14,24.0,2724.82,382552.45,2041.07
2010-01-07,15/9-F-4,24.0,,,
2010-01-07,15/9-F-5,24.0,,,
2010-01-08,15/9-F-12,24.0,5185.95,727881.15,579.99
2010-01-08,15/9-F-14,24.0,2723.08,382201.62,1667.54
2010-01-08,15/9-F-4,24.0,,,
2010-01-08,15/9-F-5,24.0,,,
2010-01-09,15/9-F-12,22.83333,4034.53,592005.17,515.07
2010-01-09,15/9-F-14,22.83333,2301.79,337751.4,1609.05
2010-01-09,15/9-F-4,17.16667,,,
2010-01-09,15/9-F-5,17.5,,,
2010-01-10,15/9-F-12,24.0,5140.65,720907.51,606.1
2010-01-10,15/9-F-14,24.0,2726.55,382361.09,1760.21
2010-01-10,15/9-F-4,24.0,,,
2010-01-10,15/9-F-5,24.0,,,
2010-01-11,15/9-F-12,24.0,5157.86,722935.24,693.44
2010-01-11,15/9-F-14,24.0,2714.43,380459.93,1998.23
2010-01-11,15/9-F-4,24.0,,,
2010-01-11,15/9-F-5,24.0,,,
2010-01-12,15/9-F-12,24.0,5161.22,722042.16,626.0
2010-01-12,15/9-F-14,24.0,2711.82,379376.03,1800.96
2010-01-12,15/9-F-4,24.0,,,
2010-01-12,15/9-F-5,24.0,,,
2010-01-13,15/9-F-12,24.0,5136.39,718018.45,694.52
2010-01-13,15/9-F-14,24.0,2713.46,379315.49,2008.99
2010-01-13,15/9-F-4,24.0,,,
2010-01-13,15/9-F-5,24.0,,,
2010-01-14,15/9-F-12,24.0,5092.0,712515.8,889.86
2010-01-14,15/9-F-14,24.0,2710.24,379239.91,2593.38
2010-01-14,15/9-F-4,24.0,,,
2010-01-14,15/9-F-5,24.0,,,
2010-01-15,15/9-F-12,24.0,5033.93,704357.87,864.02
2010-01-15,15/9-F-14,24.0,2762.75,386570.01,2596.49
2010-01-15,15/9-F-4,24.0,,,
2010-01-15,15/9-F-5,24.0,,,
2010-01-16,15/9-F-12,24.0,4979.19,694861.23,927.28
2010-01-16,15/9-F-14,24.0,2734.35,381586.5,2788.24
2010-01-16,15/9-F-4,24.0,,,
2010-01-16,15/9-F-5,24.0,,,
2010-01-17,15/9-F-12,24.0,4905.73,685492.94,927.84
2010-01-17,15/9-F-14,24.0,2695.51,376652.43,2791.5
2010-01-17,15/9-F-4,24.0,,,
2010-01-17,15/9-F-5,24.0,,,
2010-01-18,15/9-F-12,24.0,4689.19,654091.11,1122.19
2010-01-18,15/9-F-14,24.0,2840.81,396261.97,2533.96
2010-01-18,15/9-F-4,24.0,,,
2010-01-18,15/9-F-5,24.0,,,
2010-01-19,15/9-F-12,24.0,4647.39,648792.3,1097.79
2010-01-19,15/9-F-14,24.0,2813.38,392758.46,2477.03
2010-01-19,15/9-F-4,24.0,,,
2010-01-19,15/9-F-5,24.0,,,
2010-01-20,15/9-F-12,24.0,4628.38,645710.52,1315.92
2010-01-20,15/9-F-14,24.0,2789.61,389180.91,2595.68
2010-01-20,15/9-F-4,24.0,,,
2010-01-20,15/9-F-5,24.0,,,
2010-01-21,15/9-F-12,24.0,4586.62,643438.14,1320.54
2010-01-21,15/9-F-14,24.0,2758.51,386979.33,2599.22
2010-01-21,15/9-F-4,24.0,,,
2010-01-21,15/9-F-5,24.0,,,
2010-01-22,15/9-F-12,24.0,4563.26,641682.81,1317.59
2010-01-22,15/9-F-14,24.0,2746.74,386243.74,2595.55
2010-01-22,15/9-F-4,24.0,,,
2010-01-22,15/9-F-5,24.0,,,
2010-01-23,15/9-F-12,24.0,4010.69,585272.22,1131.12
2010-01-23,15/9-F-14,24.0,1935.58,282455.75,1786.53
2010-01-23,15/9-F-4,24.0,,,
2010-01-23,15/9-F-5,24.0,,,
2010-01-24,15/9-F-12,24.0,4441.06,637970.89,1253.55
2010-01-24,15/9-F-14,24.0,2512.9,360984.86,2321.35
2010-01-24,15/9-F-4,24.0,,,
2010-01-24,15/9-F-5,24.0,,,
2010-01-25,15/9-F-12,24.0,4596.67,642488.68,1342.98
2010-01-25,15/9-F-14,24.0,2689.44,375908.94,2571.56
2010-01-25,15/9-F-4,24.0,,,
2010-01-25,15/9-F-5,24.0,,,
2010-01-26,15/9-F-12,23.33333,3953.58,567279.45,1135.63
2010-01-26,15/9-F-14,23.33333,2447.28,351147.7,2300.59
2010-01-26,15/9-F-4,22.0,,,
2010-01-26,15/9-F-5,22.16667,,,
2010-01-27,15/9-F-12,24.0,4419.93,620159.9,1279.51
2010-01-27,15/9-F-14,24.0,2549.27,357687.24,2415.21
2010-01-27,15/9-F-4,24.0,,,
2010-01-27,15/9-F-5,24.0,,,
2010-01-28,15/9-F-12,24.0,4625.59,648793.03,1389.09
2010-01-28,15/9-F-14,24.0,2392.82,335620.77,2351.71
2010-01-28,15/9-F-4,24.0,,,
2010-01-28,15/9-F-5,24.0,,,
2010-01-29,15/9-F-12,24.0,4705.52,660019.14,1352.2
2010-01-29,15/9-F-14,24.0,2431.33,341029.42,2286.59
2010-01-29,15/9-F-4,24.0,,,
2010-01-29,15/9-F-5,24.0,,,
2010-01-30,15/9-F-12,24.0,4720.13,662547.04,1400.62
2010-01-30,15/9-F-14,24.0,2421.01,339827.68,2351.1
2010-01-30,15/9-F-4,24.0,,,
2010-01-30,15/9-F-5,24.0,,,
2010-01-31,15/9-F-12,24.0,4702.17,660598.1,1462.33
2010-01-31,15/9-F-14,24.0,2409.79,338546.47,2452.64
2010-01-31,15/9-F-4,24.0,,,
2010-01-31,15/9-F-5,24.0,,,
2010-02-01,15/9-F-12,24.0,4673.25,655437.09,1456.5
2010-02-01,15/9-F-14,24.0,2415.98,338847.62,2464.31
2010-02-01,15/9-F-4,24.0,,,
2010-02-01,15/9-F-5,24.0,,,
2010-02-02,15/9-F-12,24.0,4544.83,639511.89,1466.29
2010-02-02,15/9-F-14,24.0,2390.72,336402.7,2524.31
2010-02-02,15/9-F-4,24.0,,,
2010-02-02,15/9-F-5,24.0,,,
2010-02-03,15/9-F-12,24.0,4285.02,625088.66,1489.97
2010-02-03,15/9-F-14,24.0,2475.53,361124.21,2383.69
2010-02-03,15/9-F-4,24.0,,,
2010-02-03,15/9-F-5,24.0,,,
2010-02-04,15/9-F-12,24.0,4111.36,583842.94,1756.15
2010-02-04,15/9-F-14,24.0,2511.6,356664.97,2970.89
2010-02-04,15/9-F-4,24.0,,,
2010-02-04,15/9-F-5,24.0,,,
2010-02-05,15/9-F-12,24.0,4257.01,597777.67,1447.56
2010-02-05,15/9-F-14,24.0,2595.29,364435.93,2443.85
2010-02-05,15/9-F-4,24.0,,,
2010-02-05,15/9-F-5,24.0,,,
2010-02-06,15/9-F-12,24.0,4234.42,595403.85,1070.43
2010-02-06,15/9-F-14,24.0,2573.4,361845.85,1801.47
2010-02-06,15/9-F-4,24.0,,,
2010-02-06,15/9-F-5,24.0,,,
2010-02-07,15/9-F-12,24.0,4140.35,587079.15,1508.61
2010-02-07,15/9-F-14,24.0,2547.01,361152.42,2569.97
2010-02-07,15/9-F-4,24.0,,,
2010-02-07,15/9-F-5,24.0,,,
2010-02-08,15/9-F-12,24.0,4326.64,608912.3,1647.33
2010-02-08,15/9-F-14,24.0,2608.51,367110.17,2750.3
2010-02-08,15/9-F-4,24.0,,,
2010-02-08,15/9-F-5,24.0,,,
2010-02-09,15/9-F-12,24.0,4300.52,604874.51,1640.55
2010-02-09,15/9-F-14,24.0,2579.15,362761.76,2724.61
2010-02-09,15/9-F-4,24.0,,,
2010-02-09,15/9-F-5,24.0,,,
2010-02-10,15/9-F-12,24.0,4248.97,598834.31,1591.72
2010-02-10,15/9-F-14,24.0,2521.73,355402.62,2616.02
2010-02-10,15/9-F-4,24.0,,,
2010-02-10,15/9-F-5,24.0,,,
2010-02-11,15/9-F-12,24.0,4106.17,576166.16,1738.39
2010-02-11,15/9-F-14,24.0,2500.81,350905.83,2280.37
2010-02-11,15/9-F-4,24.0,,,
2010-02-11,15/9-F-5,24.0,,,
2010-02-12,15/9-F-12,24.0,3815.94,533211.35,1681.05
2010-02-12,15/9-F-14,24.0,2368.79,330996.23,2247.6
2010-02-12,15/9-F-4,24.0,,,
2010-02-12,15/9-F-5,24.0,,,
2010-02-13,15/9-F-12,24.0,3737.49,513995.49,1687.57
2010-02-13,15/9-F-14,24.0,2426.54,333708.84,2359.86
2010-02-13,15/9-F-4,24.0,,,
2010-02-13,15/9-F-5,24.0,,,
2010-02-14,15/9-F-12,13.59167,2111.37,295953.03,878.82
2010-02-14,15/9-F-14,15.33334,1436.9,201411.22,1288.17
2010-02-14,15/9-F-4,13.59167,,,
2010-02-14,15/9-F-5,13.59167,,,
2010-02-15,15/9-F-12,13.8,2059.14,281382.78,639.09
2010-02-15,15/9-F-14,13.7,1006.27,137507.76,672.68
2010-02-15,15/9-F-4,11.075,,,
2010-02-15,15/9-F-5,10.325,,,
2010-02-16,15/9-F-12,24.0,4108.39,576669.56,1703.33
2010-02-16,15/9-F-14,24.0,2652.06,372253.28,2368.23
2010-02-16,15/9-F-4,24.0,,,
2010-02-16,15/9-F-5,24.0,,,
2010-02-17,15/9-F-12,24.0,4040.4,567407.26,1652.19
2010-02-17,15/9-F-14,24.0,2606.4,366025.93,2295.59
2010-02-17,15/9-F-4,24.0,,,
2010-02-17,15/9-F-5,24.0,,,
2010-02-18,15/9-F-12,22.04167,3211.46,450951.41,1377.45
2010-02-18,15/9-F-14,21.6,2141.69,300735.42,1978.55
2010-02-18,15/9-F-4,19.83334,,,
2010-02-18,15/9-F-5,19.83334,,,
2010-02-19,15/9-F-12,24.0,4027.02,565795.15,1785.82
2010-02-19,15/9-F-14,24.0,2560.92,359808.72,2446.05
2010-02-19,15/9-F-4,24.0,,,
2010-02-19,15/9-F-5,24.0,,,
2010-02-20,15/9-F-12,24.0,3945.82,554370.95,1795.75
2010-02-20,15/9-F-14,24.0,2519.31,353951.9,2469.47
2010-02-20,15/9-F-4,24.0,,,
2010-02-20,15/9-F-5,24.0,,,
2010-02-21,15/9-F-12,24.0,4037.43,566968.14,1855.52
2010-02-21,15/9-F-14,24.0,2492.65,350037.93,2467.4
2010-02-21,15/9-F-4,24.0,,,
2010-02-21,15/9-F-5,24.0,,,
2010-02-22,15/9-F-12,24.0,3994.39,562626.38,1849.68
2010-02-22,15/9-F-14,24.0,2485.03,350026.96,2478.53
2010-02-22,15/9-F-4,24.0,,,
2010-02-22,15/9-F-5,24.0,,,
2010-02-23,15/9-F-12,23.5,3461.1,496990.84,1592.96
2010-02-23,15/9-F-14,23.08333,2144.8,307980.27,2126.16
2010-02-23,15/9-F-4,20.33333,,,
2010-02-23,15/9-F-5,20.5,,,
2010-02-24,15/9-F-12,24.0,3991.13,568507.65,1939.7
2010-02-24,15/9-F-14,24.0,2532.28,360704.44,2650.72
2010-02-24,15/9-F-4,24.0,,,
2010-02-24,15/9-F-5,24.0,,,
2010-02-25,15/9-F-12,18.5,3287.55,467359.97,1389.71
2010-02-25,15/9-F-14,18.5,1709.58,243034.51,1755.05
2010-02-25,15/9-F-4,18.5,,,
2010-02-25,15/9-F-5,18.5,,,
2010-02-26,15/9-F-12,19.69166,2860.87,412150.99,2132.69
2010-02-26,15/9-F-14,20.35833,1660.01,239149.24,2391.98
2010-02-26,15/9-F-4,14.35833,,,
2010-02-26,15/9-F-5,14.19167,,,
2010-02-27,15/9-F-12,17.6,3107.96,433320.46,2440.83
2010-02-27,15/9-F-14,17.6,1630.02,227261.56,2474.42
2010-02-27,15/9-F-4,18.475,,,
2010-02-27,15/9-F-5,18.475,,,
2010-02-28,15/9-F-4,0.0,,,
2010-02-28,15/9-F-5,0.0,,,
2010-03-01,15/9-F-4,0.0,,,
2010-03-01,15/9-F-5,0.0,,,
2010-03-02,15/9-F-12,0.0,0.0,0.0,0.0
2010-03-02,15/9-F-14,1.525,51.61,3684.87,31.04
2010-03-02,15/9-F-4,0.0,,,
2010-03-02,15/9-F-5,0.0,,,
2010-03-03,15/9-F-12,23.5,3466.01,478305.51,1789.62
2010-03-03,15/9-F-14,23.5,2114.14,291748.79,2110.01
2010-03-03,15/9-F-4,23.15834,,,
2010-03-03,15/9-F-5,0.0,,,
2010-03-04,15/9-F-12,24.0,4144.87,573524.63,1807.79
2010-03-04,15/9-F-14,23.66666,2332.95,322809.68,1966.81
2010-03-04,15/9-F-4,24.0,,,
2010-03-04,15/9-F-5,0.0,,,
2010-03-05,15/9-F-12,24.0,4025.56,556182.88,1801.99
2010-03-05,15/9-F-14,24.0,2475.08,341962.9,2141.58
2010-03-05,15/9-F-4,24.0,,,
2010-03-05,15/9-F-5,0.0,,,
2010-03-06,15/9-F-12,20.825,3444.62,475403.85,1577.81
2010-03-06,15/9-F-14,20.99166,2079.02,286933.52,1840.75
2010-03-06,15/9-F-4,21.825,,,
2010-03-06,15/9-F-5,13.16667,,,
2010-03-07,15/9-F-4,0.0,,,
2010-03-07,15/9-F-5,0.0,,,
2010-03-08,15/9-F-12,13.34167,2405.72,333858.61,806.99
2010-03-08,15/9-F-14,12.00834,1151.8,159842.09,746.82
2010-03-08,15/9-F-4,0.0,,,
2010-03-08,15/9-F-5,15.84167,,,
2010-03-09,15/9-F-12,24.0,4344.86,599227.03,2405.02
2010-03-09,15/9-F-14,24.0,2406.83,331941.06,2575.17
2010-03-09,15/9-F-4,11.425,,,
2010-03-09,15/9-F-5,24.0,,,
2010-03-10,15/9-F-12,24.0,4258.59,587889.32,1899.8
2010-03-10,15/9-F-14,24.0,2353.48,324892.56,2029.42
2010-03-10,15/9-F-4,24.0,,,
2010-03-10,15/9-F-5,24.0,,,
2010-03-11,15/9-F-12,23.66666,3500.93,485685.38,1439.77
2010-03-11,15/9-F-14,23.66666,2412.87,334738.39,2137.27
2010-03-11,15/9-F-4,23.5,,,
2010-03-11,15/9-F-5,23.5,,,
2010-03-12,15/9-F-12,15.33333,2540.89,359846.82,968.72
2010-03-12,15/9-F-14,21.75,2035.34,288250.75,1671.35
2010-03-12,15/9-F-4,15.5,,,
2010-03-12,15/9-F-5,15.5,,,
2010-03-13,15/9-F-12,24.0,3716.44,536774.93,1564.22
2010-03-13,15/9-F-14,24.0,2651.61,382979.15,2403.79
2010-03-13,15/9-F-4,24.0,,,
2010-03-13,15/9-F-5,24.0,,,
2010-03-14,15/9-F-12,24.0,3801.87,543770.7,1655.8
2010-03-14,15/9-F-14,24.0,2682.95,383733.68,2516.72
2010-03-14,15/9-F-4,24.0,,,
2010-03-14,15/9-F-5,24.0,,,
2010-03-15,15/9-F-12,24.0,3860.92,545239.21,2058.33
2010-03-15,15/9-F-14,24.0,2551.43,360311.81,2929.68
2010-03-15,15/9-F-4,24.0,,,
2010-03-15,15/9-F-5,24.0,,,
2010-03-16,15/9-F-12,24.0,3717.81,527216.28,1776.23
2010-03-16,15/9-F-14,24.0,2443.69,346536.72,2514.63
2010-03-16,15/9-F-4,24.0,,,
2010-03-16,15/9-F-5,24.0,,,
2010-03-17,15/9-F-12,24.0,3831.2,535713.37,2037.72
2010-03-17,15/9-F-14,24.0,2363.55,330494.63,2707.64
2010-03-17,15/9-F-4,24.0,,,
2010-03-17,15/9-F-5,24.0,,,
2010-03-18,15/9-F-12,24.0,3926.86,573530.5,1865.09
2010-03-18,15/9-F-14,24.0,2302.63,336306.51,2355.55
2010-03-18,15/9-F-4,24.0,,,
2010-03-18,15/9-F-5,24.0,,,
2010-03-19,15/9-F-12,24.0,3887.46,543342.62,2123.28
2010-03-19,15/9-F-14,24.0,2275.39,318025.91,2039.45
2010-03-19,15/9-F-4,24.0,,,
2010-03-19,15/9-F-5,24.0,,,
2010-03-20,15/9-F-12,24.0,3848.11,537024.4,2120.62
2010-03-20,15/9-F-14,24.0,2251.88,314261.45,2036.45
2010-03-20,15/9-F-4,24.0,,,
2010-03-20,15/9-F-5,24.0,,,
2010-03-21,15/9-F-12,24.0,3827.75,533775.74,2133.74
2010-03-21,15/9-F-14,24.0,2220.6,309661.36,2031.36
2010-03-21,15/9-F-4,24.0,,,
2010-03-21,15/9-F-5,24.0,,,
2010-03-22,15/9-F-12,24.0,3454.15,482476.79,1878.41
2010-03-22,15/9-F-14,24.0,2650.03,370156.14,2364.9
2010-03-22,15/9-F-4,24.0,,,
2010-03-22,15/9-F-5,24.0,,,
2010-03-23,15/9-F-12,24.0,3413.36,483316.17,2065.54
2010-03-23,15/9-F-14,24.0,2763.87,391352.4,2744.65
2010-03-23,15/9-F-4,24.0,,,
2010-03-23,15/9-F-5,24.0,,,
2010-03-24,15/9-F-12,24.0,3405.79,481386.34,1953.81
2010-03-24,15/9-F-14,24.0,2723.29,384920.14,2563.73
2010-03-24,15/9-F-4,24.0,,,
2010-03-24,15/9-F-5,24.0,,,
2010-03-25,15/9-F-12,24.0,3426.37,484059.07,2028.14
2010-03-25,15/9-F-14,24.0,2710.55,382931.93,2632.92
2010-03-25,15/9-F-4,24.0,,,
2010-03-25,15/9-F-5,24.0,,,
2010-03-26,15/9-F-12,24.0,3524.65,497797.96,2180.46
2010-03-26,15/9-F-14,24.0,2607.98,368334.37,2647.59
2010-03-26,15/9-F-4,24.0,,,
2010-03-26,15/9-F-5,24.0,,,
2010-03-27,15/9-F-12,24.0,3587.86,507921.24,2192.83
2010-03-27,15/9-F-14,24.0,2538.52,359368.76,2546.04
2010-03-27,15/9-F-4,24.0,,,
2010-03-27,15/9-F-5,24.0,,,
2010-03-28,15/9-F-12,23.0,3510.63,495565.39,2214.83
2010-03-28,15/9-F-14,23.0,2372.26,334871.43,2456.03
2010-03-28,15/9-F-4,23.0,,,
2010-03-28,15/9-F-5,23.0,,,
2010-03-29,15/9-F-12,24.0,3739.71,528779.69,2389.65
2010-03-29,15/9-F-14,24.0,2380.49,336591.37,2496.2
2010-03-29,15/9-F-4,24.0,,,
2010-03-29,15/9-F-5,24.0,,,
2010-03-30,15/9-F-12,24.0,3473.56,494748.72,2510.25
2010-03-30,15/9-F-14,24.0,2555.35,363966.9,2556.96
2010-03-30,15/9-F-4,24.0,,,
2010-03-30,15/9-F-5,24.0,,,
2010-03-31,15/9-F-12,24.0,3485.06,496155.65,2752.04
2010-03-31,15/9-F-14,24.0,2530.06,360196.09,2766.34
2010-03-31,15/9-F-4,24.0,,,
2010-03-31,15/9-F-5,24.0,,,
2010-04-01,15/9-F-12,11.16666,786.82,119260.91,617.72
2010-04-01,15/9-F-14,0.0,0.0,0.0,0.0
2010-04-01,15/9-F-4,12.00001,,,
2010-04-01,15/9-F-5,12.00001,,,
2010-04-02,15/9-F-12,24.0,3407.69,494941.47,2499.07
2010-04-02,15/9-F-14,9.14166,805.18,116946.9,817.6
2010-04-02,15/9-F-4,24.0,,,
2010-04-02,15/9-F-5,24.0,,,
2010-04-03,15/9-F-12,23.5,3186.88,448582.5,2429.43
2010-04-03,15/9-F-14,23.33334,2329.4,327884.14,2458.74
2010-04-03,15/9-F-4,22.66667,,,
2010-04-03,15/9-F-5,22.66667,,,
2010-04-04,15/9-F-12,24.0,3495.15,491688.7,2679.05
2010-04-04,15/9-F-14,24.0,2649.88,372779.09,2812.37
2010-04-04,15/9-F-4,24.0,,,
2010-04-04,15/9-F-5,24.0,,,
2010-04-05,15/9-F-12,24.0,3428.88,484318.02,2573.88
2010-04-05,15/9-F-14,24.0,2592.21,366142.18,2694.23
2010-04-05,15/9-F-4,24.0,,,
2010-04-05,15/9-F-5,24.0,,,
2010-04-06,15/9-F-12,24.0,3342.4,473561.06,2465.79
2010-04-06,15/9-F-14,24.0,2569.99,364122.63,2625.16
2010-04-06,15/9-F-4,24.0,,,
2010-04-06,15/9-F-5,24.0,,,
2010-04-07,15/9-F-12,24.0,3330.01,472635.76,2653.2
2010-04-07,15/9-F-14,24.0,2567.23,364373.14,2832.17
2010-04-07,15/9-F-4,24.0,,,
2010-04-07,15/9-F-5,24.0,,,
2010-04-08,15/9-F-12,24.0,3198.19,455297.51,2855.95
2010-04-08,15/9-F-14,24.0,2639.66,375786.26,2659.4
2010-04-08,15/9-F-4,24.0,,,
2010-04-08,15/9-F-5,24.0,,,
2010-04-09,15/9-F-12,24.0,3170.37,445620.47,2663.94
2010-04-09,15/9-F-14,24.0,2594.12,364622.26,2459.18
2010-04-09,15/9-F-4,24.0,,,
2010-04-09,15/9-F-5,24.0,,,
2010-04-10,15/9-F-12,24.0,3148.09,439985.54,2684.87
2010-04-10,15/9-F-14,24.0,2574.89,359872.05,2477.55
2010-04-10,15/9-F-4,22.94167,,,
2010-04-10,15/9-F-5,24.0,,,
2010-04-11,15/9-F-12,24.0,3124.35,436803.04,2609.43
2010-04-11,15/9-F-14,24.0,2548.68,356321.96,2401.55
2010-04-11,15/9-F-4,20.725,,,
2010-04-11,15/9-F-5,21.0,,,
2010-04-12,15/9-F-12,24.0,3107.58,435013.56,2603.5
2010-04-12,15/9-F-14,24.0,2589.88,362544.04,2447.96
2010-04-12,15/9-F-4,24.0,,,
2010-04-12,15/9-F-5,10.5,,,
2010-04-13,15/9-F-12,24.0,3100.02,435421.87,2636.73
2010-04-13,15/9-F-14,24.0,2581.96,362655.22,2477.63
2010-04-13,15/9-F-4,24.0,,,
2010-04-13,15/9-F-5,0.0,,,
2010-04-14,15/9-F-12,24.0,3215.36,447504.82,1789.19
2010-04-14,15/9-F-14,24.0,2471.34,343955.47,2054.28
2010-04-14,15/9-F-4,24.0,,,
2010-04-14,15/9-F-5,0.0,,,
2010-04-15,15/9-F-12,24.0,3220.01,449867.21,2284.95
2010-04-15,15/9-F-14,24.0,2438.81,340726.46,2585.23
2010-04-15,15/9-F-4,24.0,,,
2010-04-15,15/9-F-5,0.0,,,
2010-04-16,15/9-F-12,24.0,3258.75,455114.7,2296.29
2010-04-16,15/9-F-14,24.0,2428.33,339139.22,2556.13
2010-04-16,15/9-F-4,24.0,,,
2010-04-16,15/9-F-5,0.0,,,
2010-04-17,15/9-F-12,23.33333,2865.27,400336.61,2165.14
2010-04-17,15/9-F-14,23.33333,2276.94,318135.05,2570.24
2010-04-17,15/9-F-4,22.16667,,,
2010-04-17,15/9-F-5,0.0,,,
2010-04-18,15/9-F-12,24.0,3150.88,438645.57,2145.35
2010-04-18,15/9-F-14,24.0,2521.84,351073.08,2564.96
2010-04-18,15/9-F-4,24.0,,,
2010-04-18,15/9-F-5,0.0,,,
2010-04-19,15/9-F-12,24.0,3190.98,453679.07,2313.47
2010-04-19,15/9-F-14,24.0,2487.4,353646.98,2693.93
2010-04-19,15/9-F-4,17.66667,,,
2010-04-19,15/9-F-5,0.0,,,
2010-04-20,15/9-F-12,24.0,3403.93,473051.86,2080.35
2010-04-20,15/9-F-14,24.0,2345.28,325928.07,1823.37
2010-04-20,15/9-F-4,19.83333,,,
2010-04-20,15/9-F-5,0.0,,,
2010-04-21,15/9-F-12,24.0,2968.51,412427.71,2346.78
2010-04-21,15/9-F-14,24.0,2727.02,378875.37,2430.84
2010-04-21,15/9-F-4,24.0,,,
2010-04-21,15/9-F-5,0.0,,,
2010-04-22,15/9-F-12,24.0,2949.86,411157.09,2517.25
2010-04-22,15/9-F-14,24.0,2674.99,372845.54,2282.69
2010-04-22,15/9-F-4,4.60833,,,
2010-04-22,15/9-F-5,0.0,,,
2010-04-23,15/9-F-12,24.0,2903.27,415791.81,2483.4
2010-04-23,15/9-F-14,24.0,2632.77,377052.69,2252.02
2010-04-23,15/9-F-4,23.225,,,
2010-04-23,15/9-F-5,23.225,,,
2010-04-24,15/9-F-12,24.0,2516.03,359254.39,2235.33
2010-04-24,15/9-F-14,24.0,2656.07,379250.25,2359.74
2010-04-24,15/9-F-4,24.0,,,
2010-04-24,15/9-F-5,24.0,,,
2010-04-25,15/9-F-12,24.0,2154.23,297181.97,2015.12
2010-04-25,15/9-F-14,24.0,2788.46,384677.3,2608.4
2010-04-25,15/9-F-4,24.0,,,
2010-04-25,15/9-F-5,24.0,,,
2010-04-26,15/9-F-12,24.0,1635.39,233630.45,1523.53
2010-04-26,15/9-F-14,24.0,2235.18,319314.57,2082.29
2010-04-26,15/9-F-4,24.0,,,
2010-04-26,15/9-F-5,24.0,,,
2010-04-27,15/9-F-12,24.0,2507.96,355951.95,2251.29
2010-04-27,15/9-F-14,24.0,3115.25,442143.39,2796.42
2010-04-27,15/9-F-4,24.0,,,
2010-04-27,15/9-F-5,24.0,,,
2010-04-28,15/9-F-12,24.0,1793.49,256517.89,1494.85
2010-04-28,15/9-F-14,24.0,2329.56,333190.64,1941.66
2010-04-28,15/9-F-4,24.0,,,
2010-04-28,15/9-F-5,24.0,,,
2010-04-29,15/9-F-12,24.0,2119.15,302184.58,1857.54
2010-04-29,15/9-F-14,24.0,2704.27,385619.31,2370.42
2010-04-29,15/9-F-4,24.0,,,
2010-04-29,15/9-F-5,24.0,,,
2010-04-30,15/9-F-12,24.0,2574.11,365717.84,2223.7
2010-04-30,15/9-F-14,24.0,3159.22,448847.16,2729.15
2010-04-30,15/9-F-4,24.0,,,
2010-04-30,15/9-F-5,24.0,,,
2010-05-01,15/9-F-12,24.0,2587.54,367983.81,2229.25
2010-05-01,15/9-F-14,24.0,3149.16,447855.25,2713.11
2010-05-01,15/9-F-4,24.0,,,
2010-05-01,15/9-F-5,24.0,,,
2010-05-02,15/9-F-12,24.0,2641.29,374436.17,2244.97
2010-05-02,15/9-F-14,24.0,3120.6,442383.61,2652.35
2010-05-02,15/9-F-4,24.0,,,
2010-05-02,15/9-F-5,24.0,,,
2010-05-03,15/9-F-12,24.0,2658.88,375797.0,2255.19
2010-05-03,15/9-F-14,24.0,3126.64,441909.62,2651.94
2010-05-03,15/9-F-4,24.0,,,
2010-05-03,15/9-F-5,24.0,,,
2010-05-04,15/9-F-12,15.5,1522.51,215981.52,1234.47
2010-05-04,15/9-F-14,24.0,2999.43,425496.49,2431.99
2010-05-04,15/9-F-4,24.0,,,
2010-05-04,15/9-F-5,24.0,,,
2010-05-05,15/9-F-12,24.0,2573.93,362884.92,2333.43
2010-05-05,15/9-F-14,24.0,3069.97,432818.08,2783.13
2010-05-05,15/9-F-4,24.0,,,
2010-05-05,15/9-F-5,24.0,,,
2010-05-06,15/9-F-12,24.0,2530.85,358552.25,2110.44
2010-05-06,15/9-F-14,24.0,3135.62,444230.83,2614.74
2010-05-06,15/9-F-4,24.0,,,
2010-05-06,15/9-F-5,24.0,,,
2010-05-07,15/9-F-12,24.0,2493.99,353907.14,2262.59
2010-05-07,15/9-F-14,24.0,3180.69,451352.62,2885.57
2010-05-07,15/9-F-4,24.0,,,
2010-05-07,15/9-F-5,24.0,,,
2010-05-08,15/9-F-12,24.0,2482.15,352485.33,2304.62
2010-05-08,15/9-F-14,24.0,3165.64,449545.58,2939.23
2010-05-08,15/9-F-4,24.0,,,
2010-05-08,15/9-F-5,24.0,,,
2010-05-09,15/9-F-12,24.0,2474.84,351180.38,2297.6
2010-05-09,15/9-F-14,24.0,3153.14,447430.63,2927.32
2010-05-09,15/9-F-4,24.0,,,
2010-05-09,15/9-F-5,24.0,,,
2010-05-10,15/9-F-12,24.0,2766.03,393105.23,2505.58
2010-05-10,15/9-F-14,24.0,2832.32,402525.76,2779.43
2010-05-10,15/9-F-4,24.0,,,
2010-05-10,15/9-F-5,24.0,,,
2010-05-11,15/9-F-12,24.0,2748.61,390316.16,2485.71
2010-05-11,15/9-F-14,24.0,2840.84,403412.75,2783.22
2010-05-11,15/9-F-4,24.0,,,
2010-05-11,15/9-F-5,24.0,,,
2010-05-12,15/9-F-12,24.0,2712.34,373903.91,2473.39
2010-05-12,15/9-F-14,24.0,2819.18,388630.98,2785.05
2010-05-12,15/9-F-4,24.0,,,
2010-05-12,15/9-F-5,24.0,,,
2010-05-13,15/9-F-12,24.0,2666.04,383273.34,2334.9
2010-05-13,15/9-F-14,20.16667,2233.43,321080.8,2119.03
2010-05-13,15/9-F-4,24.0,,,
2010-05-13,15/9-F-5,24.0,,,
2010-05-14,15/9-F-12,24.0,2701.72,387666.95,2354.79
2010-05-14,15/9-F-14,24.0,2805.15,402508.65,2648.69
2010-05-14,15/9-F-4,24.0,,,
2010-05-14,15/9-F-5,24.0,,,
2010-05-15,15/9-F-12,24.0,2696.78,385413.71,2449.32
2010-05-15,15/9-F-14,24.0,2824.14,403614.57,2778.74
2010-05-15,15/9-F-4,24.0,,,
2010-05-15,15/9-F-5,24.0,,,
2010-05-16,15/9-F-12,24.0,2685.18,383866.45,2317.47
2010-05-16,15/9-F-14,24.0,2817.07,402721.5,2633.91
2010-05-16,15/9-F-4,24.0,,,
2010-05-16,15/9-F-5,24.0,,,
2010-05-17,15/9-F-12,24.0,2669.66,381679.6,2563.54
2010-05-17,15/9-F-14,24.0,2831.56,404825.38,2945.57
2010-05-17,15/9-F-4,24.0,,,
2010-05-17,15/9-F-5,24.0,,,
2010-05-18,15/9-F-12,24.0,2640.27,377151.82,2753.61
2010-05-18,15/9-F-14,24.0,2834.19,404854.08,3202.2
2010-05-18,15/9-F-4,24.0,,,
2010-05-18,15/9-F-5,24.0,,,
2010-05-19,15/9-F-12,24.0,2573.72,367958.48,2541.97
2010-05-19,15/9-F-14,24.0,2849.42,407374.39,3049.57
2010-05-19,15/9-F-4,24.0,,,
2010-05-19,15/9-F-5,24.0,,,
2010-05-20,15/9-F-12,24.0,2549.16,364275.44,2795.89
2010-05-20,15/9-F-14,24.0,2825.13,403710.79,2976.1
2010-05-20,15/9-F-4,24.0,,,
2010-05-20,15/9-F-5,24.0,,,
2010-05-21,15/9-F-12,24.0,2520.76,361267.83,2666.62
2010-05-21,15/9-F-14,24.0,2812.28,403047.36,2857.42
2010-05-21,15/9-F-4,24.0,,,
2010-05-21,15/9-F-5,24.0,,,
2010-05-22,15/9-F-12,24.0,2503.59,361752.86,2657.47
2010-05-22,15/9-F-14,24.0,2800.58,404666.48,2855.22
2010-05-22,15/9-F-4,24.0,,,
2010-05-22,15/9-F-5,24.0,,,
2010-05-23,15/9-F-12,24.0,2500.34,357574.49,2594.51
2010-05-23,15/9-F-14,24.0,2808.39,401629.78,2798.98
2010-05-23,15/9-F-4,24.0,,,
2010-05-23,15/9-F-5,24.0,,,
2010-05-24,15/9-F-12,24.0,2496.19,357401.35,2589.24
2010-05-24,15/9-F-14,24.0,2814.61,402992.06,2804.14
2010-05-24,15/9-F-4,24.0,,,
2010-05-24,15/9-F-5,24.0,,,
2010-05-25,15/9-F-12,24.0,2483.03,355613.59,2687.87
2010-05-25,15/9-F-14,24.0,2821.87,404143.03,2933.93
2010-05-25,15/9-F-4,24.0,,,
2010-05-25,15/9-F-5,24.0,,,
2010-05-26,15/9-F-12,24.0,2475.77,353860.41,2846.85
2010-05-26,15/9-F-14,24.0,2817.92,402764.22,3112.21
2010-05-26,15/9-F-4,24.0,,,
2010-05-26,15/9-F-5,24.0,,,
2010-05-27,15/9-F-12,24.0,2420.87,346658.58,2472.43
2010-05-27,15/9-F-14,24.0,2755.1,394519.14,2702.56
2010-05-27,15/9-F-4,24.0,,,
2010-05-27,15/9-F-5,24.0,,,
2010-05-28,15/9-F-12,21.66667,2013.37,287367.96,1788.27
2010-05-28,15/9-F-14,24.0,2534.63,361765.59,2162.27
2010-05-28,15/9-F-4,24.0,,,
2010-05-28,15/9-F-5,24.0,,,
2010-05-29,15/9-F-12,24.0,2455.94,348887.55,2876.42
2010-05-29,15/9-F-14,24.0,2778.79,394752.36,3125.92
2010-05-29,15/9-F-4,24.0,,,
2010-05-29,15/9-F-5,24.0,,,
2010-05-30,15/9-F-12,24.0,2345.76,328847.13,2759.73
2010-05-30,15/9-F-14,24.0,2649.13,371374.08,2993.44
2010-05-30,15/9-F-4,24.0,,,
2010-05-30,15/9-F-5,24.0,,,
2010-05-31,15/9-F-12,24.0,1522.45,209329.94,1650.17
2010-05-31,15/9-F-14,24.0,1602.66,220359.45,1668.46
2010-05-31,15/9-F-4,24.0,,,
2010-05-31,15/9-F-5,24.0,,,
2010-06-01,15/9-F-12,24.0,1812.37,253710.52,1317.95
2010-06-01,15/9-F-14,24.0,1858.55,260175.06,1298.1
2010-06-01,15/9-F-4,24.0,,,
2010-06-01,15/9-F-5,24.0,,,
2010-06-02,15/9-F-12,24.0,2421.43,342119.04,2797.04
2010-06-02,15/9-F-14,24.0,2696.52,380985.04,2991.67
2010-06-02,15/9-F-4,24.0,,,
2010-06-02,15/9-F-5,24.0,,,
2010-06-03,15/9-F-12,24.0,2404.05,341810.24,2719.02
2010-06-03,15/9-F-14,24.0,2735.25,388901.37,2971.34
2010-06-03,15/9-F-4,24.0,,,
2010-06-03,15/9-F-5,24.0,,,
2010-06-04,15/9-F-12,24.0,2384.74,339406.06,2639.48
2010-06-04,15/9-F-14,24.0,2773.45,394726.73,2948.37
2010-06-04,15/9-F-4,24.0,,,
2010-06-04,15/9-F-5,24.0,,,
2010-06-05,15/9-F-12,24.0,2349.81,335320.81,3017.5
2010-06-05,15/9-F-14,24.0,2810.65,401083.64,3466.63
2010-06-05,15/9-F-4,24.0,,,
2010-06-05,15/9-F-5,24.0,,,
2010-06-06,15/9-F-12,24.0,2343.56,334683.38,2919.5
2010-06-06,15/9-F-14,24.0,2800.79,399978.92,3351.18
2010-06-06,15/9-F-4,24.0,,,
2010-06-06,15/9-F-5,24.0,,,
2010-06-07,15/9-F-12,24.0,2380.74,340908.54,2907.68
2010-06-07,15/9-F-14,24.0,2696.27,386090.76,3162.89
2010-06-07,15/9-F-4,24.0,,,
2010-06-07,15/9-F-5,24.0,,,
2010-06-08,15/9-F-12,24.0,2384.64,340424.28,2913.15
2010-06-08,15/9-F-14,24.0,2676.08,382028.25,3139.95
2010-06-08,15/9-F-4,24.0,,,
2010-06-08,15/9-F-5,24.0,,,
2010-06-09,15/9-F-12,24.0,2381.92,340230.61,2743.32
2010-06-09,15/9-F-14,24.0,2678.05,382530.29,2962.48
2010-06-09,15/9-F-4,24.0,,,
2010-06-09,15/9-F-5,24.0,,,
2010-06-10,15/9-F-12,24.0,2377.7,332560.41,2846.61
2010-06-10,15/9-F-14,24.0,2676.31,374324.71,3077.46
2010-06-10,15/9-F-4,24.0,,,
2010-06-10,15/9-F-5,24.0,,,
2010-06-11,15/9-F-12,24.0,2420.55,345299.5,2606.69
2010-06-11,15/9-F-14,24.0,2625.55,374541.53,3194.64
2010-06-11,15/9-F-4,24.0,,,
2010-06-11,15/9-F-5,24.0,,,
2010-06-12,15/9-F-12,24.0,2408.2,344660.79,2701.25
2010-06-12,15/9-F-14,24.0,2612.81,373944.07,3311.37
2010-06-12,15/9-F-4,24.0,,,
2010-06-12,15/9-F-5,24.0,,,
2010-06-13,15/9-F-12,24.0,2434.38,347692.91,2423.99
2010-06-13,15/9-F-14,24.0,2623.48,374702.75,2951.56
2010-06-13,15/9-F-4,24.0,,,
2010-06-13,15/9-F-5,24.0,,,
2010-06-14,15/9-F-12,22.83333,2391.83,342222.03,2808.75
2010-06-14,15/9-F-14,23.16667,2597.55,371658.0,3446.49
2010-06-14,15/9-F-4,23.0,,,
2010-06-14,15/9-F-5,24.0,,,
2010-06-15,15/9-F-12,24.0,2383.61,341216.85,2931.67
2010-06-15,15/9-F-14,24.0,2534.0,362746.4,3521.41
2010-06-15,15/9-F-4,24.0,,,
2010-06-15,15/9-F-5,24.0,,,
2010-06-16,15/9-F-12,24.0,2353.23,337049.45,2836.21
2010-06-16,15/9-F-14,24.0,2486.32,356111.93,3385.78
2010-06-16,15/9-F-4,24.0,,,
2010-06-16,15/9-F-5,24.0,,,
2010-06-17,15/9-F-12,24.0,2377.86,340595.19,2891.17
2010-06-17,15/9-F-14,24.0,2495.41,357432.08,3428.13
2010-06-17,15/9-F-4,24.0,,,
2010-06-17,15/9-F-5,24.0,,,
2010-06-18,15/9-F-12,24.0,2370.38,340025.29,2836.01
2010-06-18,15/9-F-14,24.0,2489.74,357146.72,3365.68
2010-06-18,15/9-F-4,24.0,,,
2010-06-18,15/9-F-5,24.0,,,
2010-06-19,15/9-F-12,22.33334,1944.86,282070.99,2384.76
2010-06-19,15/9-F-14,22.58333,1957.44,283896.95,2711.91
2010-06-19,15/9-F-4,20.66667,,,
2010-06-19,15/9-F-5,20.66667,,,
2010-06-20,15/9-F-12,24.0,2342.72,334433.22,3005.32
2010-06-20,15/9-F-14,24.0,2452.14,350053.6,3554.23
2010-06-20,15/9-F-4,24.0,,,
2010-06-20,15/9-F-5,24.0,,,
2010-06-21,15/9-F-12,24.0,2347.6,335066.15,2996.59
2010-06-21,15/9-F-14,24.0,2444.37,348878.74,3525.34
2010-06-21,15/9-F-4,24.0,,,
2010-06-21,15/9-F-5,24.0,,,
2010-06-22,15/9-F-12,24.0,2329.46,333876.6,2962.85
2010-06-22,15/9-F-14,24.0,2427.99,347999.53,3489.24
2010-06-22,15/9-F-4,24.0,,,
2010-06-22,15/9-F-5,24.0,,,
2010-06-23,15/9-F-12,24.0,2314.21,332297.75,2956.98
2010-06-23,15/9-F-14,24.0,2422.22,347806.75,3496.94
2010-06-23,15/9-F-4,24.0,,,
2010-06-23,15/9-F-5,24.0,,,
2010-06-24,15/9-F-12,24.0,2312.64,327536.19,2952.54
2010-06-24,15/9-F-14,24.0,2423.79,343279.56,3496.33
2010-06-24,15/9-F-4,24.0,,,
2010-06-24,15/9-F-5,24.0,,,
2010-06-25,15/9-F-12,24.0,2284.2,328557.43,2856.65
2010-06-25,15/9-F-14,24.0,2396.54,344715.38,3386.38
2010-06-25,15/9-F-4,24.0,,,
2010-06-25,15/9-F-5,24.0,,,
2010-06-26,15/9-F-12,24.0,2281.66,326332.18,2863.11
2010-06-26,15/9-F-14,24.0,2395.14,342561.46,3395.83
2010-06-26,15/9-F-4,24.0,,,
2010-06-26,15/9-F-5,24.0,,,
2010-06-27,15/9-F-12,24.0,2277.83,327249.11,2862.68
2010-06-27,15/9-F-14,24.0,2387.86,343058.41,3390.72
2010-06-27,15/9-F-4,24.0,,,
2010-06-27,15/9-F-5,24.0,,,
2010-06-28,15/9-F-12,24.0,2271.85,326715.86,2868.35
2010-06-28,15/9-F-14,24.0,2380.72,342371.26,3396.15
2010-06-28,15/9-F-4,24.0,,,
2010-06-28,15/9-F-5,24.0,,,
2010-06-29,15/9-F-12,24.0,2266.84,325920.8,2838.67
2010-06-29,15/9-F-14,24.0,2379.63,342137.65,3366.91
2010-06-29,15/9-F-4,24.0,,,
2010-06-29,15/9-F-5,24.0,,,
2010-06-30,15/9-F-12,24.0,2262.5,324542.09,2862.87
2010-06-30,15/9-F-14,24.0,2375.2,340709.26,3395.81
2010-06-30,15/9-F-4,24.0,,,
2010-06-30,15/9-F-5,24.0,,,
2010-07-01,15/9-F-12,24.0,2254.67,324252.55,2874.48
2010-07-01,15/9-F-14,24.0,2370.07,340847.55,3414.0
2010-07-01,15/9-F-4,24.0,,,
2010-07-01,15/9-F-5,24.0,,,
2010-07-02,15/9-F-12,24.0,2257.16,325298.63,2898.74
2010-07-02,15/9-F-14,24.0,2298.14,331205.23,3334.67
2010-07-02,15/9-F-4,24.0,,,
2010-07-02,15/9-F-5,24.0,,,
2010-07-03,15/9-F-12,24.0,2574.63,377098.55,3483.38
2010-07-03,15/9-F-14,24.0,1907.63,279405.31,2916.15
2010-07-03,15/9-F-4,24.0,,,
2010-07-03,15/9-F-5,24.0,,,
2010-07-04,15/9-F-12,24.0,2607.44,378887.55,3443.16
2010-07-04,15/9-F-14,24.0,1834.07,266509.39,2736.46
2010-07-04,15/9-F-4,24.0,,,
2010-07-04,15/9-F-5,24.0,,,
2010-07-05,15/9-F-12,24.0,2617.56,380188.3,3441.22
2010-07-05,15/9-F-14,24.0,1800.02,261444.2,2673.75
2010-07-05,15/9-F-4,24.0,,,
2010-07-05,15/9-F-5,24.0,,,
2010-07-06,15/9-F-12,24.0,2625.72,385272.0,3508.2
2010-07-06,15/9-F-14,24.0,1793.18,263113.49,2707.0
2010-07-06,15/9-F-4,24.0,,,
2010-07-06,15/9-F-5,24.0,,,
2010-07-07,15/9-F-12,24.0,2544.95,371624.9,3438.08
2010-07-07,15/9-F-14,24.0,1841.44,268895.24,2815.01
2010-07-07,15/9-F-4,24.0,,,
2010-07-07,15/9-F-5,24.0,,,
2010-07-08,15/9-F-12,24.0,2553.36,372444.36,3492.77
2010-07-08,15/9-F-14,24.0,1818.54,265260.44,2814.92
2010-07-08,15/9-F-4,24.0,,,
2010-07-08,15/9-F-5,24.0,,,
2010-07-09,15/9-F-12,24.0,2555.11,372721.78,3545.17
2010-07-09,15/9-F-14,24.0,1805.19,263330.08,2834.24
2010-07-09,15/9-F-4,24.0,,,
2010-07-09,15/9-F-5,24.0,,,
2010-07-10,15/9-F-12,22.33334,1939.01,286798.54,2751.29
2010-07-10,15/9-F-14,22.41667,1393.69,206141.46,2237.75
2010-07-10,15/9-F-4,23.5,,,
2010-07-10,15/9-F-5,23.16667,,,
2010-07-11,15/9-F-12,24.0,2424.14,354358.11,3558.14
2010-07-11,15/9-F-14,24.0,1729.9,252874.96,2873.24
2010-07-11,15/9-F-4,24.0,,,
2010-07-11,15/9-F-5,24.0,,,
2010-07-12,15/9-F-12,24.0,2269.88,329873.97,3252.82
2010-07-12,15/9-F-14,24.0,2033.15,295470.56,3296.94
2010-07-12,15/9-F-4,24.0,,,
2010-07-12,15/9-F-5,24.0,,,
2010-07-13,15/9-F-12,24.0,1826.45,263292.34,2538.27
2010-07-13,15/9-F-14,24.0,2582.65,372301.4,4061.44
2010-07-13,15/9-F-4,24.0,,,
2010-07-13,15/9-F-5,24.0,,,
2010-07-14,15/9-F-12,24.0,1827.73,262934.15,2564.53
2010-07-14,15/9-F-14,24.0,2582.08,371452.46,4099.67
2010-07-14,15/9-F-4,24.0,,,
2010-07-14,15/9-F-5,24.0,,,
2010-07-15,15/9-F-12,24.0,1826.06,263352.68,2333.43
2010-07-15,15/9-F-14,24.0,2574.44,371282.32,3722.6
2010-07-15,15/9-F-4,24.0,,,
2010-07-15,15/9-F-5,24.0,,,
2010-07-16,15/9-F-12,24.0,1823.13,263099.38,2445.79
2010-07-16,15/9-F-14,24.0,2572.81,371287.4,3905.65
2010-07-16,15/9-F-4,24.0,,,
2010-07-16,15/9-F-5,24.0,,,
2010-07-17,15/9-F-12,24.0,1815.13,262074.95,2446.34
2010-07-17,15/9-F-14,24.0,2562.15,369933.7,3907.52
2010-07-17,15/9-F-4,24.0,,,
2010-07-17,15/9-F-5,24.0,,,
2010-07-18,15/9-F-12,24.0,1806.68,260713.92,1900.53
2010-07-18,15/9-F-14,24.0,2551.65,368216.34,3037.37
2010-07-18,15/9-F-4,24.0,,,
2010-07-18,15/9-F-5,24.0,,,
2010-07-19,15/9-F-12,24.0,1802.24,259493.3,2788.46
2010-07-19,15/9-F-14,24.0,2545.39,366496.31,3180.92
2010-07-19,15/9-F-4,24.0,,,
2010-07-19,15/9-F-5,24.0,,,
2010-07-20,15/9-F-12,24.0,1801.56,259637.63,3022.3
2010-07-20,15/9-F-14,24.0,2546.15,366948.65,3450.01
2010-07-20,15/9-F-4,24.0,,,
2010-07-20,15/9-F-5,24.0,,,
2010-07-21,15/9-F-12,24.0,1792.8,258421.0,3032.96
2010-07-21,15/9-F-14,24.0,2541.25,366305.81,3472.4
2010-07-21,15/9-F-4,24.0,,,
2010-07-21,15/9-F-5,24.0,,,
2010-07-22,15/9-F-12,24.0,1784.02,257662.87,3059.89
2010-07-22,15/9-F-14,24.0,2530.04,365410.6,3504.94
2010-07-22,15/9-F-4,24.0,,,
2010-07-22,15/9-F-5,24.0,,,
2010-07-23,15/9-F-12,24.0,1862.91,269010.54,3224.17
2010-07-23,15/9-F-14,24.0,2413.44,348507.24,3373.7
2010-07-23,15/9-F-4,24.0,,,
2010-07-23,15/9-F-5,24.0,,,
2010-07-24,15/9-F-12,24.0,1864.5,269479.73,3238.48
2010-07-24,15/9-F-14,24.0,2384.28,344604.71,3344.9
2010-07-24,15/9-F-4,24.0,,,
2010-07-24,15/9-F-5,24.0,,,
2010-07-25,15/9-F-12,24.0,1864.86,269233.87,3248.02
2010-07-25,15/9-F-14,24.0,2382.55,343975.62,3351.67
2010-07-25,15/9-F-4,24.0,,,
2010-07-25,15/9-F-5,24.0,,,
2010-07-26,15/9-F-12,24.0,1857.44,268110.0,3251.25
2010-07-26,15/9-F-14,24.0,2370.34,342144.37,3351.14
2010-07-26,15/9-F-4,24.0,,,
2010-07-26,15/9-F-5,24.0,,,
2010-07-27,15/9-F-12,24.0,1859.6,268867.78,3257.21
2010-07-27,15/9-F-14,24.0,2377.02,343677.86,3362.83
2010-07-27,15/9-F-4,24.0,,,
2010-07-27,15/9-F-5,24.0,,,
2010-07-28,15/9-F-12,24.0,1857.2,268279.25,3258.54
2010-07-28,15/9-F-14,24.0,2370.99,342499.13,3360.01
2010-07-28,15/9-F-4,24.0,,,
2010-07-28,15/9-F-5,24.0,,,
2010-07-29,15/9-F-12,24.0,1854.41,268151.42,3262.01
2010-07-29,15/9-F-14,24.0,2363.13,341715.29,3357.51
2010-07-29,15/9-F-4,24.0,,,
2010-07-29,15/9-F-5,24.0,,,
2010-07-30,15/9-F-12,24.0,1846.25,266477.1,3245.61
2010-07-30,15/9-F-14,24.0,2363.81,341180.3,3356.34
2010-07-30,15/9-F-4,24.0,,,
2010-07-30,15/9-F-5,24.0,,,
2010-07-31,15/9-F-12,24.0,1843.09,266265.62,3248.91
2010-07-31,15/9-F-14,24.0,2361.06,341096.93,3361.6
2010-07-31,15/9-F-4,24.0,,,
2010-07-31,15/9-F-5,24.0,,,
2010-08-01,15/9-F-12,24.0,1840.05,265814.6,3257.04
2010-08-01,15/9-F-14,24.0,2354.69,340158.73,3366.45
2010-08-01,15/9-F-4,24.0,,,
2010-08-01,15/9-F-5,24.0,,,
2010-08-02,15/9-F-12,24.0,1845.51,266543.66,3260.24
2010-08-02,15/9-F-14,24.0,2360.15,340870.1,3367.57
2010-08-02,15/9-F-4,24.0,,,
2010-08-02,15/9-F-5,24.0,,,
2010-08-03,15/9-F-12,24.0,1842.67,266022.79,3277.13
2010-08-03,15/9-F-14,24.0,2359.78,340677.74,3389.72
2010-08-03,15/9-F-4,24.0,,,
2010-08-03,15/9-F-5,24.0,,,
2010-08-04,15/9-F-12,24.0,1841.26,266084.14,3273.36
2010-08-04,15/9-F-14,24.0,2357.53,340689.92,3385.17
2010-08-04,15/9-F-4,24.0,,,
2010-08-04,15/9-F-5,24.0,,,
2010-08-05,15/9-F-12,22.16667,1571.99,229109.33,3014.53
2010-08-05,15/9-F-14,22.66667,2065.25,300997.97,3198.8
2010-08-05,15/9-F-4,21.83333,,,
2010-08-05,15/9-F-5,21.83333,,,
2010-08-06,15/9-F-12,24.0,1795.62,260244.04,3438.75
2010-08-06,15/9-F-14,24.0,2307.31,334403.97,3568.92
2010-08-06,15/9-F-4,24.0,,,
2010-08-06,15/9-F-5,24.0,,,
2010-08-07,15/9-F-12,22.5,1497.63,218786.36,2880.85
2010-08-07,15/9-F-14,22.66667,1976.83,288792.53,3071.36
2010-08-07,15/9-F-4,22.0,,,
2010-08-07,15/9-F-5,22.0,,,
2010-08-08,15/9-F-12,24.0,1800.73,261017.4,3453.2
2010-08-08,15/9-F-14,24.0,2314.34,335464.18,3584.64
2010-08-08,15/9-F-4,24.0,,,
2010-08-08,15/9-F-5,24.0,,,
2010-08-09,15/9-F-12,24.0,1813.43,262577.76,3457.49
2010-08-09,15/9-F-14,24.0,2323.85,336483.87,3578.61
2010-08-09,15/9-F-4,24.0,,,
2010-08-09,15/9-F-5,24.0,,,
2010-08-10,15/9-F-12,24.0,1819.75,262941.31,3362.6
2010-08-10,15/9-F-14,24.0,2328.43,336442.77,3475.14
2010-08-10,15/9-F-4,24.0,,,
2010-08-10,15/9-F-5,24.0,,,
2010-08-11,15/9-F-12,24.0,1821.23,262698.91,3374.8
2010-08-11,15/9-F-14,24.0,2331.82,336346.58,3489.98
2010-08-11,15/9-F-4,24.0,,,
2010-08-11,15/9-F-5,24.0,,,
2010-08-12,15/9-F-12,24.0,1818.76,263280.83,3382.23
2010-08-12,15/9-F-14,24.0,2326.48,336776.43,3494.39
2010-08-12,15/9-F-4,24.0,,,
2010-08-12,15/9-F-5,24.0,,,
2010-08-13,15/9-F-12,24.0,1820.43,263654.19,3393.56
2010-08-13,15/9-F-14,24.0,2325.93,336865.46,3502.06
2010-08-13,15/9-F-4,24.0,,,
2010-08-13,15/9-F-5,24.0,,,
2010-08-14,15/9-F-12,24.0,1821.21,263027.38,3391.06
2010-08-14,15/9-F-14,24.0,2326.15,335954.39,3498.32
2010-08-14,15/9-F-4,24.0,,,
2010-08-14,15/9-F-5,24.0,,,
2010-08-15,15/9-F-12,23.09167,1728.56,248262.02,3192.86
2010-08-15,15/9-F-14,23.75833,2278.69,327273.0,3399.59
2010-08-15,15/9-F-4,24.0,,,
2010-08-15,15/9-F-5,24.0,,,
2010-08-16,15/9-F-4,1.75833,,,
2010-08-16,15/9-F-5,23.83333,,,
2010-08-17,15/9-F-12,0.0,0.0,0.0,0.0
2010-08-17,15/9-F-14,0.0,0.0,0.0,0.0
2010-08-17,15/9-F-4,0.0,,,
2010-08-17,15/9-F-5,4.8,,,
2010-08-18,15/9-F-4,0.0,,,
2010-08-18,15/9-F-5,0.0,,,
2010-08-19,15/9-F-4,0.0,,,
2010-08-19,15/9-F-5,0.0,,,
2010-08-20,15/9-F-12,0.0,0.0,0.0,0.0
2010-08-20,15/9-F-14,0.0,0.0,0.0,0.0
2010-08-20,15/9-F-4,0.0,,,
2010-08-20,15/9-F-5,0.0,,,
2010-08-21,15/9-F-12,0.0,0.0,0.0,0.0
2010-08-21,15/9-F-14,0.0,0.0,0.0,0.0
2010-08-21,15/9-F-4,0.0,,,
2010-08-21,15/9-F-5,0.0,,,
2010-08-22,15/9-F-12,0.0,0.0,0.0,0.0
2010-08-22,15/9-F-14,0.0,0.0,0.0,0.0
2010-08-22,15/9-F-4,0.0,,,
2010-08-22,15/9-F-5,0.0,,,
2010-08-23,15/9-F-12,0.0,0.0,0.0,0.0
2010-08-23,15/9-F-14,0.0,0.0,0.0,0.0
2010-08-23,15/9-F-4,0.0,,,
2010-08-23,15/9-F-5,0.0,,,
2010-08-24,15/9-F-4,0.0,,,
2010-08-24,15/9-F-5,0.0,,,
2010-08-25,15/9-F-12,0.0,0.0,0.0,0.0
2010-08-25,15/9-F-14,0.0,0.0,0.0,0.0
2010-08-25,15/9-F-4,0.0,,,
2010-08-25,15/9-F-5,0.0,,,
2010-08-26,15/9-F-12,0.0,0.0,0.0,0.0
2010-08-26,15/9-F-14,0.0,0.0,0.0,0.0
2010-08-26,15/9-F-4,0.0,,,
2010-08-26,15/9-F-5,0.0,,,
2010-08-27,15/9-F-12,0.0,0.0,0.0,0.0
2010-08-27,15/9-F-14,0.0,0.0,0.0,0.0
2010-08-27,15/9-F-4,0.0,,,
2010-08-27,15/9-F-5,0.0,,,
2010-08-28,15/9-F-12,0.175,0.0,535.16,0.0
2010-08-28,15/9-F-14,0.0,0.0,0.0,0.0
2010-08-28,15/9-F-4,0.0,,,
2010-08-28,15/9-F-5,0.0,,,
2010-08-29,15/9-F-12,23.5,1070.35,155880.56,2078.07
2010-08-29,15/9-F-14,20.00833,1114.31,162282.27,1747.37
2010-08-29,15/9-F-4,16.34167,,,
2010-08-29,15/9-F-5,16.34167,,,
2010-08-30,15/9-F-12,24.0,1242.2,174132.23,1690.15
2010-08-30,15/9-F-14,24.0,1536.1,215332.1,1688.11
2010-08-30,15/9-F-4,24.0,,,
2010-08-30,15/9-F-5,24.0,,,
2010-08-31,15/9-F-12,24.0,1125.98,155891.58,1609.73
2010-08-31,15/9-F-14,24.0,1426.09,197440.27,1646.7
2010-08-31,15/9-F-4,22.33333,,,
2010-08-31,15/9-F-5,22.33333,,,
2010-09-01,15/9-F-12,20.41667,983.23,139681.11,2112.6
2010-09-01,15/9-F-14,21.33333,1529.07,217223.36,2653.57
2010-09-01,15/9-F-4,18.33333,,,
2010-09-01,15/9-F-5,18.16666,,,
2010-09-02,15/9-F-12,24.0,1940.09,358600.53,2660.01
2010-09-02,15/9-F-14,24.0,2454.88,453753.37,2718.56
2010-09-02,15/9-F-4,24.0,,,
2010-09-02,15/9-F-5,24.0,,,
2010-09-03,15/9-F-12,24.0,2007.25,296793.09,2820.1
2010-09-03,15/9-F-14,24.0,2247.64,332337.45,2550.57
2010-09-03,15/9-F-4,24.0,,,
2010-09-03,15/9-F-5,24.0,,,
2010-09-04,15/9-F-12,24.0,2080.81,308175.66,3008.87
2010-09-04,15/9-F-14,24.0,2285.77,338531.35,2669.62
2010-09-04,15/9-F-4,24.0,,,
2010-09-04,15/9-F-5,24.0,,,
2010-09-05,15/9-F-12,24.0,2071.12,307854.63,3260.95
2010-09-05,15/9-F-14,24.0,2229.82,331444.66,2835.67
2010-09-05,15/9-F-4,24.0,,,
2010-09-05,15/9-F-5,24.0,,,
2010-09-06,15/9-F-12,24.0,2041.11,292789.32,3187.65
2010-09-06,15/9-F-14,24.0,2205.88,316423.16,2782.46
2010-09-06,15/9-F-4,24.0,,,
2010-09-06,15/9-F-5,24.0,,,
2010-09-07,15/9-F-12,24.0,2037.38,303912.0,3471.54
2010-09-07,15/9-F-14,24.0,2233.58,333180.65,3073.98
2010-09-07,15/9-F-4,24.0,,,
2010-09-07,15/9-F-5,24.0,,,
2010-09-08,15/9-F-12,24.0,2016.26,301615.64,3324.43
2010-09-08,15/9-F-14,24.0,2235.48,334409.15,2977.05
2010-09-08,15/9-F-4,24.0,,,
2010-09-08,15/9-F-5,24.0,,,
2010-09-09,15/9-F-12,24.0,2000.42,299241.8,3503.22
2010-09-09,15/9-F-14,24.0,2287.35,342163.7,3235.39
2010-09-09,15/9-F-4,24.0,,,
2010-09-09,15/9-F-5,24.0,,,
2010-09-10,15/9-F-12,24.0,1893.54,282962.08,3085.32
2010-09-10,15/9-F-14,24.0,2392.5,357523.67,3148.64
2010-09-10,15/9-F-4,24.0,,,
2010-09-10,15/9-F-5,24.0,,,
2010-09-11,15/9-F-12,24.0,1907.68,280233.14,3160.41
2010-09-11,15/9-F-14,20.59167,2040.53,299748.63,2730.4
2010-09-11,15/9-F-4,24.0,,,
2010-09-11,15/9-F-5,24.0,,,
2010-09-12,15/9-F-12,24.0,2023.3,317016.57,3456.17
2010-09-12,15/9-F-14,0.0,0.0,0.0,0.0
2010-09-12,15/9-F-4,24.0,,,
2010-09-12,15/9-F-5,24.0,,,
2010-09-13,15/9-F-12,24.0,1968.77,298170.14,3614.75
2010-09-13,15/9-F-14,19.40833,1132.83,171566.3,1679.93
2010-09-13,15/9-F-4,24.0,,,
2010-09-13,15/9-F-5,24.0,,,
2010-09-14,15/9-F-12,24.0,2038.68,318143.83,3520.07
2010-09-14,15/9-F-14,4.75833,141.84,22134.17,197.8
2010-09-14,15/9-F-4,24.0,,,
2010-09-14,15/9-F-5,24.0,,,
2010-09-15,15/9-F-12,24.0,2055.21,324494.45,4130.86
2010-09-15,15/9-F-14,0.0,0.0,0.0,0.0
2010-09-15,15/9-F-4,24.0,,,
2010-09-15,15/9-F-5,24.0,,,
2010-09-16,15/9-F-12,24.0,2047.27,314339.85,4066.18
2010-09-16,15/9-F-14,8.225,511.55,78544.37,750.64
2010-09-16,15/9-F-4,24.0,,,
2010-09-16,15/9-F-5,24.0,,,
2010-09-17,15/9-F-12,24.0,2048.29,305756.81,4000.5
2010-09-17,15/9-F-14,24.0,1935.39,288903.89,2792.69
2010-09-17,15/9-F-4,24.0,,,
2010-09-17,15/9-F-5,24.0,,,
2010-09-18,15/9-F-12,22.5,1452.33,216174.46,3151.95
2010-09-18,15/9-F-14,17.49166,1071.23,159450.29,1717.64
2010-09-18,15/9-F-4,19.66667,,,
2010-09-18,15/9-F-5,19.66667,,,
2010-09-19,15/9-F-12,24.0,1870.38,294135.69,4006.27
2010-09-19,15/9-F-14,0.0,0.0,0.0,0.0
2010-09-19,15/9-F-4,24.0,,,
2010-09-19,15/9-F-5,24.0,,,
2010-09-20,15/9-F-12,21.49166,1456.41,221734.96,3371.47
2010-09-20,15/9-F-14,9.50834,863.11,131405.4,940.24
2010-09-20,15/9-F-4,24.0,,,
2010-09-20,15/9-F-5,24.0,,,
2010-09-21,15/9-F-12,4.175,172.22,24653.11,386.42
2010-09-21,15/9-F-14,24.0,2517.2,360332.19,2657.9
2010-09-21,15/9-F-4,24.0,,,
2010-09-21,15/9-F-5,24.0,,,
2010-09-22,15/9-F-12,15.65833,595.31,87560.93,1441.7
2010-09-22,15/9-F-14,24.0,2501.74,367969.88,2631.83
2010-09-22,15/9-F-4,24.0,,,
2010-09-22,15/9-F-5,24.0,,,
2010-09-23,15/9-F-12,0.0,0.0,0.0,0.0
2010-09-23,15/9-F-14,24.0,2758.98,399923.7,2759.09
2010-09-23,15/9-F-4,7.49166,,,
2010-09-23,15/9-F-5,23.91667,,,
2010-09-24,15/9-F-12,23.34167,1827.69,264573.97,2879.49
2010-09-24,15/9-F-14,24.0,2718.36,393505.06,2422.97
2010-09-24,15/9-F-4,0.0,,,
2010-09-24,15/9-F-5,24.0,,,
2010-09-25,15/9-F-12,24.0,2119.34,309891.27,3302.69
2010-09-25,15/9-F-14,24.0,2793.71,408499.13,2463.09
2010-09-25,15/9-F-4,0.0,,,
2010-09-25,15/9-F-5,24.0,,,
2010-09-26,15/9-F-12,23.16666,1959.45,287201.14,3039.15
2010-09-26,15/9-F-14,23.33333,2678.29,392563.61,2350.2
2010-09-26,15/9-F-4,22.0,,,
2010-09-26,15/9-F-5,22.0,,,
2010-09-27,15/9-F-12,24.0,2083.05,309948.56,3060.17
2010-09-27,15/9-F-14,24.0,2845.14,423344.21,2793.89
2010-09-27,15/9-F-4,24.0,,,
2010-09-27,15/9-F-5,24.0,,,
2010-09-28,15/9-F-12,24.0,2048.5,304810.13,2741.0
2010-09-28,15/9-F-14,24.0,2824.83,420324.43,2526.53
2010-09-28,15/9-F-4,24.0,,,
2010-09-28,15/9-F-5,24.0,,,
2010-09-29,15/9-F-12,24.0,2023.29,301572.68,3101.54
2010-09-29,15/9-F-14,24.0,2846.78,424316.33,2916.99
2010-09-29,15/9-F-4,24.0,,,
2010-09-29,15/9-F-5,24.0,,,
2010-09-30,15/9-F-12,10.0,544.55,78173.33,2563.32
2010-09-30,15/9-F-14,9.5,1121.73,161030.08,3529.48
2010-09-30,15/9-F-4,11.66667,,,
2010-09-30,15/9-F-5,11.66667,,,
2010-10-01,15/9-F-12,24.0,1549.02,232645.16,2616.88
2010-10-01,15/9-F-14,24.0,2653.1,398467.59,2996.01
2010-10-01,15/9-F-4,24.0,,,
2010-10-01,15/9-F-5,24.0,,,
2010-10-02,15/9-F-12,24.0,1975.26,296694.51,2959.07
2010-10-02,15/9-F-14,24.0,2856.51,429064.23,2860.4
2010-10-02,15/9-F-4,24.0,,,
2010-10-02,15/9-F-5,24.0,,,
2010-10-03,15/9-F-12,24.0,1895.18,285464.32,2839.08
2010-10-03,15/9-F-14,24.0,2803.63,422302.15,2807.43
2010-10-03,15/9-F-4,24.0,,,
2010-10-03,15/9-F-5,24.0,,,
2010-10-04,15/9-F-12,24.0,1400.07,208969.77,2218.59
2010-10-04,15/9-F-14,24.0,2863.05,427329.92,3032.61
2010-10-04,15/9-F-4,23.24999,,,
2010-10-04,15/9-F-5,23.24999,,,
2010-10-05,15/9-F-12,24.0,1145.88,173377.0,2073.29
2010-10-05,15/9-F-14,24.0,2896.5,438253.41,3503.11
2010-10-05,15/9-F-4,24.0,,,
2010-10-05,15/9-F-5,24.0,,,
2010-10-06,15/9-F-12,24.0,1836.44,276200.64,2997.97
2010-10-06,15/9-F-14,24.0,2729.25,410479.8,2978.2
2010-10-06,15/9-F-4,24.0,,,
2010-10-06,15/9-F-5,24.0,,,
2010-10-07,15/9-F-12,24.0,1846.83,277179.94,3454.06
2010-10-07,15/9-F-14,24.0,2605.46,391037.18,3257.21
2010-10-07,15/9-F-4,24.0,,,
2010-10-07,15/9-F-5,24.0,,,
2010-10-08,15/9-F-12,22.00001,876.19,131541.26,1764.91
2010-10-08,15/9-F-14,22.16666,2262.19,339621.98,3045.89
2010-10-08,15/9-F-4,21.16667,,,
2010-10-08,15/9-F-5,21.16667,,,
2010-10-09,15/9-F-12,24.0,1790.64,267977.02,3488.76
2010-10-09,15/9-F-14,24.0,2562.51,383489.95,3337.24
2010-10-09,15/9-F-4,24.0,,,
2010-10-09,15/9-F-5,24.0,,,
2010-10-10,15/9-F-12,24.0,1778.2,267093.36,3294.83
2010-10-10,15/9-F-14,24.0,2581.0,387678.01,3196.7
2010-10-10,15/9-F-4,24.0,,,
2010-10-10,15/9-F-5,24.0,,,
2010-10-11,15/9-F-12,24.0,1764.81,265545.94,3486.86
2010-10-11,15/9-F-14,24.0,2562.55,385578.39,3384.29
2010-10-11,15/9-F-4,24.0,,,
2010-10-11,15/9-F-5,24.0,,,
2010-10-12,15/9-F-12,24.0,1759.08,265044.85,3377.1
2010-10-12,15/9-F-14,24.0,2547.28,383805.62,3268.86
2010-10-12,15/9-F-4,24.0,,,
2010-10-12,15/9-F-5,24.0,,,
2010-10-13,15/9-F-12,24.0,1759.79,265356.43,3272.8
2010-10-13,15/9-F-14,24.0,2523.03,380442.81,3136.46
2010-10-13,15/9-F-4,24.0,,,
2010-10-13,15/9-F-5,24.0,,,
2010-10-14,15/9-F-12,24.0,1740.58,262627.11,3234.52
2010-10-14,15/9-F-14,24.0,2536.66,382744.19,3150.93
2010-10-14,15/9-F-4,24.0,,,
2010-10-14,15/9-F-5,24.0,,,
2010-10-15,15/9-F-12,24.0,1732.86,261612.88,3276.27
2010-10-15,15/9-F-14,24.0,2530.04,381962.8,3197.43
2010-10-15,15/9-F-4,24.0,,,
2010-10-15,15/9-F-5,24.0,,,
2010-10-16,15/9-F-12,24.0,1726.59,260468.2,3259.69
2010-10-16,15/9-F-14,24.0,2528.62,381460.86,3191.02
2010-10-16,15/9-F-4,24.0,,,
2010-10-16,15/9-F-5,24.0,,,
2010-10-17,15/9-F-12,24.0,1716.49,259104.7,3297.9
2010-10-17,15/9-F-14,24.0,2526.93,381440.84,3245.26
2010-10-17,15/9-F-4,24.0,,,
2010-10-17,15/9-F-5,24.0,,,
2010-10-18,15/9-F-12,24.0,1707.17,255134.61,3315.27
2010-10-18,15/9-F-14,24.0,2514.25,375750.53,3263.7
2010-10-18,15/9-F-4,16.66667,,,
2010-10-18,15/9-F-5,17.99166,,,
2010-10-19,15/9-F-12,24.0,1695.08,254889.27,3399.68
2010-10-19,15/9-F-14,24.0,2493.55,374954.76,3342.92
2010-10-19,15/9-F-4,24.0,,,
2010-10-19,15/9-F-5,16.83333,,,
2010-10-20,15/9-F-12,24.0,1685.3,253193.79,3412.61
2010-10-20,15/9-F-14,24.0,2471.3,371281.05,3345.0
2010-10-20,15/9-F-4,24.0,,,
2010-10-20,15/9-F-5,13.34167,,,
2010-10-21,15/9-F-12,24.0,1679.85,255221.72,3447.93
2010-10-21,15/9-F-14,24.0,2459.14,373620.45,3373.89
2010-10-21,15/9-F-4,24.0,,,
2010-10-21,15/9-F-5,24.0,,,
2010-10-22,15/9-F-12,24.0,1662.05,247799.19,3415.87
2010-10-22,15/9-F-14,24.0,2430.54,362374.99,3339.02
2010-10-22,15/9-F-4,24.0,,,
2010-10-22,15/9-F-5,24.0,,,
2010-10-23,15/9-F-12,24.0,1665.04,252824.48,3475.12
2010-10-23,15/9-F-14,24.0,2434.43,369649.97,3396.25
2010-10-23,15/9-F-4,24.0,,,
2010-10-23,15/9-F-5,24.0,,,
2010-10-24,15/9-F-12,24.0,1664.76,250613.71,3468.19
2010-10-24,15/9-F-14,24.0,2433.69,366367.42,3389.02
2010-10-24,15/9-F-4,24.0,,,
2010-10-24,15/9-F-5,24.0,,,
2010-10-25,15/9-F-12,24.0,1646.79,249162.96,3532.13
2010-10-25,15/9-F-14,24.0,2417.35,365751.22,3369.45
2010-10-25,15/9-F-4,24.0,,,
2010-10-25,15/9-F-5,24.0,,,
2010-10-26,15/9-F-12,24.0,1619.75,245775.96,3493.51
2010-10-26,15/9-F-14,24.0,2402.66,364573.84,3367.66
2010-10-26,15/9-F-4,24.0,,,
2010-10-26,15/9-F-5,24.0,,,
2010-10-27,15/9-F-12,24.0,1610.7,244205.23,3490.15
2010-10-27,15/9-F-14,24.0,2398.73,363680.19,3377.76
2010-10-27,15/9-F-4,24.0,,,
2010-10-27,15/9-F-5,24.0,,,
2010-10-28,15/9-F-12,24.0,1612.3,242999.02,3494.63
2010-10-28,15/9-F-14,24.0,2416.68,364233.17,3404.05
2010-10-28,15/9-F-4,24.0,,,
2010-10-28,15/9-F-5,24.0,,,
2010-10-29,15/9-F-12,24.0,1603.85,242772.07,3490.61
2010-10-29,15/9-F-14,24.0,2410.66,364898.8,3409.53
2010-10-29,15/9-F-4,24.0,,,
2010-10-29,15/9-F-5,24.0,,,
2010-10-30,15/9-F-12,24.0,1606.35,241105.85,3518.55
2010-10-30,15/9-F-14,24.0,2406.95,361270.15,3426.16
2010-10-30,15/9-F-4,15.49166,,,
2010-10-30,15/9-F-5,24.0,,,
2010-10-31,15/9-F-12,25.0,1677.68,248776.29,3676.04
2010-10-31,15/9-F-14,25.0,2497.07,370280.31,3555.68
2010-10-31,15/9-F-4,0.0,,,
2010-10-31,15/9-F-5,25.0,,,
2010-11-01,15/9-F-12,24.0,1597.11,237082.4,3491.87
2010-11-01,15/9-F-14,24.0,2376.82,352826.56,3377.06
2010-11-01,15/9-F-4,0.0,,,
2010-11-01,15/9-F-5,24.0,,,
2010-11-02,15/9-F-12,24.0,1581.71,240202.8,3431.34
2010-11-02,15/9-F-14,24.0,2350.74,356989.32,3314.07
2010-11-02,15/9-F-4,23.675,,,
2010-11-02,15/9-F-5,24.0,,,
2010-11-03,15/9-F-12,24.0,1577.19,239406.41,3454.38
2010-11-03,15/9-F-14,24.0,2353.34,357220.41,3349.57
2010-11-03,15/9-F-4,24.0,,,
2010-11-03,15/9-F-5,24.0,,,
2010-11-04,15/9-F-12,24.0,1569.62,233134.55,3499.74
2010-11-04,15/9-F-14,24.0,2363.63,351068.29,3424.84
2010-11-04,15/9-F-4,0.24167,,,
2010-11-04,15/9-F-5,24.0,,,
2010-11-05,15/9-F-12,24.0,1546.95,232394.32,3433.34
2010-11-05,15/9-F-14,24.0,2363.88,355117.85,3409.45
2010-11-05,15/9-F-4,12.84167,,,
2010-11-05,15/9-F-5,24.0,,,
2010-11-06,15/9-F-12,24.0,1539.91,233892.43,3435.27
2010-11-06,15/9-F-14,24.0,2352.44,357303.68,3410.37
2010-11-06,15/9-F-4,24.0,,,
2010-11-06,15/9-F-5,24.0,,,
2010-11-07,15/9-F-12,24.0,1533.55,233447.57,3472.27
2010-11-07,15/9-F-14,24.0,2364.51,359941.53,3479.16
2010-11-07,15/9-F-4,24.0,,,
2010-11-07,15/9-F-5,24.0,,,
2010-11-08,15/9-F-12,20.75,1283.18,196683.63,2992.27
2010-11-08,15/9-F-14,20.58334,1872.93,287077.78,2838.26
2010-11-08,15/9-F-4,21.66667,,,
2010-11-08,15/9-F-5,21.41667,,,
2010-11-09,15/9-F-12,24.0,1591.77,241376.07,3784.36
2010-11-09,15/9-F-14,24.0,2170.11,329076.09,3352.86
2010-11-09,15/9-F-4,24.0,,,
2010-11-09,15/9-F-5,24.0,,,
2010-11-10,15/9-F-12,24.0,1494.83,231836.72,3599.86
2010-11-10,15/9-F-14,17.08333,1434.87,222538.68,2245.58
2010-11-10,15/9-F-4,24.0,,,
2010-11-10,15/9-F-5,24.0,,,
2010-11-11,15/9-F-12,24.0,1543.2,235823.92,3667.64
2010-11-11,15/9-F-14,24.0,2221.0,339402.89,3430.31
2010-11-11,15/9-F-4,24.0,,,
2010-11-11,15/9-F-5,24.0,,,
2010-11-12,15/9-F-12,24.0,1533.15,232196.21,3791.81
2010-11-12,15/9-F-14,24.0,2227.41,337341.64,3579.99
2010-11-12,15/9-F-4,24.0,,,
2010-11-12,15/9-F-5,24.0,,,
2010-11-13,15/9-F-12,24.0,1529.04,230402.92,3737.07
2010-11-13,15/9-F-14,24.0,2219.72,334479.38,3525.59
2010-11-13,15/9-F-4,24.0,,,
2010-11-13,15/9-F-5,24.0,,,
2010-11-14,15/9-F-12,24.0,1507.72,220192.11,3857.32
2010-11-14,15/9-F-14,24.0,2190.85,319958.8,3642.49
2010-11-14,15/9-F-4,24.0,,,
2010-11-14,15/9-F-5,24.0,,,
2010-11-15,15/9-F-12,3.15833,156.29,23536.38,439.11
2010-11-15,15/9-F-14,3.325,299.3,45071.92,546.47
2010-11-15,15/9-F-4,14.25,,,
2010-11-15,15/9-F-5,14.25,,,
2010-11-16,15/9-F-12,20.34167,1074.05,163273.24,2836.5
2010-11-16,15/9-F-14,20.34167,1630.2,247818.44,2797.82
2010-11-16,15/9-F-4,24.0,,,
2010-11-16,15/9-F-5,24.0,,,
2010-11-17,15/9-F-12,22.08333,1239.04,187269.51,2471.31
2010-11-17,15/9-F-14,22.08333,1926.25,291134.02,2496.74
2010-11-17,15/9-F-4,21.58333,,,
2010-11-17,15/9-F-5,21.75,,,
2010-11-18,15/9-F-12,24.0,1474.61,221348.15,3465.29
2010-11-18,15/9-F-14,24.0,2258.75,339051.03,3449.44
2010-11-18,15/9-F-4,24.0,,,
2010-11-18,15/9-F-5,24.0,,,
2010-11-19,15/9-F-12,24.0,1538.4,231845.62,3426.46
2010-11-19,15/9-F-14,24.0,2193.09,330510.16,3447.98
2010-11-19,15/9-F-4,24.0,,,
2010-11-19,15/9-F-5,24.0,,,
2010-11-20,15/9-F-12,24.0,1530.69,231412.75,3495.83
2010-11-20,15/9-F-14,24.0,2175.14,328843.15,3506.57
2010-11-20,15/9-F-4,24.0,,,
2010-11-20,15/9-F-5,24.0,,,
2010-11-21,15/9-F-12,24.0,1543.05,232623.12,3444.01
2010-11-21,15/9-F-14,24.0,2186.73,329660.73,3445.17
2010-11-21,15/9-F-4,24.0,,,
2010-11-21,15/9-F-5,24.0,,,
2010-11-22,15/9-F-12,24.0,1596.13,241498.57,3723.01
2010-11-22,15/9-F-14,24.0,2132.86,322707.69,3511.73
2010-11-22,15/9-F-4,22.58333,,,
2010-11-22,15/9-F-5,22.5,,,
2010-11-23,15/9-F-12,24.0,1611.64,246813.97,3525.83
2010-11-23,15/9-F-14,24.0,2113.08,323606.63,3263.19
2010-11-23,15/9-F-4,24.0,,,
2010-11-23,15/9-F-5,24.0,,,
2010-11-24,15/9-F-12,24.0,1613.68,247542.44,3578.39
2010-11-24,15/9-F-14,24.0,2112.61,324078.27,3306.89
2010-11-24,15/9-F-4,24.0,,,
2010-11-24,15/9-F-5,24.0,,,
2010-11-25,15/9-F-12,24.0,1609.87,247608.44,3634.71
2010-11-25,15/9-F-14,24.0,2107.9,324208.67,3359.39
2010-11-25,15/9-F-4,24.0,,,
2010-11-25,15/9-F-5,24.0,,,
2010-11-26,15/9-F-12,24.0,1613.49,248121.45,3680.5
2010-11-26,15/9-F-14,24.0,2112.98,324931.94,3402.25
2010-11-26,15/9-F-4,24.0,,,
2010-11-26,15/9-F-5,24.0,,,
2010-11-27,15/9-F-12,24.0,1612.24,247776.73,3721.26
2010-11-27,15/9-F-14,24.0,2114.8,325010.31,3445.56
2010-11-27,15/9-F-4,24.0,,,
2010-11-27,15/9-F-5,24.0,,,
2010-11-28,15/9-F-12,24.0,1614.24,247884.52,3754.28
2010-11-28,15/9-F-14,24.0,2120.65,325651.11,3481.47
2010-11-28,15/9-F-4,24.0,,,
2010-11-28,15/9-F-5,24.0,,,
2010-11-29,15/9-F-12,24.0,1585.8,243324.48,3726.34
2010-11-29,15/9-F-14,24.0,2125.95,326204.52,3526.29
2010-11-29,15/9-F-4,24.0,,,
2010-11-29,15/9-F-5,24.0,,,
2010-11-30,15/9-F-12,24.0,1626.3,247126.21,3664.28
2010-11-30,15/9-F-14,24.0,2082.94,316517.19,3603.42
2010-11-30,15/9-F-4,24.0,,,
2010-11-30,15/9-F-5,24.0,,,
2010-12-01,15/9-F-12,24.0,1609.92,245401.66,3621.36
2010-12-01,15/9-F-14,24.0,2080.84,317185.29,3593.82
2010-12-01,15/9-F-4,24.0,,,
2010-12-01,15/9-F-5,24.0,,,
2010-12-02,15/9-F-12,24.0,1589.75,243035.79,3603.63
2010-12-02,15/9-F-14,24.0,2070.32,316502.17,3603.27
2010-12-02,15/9-F-4,24.0,,,
2010-12-02,15/9-F-5,24.0,,,
2010-12-03,15/9-F-12,24.0,1585.55,241525.76,3618.7
2010-12-03,15/9-F-14,24.0,2066.32,314761.02,3620.92
2010-12-03,15/9-F-4,24.0,,,
2010-12-03,15/9-F-5,24.0,,,
2010-12-04,15/9-F-12,24.0,1578.54,242675.29,3623.49
2010-12-04,15/9-F-14,24.0,2054.18,315796.99,3620.42
2010-12-04,15/9-F-4,24.0,,,
2010-12-04,15/9-F-5,24.0,,,
2010-12-05,15/9-F-12,24.0,1550.79,238475.97,3568.01
2010-12-05,15/9-F-14,24.0,2051.02,315399.26,3623.2
2010-12-05,15/9-F-4,24.0,,,
2010-12-05,15/9-F-5,24.0,,,
2010-12-06,15/9-F-12,24.0,1491.36,229164.52,3710.34
2010-12-06,15/9-F-14,24.0,2096.44,322143.85,3475.86
2010-12-06,15/9-F-4,24.0,,,
2010-12-06,15/9-F-5,24.0,,,
2010-12-07,15/9-F-12,24.0,1474.38,226841.09,3546.36
2010-12-07,15/9-F-14,24.0,2101.22,323285.18,3669.98
2010-12-07,15/9-F-4,24.0,,,
2010-12-07,15/9-F-5,24.0,,,
2010-12-08,15/9-F-12,24.0,1472.38,226043.61,3552.88
2010-12-08,15/9-F-14,24.0,2099.09,322256.91,3677.97
2010-12-08,15/9-F-4,24.0,,,
2010-12-08,15/9-F-5,24.0,,,
2010-12-09,15/9-F-12,22.33333,1201.17,183251.82,3198.25
2010-12-09,15/9-F-14,22.5,1772.0,270337.26,3426.0
2010-12-09,15/9-F-4,13.025,,,
2010-12-09,15/9-F-5,16.0,,,
2010-12-10,15/9-F-12,24.0,1470.57,226112.14,3641.17
2010-12-10,15/9-F-14,24.0,2055.08,315985.4,3694.9
2010-12-10,15/9-F-4,11.975,,,
2010-12-10,15/9-F-5,24.0,,,
2010-12-11,15/9-F-12,24.0,1471.19,226462.19,3563.75
2010-12-11,15/9-F-14,24.0,2056.45,316553.81,3617.23
2010-12-11,15/9-F-4,24.0,,,
2010-12-11,15/9-F-5,24.0,,,
2010-12-12,15/9-F-12,24.0,1477.12,220800.07,3575.17
2010-12-12,15/9-F-14,24.0,2064.02,308529.71,3627.53
2010-12-12,15/9-F-4,24.0,,,
2010-12-12,15/9-F-5,24.0,,,
2010-12-13,15/9-F-12,24.0,1466.79,223129.16,3644.13
2010-12-13,15/9-F-14,24.0,2080.16,316435.94,3572.94
2010-12-13,15/9-F-4,24.0,,,
2010-12-13,15/9-F-5,24.0,,,
2010-12-14,15/9-F-12,24.0,1483.23,227085.52,3684.35
2010-12-14,15/9-F-14,24.0,2068.29,316660.17,3551.96
2010-12-14,15/9-F-4,24.0,,,
2010-12-14,15/9-F-5,24.0,,,
2010-12-15,15/9-F-12,24.0,1453.72,223944.6,3628.71
2010-12-15,15/9-F-14,24.0,2065.08,318124.4,3563.79
2010-12-15,15/9-F-4,24.0,,,
2010-12-15,15/9-F-5,24.0,,,
2010-12-16,15/9-F-12,24.0,1445.2,222095.18,3590.91
2010-12-16,15/9-F-14,24.0,2078.31,319391.61,3570.2
2010-12-16,15/9-F-4,24.0,,,
2010-12-16,15/9-F-5,24.0,,,
2010-12-17,15/9-F-12,24.0,1441.39,220688.56,3597.64
2010-12-17,15/9-F-14,24.0,2074.01,317548.3,3578.9
2010-12-17,15/9-F-4,24.0,,,
2010-12-17,15/9-F-5,24.0,,,
2010-12-18,15/9-F-12,24.0,1442.42,219764.92,3657.7
2010-12-18,15/9-F-14,24.0,2073.42,315903.55,3635.02
2010-12-18,15/9-F-4,23.16667,,,
2010-12-18,15/9-F-5,24.0,,,
2010-12-19,15/9-F-12,24.0,1434.65,219213.2,3573.56
2010-12-19,15/9-F-14,24.0,2061.98,315069.08,3550.94
2010-12-19,15/9-F-4,24.0,,,
2010-12-19,15/9-F-5,24.0,,,
2010-12-20,15/9-F-12,24.0,1439.58,220414.5,3586.95
2010-12-20,15/9-F-14,24.0,2068.3,316676.67,3562.9
2010-12-20,15/9-F-4,24.0,,,
2010-12-20,15/9-F-5,24.0,,,
2010-12-21,15/9-F-12,24.0,1451.05,222092.03,3629.37
2010-12-21,15/9-F-14,24.0,2079.2,318232.76,3595.4
2010-12-21,15/9-F-4,24.0,,,
2010-12-21,15/9-F-5,24.0,,,
2010-12-22,15/9-F-12,24.0,1457.0,222283.3,3639.71
2010-12-22,15/9-F-14,24.0,2086.32,318294.95,3603.24
2010-12-22,15/9-F-4,24.0,,,
2010-12-22,15/9-F-5,24.0,,,
2010-12-23,15/9-F-12,24.0,1494.0,226240.57,3705.16
2010-12-23,15/9-F-14,24.0,2109.87,319502.67,3617.55
2010-12-23,15/9-F-4,24.0,,,
2010-12-23,15/9-F-5,24.0,,,
2010-12-24,15/9-F-12,24.0,1479.11,224893.42,3692.72
2010-12-24,15/9-F-14,24.0,2106.6,320301.5,3636.07
2010-12-24,15/9-F-4,24.0,,,
2010-12-24,15/9-F-5,24.0,,,
2010-12-25,15/9-F-12,24.0,1465.35,223328.87,3693.4
2010-12-25,15/9-F-14,24.0,2097.91,319735.81,3655.74
2010-12-25,15/9-F-4,24.0,,,
2010-12-25,15/9-F-5,24.0,,,
2010-12-26,15/9-F-12,24.0,1454.92,222372.3,3667.59
2010-12-26,15/9-F-14,24.0,2091.69,319699.34,3645.39
2010-12-26,15/9-F-4,24.0,,,
2010-12-26,15/9-F-5,24.0,,,
2010-12-27,15/9-F-12,24.0,1447.75,221843.76,3665.9
2010-12-27,15/9-F-14,24.0,2083.39,319246.1,3647.23
2010-12-27,15/9-F-4,24.0,,,
2010-12-27,15/9-F-5,24.0,,,
2010-12-28,15/9-F-12,23.0,1174.41,177469.72,3093.01
2010-12-28,15/9-F-14,23.0,1941.4,293372.41,3534.92
2010-12-28,15/9-F-4,20.66667,,,
2010-12-28,15/9-F-5,20.66667,,,
2010-12-29,15/9-F-12,24.0,1365.36,208244.73,3616.99
2010-12-29,15/9-F-14,24.0,2028.0,309309.32,3714.23
2010-12-29,15/9-F-4,24.0,,,
2010-12-29,15/9-F-5,24.0,,,
2010-12-30,15/9-F-12,24.0,1432.75,218828.47,3511.25
2010-12-30,15/9-F-14,24.0,2060.71,314737.23,3491.47
2010-12-30,15/9-F-4,24.0,,,
2010-12-30,15/9-F-5,24.0,,,
2010-12-31,15/9-F-12,24.0,1416.56,216937.74,3633.73
2010-12-31,15/9-F-14,24.0,2064.61,316180.87,3661.47
2010-12-31,15/9-F-4,24.0,,,
2010-12-31,15/9-F-5,24.0,,,
2011-01-01,15/9-F-12,24.0,1400.53,213708.61,3480.07
2011-01-01,15/9-F-14,24.0,2074.2,316503.37,3563.26
2011-01-01,15/9-F-4,24.0,,,
2011-01-01,15/9-F-5,24.0,,,
2011-01-02,15/9-F-12,24.0,1445.49,220374.47,3717.99
2011-01-02,15/9-F-14,24.0,2026.85,309006.21,3580.97
2011-01-02,15/9-F-4,24.0,,,
2011-01-02,15/9-F-5,24.0,,,
2011-01-03,15/9-F-12,23.5,1467.69,224415.73,3767.72
2011-01-03,15/9-F-14,24.0,1995.72,305154.68,3519.1
2011-01-03,15/9-F-4,24.0,,,
2011-01-03,15/9-F-5,24.0,,,
2011-01-04,15/9-F-12,24.0,1495.62,228677.49,3828.87
2011-01-04,15/9-F-14,24.0,1965.31,300492.45,3455.94
2011-01-04,15/9-F-4,24.0,,,
2011-01-04,15/9-F-5,24.0,,,
2011-01-05,15/9-F-12,24.0,1489.76,227706.58,3796.0
2011-01-05,15/9-F-14,24.0,1976.97,302177.01,3460.17
2011-01-05,15/9-F-4,24.0,,,
2011-01-05,15/9-F-5,24.0,,,
2011-01-06,15/9-F-12,24.0,1489.08,227472.2,3802.56
2011-01-06,15/9-F-14,24.0,1974.18,301577.38,3462.84
2011-01-06,15/9-F-4,24.0,,,
2011-01-06,15/9-F-5,24.0,,,
2011-01-07,15/9-F-12,24.0,1493.72,227027.75,3806.85
2011-01-07,15/9-F-14,24.0,1982.03,301247.14,3469.73
2011-01-07,15/9-F-4,24.0,,,
2011-01-07,15/9-F-5,24.0,,,
2011-01-08,15/9-F-12,24.0,1493.77,227347.67,3807.74
2011-01-08,15/9-F-14,24.0,1980.51,301427.09,3467.74
2011-01-08,15/9-F-4,24.0,,,
2011-01-08,15/9-F-5,24.0,,,
2011-01-09,15/9-F-12,24.0,1494.08,227605.35,3633.71
2011-01-09,15/9-F-14,24.0,1976.99,301169.41,3647.24
2011-01-09,15/9-F-4,24.0,,,
2011-01-09,15/9-F-5,24.0,,,
2011-01-10,15/9-F-12,24.0,1470.67,223604.67,3639.64
2011-01-10,15/9-F-14,24.0,1965.28,298805.65,3689.36
2011-01-10,15/9-F-4,20.08333,,,
2011-01-10,15/9-F-5,24.0,,,
2011-01-11,15/9-F-12,24.0,1459.02,222107.1,3652.25
2011-01-11,15/9-F-14,24.0,1961.37,298579.76,3724.29
2011-01-11,15/9-F-4,15.0,,,
2011-01-11,15/9-F-5,24.0,,,
2011-01-12,15/9-F-12,24.0,1485.57,222798.36,3820.06
2011-01-12,15/9-F-14,24.0,1997.75,299611.96,3528.61
2011-01-12,15/9-F-4,24.0,,,
2011-01-12,15/9-F-5,24.0,,,
2011-01-13,15/9-F-12,24.0,1534.9,233758.15,3988.66
2011-01-13,15/9-F-14,24.0,1956.24,297927.71,3491.86
2011-01-13,15/9-F-4,24.0,,,
2011-01-13,15/9-F-5,24.0,,,
2011-01-14,15/9-F-12,24.0,1510.09,230527.63,3917.27
2011-01-14,15/9-F-14,24.0,1971.12,300906.35,3512.19
2011-01-14,15/9-F-4,24.0,,,
2011-01-14,15/9-F-5,24.0,,,
2011-01-15,15/9-F-12,24.0,1508.39,229845.31,3945.41
2011-01-15,15/9-F-14,24.0,1966.71,299681.39,3533.48
2011-01-15,15/9-F-4,24.0,,,
2011-01-15,15/9-F-5,24.0,,,
2011-01-16,15/9-F-12,24.0,1506.75,229144.55,3928.91
2011-01-16,15/9-F-14,24.0,1961.4,298286.91,3513.04
2011-01-16,15/9-F-4,24.0,,,
2011-01-16,15/9-F-5,24.0,,,
2011-01-17,15/9-F-12,24.0,1441.68,219891.53,3805.28
2011-01-17,15/9-F-14,24.0,2013.49,307107.27,3650.52
2011-01-17,15/9-F-4,24.0,,,
2011-01-17,15/9-F-5,24.0,,,
2011-01-18,15/9-F-12,24.0,1435.36,219064.58,3808.31
2011-01-18,15/9-F-14,24.0,2005.16,306026.27,3654.31
2011-01-18,15/9-F-4,24.0,,,
2011-01-18,15/9-F-5,24.0,,,
2011-01-19,15/9-F-12,24.0,1429.73,217983.69,3807.73
2011-01-19,15/9-F-14,24.0,1989.6,303342.66,3639.68
2011-01-19,15/9-F-4,24.0,,,
2011-01-19,15/9-F-5,24.0,,,
2011-01-20,15/9-F-12,24.0,1403.07,213950.29,3754.86
2011-01-20,15/9-F-14,24.0,1972.24,300740.78,3625.43
2011-01-20,15/9-F-4,24.0,,,
2011-01-20,15/9-F-5,24.0,,,
2011-01-21,15/9-F-12,24.0,1416.32,215863.36,3785.29
2011-01-21,15/9-F-14,24.0,1998.81,304641.86,3669.41
2011-01-21,15/9-F-4,24.0,,,
2011-01-21,15/9-F-5,24.0,,,
2011-01-22,15/9-F-12,24.0,1400.07,213904.45,3695.29
2011-01-22,15/9-F-14,24.0,2005.83,306451.91,3636.45
2011-01-22,15/9-F-4,24.0,,,
2011-01-22,15/9-F-5,24.0,,,
2011-01-23,15/9-F-12,24.0,1391.19,212402.54,3735.49
2011-01-23,15/9-F-14,24.0,1963.73,299814.17,3621.81
2011-01-23,15/9-F-4,24.0,,,
2011-01-23,15/9-F-5,24.0,,,
2011-01-24,15/9-F-12,24.0,1392.68,212634.83,3741.57
2011-01-24,15/9-F-14,24.0,1965.35,300070.08,3626.84
2011-01-24,15/9-F-4,24.0,,,
2011-01-24,15/9-F-5,24.0,,,
2011-01-25,15/9-F-12,24.0,1377.34,210821.8,3728.58
2011-01-25,15/9-F-14,24.0,1945.09,297726.19,3616.85
2011-01-25,15/9-F-4,24.0,,,
2011-01-25,15/9-F-5,24.0,,,
2011-01-26,15/9-F-12,24.0,1379.34,210675.97,3723.03
2011-01-26,15/9-F-14,24.0,1949.07,297693.19,3613.56
2011-01-26,15/9-F-4,24.0,,,
2011-01-26,15/9-F-5,24.0,,,
2011-01-27,15/9-F-12,24.0,1375.87,210335.67,3726.21
2011-01-27,15/9-F-14,24.0,1941.73,296841.74,3612.15
2011-01-27,15/9-F-4,24.0,,,
2011-01-27,15/9-F-5,24.0,,,
2011-01-28,15/9-F-12,24.0,1379.02,210613.35,3736.12
2011-01-28,15/9-F-14,24.0,1947.38,297417.12,3624.0
2011-01-28,15/9-F-4,24.0,,,
2011-01-28,15/9-F-5,24.0,,,
2011-01-29,15/9-F-12,24.0,1399.77,214213.13,3787.13
2011-01-29,15/9-F-14,24.0,1976.34,302448.07,3672.83
2011-01-29,15/9-F-4,24.0,,,
2011-01-29,15/9-F-5,24.0,,,
2011-01-30,15/9-F-12,24.0,1399.71,213688.21,3782.12
2011-01-30,15/9-F-14,24.0,1974.71,301471.95,3665.11
2011-01-30,15/9-F-4,24.0,,,
2011-01-30,15/9-F-5,24.0,,,
2011-01-31,15/9-F-12,24.0,1380.27,211835.87,3734.82
2011-01-31,15/9-F-14,24.0,1947.29,298856.68,3619.25
2011-01-31,15/9-F-4,24.0,,,
2011-01-31,15/9-F-5,24.0,,,
2011-02-01,15/9-F-12,14.775,805.8,127637.94,2355.23
2011-02-01,15/9-F-14,14.775,1178.94,186744.44,2366.93
2011-02-01,15/9-F-4,23.275,,,
2011-02-01,15/9-F-5,23.10833,,,
2011-02-02,15/9-F-4,0.0,,,
2011-02-02,15/9-F-5,0.0,,,
2011-02-03,15/9-F-4,0.0,,,
2011-02-03,15/9-F-5,0.0,,,
2011-02-04,15/9-F-4,0.0,,,
2011-02-04,15/9-F-5,0.0,,,
2011-02-05,15/9-F-12,14.05833,529.63,83902.19,1739.28
2011-02-05,15/9-F-14,15.475,792.96,125619.51,1788.71
2011-02-05,15/9-F-4,11.89167,,,
2011-02-05,15/9-F-5,11.89167,,,
2011-02-06,15/9-F-12,22.66667,1234.51,184401.99,3859.07
2011-02-06,15/9-F-14,22.5,1581.39,236216.85,3395.58
2011-02-06,15/9-F-4,21.33333,,,
2011-02-06,15/9-F-5,21.33333,,,
2011-02-07,15/9-F-12,24.0,1411.05,214713.85,3912.02
2011-02-07,15/9-F-14,24.0,1864.62,283733.22,3550.9
2011-02-07,15/9-F-4,24.0,,,
2011-02-07,15/9-F-5,24.0,,,
2011-02-08,15/9-F-12,24.0,1382.22,211755.05,3754.95
2011-02-08,15/9-F-14,24.0,1856.36,284391.6,3463.97
2011-02-08,15/9-F-4,24.0,,,
2011-02-08,15/9-F-5,24.0,,,
2011-02-09,15/9-F-12,24.0,1386.99,214619.94,3892.41
2011-02-09,15/9-F-14,24.0,1851.68,286525.58,3569.43
2011-02-09,15/9-F-4,12.33333,,,
2011-02-09,15/9-F-5,12.25,,,
2011-02-10,15/9-F-12,24.0,1408.32,215290.25,3793.08
2011-02-10,15/9-F-14,24.0,1898.77,290264.12,3512.74
2011-02-10,15/9-F-4,24.0,,,
2011-02-10,15/9-F-5,24.0,,,
2011-02-11,15/9-F-12,24.0,1416.92,216670.79,3995.27
2011-02-11,15/9-F-14,24.0,1891.82,289292.47,3664.11
2011-02-11,15/9-F-4,24.0,,,
2011-02-11,15/9-F-5,24.0,,,
2011-02-12,15/9-F-12,24.0,1410.46,216128.28,3776.38
2011-02-12,15/9-F-14,24.0,1865.5,285857.06,3430.84
2011-02-12,15/9-F-4,24.0,,,
2011-02-12,15/9-F-5,24.0,,,
2011-02-13,15/9-F-12,20.5,1032.64,162596.99,2842.37
2011-02-13,15/9-F-14,22.0,1427.65,224793.51,2699.22
2011-02-13,15/9-F-4,17.66666,,,
2011-02-13,15/9-F-5,17.66666,,,
2011-02-14,15/9-F-12,8.0,444.51,92921.71,1230.16
2011-02-14,15/9-F-14,8.33333,638.36,133445.95,1213.5
2011-02-14,15/9-F-4,7.10833,,,
2011-02-14,15/9-F-5,7.10833,,,
2011-02-15,15/9-F-12,21.24999,836.16,124521.86,1627.11
2011-02-15,15/9-F-14,22.41667,1498.32,223129.14,2002.69
2011-02-15,15/9-F-4,12.14166,,,
2011-02-15,15/9-F-5,12.05833,,,
2011-02-16,15/9-F-12,24.0,1425.22,217731.6,4028.43
2011-02-16,15/9-F-14,24.0,1875.21,286475.13,3640.71
2011-02-16,15/9-F-4,24.0,,,
2011-02-16,15/9-F-5,20.33333,,,
2011-02-17,15/9-F-12,24.0,1291.79,200601.42,3531.06
2011-02-17,15/9-F-14,24.0,1978.55,307246.58,3347.98
2011-02-17,15/9-F-4,24.0,,,
2011-02-17,15/9-F-5,24.0,,,
2011-02-18,15/9-F-12,24.0,1279.33,199842.18,3741.15
2011-02-18,15/9-F-14,24.0,1965.19,306978.73,3187.92
2011-02-18,15/9-F-4,24.0,,,
2011-02-18,15/9-F-5,24.0,,,
2011-02-19,15/9-F-12,24.0,1261.79,196505.03,3735.16
2011-02-19,15/9-F-14,24.0,1971.63,307053.23,3237.67
2011-02-19,15/9-F-4,24.0,,,
2011-02-19,15/9-F-5,24.0,,,
2011-02-20,15/9-F-12,24.0,1262.54,196306.28,3956.12
2011-02-20,15/9-F-14,24.0,1972.83,306746.49,3429.24
2011-02-20,15/9-F-4,23.0,,,
2011-02-20,15/9-F-5,23.0,,,
2011-02-21,15/9-F-12,24.0,1262.7,196339.05,3809.16
2011-02-21,15/9-F-14,24.0,1973.07,306796.69,3301.83
2011-02-21,15/9-F-4,24.0,,,
2011-02-21,15/9-F-5,24.0,,,
2011-02-22,15/9-F-12,24.0,1190.17,185687.38,3683.09
2011-02-22,15/9-F-14,24.0,2021.33,315362.38,3469.93
2011-02-22,15/9-F-4,24.0,,,
2011-02-22,15/9-F-5,24.0,,,
2011-02-23,15/9-F-12,24.0,1178.16,183816.55,3694.14
2011-02-23,15/9-F-14,24.0,2022.07,315484.48,3517.13
2011-02-23,15/9-F-4,24.0,,,
2011-02-23,15/9-F-5,24.0,,,
2011-02-24,15/9-F-12,24.0,1166.61,181615.31,3715.72
2011-02-24,15/9-F-14,24.0,2007.92,312588.71,3547.69
2011-02-24,15/9-F-4,24.0,,,
2011-02-24,15/9-F-5,24.0,,,
2011-02-25,15/9-F-12,24.0,1150.79,177198.67,3682.65
2011-02-25,15/9-F-14,24.0,2002.21,308300.05,3554.31
2011-02-25,15/9-F-4,24.0,,,
2011-02-25,15/9-F-5,24.0,,,
2011-02-26,15/9-F-12,24.0,1136.01,173769.7,3634.69
2011-02-26,15/9-F-14,24.0,1984.99,303632.3,3523.09
2011-02-26,15/9-F-4,24.0,,,
2011-02-26,15/9-F-5,24.0,,,
2011-02-27,15/9-F-12,24.0,1130.4,172794.26,3642.44
2011-02-27,15/9-F-14,24.0,1975.89,302037.35,3531.89
2011-02-27,15/9-F-4,24.0,,,
2011-02-27,15/9-F-5,24.0,,,
2011-02-28,15/9-F-12,24.0,1122.77,171858.8,3643.04
2011-02-28,15/9-F-14,24.0,1969.05,301394.02,3544.12
2011-02-28,15/9-F-4,24.0,,,
2011-02-28,15/9-F-5,24.0,,,
2011-03-01,15/9-F-12,24.0,1127.97,172527.99,3678.74
2011-03-01,15/9-F-14,24.0,1977.11,302408.83,3576.97
2011-03-01,15/9-F-4,24.0,,,
2011-03-01,15/9-F-5,24.0,,,
2011-03-02,15/9-F-12,24.0,1107.67,169579.28,3634.54
2011-03-02,15/9-F-14,24.0,1960.05,300075.87,3567.72
2011-03-02,15/9-F-4,24.0,,,
2011-03-02,15/9-F-5,24.0,,,
2011-03-03,15/9-F-12,24.0,1095.79,168285.89,3604.22
2011-03-03,15/9-F-14,24.0,1946.72,298967.44,3551.98
2011-03-03,15/9-F-4,24.0,,,
2011-03-03,15/9-F-5,24.0,,,
2011-03-04,15/9-F-12,24.0,1111.01,169926.29,3673.27
2011-03-04,15/9-F-14,24.0,1958.95,299614.68,3592.84
2011-03-04,15/9-F-4,24.0,,,
2011-03-04,15/9-F-5,24.0,,,
2011-03-05,15/9-F-12,24.0,1099.87,168700.19,3652.4
2011-03-05,15/9-F-14,24.0,1943.11,298037.69,3579.45
2011-03-05,15/9-F-4,24.0,,,
2011-03-05,15/9-F-5,24.0,,,
2011-03-06,15/9-F-12,24.0,1099.11,166899.39,3665.82
2011-03-06,15/9-F-14,24.0,1943.13,295061.3,3595.1
2011-03-06,15/9-F-4,19.41667,,,
2011-03-06,15/9-F-5,22.66667,,,
2011-03-07,15/9-F-12,24.0,1094.18,167634.57,3624.12
2011-03-07,15/9-F-14,24.0,1933.78,296266.26,3553.07
2011-03-07,15/9-F-4,24.0,,,
2011-03-07,15/9-F-5,24.0,,,
2011-03-08,15/9-F-12,24.0,1085.72,169749.85,3665.57
2011-03-08,15/9-F-14,24.0,1920.03,300193.48,3595.97
2011-03-08,15/9-F-4,24.0,,,
2011-03-08,15/9-F-5,24.0,,,
2011-03-09,15/9-F-12,24.0,1084.88,167656.96,3642.2
2011-03-09,15/9-F-14,24.0,1919.2,296592.62,3574.25
2011-03-09,15/9-F-4,24.0,,,
2011-03-09,15/9-F-5,24.0,,,
2011-03-10,15/9-F-12,24.0,1093.52,168753.11,3650.8
2011-03-10,15/9-F-14,24.0,1932.01,298150.37,3578.11
2011-03-10,15/9-F-4,24.0,,,
2011-03-10,15/9-F-5,24.0,,,
2011-03-11,15/9-F-12,24.0,1155.48,177382.67,3340.13
2011-03-11,15/9-F-14,24.0,1897.76,291333.84,3938.67
2011-03-11,15/9-F-4,24.0,,,
2011-03-11,15/9-F-5,24.0,,,
2011-03-12,15/9-F-12,24.0,1273.27,194993.66,3655.37
2011-03-12,15/9-F-14,24.0,1907.26,292083.71,3931.2
2011-03-12,15/9-F-4,24.0,,,
2011-03-12,15/9-F-5,24.0,,,
2011-03-13,15/9-F-12,24.0,1317.83,203200.23,3793.55
2011-03-13,15/9-F-14,24.0,1905.52,293816.25,3938.26
2011-03-13,15/9-F-4,24.0,,,
2011-03-13,15/9-F-5,24.0,,,
2011-03-14,15/9-F-12,24.0,1319.88,202966.41,3627.49
2011-03-14,15/9-F-14,24.0,1902.3,292527.22,4109.12
2011-03-14,15/9-F-4,24.0,,,
2011-03-14,15/9-F-5,24.0,,,
2011-03-15,15/9-F-12,24.0,1339.33,206414.28,3684.12
2011-03-15,15/9-F-14,24.0,1876.25,289165.09,4056.38
2011-03-15,15/9-F-4,24.0,,,
2011-03-15,15/9-F-5,24.0,,,
2011-03-16,15/9-F-12,24.0,1335.73,206782.35,3687.17
2011-03-16,15/9-F-14,24.0,1856.21,287358.06,4027.2
2011-03-16,15/9-F-4,24.0,,,
2011-03-16,15/9-F-5,24.0,,,
2011-03-17,15/9-F-12,10.83334,512.15,79669.28,1604.01
2011-03-17,15/9-F-14,13.5,807.59,125626.19,1987.91
2011-03-17,15/9-F-4,14.5,,,
2011-03-17,15/9-F-5,14.5,,,
2011-03-18,15/9-F-12,24.0,1307.39,200794.6,3824.71
2011-03-18,15/9-F-14,24.0,1718.61,263950.68,3951.57
2011-03-18,15/9-F-4,24.0,,,
2011-03-18,15/9-F-5,24.0,,,
2011-03-19,15/9-F-12,24.0,1367.36,210158.76,3931.28
2011-03-19,15/9-F-14,24.0,1762.74,270927.83,3983.27
2011-03-19,15/9-F-4,24.0,,,
2011-03-19,15/9-F-5,24.0,,,
2011-03-20,15/9-F-12,24.0,1377.51,212213.77,3991.8
2011-03-20,15/9-F-14,24.0,1751.68,269857.23,3989.61
2011-03-20,15/9-F-4,24.0,,,
2011-03-20,15/9-F-5,24.0,,,
2011-03-21,15/9-F-12,24.0,1401.73,216774.92,3978.4
2011-03-21,15/9-F-14,24.0,1728.13,267251.08,3854.96
2011-03-21,15/9-F-4,24.0,,,
2011-03-21,15/9-F-5,24.0,,,
2011-03-22,15/9-F-12,24.0,1310.29,201566.59,3872.66
2011-03-22,15/9-F-14,24.0,1818.1,279686.77,3986.83
2011-03-22,15/9-F-4,24.0,,,
2011-03-22,15/9-F-5,24.0,,,
2011-03-23,15/9-F-12,24.0,1272.22,196270.5,3687.83
2011-03-23,15/9-F-14,24.0,1845.76,284751.11,3969.61
2011-03-23,15/9-F-4,24.0,,,
2011-03-23,15/9-F-5,24.0,,,
2011-03-24,15/9-F-12,24.0,1269.45,196569.22,3795.4
2011-03-24,15/9-F-14,24.0,1841.65,285172.36,4085.22
2011-03-24,15/9-F-4,24.0,,,
2011-03-24,15/9-F-5,23.50834,,,
2011-03-25,15/9-F-12,24.0,1270.22,196708.24,3769.83
2011-03-25,15/9-F-14,24.0,1837.95,284627.19,4047.08
2011-03-25,15/9-F-4,21.83333,,,
2011-03-25,15/9-F-5,21.49166,,,
2011-03-26,15/9-F-12,24.0,1273.01,196502.47,3726.36
2011-03-26,15/9-F-14,24.0,1837.78,283683.25,3991.32
2011-03-26,15/9-F-4,24.0,,,
2011-03-26,15/9-F-5,24.0,,,
2011-03-27,15/9-F-12,23.0,1221.62,188421.99,3673.12
2011-03-27,15/9-F-14,23.0,1752.62,270325.01,3909.81
2011-03-27,15/9-F-4,13.66667,,,
2011-03-27,15/9-F-5,23.0,,,
2011-03-28,15/9-F-12,24.0,1273.76,196845.47,3806.32
2011-03-28,15/9-F-14,24.0,1821.72,281525.2,4038.89
2011-03-28,15/9-F-4,24.0,,,
2011-03-28,15/9-F-5,24.0,,,
2011-03-29,15/9-F-12,24.0,1268.71,195098.62,3789.1
2011-03-29,15/9-F-14,24.0,1813.41,278860.46,4018.23
2011-03-29,15/9-F-4,24.0,,,
2011-03-29,15/9-F-5,24.0,,,
2011-03-30,15/9-F-12,24.0,1256.64,194682.76,3787.03
2011-03-30,15/9-F-14,24.0,1801.04,279023.25,4026.97
2011-03-30,15/9-F-4,24.0,,,
2011-03-30,15/9-F-5,24.0,,,
2011-03-31,15/9-F-12,24.0,1271.75,196488.9,3721.99
2011-03-31,15/9-F-14,24.0,1791.79,276834.65,3890.66
2011-03-31,15/9-F-4,22.83334,,,
2011-03-31,15/9-F-5,22.83334,,,
2011-04-01,15/9-F-12,24.0,1258.59,194231.82,3792.21
2011-04-01,15/9-F-14,24.0,1801.41,278001.82,4027.03
2011-04-01,15/9-F-4,24.0,,,
2011-04-01,15/9-F-5,24.0,,,
2011-04-02,15/9-F-12,24.0,1252.49,194020.51,3786.5
2011-04-02,15/9-F-14,24.0,1793.12,277767.44,4021.95
2011-04-02,15/9-F-4,24.0,,,
2011-04-02,15/9-F-5,24.0,,,
2011-04-03,15/9-F-12,24.0,1248.11,193499.68,3791.93
2011-04-03,15/9-F-14,24.0,1787.31,277092.97,4028.76
2011-04-03,15/9-F-4,24.0,,,
2011-04-03,15/9-F-5,24.0,,,
2011-04-04,15/9-F-12,24.0,1246.03,193337.75,3795.89
2011-04-04,15/9-F-14,24.0,1782.23,276537.47,4028.26
2011-04-04,15/9-F-4,24.0,,,
2011-04-04,15/9-F-5,24.0,,,
2011-04-05,15/9-F-12,23.0,1143.41,178945.54,4120.21
2011-04-05,15/9-F-14,23.16667,1554.73,243316.18,4156.58
2011-04-05,15/9-F-4,21.0,,,
2011-04-05,15/9-F-5,20.83334,,,
2011-04-06,15/9-F-12,24.0,1241.86,191741.48,3934.05
2011-04-06,15/9-F-14,24.0,1769.38,273190.05,4158.67
2011-04-06,15/9-F-4,13.0,,,
2011-04-06,15/9-F-5,24.0,,,
2011-04-07,15/9-F-12,24.0,1259.7,195517.72,3776.8
2011-04-07,15/9-F-14,24.0,1775.88,275633.78,3950.36
2011-04-07,15/9-F-4,24.0,,,
2011-04-07,15/9-F-5,24.0,,,
2011-04-08,15/9-F-12,24.0,1260.44,198491.65,3901.37
2011-04-08,15/9-F-14,24.0,1772.75,279171.51,4071.11
2011-04-08,15/9-F-4,24.0,,,
2011-04-08,15/9-F-5,24.0,,,
2011-04-09,15/9-F-12,24.0,1253.93,194442.12,3863.4
2011-04-09,15/9-F-14,24.0,1787.35,277157.64,4085.75
2011-04-09,15/9-F-4,24.0,,,
2011-04-09,15/9-F-5,10.66667,,,
2011-04-10,15/9-F-12,24.0,1251.18,195424.32,3785.89
2011-04-10,15/9-F-14,24.0,1784.0,278647.41,4198.55
2011-04-10,15/9-F-4,24.0,,,
2011-04-10,15/9-F-5,24.0,,,
2011-04-11,15/9-F-12,24.0,1255.76,196051.88,3816.3
2011-04-11,15/9-F-14,24.0,1789.31,279350.85,4229.38
2011-04-11,15/9-F-4,17.16667,,,
2011-04-11,15/9-F-5,24.0,,,
2011-04-12,15/9-F-12,24.0,1256.69,195815.12,3723.62
2011-04-12,15/9-F-14,24.0,1790.3,278959.88,4125.88
2011-04-12,15/9-F-4,24.0,,,
2011-04-12,15/9-F-5,24.0,,,
2011-04-13,15/9-F-12,22.91667,1106.35,173155.15,3761.38
2011-04-13,15/9-F-14,22.5,1532.81,239902.21,4053.23
2011-04-13,15/9-F-4,21.33333,,,
2011-04-13,15/9-F-5,21.33333,,,
2011-04-14,15/9-F-12,24.0,1270.15,194790.56,3816.04
2011-04-14,15/9-F-14,24.0,1760.51,269990.78,4113.86
2011-04-14,15/9-F-4,24.0,,,
2011-04-14,15/9-F-5,24.0,,,
2011-04-15,15/9-F-12,24.0,1293.92,199509.41,3885.01
2011-04-15,15/9-F-14,24.0,1746.44,269282.33,4078.42
2011-04-15,15/9-F-4,24.0,,,
2011-04-15,15/9-F-5,24.0,,,
2011-04-16,15/9-F-12,24.0,1301.46,200895.03,3904.59
2011-04-16,15/9-F-14,24.0,1732.67,267457.32,4043.11
2011-04-16,15/9-F-4,24.0,,,
2011-04-16,15/9-F-5,24.0,,,
2011-04-17,15/9-F-12,24.0,1303.22,201259.01,3914.21
2011-04-17,15/9-F-14,24.0,1724.09,266253.89,4027.54
2011-04-17,15/9-F-4,24.0,,,
2011-04-17,15/9-F-5,24.0,,,
2011-04-18,15/9-F-12,24.0,1295.85,201362.6,3978.98
2011-04-18,15/9-F-14,24.0,1714.29,266383.4,4094.08
2011-04-18,15/9-F-4,24.0,,,
2011-04-18,15/9-F-5,24.0,,,
2011-04-19,15/9-F-12,24.0,1292.72,201138.75,3871.87
2011-04-19,15/9-F-14,24.0,1710.14,266087.25,3983.86
2011-04-19,15/9-F-4,24.0,,,
2011-04-19,15/9-F-5,24.0,,,
2011-04-20,15/9-F-12,24.0,1292.57,200671.11,3865.76
2011-04-20,15/9-F-14,24.0,1708.4,265226.89,3973.96
2011-04-20,15/9-F-4,24.0,,,
2011-04-20,15/9-F-5,24.0,,,
2011-04-21,15/9-F-12,24.0,1290.47,199048.17,3937.21
2011-04-21,15/9-F-14,24.0,1705.61,263081.83,4047.4
2011-04-21,15/9-F-4,24.0,,,
2011-04-21,15/9-F-5,24.0,,,
2011-04-22,15/9-F-12,24.0,1288.23,200849.43,3913.63
2011-04-22,15/9-F-14,24.0,1702.66,265462.57,4023.17
2011-04-22,15/9-F-4,24.0,,,
2011-04-22,15/9-F-5,24.0,,,
2011-04-23,15/9-F-12,24.0,1286.05,201260.04,3914.32
2011-04-23,15/9-F-14,24.0,1699.76,266005.26,4023.87
2011-04-23,15/9-F-4,24.0,,,
2011-04-23,15/9-F-5,24.0,,,
2011-04-24,15/9-F-12,24.0,1286.18,200373.49,3922.21
2011-04-24,15/9-F-14,24.0,1699.93,264833.51,4031.98
2011-04-24,15/9-F-4,24.0,,,
2011-04-24,15/9-F-5,24.0,,,
2011-04-25,15/9-F-12,24.0,1283.34,199789.86,3928.75
2011-04-25,15/9-F-14,24.0,1696.2,264062.14,4038.71
2011-04-25,15/9-F-4,24.0,,,
2011-04-25,15/9-F-5,24.0,,,
2011-04-26,15/9-F-12,24.0,1279.87,199617.73,3939.83
2011-04-26,15/9-F-14,24.0,1689.96,263580.18,4046.2
2011-04-26,15/9-F-4,24.0,,,
2011-04-26,15/9-F-5,24.0,,,
2011-04-27,15/9-F-12,24.0,1281.08,199600.82,3943.93
2011-04-27,15/9-F-14,24.0,1690.96,263461.07,4048.91
2011-04-27,15/9-F-4,24.0,,,
2011-04-27,15/9-F-5,24.0,,,
2011-04-28,15/9-F-12,24.0,1247.89,194283.66,3871.72
2011-04-28,15/9-F-14,24.0,1707.75,265879.48,4121.04
2011-04-28,15/9-F-4,24.0,,,
2011-04-28,15/9-F-5,24.0,,,
2011-04-29,15/9-F-12,24.0,1247.09,194222.7,3867.11
2011-04-29,15/9-F-14,24.0,1704.12,265403.23,4110.05
2011-04-29,15/9-F-4,24.0,,,
2011-04-29,15/9-F-5,24.0,,,
2011-04-30,15/9-F-12,24.0,1245.09,194113.76,3871.66
2011-04-30,15/9-F-14,24.0,1700.17,265062.54,4111.93
2011-04-30,15/9-F-4,24.0,,,
2011-04-30,15/9-F-5,24.0,,,
2011-05-01,15/9-F-12,24.0,1243.58,193748.2,3869.07
2011-05-01,15/9-F-14,24.0,1698.76,264664.49,4110.74
2011-05-01,15/9-F-4,24.0,,,
2011-05-01,15/9-F-5,24.0,,,
2011-05-02,15/9-F-12,24.0,1241.78,193390.27,3865.84
2011-05-02,15/9-F-14,24.0,1697.94,264431.34,4111.29
2011-05-02,15/9-F-4,24.0,,,
2011-05-02,15/9-F-5,24.0,,,
2011-05-03,15/9-F-12,24.0,1238.3,193134.83,3796.07
2011-05-03,15/9-F-14,24.0,1691.62,263837.75,4033.35
2011-05-03,15/9-F-4,24.0,,,
2011-05-03,15/9-F-5,24.0,,,
2011-05-04,15/9-F-12,24.0,1240.01,192836.03,3866.37
2011-05-04,15/9-F-14,24.0,1701.61,264620.5,4126.61
2011-05-04,15/9-F-4,24.0,,,
2011-05-04,15/9-F-5,24.0,,,
2011-05-05,15/9-F-12,24.0,1235.08,192287.7,3870.82
2011-05-05,15/9-F-14,24.0,1699.07,264523.49,4141.63
2011-05-05,15/9-F-4,24.0,,,
2011-05-05,15/9-F-5,24.0,,,
2011-05-06,15/9-F-12,24.0,1232.25,193510.39,3870.42
2011-05-06,15/9-F-14,24.0,1695.61,266274.33,4142.27
2011-05-06,15/9-F-4,24.0,,,
2011-05-06,15/9-F-5,24.0,,,
2011-05-07,15/9-F-12,24.0,1231.84,192563.78,3866.41
2011-05-07,15/9-F-14,24.0,1694.58,264902.07,4136.89
2011-05-07,15/9-F-4,24.0,,,
2011-05-07,15/9-F-5,24.0,,,
2011-05-08,15/9-F-12,24.0,1232.65,191841.43,3862.4
2011-05-08,15/9-F-14,24.0,1695.53,263880.55,4132.17
2011-05-08,15/9-F-4,24.0,,,
2011-05-08,15/9-F-5,24.0,,,
2011-05-09,15/9-F-12,24.0,1226.3,191679.19,3864.32
2011-05-09,15/9-F-14,24.0,1689.13,264022.18,4139.95
2011-05-09,15/9-F-4,24.0,,,
2011-05-09,15/9-F-5,24.0,,,
2011-05-10,15/9-F-12,24.0,1224.72,191699.34,3864.64
2011-05-10,15/9-F-14,24.0,1686.76,264022.34,4139.85
2011-05-10,15/9-F-4,24.0,,,
2011-05-10,15/9-F-5,24.0,,,
2011-05-11,15/9-F-12,18.04167,960.77,151039.47,3180.37
2011-05-11,15/9-F-14,23.33334,1670.64,262635.56,4301.28
2011-05-11,15/9-F-4,21.16667,,,
2011-05-11,15/9-F-5,20.83334,,,
2011-05-12,15/9-F-12,24.0,1123.47,175129.84,3663.06
2011-05-12,15/9-F-14,24.0,1712.79,266995.16,4343.52
2011-05-12,15/9-F-4,24.0,,,
2011-05-12,15/9-F-5,24.0,,,
2011-05-13,15/9-F-12,24.0,1206.18,188219.84,3923.17
2011-05-13,15/9-F-14,24.0,1650.96,257624.33,4176.51
2011-05-13,15/9-F-4,24.0,,,
2011-05-13,15/9-F-5,24.0,,,
2011-05-14,15/9-F-12,24.0,1208.96,188405.2,3935.19
2011-05-14,15/9-F-14,24.0,1650.79,257259.23,4179.27
2011-05-14,15/9-F-4,24.0,,,
2011-05-14,15/9-F-5,24.0,,,
2011-05-15,15/9-F-12,24.0,1213.77,188950.3,3937.93
2011-05-15,15/9-F-14,24.0,1649.09,256717.4,4161.33
2011-05-15,15/9-F-4,24.0,,,
2011-05-15,15/9-F-5,24.0,,,
2011-05-16,15/9-F-12,24.0,1214.14,190530.8,3932.21
2011-05-16,15/9-F-14,24.0,1650.33,258979.98,4157.13
2011-05-16,15/9-F-4,24.0,,,
2011-05-16,15/9-F-5,24.0,,,
2011-05-17,15/9-F-12,24.0,1213.4,190337.77,3936.92
2011-05-17,15/9-F-14,24.0,1648.37,258568.23,4159.7
2011-05-17,15/9-F-4,24.0,,,
2011-05-17,15/9-F-5,24.0,,,
2011-05-18,15/9-F-12,24.0,1201.85,188671.23,3825.87
2011-05-18,15/9-F-14,24.0,1647.74,258670.07,4259.34
2011-05-18,15/9-F-4,24.0,,,
2011-05-18,15/9-F-5,24.0,,,
2011-05-19,15/9-F-12,22.0,919.93,146118.53,3735.72
2011-05-19,15/9-F-14,21.91666,1312.11,208411.76,4326.77
2011-05-19,15/9-F-4,20.08334,,,
2011-05-19,15/9-F-5,20.0,,,
2011-05-20,15/9-F-12,24.0,1157.76,183793.64,3847.15
2011-05-20,15/9-F-14,24.0,1604.94,254783.83,4330.65
2011-05-20,15/9-F-4,24.0,,,
2011-05-20,15/9-F-5,24.0,,,
2011-05-21,15/9-F-12,24.0,1206.49,186355.36,3850.7
2011-05-21,15/9-F-14,24.0,1680.39,259555.03,4355.12
2011-05-21,15/9-F-4,24.0,,,
2011-05-21,15/9-F-5,23.66667,,,
2011-05-22,15/9-F-12,24.0,1204.15,187700.71,3843.59
2011-05-22,15/9-F-14,24.0,1662.47,259143.02,4309.07
2011-05-22,15/9-F-4,24.0,,,
2011-05-22,15/9-F-5,24.0,,,
2011-05-23,15/9-F-12,24.0,1227.41,192170.31,3922.36
2011-05-23,15/9-F-14,24.0,1630.07,255213.14,4114.77
2011-05-23,15/9-F-4,24.0,,,
2011-05-23,15/9-F-5,24.0,,,
2011-05-24,15/9-F-12,24.0,1236.72,190596.16,3937.72
2011-05-24,15/9-F-14,24.0,1630.7,251314.4,4101.37
2011-05-24,15/9-F-4,24.0,,,
2011-05-24,15/9-F-5,24.0,,,
2011-05-25,15/9-F-12,24.0,1238.62,190922.27,3950.79
2011-05-25,15/9-F-14,24.0,1632.56,251643.73,4113.33
2011-05-25,15/9-F-4,24.0,,,
2011-05-25,15/9-F-5,24.0,,,
2011-05-26,15/9-F-12,24.0,1231.65,191879.67,3952.45
2011-05-26,15/9-F-14,24.0,1623.82,252976.94,4116.22
2011-05-26,15/9-F-4,24.0,,,
2011-05-26,15/9-F-5,24.0,,,
2011-05-27,15/9-F-12,24.0,1230.1,191689.61,3950.7
2011-05-27,15/9-F-14,24.0,1620.58,252540.11,4111.36
2011-05-27,15/9-F-4,24.0,,,
2011-05-27,15/9-F-5,24.0,,,
2011-05-28,15/9-F-12,24.0,1229.07,191705.8,3955.03
2011-05-28,15/9-F-14,24.0,1619.0,252523.92,4115.27
2011-05-28,15/9-F-4,24.0,,,
2011-05-28,15/9-F-5,24.0,,,
2011-05-29,15/9-F-12,24.0,1215.32,187768.63,3906.66
2011-05-29,15/9-F-14,24.0,1624.05,250917.28,4123.77
2011-05-29,15/9-F-4,24.0,,,
2011-05-29,15/9-F-5,24.0,,,
2011-05-30,15/9-F-12,24.0,1210.16,186673.27,3888.3
2011-05-30,15/9-F-14,24.0,1626.74,250931.63,4128.71
2011-05-30,15/9-F-4,24.0,,,
2011-05-30,15/9-F-5,24.0,,,
2011-05-31,15/9-F-12,24.0,1208.28,186390.72,3895.22
2011-05-31,15/9-F-14,24.0,1622.87,250343.89,4132.62
2011-05-31,15/9-F-4,24.0,,,
2011-05-31,15/9-F-5,24.0,,,
2011-06-01,15/9-F-12,24.0,1206.93,186315.89,3887.24
2011-06-01,15/9-F-14,24.0,1631.52,251862.37,4150.83
2011-06-01,15/9-F-4,24.0,,,
2011-06-01,15/9-F-5,24.0,,,
2011-06-02,15/9-F-12,19.59167,876.72,134848.31,2262.95
2011-06-02,15/9-F-14,21.5,1359.53,209110.51,2771.94
2011-06-02,15/9-F-4,18.41667,,,
2011-06-02,15/9-F-5,17.83334,,,
2011-06-03,15/9-F-12,24.0,1098.45,172444.67,3844.76
2011-06-03,15/9-F-14,24.0,1547.21,242896.83,4277.82
2011-06-03,15/9-F-4,24.0,,,
2011-06-03,15/9-F-5,24.0,,,
2011-06-04,15/9-F-12,24.0,1143.66,179502.76,3934.39
2011-06-04,15/9-F-14,24.0,1577.17,247544.6,4285.88
2011-06-04,15/9-F-4,24.0,,,
2011-06-04,15/9-F-5,24.0,,,
2011-06-05,15/9-F-12,24.0,1151.85,180305.89,3942.74
2011-06-05,15/9-F-14,24.0,1588.29,248624.44,4294.51
2011-06-05,15/9-F-4,24.0,,,
2011-06-05,15/9-F-5,24.0,,,
2011-06-06,15/9-F-12,24.0,1133.9,177436.23,3946.26
2011-06-06,15/9-F-14,24.0,1617.42,253098.31,4292.59
2011-06-06,15/9-F-4,24.0,,,
2011-06-06,15/9-F-5,24.0,,,
2011-06-07,15/9-F-12,24.0,1133.95,177254.81,3944.19
2011-06-07,15/9-F-14,24.0,1615.64,252550.17,4285.43
2011-06-07,15/9-F-4,24.0,,,
2011-06-07,15/9-F-5,24.0,,,
2011-06-08,15/9-F-12,24.0,1130.01,177074.52,3921.88
2011-06-08,15/9-F-14,24.0,1608.44,252044.36,4257.0
2011-06-08,15/9-F-4,24.0,,,
2011-06-08,15/9-F-5,24.0,,,
2011-06-09,15/9-F-12,24.0,1134.3,177256.02,3922.99
2011-06-09,15/9-F-14,24.0,1614.41,252281.34,4257.83
2011-06-09,15/9-F-4,24.0,,,
2011-06-09,15/9-F-5,24.0,,,
2011-06-10,15/9-F-12,24.0,1135.13,177120.5,3932.95
2011-06-10,15/9-F-14,24.0,1615.37,252053.78,4268.05
2011-06-10,15/9-F-4,24.0,,,
2011-06-10,15/9-F-5,24.0,,,
2011-06-11,15/9-F-12,24.0,1135.73,177547.92,3934.19
2011-06-11,15/9-F-14,24.0,1616.16,252651.35,4269.21
2011-06-11,15/9-F-4,24.0,,,
2011-06-11,15/9-F-5,24.0,,,
2011-06-12,15/9-F-12,24.0,1142.12,177435.06,3924.87
2011-06-12,15/9-F-14,24.0,1625.51,252531.85,4259.8
2011-06-12,15/9-F-4,24.0,,,
2011-06-12,15/9-F-5,24.0,,,
2011-06-13,15/9-F-12,24.0,1145.26,177575.05,3924.66
2011-06-13,15/9-F-14,24.0,1630.18,252764.28,4260.12
2011-06-13,15/9-F-4,24.0,,,
2011-06-13,15/9-F-5,24.0,,,
2011-06-14,15/9-F-12,24.0,1145.14,178103.42,3925.75
2011-06-14,15/9-F-14,24.0,1621.78,252235.91,4239.79
2011-06-14,15/9-F-4,24.0,,,
2011-06-14,15/9-F-5,24.0,,,
2011-06-15,15/9-F-12,24.0,1143.47,177668.55,3925.64
2011-06-15,15/9-F-14,24.0,1616.63,251188.39,4232.4
2011-06-15,15/9-F-4,24.0,,,
2011-06-15,15/9-F-5,24.0,,,
2011-06-16,15/9-F-12,24.0,1106.61,170219.36,3862.21
2011-06-16,15/9-F-14,24.0,1564.69,240681.17,4164.44
2011-06-16,15/9-F-4,24.0,,,
2011-06-16,15/9-F-5,24.0,,,
2011-06-17,15/9-F-12,24.0,1119.28,173460.55,3960.04
2011-06-17,15/9-F-14,24.0,1582.42,245234.01,4269.39
2011-06-17,15/9-F-4,21.83333,,,
2011-06-17,15/9-F-5,24.0,,,
2011-06-18,15/9-F-12,24.0,1144.13,178837.19,3932.16
2011-06-18,15/9-F-14,24.0,1617.29,252795.39,4238.67
2011-06-18,15/9-F-4,0.0,,,
2011-06-18,15/9-F-5,24.0,,,
2011-06-19,15/9-F-12,24.0,1143.76,178595.46,3940.34
2011-06-19,15/9-F-14,24.0,1616.68,252440.38,4247.26
2011-06-19,15/9-F-4,24.0,,,
2011-06-19,15/9-F-5,24.0,,,
2011-06-20,15/9-F-12,11.675,655.66,83023.61,1693.23
2011-06-20,15/9-F-14,11.675,928.17,121322.71,1935.81
2011-06-20,15/9-F-4,11.84167,,,
2011-06-20,15/9-F-5,11.84167,,,
2011-06-21,15/9-F-4,0.0,,,
2011-06-21,15/9-F-5,0.0,,,
2011-06-22,15/9-F-4,0.0,,,
2011-06-22,15/9-F-5,0.0,,,
2011-06-23,15/9-F-4,0.0,,,
2011-06-23,15/9-F-5,0.0,,,
2011-06-24,15/9-F-12,0.0,0.0,0.0,0.0
2011-06-24,15/9-F-14,0.0,0.0,0.0,0.0
2011-06-24,15/9-F-4,0.0,,,
2011-06-24,15/9-F-5,0.0,,,
2011-06-25,15/9-F-4,0.0,,,
2011-06-25,15/9-F-5,0.0,,,
2011-06-26,15/9-F-4,0.0,,,
2011-06-26,15/9-F-5,0.0,,,
2011-06-27,15/9-F-4,0.0,,,
2011-06-27,15/9-F-5,0.0,,,
2011-06-28,15/9-F-12,0.0,0.0,0.0,0.0
2011-06-28,15/9-F-14,0.0,0.0,0.0,0.0
2011-06-28,15/9-F-4,0.0,,,
2011-06-28,15/9-F-5,0.0,,,
2011-06-29,15/9-F-4,0.0,,,
2011-06-29,15/9-F-5,0.0,,,
2011-06-30,15/9-F-4,0.0,,,
2011-06-30,15/9-F-5,0.0,,,
2011-07-01,15/9-F-12,24.0,910.35,137024.92,3067.48
2011-07-01,15/9-F-14,24.0,1344.49,208900.3,3658.72
2011-07-01,15/9-F-4,22.825,,,
2011-07-01,15/9-F-5,21.15833,,,
2011-07-02,15/9-F-12,7.675,397.67,53326.97,1087.45
2011-07-02,15/9-F-14,7.675,545.72,75539.21,1205.15
2011-07-02,15/9-F-4,7.59167,,,
2011-07-02,15/9-F-5,7.50834,,,
2011-07-03,15/9-F-12,8.8,263.17,50445.45,930.82
2011-07-03,15/9-F-14,8.49166,400.99,79342.66,1145.41
2011-07-03,15/9-F-4,6.5,,,
2011-07-03,15/9-F-5,6.5,,,
2011-07-04,15/9-F-12,8.84167,472.21,66421.96,1281.94
2011-07-04,15/9-F-14,8.84167,645.93,93788.53,1416.16
2011-07-04,15/9-F-4,8.675,,,
2011-07-04,15/9-F-5,8.84167,,,
2011-07-05,15/9-F-12,0.0,0.0,0.0,0.0
2011-07-05,15/9-F-14,0.0,0.0,0.0,0.0
2011-07-05,15/9-F-4,0.0,,,
2011-07-05,15/9-F-5,0.0,,,
2011-07-06,15/9-F-4,0.0,,,
2011-07-06,15/9-F-5,0.0,,,
2011-07-07,15/9-F-12,4.24167,187.54,31708.56,604.5
2011-07-07,15/9-F-14,8.15833,513.96,89700.6,1337.89
2011-07-07,15/9-F-4,6.325,,,
2011-07-07,15/9-F-5,5.99166,,,
2011-07-08,15/9-F-12,16.175,922.03,133249.47,2399.21
2011-07-08,15/9-F-14,16.175,1263.32,188460.62,2654.79
2011-07-08,15/9-F-4,16.25833,,,
2011-07-08,15/9-F-5,16.25833,,,
2011-07-09,15/9-F-12,0.0,0.0,0.0,0.0
2011-07-09,15/9-F-14,1.575,19.48,6610.68,163.65
2011-07-09,15/9-F-4,1.15833,,,
2011-07-09,15/9-F-5,1.15833,,,
2011-07-10,15/9-F-12,23.0,786.96,119194.39,2349.53
2011-07-10,15/9-F-14,23.0,1831.94,286417.43,4417.06
2011-07-10,15/9-F-4,21.66667,,,
2011-07-10,15/9-F-5,21.33333,,,
2011-07-11,15/9-F-12,18.00834,1079.82,151479.98,2761.99
2011-07-11,15/9-F-14,18.00834,1508.01,218369.72,3115.07
2011-07-11,15/9-F-4,17.84167,,,
2011-07-11,15/9-F-5,17.84167,,,
2011-07-12,15/9-F-4,0.0,,,
2011-07-12,15/9-F-5,0.0,,,
2011-07-13,15/9-F-12,0.0,0.0,0.0,0.0
2011-07-13,15/9-F-14,0.0,0.0,0.0,0.0
2011-07-13,15/9-F-4,0.0,,,
2011-07-13,15/9-F-5,0.0,,,
2011-07-14,15/9-F-12,0.0,0.0,0.0,0.0
2011-07-14,15/9-F-14,0.0,0.0,0.0,0.0
2011-07-14,15/9-F-4,0.0,,,
2011-07-14,15/9-F-5,0.0,,,
2011-07-15,15/9-F-12,3.08,109.44,10061.56,170.53
2011-07-15,15/9-F-14,2.99166,141.26,13405.71,177.76
2011-07-15,15/9-F-4,1.825,,,
2011-07-15,15/9-F-5,1.825,,,
2011-07-16,15/9-F-12,11.175,546.8,84030.36,1515.88
2011-07-16,15/9-F-14,11.175,815.04,129292.06,1824.77
2011-07-16,15/9-F-4,11.175,,,
2011-07-16,15/9-F-5,11.175,,,
2011-07-17,15/9-F-12,0.0,0.0,0.0,0.0
2011-07-17,15/9-F-14,0.0,0.0,0.0,0.0
2011-07-17,15/9-F-4,0.0,,,
2011-07-17,15/9-F-5,0.0,,,
2011-07-18,15/9-F-12,0.0,0.0,0.0,0.0
2011-07-18,15/9-F-14,0.0,0.0,0.0,0.0
2011-07-18,15/9-F-4,0.0,,,
2011-07-18,15/9-F-5,0.0,,,
2011-07-19,15/9-F-4,1.33334,,,
2011-07-19,15/9-F-5,0.83334,,,
2011-07-20,15/9-F-12,21.0,1207.41,178763.13,2856.94
2011-07-20,15/9-F-14,21.49166,1791.46,273791.52,3423.35
2011-07-20,15/9-F-4,22.24166,,,
2011-07-20,15/9-F-5,20.325,,,
2011-07-21,15/9-F-12,24.0,1346.9,199534.87,3199.14
2011-07-21,15/9-F-14,24.0,2197.54,336051.8,4215.31
2011-07-21,15/9-F-4,24.0,,,
2011-07-21,15/9-F-5,24.0,,,
2011-07-22,15/9-F-12,6.84167,401.81,53684.06,829.65
2011-07-22,15/9-F-14,7.00834,697.53,96200.72,1163.16
2011-07-22,15/9-F-4,7.34167,,,
2011-07-22,15/9-F-5,7.34167,,,
2011-07-23,15/9-F-12,0.0,0.0,0.0,0.0
2011-07-23,15/9-F-14,0.0,0.0,0.0,0.0
2011-07-23,15/9-F-4,0.0,,,
2011-07-23,15/9-F-5,0.0,,,
2011-07-24,15/9-F-12,0.0,0.0,0.0,0.0
2011-07-24,15/9-F-14,0.0,0.0,0.0,0.0
2011-07-24,15/9-F-4,0.0,,,
2011-07-24,15/9-F-5,0.0,,,
2011-07-25,15/9-F-12,17.4,923.98,137065.35,2282.4
2011-07-25,15/9-F-14,17.74167,1417.3,217027.56,2827.39
2011-07-25,15/9-F-4,17.325,,,
2011-07-25,15/9-F-5,17.325,,,
2011-07-26,15/9-F-12,20.675,1197.22,169123.1,2636.66
2011-07-26,15/9-F-14,20.84167,1989.87,290164.24,3539.19
2011-07-26,15/9-F-4,20.50834,,,
2011-07-26,15/9-F-5,20.50834,,,
2011-07-27,15/9-F-12,0.0,0.0,0.0,0.0
2011-07-27,15/9-F-14,0.0,0.0,0.0,0.0
2011-07-27,15/9-F-4,0.0,,,
2011-07-27,15/9-F-5,0.0,,,
2011-07-28,15/9-F-12,4.325,231.02,34161.5,602.92
2011-07-28,15/9-F-14,6.99166,580.82,88657.78,1224.2
2011-07-28,15/9-F-4,7.49166,,,
2011-07-28,15/9-F-5,6.74167,,,
2011-07-29,15/9-F-12,24.0,1363.79,201579.64,3110.21
2011-07-29,15/9-F-14,24.0,2240.52,341849.76,4126.53
2011-07-29,15/9-F-4,24.0,,,
2011-07-29,15/9-F-5,24.0,,,
2011-07-30,15/9-F-12,2.00834,114.3,12896.08,200.26
2011-07-30,15/9-F-14,2.34167,266.13,30995.03,376.57
2011-07-30,15/9-F-4,2.00834,,,
2011-07-30,15/9-F-5,1.84167,,,
2011-07-31,15/9-F-12,0.0,0.0,0.0,0.0
2011-07-31,15/9-F-14,0.0,0.0,0.0,0.0
2011-07-31,15/9-F-4,0.0,,,
2011-07-31,15/9-F-5,0.0,,,
2011-08-01,15/9-F-12,0.0,0.0,0.0,0.0
2011-08-01,15/9-F-14,0.0,0.0,0.0,0.0
2011-08-01,15/9-F-4,0.0,,,
2011-08-01,15/9-F-5,0.0,,,
2011-08-02,15/9-F-12,0.0,0.0,0.0,0.0
2011-08-02,15/9-F-14,0.0,0.0,0.0,0.0
2011-08-02,15/9-F-4,0.0,,,
2011-08-02,15/9-F-5,0.0,,,
2011-08-03,15/9-F-12,0.0,0.0,0.0,0.0
2011-08-03,15/9-F-14,0.0,0.0,0.0,0.0
2011-08-03,15/9-F-4,0.0,,,
2011-08-03,15/9-F-5,0.0,,,
2011-08-04,15/9-F-12,6.99166,382.52,55689.79,841.68
2011-08-04,15/9-F-14,7.825,707.98,106399.36,1258.1
2011-08-04,15/9-F-4,5.49166,,,
2011-08-04,15/9-F-5,5.325,,,
2011-08-05,15/9-F-12,24.0,1455.67,212983.42,3091.7
2011-08-05,15/9-F-14,24.0,2390.38,361028.08,4100.15
2011-08-05,15/9-F-4,24.0,,,
2011-08-05,15/9-F-5,24.0,,,
2011-08-06,15/9-F-12,22.33333,1290.19,190499.59,3685.79
2011-08-06,15/9-F-14,22.33333,2082.57,317415.74,4804.77
2011-08-06,15/9-F-4,19.5,,,
2011-08-06,15/9-F-5,21.16667,,,
2011-08-07,15/9-F-12,24.0,1496.93,222832.63,3290.75
2011-08-07,15/9-F-14,24.0,2241.05,344364.63,3978.72
2011-08-07,15/9-F-4,24.0,,,
2011-08-07,15/9-F-5,24.0,,,
2011-08-08,15/9-F-12,24.0,1472.39,219110.82,3338.35
2011-08-08,15/9-F-14,24.0,2159.35,331705.5,3953.93
2011-08-08,15/9-F-4,24.0,,,
2011-08-08,15/9-F-5,24.0,,,
2011-08-09,15/9-F-12,24.0,1449.78,215688.93,3376.93
2011-08-09,15/9-F-14,24.0,2110.26,324079.52,3969.66
2011-08-09,15/9-F-4,21.33334,,,
2011-08-09,15/9-F-5,21.33334,,,
2011-08-10,15/9-F-12,24.0,1490.05,221727.66,3540.7
2011-08-10,15/9-F-14,24.0,1993.98,306286.96,3826.54
2011-08-10,15/9-F-4,24.0,,,
2011-08-10,15/9-F-5,24.0,,,
2011-08-11,15/9-F-12,24.0,1485.17,221750.15,3625.03
2011-08-11,15/9-F-14,24.0,1934.1,298095.76,3812.52
2011-08-11,15/9-F-4,24.0,,,
2011-08-11,15/9-F-5,24.0,,,
2011-08-12,15/9-F-12,24.0,1463.53,218313.76,3651.9
2011-08-12,15/9-F-14,24.0,1906.75,293605.94,3842.46
2011-08-12,15/9-F-4,24.0,,,
2011-08-12,15/9-F-5,24.0,,,
2011-08-13,15/9-F-12,24.0,1439.42,215370.09,3665.85
2011-08-13,15/9-F-14,24.0,1876.97,289899.01,3860.49
2011-08-13,15/9-F-4,24.0,,,
2011-08-13,15/9-F-5,24.0,,,
2011-08-14,15/9-F-12,24.0,1419.05,212382.9,3681.3
2011-08-14,15/9-F-14,24.0,1850.03,285818.74,3875.98
2011-08-14,15/9-F-4,24.0,,,
2011-08-14,15/9-F-5,24.0,,,
2011-08-15,15/9-F-12,24.0,1406.46,212220.77,3714.59
2011-08-15,15/9-F-14,24.0,1822.57,283878.27,3887.44
2011-08-15,15/9-F-4,24.0,,,
2011-08-15,15/9-F-5,24.0,,,
2011-08-16,15/9-F-12,24.0,1383.52,207513.64,3718.94
2011-08-16,15/9-F-14,24.0,1779.02,275440.97,3861.97
2011-08-16,15/9-F-4,24.0,,,
2011-08-16,15/9-F-5,24.0,,,
2011-08-17,15/9-F-12,24.0,1363.86,205263.74,3725.29
2011-08-17,15/9-F-14,24.0,1749.34,271770.49,3858.85
2011-08-17,15/9-F-4,24.0,,,
2011-08-17,15/9-F-5,24.0,,,
2011-08-18,15/9-F-12,24.0,1354.08,204372.06,3742.62
2011-08-18,15/9-F-14,24.0,1736.79,270589.91,3876.81
2011-08-18,15/9-F-4,24.0,,,
2011-08-18,15/9-F-5,24.0,,,
2011-08-19,15/9-F-12,24.0,1345.61,201317.2,3764.4
2011-08-19,15/9-F-14,24.0,1725.81,266529.86,3899.15
2011-08-19,15/9-F-4,24.0,,,
2011-08-19,15/9-F-5,24.0,,,
2011-08-20,15/9-F-12,24.0,1333.21,199993.52,3772.65
2011-08-20,15/9-F-14,24.0,1709.91,264776.73,3907.67
2011-08-20,15/9-F-4,24.0,,,
2011-08-20,15/9-F-5,24.0,,,
2011-08-21,15/9-F-12,24.0,1320.77,198450.06,3783.53
2011-08-21,15/9-F-14,24.0,1693.9,262725.91,3918.84
2011-08-21,15/9-F-4,24.0,,,
2011-08-21,15/9-F-5,24.0,,,
2011-08-22,15/9-F-12,24.0,1311.03,196680.29,3796.87
2011-08-22,15/9-F-14,24.0,1681.07,260328.28,3931.83
2011-08-22,15/9-F-4,24.0,,,
2011-08-22,15/9-F-5,24.0,,,
2011-08-23,15/9-F-12,24.0,1304.59,196188.31,3809.76
2011-08-23,15/9-F-14,24.0,1677.95,260476.0,3957.31
2011-08-23,15/9-F-4,24.0,,,
2011-08-23,15/9-F-5,24.0,,,
2011-08-24,15/9-F-12,24.0,1286.36,193856.91,3816.76
2011-08-24,15/9-F-14,24.0,1657.25,257809.18,3971.18
2011-08-24,15/9-F-4,24.0,,,
2011-08-24,15/9-F-5,24.0,,,
2011-08-25,15/9-F-12,23.15833,1216.14,183253.15,3758.17
2011-08-25,15/9-F-14,23.15833,1573.4,244735.79,3926.72
2011-08-25,15/9-F-4,23.15833,,,
2011-08-25,15/9-F-5,23.15833,,,
2011-08-26,15/9-F-12,23.01,941.39,142812.59,3115.25
2011-08-26,15/9-F-14,23.00834,1352.49,211795.05,3614.51
2011-08-26,15/9-F-4,21.34167,,,
2011-08-26,15/9-F-5,21.50834,,,
2011-08-27,15/9-F-12,24.0,1199.02,180474.35,3771.13
2011-08-27,15/9-F-14,24.0,1619.61,251644.88,4113.89
2011-08-27,15/9-F-4,24.0,,,
2011-08-27,15/9-F-5,24.0,,,
2011-08-28,15/9-F-12,24.0,1204.78,181957.75,3785.55
2011-08-28,15/9-F-14,24.0,1626.86,253629.79,4128.25
2011-08-28,15/9-F-4,24.0,,,
2011-08-28,15/9-F-5,24.0,,,
2011-08-29,15/9-F-12,24.0,1196.98,180482.06,3751.26
2011-08-29,15/9-F-14,24.0,1660.56,258456.03,4202.78
2011-08-29,15/9-F-4,24.0,,,
2011-08-29,15/9-F-5,24.0,,,
2011-08-30,15/9-F-12,24.0,1186.27,178010.73,3698.7
2011-08-30,15/9-F-14,24.0,1708.86,264699.75,4302.93
2011-08-30,15/9-F-4,24.0,,,
2011-08-30,15/9-F-5,24.0,,,
2011-08-31,15/9-F-12,24.0,1181.38,177319.66,3689.42
2011-08-31,15/9-F-14,24.0,1701.47,263621.76,4291.32
2011-08-31,15/9-F-4,24.0,,,
2011-08-31,15/9-F-5,24.0,,,
2011-09-01,15/9-F-12,24.0,1172.73,176505.08,3680.52
2011-09-01,15/9-F-14,24.0,1698.77,263925.37,4305.67
2011-09-01,15/9-F-4,24.0,,,
2011-09-01,15/9-F-5,24.0,,,
2011-09-02,15/9-F-12,24.0,1153.98,174474.2,3633.39
2011-09-02,15/9-F-14,24.0,1715.43,267729.59,4361.99
2011-09-02,15/9-F-4,24.0,,,
2011-09-02,15/9-F-5,24.0,,,
2011-09-03,15/9-F-12,24.0,1151.36,174007.83,3632.07
2011-09-03,15/9-F-14,24.0,1712.95,267232.45,4363.97
2011-09-03,15/9-F-4,24.0,,,
2011-09-03,15/9-F-5,24.0,,,
2011-09-04,15/9-F-12,24.0,1150.13,173216.52,3629.72
2011-09-04,15/9-F-14,24.0,1710.99,265997.32,4360.84
2011-09-04,15/9-F-4,24.0,,,
2011-09-04,15/9-F-5,24.0,,,
2011-09-05,15/9-F-12,24.0,1147.02,173780.3,3631.02
2011-09-05,15/9-F-14,24.0,1714.87,268194.34,4384.14
2011-09-05,15/9-F-4,24.0,,,
2011-09-05,15/9-F-5,24.0,,,
2011-09-06,15/9-F-12,24.0,1142.99,175497.31,3630.29
2011-09-06,15/9-F-14,24.0,1712.36,271403.05,4392.31
2011-09-06,15/9-F-4,24.0,,,
2011-09-06,15/9-F-5,24.0,,,
2011-09-07,15/9-F-12,24.0,1142.6,175286.21,3746.9
2011-09-07,15/9-F-14,24.0,1708.36,270532.04,4272.1
2011-09-07,15/9-F-4,24.0,,,
2011-09-07,15/9-F-5,24.0,,,
2011-09-08,15/9-F-12,24.0,1126.17,173078.29,3719.74
2011-09-08,15/9-F-14,24.0,1714.58,272010.09,4318.7
2011-09-08,15/9-F-4,24.0,,,
2011-09-08,15/9-F-5,24.0,,,
2011-09-09,15/9-F-12,24.0,1115.42,170714.23,3679.09
2011-09-09,15/9-F-14,24.0,1718.27,271462.0,4321.94
2011-09-09,15/9-F-4,24.0,,,
2011-09-09,15/9-F-5,24.0,,,
2011-09-10,15/9-F-12,24.0,1108.09,169008.02,3689.84
2011-09-10,15/9-F-14,24.0,1706.64,268694.85,4333.7
2011-09-10,15/9-F-4,24.0,,,
2011-09-10,15/9-F-5,24.0,,,
2011-09-11,15/9-F-12,24.0,1104.05,167854.51,3692.59
2011-09-11,15/9-F-14,24.0,1700.34,266849.89,4336.75
2011-09-11,15/9-F-4,24.0,,,
2011-09-11,15/9-F-5,24.0,,,
2011-09-12,15/9-F-12,24.0,1104.51,167512.11,3693.63
2011-09-12,15/9-F-14,24.0,1709.93,267697.86,4360.64
2011-09-12,15/9-F-4,24.0,,,
2011-09-12,15/9-F-5,24.0,,,
2011-09-13,15/9-F-12,11.0,337.37,50314.86,2666.94
2011-09-13,15/9-F-14,12.0,944.17,145355.28,5691.77
2011-09-13,15/9-F-4,12.65832,,,
2011-09-13,15/9-F-5,13.33333,,,
2011-09-14,15/9-F-12,24.0,1064.91,162510.28,4692.04
2011-09-14,15/9-F-14,24.0,1567.69,246952.99,5267.37
2011-09-14,15/9-F-4,9.50834,,,
2011-09-14,15/9-F-5,20.33334,,,
2011-09-15,15/9-F-12,24.0,1086.43,165417.5,4180.85
2011-09-15,15/9-F-14,24.0,1611.04,253206.06,4727.77
2011-09-15,15/9-F-4,24.0,,,
2011-09-15,15/9-F-5,24.0,,,
2011-09-16,15/9-F-12,24.0,965.79,147028.21,3869.21
2011-09-16,15/9-F-14,24.0,1731.83,272150.89,4400.19
2011-09-16,15/9-F-4,24.0,,,
2011-09-16,15/9-F-5,12.0,,,
2011-09-17,15/9-F-12,24.0,955.41,145599.72,3745.16
2011-09-17,15/9-F-14,24.0,1748.28,275021.08,4346.26
2011-09-17,15/9-F-4,24.0,,,
2011-09-17,15/9-F-5,24.0,,,
2011-09-18,15/9-F-12,24.0,956.69,147062.63,3892.17
2011-09-18,15/9-F-14,24.0,1754.97,278475.37,4528.11
2011-09-18,15/9-F-4,24.0,,,
2011-09-18,15/9-F-5,24.0,,,
2011-09-19,15/9-F-12,24.0,962.32,147174.29,3669.4
2011-09-19,15/9-F-14,24.0,1765.28,278686.81,4268.94
2011-09-19,15/9-F-4,24.0,,,
2011-09-19,15/9-F-5,24.0,,,
2011-09-20,15/9-F-12,24.0,954.74,145909.73,3678.62
2011-09-20,15/9-F-14,24.0,1776.07,280185.97,4339.97
2011-09-20,15/9-F-4,24.0,,,
2011-09-20,15/9-F-5,24.0,,,
2011-09-21,15/9-F-12,24.0,933.88,142999.41,3649.8
2011-09-21,15/9-F-14,24.0,1758.96,278027.99,4359.76
2011-09-21,15/9-F-4,24.0,,,
2011-09-21,15/9-F-5,24.0,,,
2011-09-22,15/9-F-12,24.0,904.32,137822.52,3568.43
2011-09-22,15/9-F-14,24.0,1789.52,281530.18,4478.37
2011-09-22,15/9-F-4,24.0,,,
2011-09-22,15/9-F-5,24.0,,,
2011-09-23,15/9-F-12,24.0,885.87,134390.82,3498.48
2011-09-23,15/9-F-14,24.0,1808.7,283237.91,4530.02
2011-09-23,15/9-F-4,24.0,,,
2011-09-23,15/9-F-5,24.0,,,
2011-09-24,15/9-F-12,24.0,873.17,132775.31,3453.4
2011-09-24,15/9-F-14,24.0,1804.22,283201.7,4525.49
2011-09-24,15/9-F-4,24.0,,,
2011-09-24,15/9-F-5,24.0,,,
2011-09-25,15/9-F-12,24.0,869.43,132195.07,3446.22
2011-09-25,15/9-F-14,24.0,1804.12,283162.87,4535.28
2011-09-25,15/9-F-4,24.0,,,
2011-09-25,15/9-F-5,24.0,,,
2011-09-26,15/9-F-12,24.0,868.38,131899.47,3451.35
2011-09-26,15/9-F-14,24.0,1803.45,282765.6,4545.82
2011-09-26,15/9-F-4,24.0,,,
2011-09-26,15/9-F-5,24.0,,,
2011-09-27,15/9-F-12,24.0,865.5,131499.9,3454.36
2011-09-27,15/9-F-14,24.0,1797.79,281959.39,4550.59
2011-09-27,15/9-F-4,24.0,,,
2011-09-27,15/9-F-5,24.0,,,
2011-09-28,15/9-F-12,24.0,972.57,147943.7,3819.83
2011-09-28,15/9-F-14,24.0,1685.26,264623.98,4197.74
2011-09-28,15/9-F-4,24.0,,,
2011-09-28,15/9-F-5,24.0,,,
2011-09-29,15/9-F-12,24.0,954.6,145304.96,3805.19
2011-09-29,15/9-F-14,24.0,1700.15,267135.22,4298.01
2011-09-29,15/9-F-4,24.0,,,
2011-09-29,15/9-F-5,24.0,,,
2011-09-30,15/9-F-12,24.0,968.74,147623.77,3871.59
2011-09-30,15/9-F-14,24.0,1678.14,263976.04,4253.4
2011-09-30,15/9-F-4,19.0,,,
2011-09-30,15/9-F-5,18.83333,,,
2011-10-01,15/9-F-12,24.0,965.2,147009.11,3849.03
2011-10-01,15/9-F-14,24.0,1672.21,262906.82,4229.11
2011-10-01,15/9-F-4,24.0,,,
2011-10-01,15/9-F-5,24.0,,,
2011-10-02,15/9-F-12,24.0,970.49,148306.75,3879.1
2011-10-02,15/9-F-14,24.0,1661.5,262094.16,4211.79
2011-10-02,15/9-F-4,24.0,,,
2011-10-02,15/9-F-5,24.0,,,
2011-10-03,15/9-F-12,24.0,974.77,148947.87,3917.42
2011-10-03,15/9-F-14,24.0,1656.96,261354.4,4223.13
2011-10-03,15/9-F-4,24.0,,,
2011-10-03,15/9-F-5,24.0,,,
2011-10-04,15/9-F-12,24.0,970.84,148451.61,3923.45
2011-10-04,15/9-F-14,24.0,1650.25,260480.93,4229.6
2011-10-04,15/9-F-4,24.0,,,
2011-10-04,15/9-F-5,24.0,,,
2011-10-05,15/9-F-12,24.0,968.75,148201.92,3931.08
2011-10-05,15/9-F-14,24.0,1646.68,260039.67,4237.76
2011-10-05,15/9-F-4,24.0,,,
2011-10-05,15/9-F-5,24.0,,,
2011-10-06,15/9-F-12,24.0,967.34,148005.61,3928.85
2011-10-06,15/9-F-14,24.0,1644.21,259681.28,4235.14
2011-10-06,15/9-F-4,24.0,,,
2011-10-06,15/9-F-5,24.0,,,
2011-10-07,15/9-F-12,12.99166,441.16,57695.81,1520.44
2011-10-07,15/9-F-14,12.99166,1127.72,152242.35,2464.9
2011-10-07,15/9-F-4,12.8,,,
2011-10-07,15/9-F-5,12.3,,,
2011-10-08,15/9-F-12,13.0,351.82,56034.96,1909.37
2011-10-08,15/9-F-14,13.50834,680.02,111801.93,2340.56
2011-10-08,15/9-F-4,10.675,,,
2011-10-08,15/9-F-5,10.675,,,
2011-10-09,15/9-F-12,24.0,937.95,144451.22,4099.27
2011-10-09,15/9-F-14,24.0,1500.57,238555.04,4159.24
2011-10-09,15/9-F-4,24.0,,,
2011-10-09,15/9-F-5,24.0,,,
2011-10-10,15/9-F-12,24.0,967.24,149089.55,4271.98
2011-10-10,15/9-F-14,24.0,1480.37,235543.06,3943.73
2011-10-10,15/9-F-4,24.0,,,
2011-10-10,15/9-F-5,24.0,,,
2011-10-11,15/9-F-12,24.0,943.18,144792.79,4111.92
2011-10-11,15/9-F-14,24.0,1538.0,243720.87,4044.32
2011-10-11,15/9-F-4,24.0,,,
2011-10-11,15/9-F-5,24.0,,,
2011-10-12,15/9-F-12,24.0,958.71,146550.95,4146.85
2011-10-12,15/9-F-14,24.0,1551.83,244870.31,4048.74
2011-10-12,15/9-F-4,24.0,,,
2011-10-12,15/9-F-5,24.0,,,
2011-10-13,15/9-F-12,24.0,967.99,146556.89,4148.19
2011-10-13,15/9-F-14,24.0,1566.75,244864.12,4049.79
2011-10-13,15/9-F-4,24.0,,,
2011-10-13,15/9-F-5,24.0,,,
2011-10-14,15/9-F-12,20.0,654.16,101156.66,2901.65
2011-10-14,15/9-F-14,20.41666,1218.73,194540.89,3260.74
2011-10-14,15/9-F-4,19.33333,,,
2011-10-14,15/9-F-5,19.41666,,,
2011-10-15,15/9-F-12,15.67,607.9,84412.53,2337.2
2011-10-15,15/9-F-14,16.15833,1211.43,173642.57,2809.32
2011-10-15,15/9-F-4,22.24167,,,
2011-10-15,15/9-F-5,22.24167,,,
2011-10-16,15/9-F-4,0.0,,,
2011-10-16,15/9-F-5,0.0,,,
2011-10-17,15/9-F-4,0.0,,,
2011-10-17,15/9-F-5,0.0,,,
2011-10-18,15/9-F-4,0.0,,,
2011-10-18,15/9-F-5,0.0,,,
2011-10-19,15/9-F-12,0.0,0.0,0.0,0.0
2011-10-19,15/9-F-14,0.0,0.0,0.0,0.0
2011-10-19,15/9-F-4,0.0,,,
2011-10-19,15/9-F-5,0.0,,,
2011-10-20,15/9-F-12,0.0,0.0,0.0,0.0
2011-10-20,15/9-F-14,0.0,0.0,0.0,0.0
2011-10-20,15/9-F-4,0.0,,,
2011-10-20,15/9-F-5,0.0,,,
2011-10-21,15/9-F-12,0.0,0.0,0.0,0.0
2011-10-21,15/9-F-14,0.0,0.0,0.0,0.0
2011-10-21,15/9-F-4,0.0,,,
2011-10-21,15/9-F-5,0.0,,,
2011-10-22,15/9-F-12,0.0,0.0,0.0,0.0
2011-10-22,15/9-F-14,0.0,0.0,0.0,0.0
2011-10-22,15/9-F-4,0.0,,,
2011-10-22,15/9-F-5,0.0,,,
2011-10-23,15/9-F-12,0.0,0.0,0.0,0.0
2011-10-23,15/9-F-14,0.0,0.0,0.0,0.0
2011-10-23,15/9-F-4,0.0,,,
2011-10-23,15/9-F-5,0.0,,,
2011-10-24,15/9-F-12,0.0,0.0,0.0,0.0
2011-10-24,15/9-F-14,0.0,0.0,0.0,0.0
2011-10-24,15/9-F-4,0.0,,,
2011-10-24,15/9-F-5,0.0,,,
2011-10-25,15/9-F-4,0.0,,,
2011-10-25,15/9-F-5,0.0,,,
2011-10-26,15/9-F-12,0.0,0.0,0.0,0.0
2011-10-26,15/9-F-14,0.0,0.0,0.0,0.0
2011-10-26,15/9-F-4,0.0,,,
2011-10-26,15/9-F-5,0.0,,,
2011-10-27,15/9-F-12,0.0,0.0,0.0,0.0
2011-10-27,15/9-F-14,0.0,0.0,0.0,0.0
2011-10-27,15/9-F-4,0.0,,,
2011-10-27,15/9-F-5,0.0,,,
2011-10-28,15/9-F-12,0.0,0.0,0.0,0.0
2011-10-28,15/9-F-14,0.0,0.0,0.0,0.0
2011-10-28,15/9-F-4,0.0,,,
2011-10-28,15/9-F-5,0.0,,,
2011-10-29,15/9-F-12,0.0,0.0,0.0,0.0
2011-10-29,15/9-F-14,0.0,0.0,0.0,0.0
2011-10-29,15/9-F-4,0.0,,,
2011-10-29,15/9-F-5,0.0,,,
2011-10-30,15/9-F-12,0.0,0.0,0.0,0.0
2011-10-30,15/9-F-14,0.0,0.0,0.0,0.0
2011-10-30,15/9-F-4,0.0,,,
2011-10-30,15/9-F-5,0.0,,,
2011-10-31,15/9-F-12,0.0,0.0,0.0,0.0
2011-10-31,15/9-F-14,0.0,0.0,0.0,0.0
2011-10-31,15/9-F-4,0.0,,,
2011-10-31,15/9-F-5,0.0,,,
2011-11-01,15/9-F-12,0.0,0.0,0.0,0.0
2011-11-01,15/9-F-14,0.0,0.0,0.0,0.0
2011-11-01,15/9-F-4,0.0,,,
2011-11-01,15/9-F-5,0.0,,,
2011-11-02,15/9-F-12,0.0,0.0,0.0,0.0
2011-11-02,15/9-F-14,0.0,0.0,0.0,0.0
2011-11-02,15/9-F-4,0.0,,,
2011-11-02,15/9-F-5,0.0,,,
2011-11-03,15/9-F-12,0.0,0.0,0.0,0.0
2011-11-03,15/9-F-14,0.0,0.0,0.0,0.0
2011-11-03,15/9-F-4,0.0,,,
2011-11-03,15/9-F-5,0.0,,,
2011-11-04,15/9-F-12,0.0,0.0,0.0,0.0
2011-11-04,15/9-F-14,0.0,0.0,0.0,0.0
2011-11-04,15/9-F-4,0.0,,,
2011-11-04,15/9-F-5,0.0,,,
2011-11-05,15/9-F-12,6.5,223.0,31959.4,703.61
2011-11-05,15/9-F-14,6.5,502.21,74294.29,955.75
2011-11-05,15/9-F-4,15.85833,,,
2011-11-05,15/9-F-5,15.85833,,,
2011-11-06,15/9-F-12,24.0,1147.25,168323.35,3990.05
2011-11-06,15/9-F-14,24.0,1734.07,262627.1,3637.71
2011-11-06,15/9-F-4,24.0,,,
2011-11-06,15/9-F-5,24.0,,,
2011-11-07,15/9-F-12,24.0,1174.47,174950.0,4016.98
2011-11-07,15/9-F-14,24.0,1806.74,277814.2,3727.31
2011-11-07,15/9-F-4,24.0,,,
2011-11-07,15/9-F-5,24.0,,,
2011-11-08,15/9-F-12,24.0,1175.75,175382.57,3964.94
2011-11-08,15/9-F-14,24.0,1864.94,287161.14,3793.42
2011-11-08,15/9-F-4,24.0,,,
2011-11-08,15/9-F-5,24.0,,,
2011-11-09,15/9-F-12,24.0,1186.78,177180.79,3967.37
2011-11-09,15/9-F-14,24.0,1893.19,291761.54,3817.42
2011-11-09,15/9-F-4,24.0,,,
2011-11-09,15/9-F-5,24.0,,,
2011-11-10,15/9-F-12,24.0,1208.99,180160.1,3948.48
2011-11-10,15/9-F-14,24.0,1931.64,297132.72,3805.19
2011-11-10,15/9-F-4,24.0,,,
2011-11-10,15/9-F-5,24.0,,,
2011-11-11,15/9-F-12,11.64167,594.8,79580.24,1641.7
2011-11-11,15/9-F-14,11.80833,1093.95,151082.66,1821.2
2011-11-11,15/9-F-4,11.80833,,,
2011-11-11,15/9-F-5,12.14167,,,
2011-11-12,15/9-F-12,14.025,534.99,82724.17,2013.23
2011-11-12,15/9-F-14,15.35833,960.37,153287.54,2179.84
2011-11-12,15/9-F-4,15.85833,,,
2011-11-12,15/9-F-5,15.94167,,,
2011-11-13,15/9-F-12,24.0,1220.41,179676.25,4012.24
2011-11-13,15/9-F-14,24.0,1895.6,288083.42,3758.98
2011-11-13,15/9-F-4,24.0,,,
2011-11-13,15/9-F-5,24.0,,,
2011-11-14,15/9-F-12,24.0,1218.94,180319.89,4034.31
2011-11-14,15/9-F-14,24.0,1893.6,289159.73,3780.24
2011-11-14,15/9-F-4,24.0,,,
2011-11-14,15/9-F-5,24.0,,,
2011-11-15,15/9-F-12,24.0,1204.52,179282.5,4034.92
2011-11-15,15/9-F-14,24.0,1880.97,288997.0,3800.54
2011-11-15,15/9-F-4,24.0,,,
2011-11-15,15/9-F-5,24.0,,,
2011-11-16,15/9-F-12,24.0,1183.12,176498.38,4021.08
2011-11-16,15/9-F-14,24.0,1873.21,288459.13,3840.08
2011-11-16,15/9-F-4,24.0,,,
2011-11-16,15/9-F-5,24.0,,,
2011-11-17,15/9-F-12,24.0,1175.68,175590.2,4032.17
2011-11-17,15/9-F-14,24.0,1861.88,287046.55,3851.64
2011-11-17,15/9-F-4,24.0,,,
2011-11-17,15/9-F-5,24.0,,,
2011-11-18,15/9-F-12,24.0,1163.61,174330.64,4045.8
2011-11-18,15/9-F-14,24.0,1847.31,285690.62,3874.2
2011-11-18,15/9-F-4,24.0,,,
2011-11-18,15/9-F-5,24.0,,,
2011-11-19,15/9-F-12,24.0,1151.4,172528.75,4054.79
2011-11-19,15/9-F-14,24.0,1829.94,283047.93,3887.07
2011-11-19,15/9-F-4,24.0,,,
2011-11-19,15/9-F-5,24.0,,,
2011-11-20,15/9-F-12,24.0,1139.38,170410.0,4064.32
2011-11-20,15/9-F-14,24.0,1810.86,279575.62,3896.25
2011-11-20,15/9-F-4,24.0,,,
2011-11-20,15/9-F-5,24.0,,,
2011-11-21,15/9-F-12,24.0,1127.62,169050.4,4067.26
2011-11-21,15/9-F-14,24.0,1792.95,277465.68,3900.77
2011-11-21,15/9-F-4,24.0,,,
2011-11-21,15/9-F-5,24.0,,,
2011-11-22,15/9-F-12,24.0,1116.19,167604.92,4083.24
2011-11-22,15/9-F-14,24.0,1774.76,275091.68,3916.08
2011-11-22,15/9-F-4,24.0,,,
2011-11-22,15/9-F-5,24.0,,,
2011-11-23,15/9-F-12,24.0,1103.32,165787.61,4093.97
2011-11-23,15/9-F-14,24.0,1754.19,272090.19,3926.09
2011-11-23,15/9-F-4,24.0,,,
2011-11-23,15/9-F-5,24.0,,,
2011-11-24,15/9-F-12,23.475,1050.43,157894.81,3984.7
2011-11-24,15/9-F-14,23.475,1690.63,262323.68,3868.31
2011-11-24,15/9-F-4,23.475,,,
2011-11-24,15/9-F-5,23.30833,,,
2011-11-25,15/9-F-4,0.0,,,
2011-11-25,15/9-F-5,0.0,,,
2011-11-26,15/9-F-4,0.0,,,
2011-11-26,15/9-F-5,0.0,,,
2011-11-27,15/9-F-4,0.275,,,
2011-11-27,15/9-F-5,0.275,,,
2011-11-28,15/9-F-12,19.69167,688.4,103198.71,2997.77
2011-11-28,15/9-F-14,23.16667,1350.88,209045.16,3548.3
2011-11-28,15/9-F-4,22.83333,,,
2011-11-28,15/9-F-5,22.83333,,,
2011-11-29,15/9-F-4,1.05833,,,
2011-11-29,15/9-F-5,1.05833,,,
2011-11-30,15/9-F-4,0.0,,,
2011-11-30,15/9-F-5,0.0,,,
2011-12-01,15/9-F-4,0.0,,,
2011-12-01,15/9-F-5,0.0,,,
2011-12-02,15/9-F-12,20.96667,779.84,116757.91,3087.8
2011-12-02,15/9-F-14,20.525,1348.69,208439.77,3221.06
2011-12-02,15/9-F-4,19.15834,,,
2011-12-02,15/9-F-5,19.19167,,,
2011-12-03,15/9-F-4,0.0,,,
2011-12-03,15/9-F-5,0.0,,,
2011-12-04,15/9-F-4,0.0,,,
2011-12-04,15/9-F-5,0.0,,,
2011-12-05,15/9-F-12,14.35833,550.96,81689.94,2143.22
2011-12-05,15/9-F-14,18.03334,1358.54,207924.18,3187.57
2011-12-05,15/9-F-4,16.525,,,
2011-12-05,15/9-F-5,16.525,,,
2011-12-06,15/9-F-12,4.55833,68.37,8463.79,244.37
2011-12-06,15/9-F-14,4.80833,568.33,72624.45,1225.23
2011-12-06,15/9-F-4,4.64167,,,
2011-12-06,15/9-F-5,4.64167,,,
2011-12-07,15/9-F-12,19.0,760.83,114501.4,2863.73
2011-12-07,15/9-F-14,19.0,1374.58,213538.76,3120.71
2011-12-07,15/9-F-4,18.85833,,,
2011-12-07,15/9-F-5,18.85833,,,
2011-12-08,15/9-F-12,14.30833,602.26,84138.55,2034.65
2011-12-08,15/9-F-14,14.64167,1270.0,183147.17,2587.9
2011-12-08,15/9-F-4,14.39167,,,
2011-12-08,15/9-F-5,14.30833,,,
2011-12-09,15/9-F-4,0.0,,,
2011-12-09,15/9-F-5,0.0,,,
2011-12-10,15/9-F-12,0.0,0.0,0.0,0.0
2011-12-10,15/9-F-14,6.19167,566.61,87868.17,1766.0
2011-12-10,15/9-F-4,7.19166,,,
2011-12-10,15/9-F-5,7.19166,,,
2011-12-11,15/9-F-12,24.0,1143.11,165788.23,4019.72
2011-12-11,15/9-F-14,24.0,1859.52,278392.77,3944.16
2011-12-11,15/9-F-4,24.0,,,
2011-12-11,15/9-F-5,24.0,,,
2011-12-12,15/9-F-12,24.0,1055.23,155468.58,3661.44
2011-12-12,15/9-F-14,24.0,1939.64,294987.94,4059.46
2011-12-12,15/9-F-4,24.0,,,
2011-12-12,15/9-F-5,24.0,,,
2011-12-13,15/9-F-12,4.30833,0.0,0.0,0.0
2011-12-13,15/9-F-14,4.30833,571.4,74695.82,1221.23
2011-12-13,15/9-F-4,4.30833,,,
2011-12-13,15/9-F-5,4.30833,,,
2011-12-14,15/9-F-4,1.025,,,
2011-12-14,15/9-F-5,1.025,,,
2011-12-15,15/9-F-12,24.0,1095.94,161822.53,3867.55
2011-12-15,15/9-F-14,24.0,1814.39,276549.74,3862.12
2011-12-15,15/9-F-4,24.0,,,
2011-12-15,15/9-F-5,24.0,,,
2011-12-16,15/9-F-12,24.0,1056.52,155569.29,3588.4
2011-12-16,15/9-F-14,24.0,1944.21,295511.87,3982.97
2011-12-16,15/9-F-4,24.0,,,
2011-12-16,15/9-F-5,24.0,,,
2011-12-17,15/9-F-12,21.14167,972.03,135225.2,3059.8
2011-12-17,15/9-F-14,21.14167,1826.72,262323.11,3468.38
2011-12-17,15/9-F-4,21.14167,,,
2011-12-17,15/9-F-5,21.30833,,,
2011-12-18,15/9-F-12,16.73,606.52,91751.24,2313.23
2011-12-18,15/9-F-14,15.19167,1157.44,180738.37,2662.65
2011-12-18,15/9-F-4,16.525,,,
2011-12-18,15/9-F-5,16.525,,,
2011-12-19,15/9-F-12,24.0,1118.52,165113.6,3894.07
2011-12-19,15/9-F-14,24.0,1904.27,290172.4,3998.82
2011-12-19,15/9-F-4,24.0,,,
2011-12-19,15/9-F-5,24.0,,,
2011-12-20,15/9-F-12,24.0,1101.13,162989.1,3864.02
2011-12-20,15/9-F-14,24.0,1898.2,290035.84,4017.8
2011-12-20,15/9-F-4,24.0,,,
2011-12-20,15/9-F-5,24.0,,,
2011-12-21,15/9-F-12,24.0,1076.4,159687.88,3838.79
2011-12-21,15/9-F-14,24.0,1893.13,289912.23,4072.33
2011-12-21,15/9-F-4,24.0,,,
2011-12-21,15/9-F-5,24.0,,,
2011-12-22,15/9-F-12,24.0,1076.79,159663.87,3876.13
2011-12-22,15/9-F-14,24.0,1866.93,285753.51,4053.57
2011-12-22,15/9-F-4,24.0,,,
2011-12-22,15/9-F-5,24.0,,,
2011-12-23,15/9-F-12,24.0,1070.17,158527.57,3875.01
2011-12-23,15/9-F-14,24.0,1854.96,283645.58,4051.35
2011-12-23,15/9-F-4,24.0,,,
2011-12-23,15/9-F-5,24.0,,,
2011-12-24,15/9-F-12,17.975,780.09,107141.22,2623.42
2011-12-24,15/9-F-14,17.975,1550.39,219806.06,3144.9
2011-12-24,15/9-F-4,18.475,,,
2011-12-24,15/9-F-5,18.475,,,
2011-12-25,15/9-F-4,0.0,,,
2011-12-25,15/9-F-5,0.0,,,
2011-12-26,15/9-F-12,0.0,0.0,7.09,9.71
2011-12-26,15/9-F-14,0.0,0.0,56.38,45.12
2011-12-26,15/9-F-4,0.0,,,
2011-12-26,15/9-F-5,0.0,,,
2011-12-27,15/9-F-12,17.0,559.57,84899.76,2359.7
2011-12-27,15/9-F-14,17.5,1035.84,162228.58,2634.7
2011-12-27,15/9-F-4,19.44168,,,
2011-12-27,15/9-F-5,19.44168,,,
2011-12-28,15/9-F-12,10.475,484.48,61280.21,1498.98
2011-12-28,15/9-F-14,10.475,897.82,117223.52,1675.5
2011-12-28,15/9-F-4,10.475,,,
2011-12-28,15/9-F-5,10.475,,,
2011-12-29,15/9-F-12,0.0,0.0,0.0,0.0
2011-12-29,15/9-F-14,2.85833,159.07,24066.31,549.13
2011-12-29,15/9-F-4,2.525,,,
2011-12-29,15/9-F-5,2.525,,,
2011-12-30,15/9-F-12,24.0,1047.08,158378.77,3952.04
2011-12-30,15/9-F-14,24.0,1727.34,269703.08,3932.46
2011-12-30,15/9-F-4,24.0,,,
2011-12-30,15/9-F-5,24.0,,,
2011-12-31,15/9-F-12,24.0,1084.36,161627.58,4000.91
2011-12-31,15/9-F-14,24.0,1778.38,273624.11,3957.78
2011-12-31,15/9-F-4,24.0,,,
2011-12-31,15/9-F-5,24.0,,,
2012-01-01,15/9-F-12,24.0,1072.5,159518.6,3998.25
2012-01-01,15/9-F-14,24.0,1771.69,272014.82,3983.87
2012-01-01,15/9-F-4,24.0,,,
2012-01-01,15/9-F-5,24.0,,,
2012-01-02,15/9-F-12,23.39167,1018.72,150530.41,3757.85
2012-01-02,15/9-F-14,23.80833,1777.21,271077.82,3954.25
2012-01-02,15/9-F-4,24.0,,,
2012-01-02,15/9-F-5,24.0,,,
2012-01-03,15/9-F-4,11.225,,,
2012-01-03,15/9-F-5,11.225,,,
2012-01-04,15/9-F-4,0.0,,,
2012-01-04,15/9-F-5,0.0,,,
2012-01-05,15/9-F-4,0.0,,,
2012-01-05,15/9-F-5,0.0,,,
2012-01-06,15/9-F-4,0.0,,,
2012-01-06,15/9-F-5,0.0,,,
2012-01-07,15/9-F-4,0.0,,,
2012-01-07,15/9-F-5,0.0,,,
2012-01-08,15/9-F-4,0.0,,,
2012-01-08,15/9-F-5,0.0,,,
2012-01-09,15/9-F-4,0.0,,,
2012-01-09,15/9-F-5,0.0,,,
2012-01-10,15/9-F-4,0.0,,,
2012-01-10,15/9-F-5,0.0,,,
2012-01-11,15/9-F-4,0.0,,,
2012-01-11,15/9-F-5,0.0,,,
2012-01-12,15/9-F-4,0.0,,,
2012-01-12,15/9-F-5,0.0,,,
2012-01-13,15/9-F-4,0.0,,,
2012-01-13,15/9-F-5,0.0,,,
2012-01-14,15/9-F-12,2.75,76.03,11350.87,260.67
2012-01-14,15/9-F-14,2.5,108.08,16656.11,223.52
2012-01-14,15/9-F-4,4.19167,,,
2012-01-14,15/9-F-5,4.025,,,
2012-01-15,15/9-F-12,24.0,1182.9,172799.24,3853.9
2012-01-15,15/9-F-14,24.0,1931.14,291203.46,3794.98
2012-01-15,15/9-F-4,24.0,,,
2012-01-15,15/9-F-5,24.0,,,
2012-01-16,15/9-F-12,24.0,1176.13,172763.39,3832.84
2012-01-16,15/9-F-14,24.0,1983.54,300765.05,3898.98
2012-01-16,15/9-F-4,24.0,,,
2012-01-16,15/9-F-5,24.0,,,
2012-01-17,15/9-F-12,24.0,1104.08,162727.6,3744.3
2012-01-17,15/9-F-14,24.0,1984.97,301995.35,4060.36
2012-01-17,15/9-F-4,24.0,,,
2012-01-17,15/9-F-5,24.0,,,
2012-01-18,15/9-F-12,24.0,1127.59,166047.09,4046.54
2012-01-18,15/9-F-14,24.0,2004.73,304736.39,4339.41
2012-01-18,15/9-F-4,24.0,,,
2012-01-18,15/9-F-5,24.0,,,
2012-01-19,15/9-F-12,24.0,1144.71,168234.72,3942.14
2012-01-19,15/9-F-14,24.0,2024.63,307154.83,4205.6
2012-01-19,15/9-F-4,13.5,,,
2012-01-19,15/9-F-5,24.0,,,
2012-01-20,15/9-F-12,24.0,1134.09,167612.34,3743.11
2012-01-20,15/9-F-14,24.0,1999.83,305096.97,3981.25
2012-01-20,15/9-F-4,24.0,,,
2012-01-20,15/9-F-5,24.0,,,
2012-01-21,15/9-F-12,13.175,492.32,69208.93,1679.49
2012-01-21,15/9-F-14,13.175,1246.64,180904.21,2565.18
2012-01-21,15/9-F-4,13.00834,,,
2012-01-21,15/9-F-5,13.175,,,
2012-01-22,15/9-F-12,18.0,503.28,76291.44,1988.48
2012-01-22,15/9-F-14,19.49167,1478.51,231355.4,3523.55
2012-01-22,15/9-F-4,17.49166,,,
2012-01-22,15/9-F-5,17.49166,,,
2012-01-23,15/9-F-12,24.0,1100.46,163430.42,3867.65
2012-01-23,15/9-F-14,24.0,1865.29,285954.06,3954.26
2012-01-23,15/9-F-4,24.0,,,
2012-01-23,15/9-F-5,13.33333,,,
2012-01-24,15/9-F-12,24.0,1096.41,164199.96,3869.29
2012-01-24,15/9-F-14,24.0,1851.56,286235.84,3941.27
2012-01-24,15/9-F-4,24.0,,,
2012-01-24,15/9-F-5,24.0,,,
2012-01-25,15/9-F-12,16.34167,683.76,94775.96,2246.61
2012-01-25,15/9-F-14,16.34167,1456.87,208452.39,2887.31
2012-01-25,15/9-F-4,15.675,,,
2012-01-25,15/9-F-5,16.175,,,
2012-01-26,15/9-F-4,15.15833,,,
2012-01-26,15/9-F-5,15.15833,,,
2012-01-27,15/9-F-12,14.0,431.62,65275.16,1819.33
2012-01-27,15/9-F-14,14.0,996.09,155500.95,2532.5
2012-01-27,15/9-F-4,24.0,,,
2012-01-27,15/9-F-5,21.41667,,,
2012-01-28,15/9-F-12,24.0,1087.75,160976.75,3988.62
2012-01-28,15/9-F-14,24.0,1721.18,262935.42,3806.83
2012-01-28,15/9-F-4,24.0,,,
2012-01-28,15/9-F-5,24.0,,,
2012-01-29,15/9-F-12,24.0,1247.69,201294.51,5017.3
2012-01-29,15/9-F-14,5.50834,94.96,15813.52,230.31
2012-01-29,15/9-F-4,24.0,,,
2012-01-29,15/9-F-5,24.0,,,
2012-01-30,15/9-F-12,24.0,1160.72,187187.7,4548.49
2012-01-30,15/9-F-14,4.99166,20.0,3330.06,47.28
2012-01-30,15/9-F-4,24.0,,,
2012-01-30,15/9-F-5,24.0,,,
2012-01-31,15/9-F-12,24.0,1377.09,208348.36,3652.85
2012-01-31,15/9-F-14,24.0,992.31,154976.07,1587.67
2012-01-31,15/9-F-4,24.0,,,
2012-01-31,15/9-F-5,24.0,,,
2012-02-01,15/9-F-12,24.0,1191.57,180246.18,3864.0
2012-02-01,15/9-F-14,24.0,1298.84,202811.82,2540.5
2012-02-01,15/9-F-4,24.0,,,
2012-02-01,15/9-F-5,24.0,,,
2012-02-02,15/9-F-12,24.0,1027.83,161982.95,4369.85
2012-02-02,15/9-F-14,24.0,1360.83,207543.81,1530.36
2012-02-02,15/9-F-4,24.0,,,
2012-02-02,15/9-F-5,24.0,,,
2012-02-03,15/9-F-12,24.0,1014.41,160777.53,4399.0
2012-02-03,15/9-F-14,24.0,1342.41,205900.56,1539.83
2012-02-03,15/9-F-4,24.0,,,
2012-02-03,15/9-F-5,24.0,,,
2012-02-04,15/9-F-12,24.0,991.76,157726.04,4439.13
2012-02-04,15/9-F-14,24.0,1311.87,201907.22,1553.22
2012-02-04,15/9-F-4,24.0,,,
2012-02-04,15/9-F-5,24.0,,,
2012-02-05,15/9-F-12,24.0,971.49,154294.96,4468.57
2012-02-05,15/9-F-14,24.0,1283.47,197268.27,1561.57
2012-02-05,15/9-F-4,24.0,,,
2012-02-05,15/9-F-5,24.0,,,
2012-02-06,15/9-F-12,24.0,971.72,152821.03,4469.51
2012-02-06,15/9-F-14,24.0,1301.74,198119.17,1583.76
2012-02-06,15/9-F-4,24.0,,,
2012-02-06,15/9-F-5,24.0,,,
2012-02-07,15/9-F-12,24.0,1028.46,161812.05,4464.89
2012-02-07,15/9-F-14,24.0,1269.47,193285.86,1645.3
2012-02-07,15/9-F-4,24.0,,,
2012-02-07,15/9-F-5,24.0,,,
2012-02-08,15/9-F-12,24.0,1027.9,162217.39,4520.55
2012-02-08,15/9-F-14,24.0,1271.31,194159.72,1669.16
2012-02-08,15/9-F-4,24.0,,,
2012-02-08,15/9-F-5,24.0,,,
2012-02-09,15/9-F-12,16.75833,683.35,107593.81,3494.59
2012-02-09,15/9-F-14,20.66666,1053.2,160477.1,1504.72
2012-02-09,15/9-F-4,19.5,,,
2012-02-09,15/9-F-5,19.33333,,,
2012-02-10,15/9-F-12,24.0,798.18,129668.31,6391.89
2012-02-10,15/9-F-14,24.0,1247.14,196069.53,2790.23
2012-02-10,15/9-F-4,23.58333,,,
2012-02-10,15/9-F-5,23.58333,,,
2012-02-11,15/9-F-12,24.0,949.99,122562.18,6109.26
2012-02-11,15/9-F-14,24.0,1276.12,159326.23,2292.73
2012-02-11,15/9-F-4,24.0,,,
2012-02-11,15/9-F-5,24.0,,,
2012-02-12,15/9-F-12,24.0,957.84,150412.81,4658.01
2012-02-12,15/9-F-14,24.0,1301.47,197783.15,1768.24
2012-02-12,15/9-F-4,24.0,,,
2012-02-12,15/9-F-5,24.0,,,
2012-02-13,15/9-F-12,24.0,972.37,153410.3,4499.54
2012-02-13,15/9-F-14,24.0,1283.33,195938.29,1955.34
2012-02-13,15/9-F-4,24.0,,,
2012-02-13,15/9-F-5,24.0,,,
2012-02-14,15/9-F-12,24.0,948.87,150169.02,4615.69
2012-02-14,15/9-F-14,24.0,1299.87,199084.08,1863.68
2012-02-14,15/9-F-4,24.0,,,
2012-02-14,15/9-F-5,24.0,,,
2012-02-15,15/9-F-12,24.0,944.4,149617.41,4631.36
2012-02-15,15/9-F-14,24.0,1294.81,198512.88,1871.52
2012-02-15,15/9-F-4,24.0,,,
2012-02-15,15/9-F-5,24.0,,,
2012-02-16,15/9-F-12,24.0,944.23,149118.24,4641.62
2012-02-16,15/9-F-14,24.0,1295.53,197998.62,1877.07
2012-02-16,15/9-F-4,24.0,,,
2012-02-16,15/9-F-5,24.0,,,
2012-02-17,15/9-F-12,24.0,936.87,148382.16,4658.09
2012-02-17,15/9-F-14,24.0,1285.7,197060.34,1884.1
2012-02-17,15/9-F-4,24.0,,,
2012-02-17,15/9-F-5,24.0,,,
2012-02-18,15/9-F-12,24.0,928.55,146853.53,4658.47
2012-02-18,15/9-F-14,24.0,1275.18,195169.81,1885.61
2012-02-18,15/9-F-4,24.0,,,
2012-02-18,15/9-F-5,24.0,,,
2012-02-19,15/9-F-12,24.0,919.29,146592.37,4657.01
2012-02-19,15/9-F-14,24.0,1263.41,194966.98,1886.41
2012-02-19,15/9-F-4,24.0,,,
2012-02-19,15/9-F-5,24.0,,,
2012-02-20,15/9-F-12,24.0,926.17,146710.93,4586.14
2012-02-20,15/9-F-14,24.0,1252.54,192011.23,1986.95
2012-02-20,15/9-F-4,24.0,,,
2012-02-20,15/9-F-5,24.0,,,
2012-02-21,15/9-F-12,24.0,921.42,145886.16,4590.49
2012-02-21,15/9-F-14,24.0,1247.26,191105.76,1990.65
2012-02-21,15/9-F-4,24.0,,,
2012-02-21,15/9-F-5,24.0,,,
2012-02-22,15/9-F-12,24.0,924.47,145630.21,4592.12
2012-02-22,15/9-F-14,24.0,1246.47,190019.29,1983.52
2012-02-22,15/9-F-4,24.0,,,
2012-02-22,15/9-F-5,24.0,,,
2012-02-23,15/9-F-12,24.0,919.09,144826.17,4596.85
2012-02-23,15/9-F-14,24.0,1249.37,190518.23,2001.82
2012-02-23,15/9-F-4,24.0,,,
2012-02-23,15/9-F-5,24.0,,,
2012-02-24,15/9-F-12,24.0,916.31,144298.59,4593.78
2012-02-24,15/9-F-14,24.0,1248.61,190288.07,2005.38
2012-02-24,15/9-F-4,24.0,,,
2012-02-24,15/9-F-5,24.0,,,
2012-02-25,15/9-F-12,24.0,914.06,143974.39,4607.13
2012-02-25,15/9-F-14,24.0,1250.39,190598.61,2019.02
2012-02-25,15/9-F-4,24.0,,,
2012-02-25,15/9-F-5,24.0,,,
2012-02-26,15/9-F-12,24.0,911.61,143583.27,4536.97
2012-02-26,15/9-F-14,24.0,1248.86,190356.43,1991.16
2012-02-26,15/9-F-4,24.0,,,
2012-02-26,15/9-F-5,24.0,,,
2012-02-27,15/9-F-12,24.0,908.83,143313.62,4613.69
2012-02-27,15/9-F-14,24.0,1247.61,190389.68,2028.99
2012-02-27,15/9-F-4,24.0,,,
2012-02-27,15/9-F-5,24.0,,,
2012-02-28,15/9-F-12,24.0,907.19,142891.07,4611.41
2012-02-28,15/9-F-14,24.0,1247.75,190194.05,2031.9
2012-02-28,15/9-F-4,24.0,,,
2012-02-28,15/9-F-5,24.0,,,
2012-02-29,15/9-F-12,24.0,904.03,142552.15,4615.32
2012-02-29,15/9-F-14,24.0,1243.1,189694.14,2033.1
2012-02-29,15/9-F-4,24.0,,,
2012-02-29,15/9-F-5,24.0,,,
2012-03-01,15/9-F-12,24.0,897.44,141548.7,4597.92
2012-03-01,15/9-F-14,24.0,1237.67,188912.96,2031.39
2012-03-01,15/9-F-4,24.0,,,
2012-03-01,15/9-F-5,24.0,,,
2012-03-02,15/9-F-12,24.0,895.92,142101.14,4612.79
2012-03-02,15/9-F-14,24.0,1244.07,190954.06,2051.97
2012-03-02,15/9-F-4,24.0,,,
2012-03-02,15/9-F-5,24.0,,,
2012-03-03,15/9-F-12,24.0,891.96,142457.52,4615.27
2012-03-03,15/9-F-14,24.0,1237.0,191193.28,2050.51
2012-03-03,15/9-F-4,24.0,,,
2012-03-03,15/9-F-5,24.0,,,
2012-03-04,15/9-F-12,24.0,887.18,141508.31,4616.82
2012-03-04,15/9-F-14,24.0,1246.93,192474.97,2078.8
2012-03-04,15/9-F-4,24.0,,,
2012-03-04,15/9-F-5,24.0,,,
2012-03-05,15/9-F-12,24.0,882.14,140564.97,4617.19
2012-03-05,15/9-F-14,24.0,1248.95,192592.54,2094.19
2012-03-05,15/9-F-4,24.0,,,
2012-03-05,15/9-F-5,24.0,,,
2012-03-06,15/9-F-12,24.0,877.36,140224.82,4618.11
2012-03-06,15/9-F-14,24.0,1249.25,193223.91,2106.58
2012-03-06,15/9-F-4,24.0,,,
2012-03-06,15/9-F-5,24.0,,,
2012-03-07,15/9-F-12,24.0,877.11,139829.29,4634.41
2012-03-07,15/9-F-14,24.0,1251.91,193143.56,2119.1
2012-03-07,15/9-F-4,24.0,,,
2012-03-07,15/9-F-5,24.0,,,
2012-03-08,15/9-F-12,24.0,873.46,139268.19,4644.01
2012-03-08,15/9-F-14,24.0,1246.71,192369.2,2123.5
2012-03-08,15/9-F-4,24.0,,,
2012-03-08,15/9-F-5,24.0,,,
2012-03-09,15/9-F-12,24.0,871.71,138986.09,4639.82
2012-03-09,15/9-F-14,24.0,1244.24,191982.6,2121.62
2012-03-09,15/9-F-4,24.0,,,
2012-03-09,15/9-F-5,24.0,,,
2012-03-10,15/9-F-12,24.0,871.14,138850.35,4644.83
2012-03-10,15/9-F-14,24.0,1244.19,191913.92,2125.23
2012-03-10,15/9-F-4,24.0,,,
2012-03-10,15/9-F-5,24.0,,,
2012-03-11,15/9-F-12,24.0,865.6,138591.29,4653.63
2012-03-11,15/9-F-14,24.0,1236.49,191588.37,2129.62
2012-03-11,15/9-F-4,24.0,,,
2012-03-11,15/9-F-5,24.0,,,
2012-03-12,15/9-F-12,24.0,866.18,138254.37,4656.94
2012-03-12,15/9-F-14,24.0,1237.53,191156.65,2131.52
2012-03-12,15/9-F-4,24.0,,,
2012-03-12,15/9-F-5,24.0,,,
2012-03-13,15/9-F-12,22.0,735.64,123081.24,4168.42
2012-03-13,15/9-F-14,22.58334,1081.88,175172.99,1963.92
2012-03-13,15/9-F-4,21.58334,,,
2012-03-13,15/9-F-5,21.58334,,,
2012-03-14,15/9-F-12,24.0,855.2,133617.43,4688.45
2012-03-14,15/9-F-14,24.0,1221.75,184731.07,2145.77
2012-03-14,15/9-F-4,24.0,,,
2012-03-14,15/9-F-5,24.0,,,
2012-03-15,15/9-F-12,23.41666,759.63,123047.06,4328.87
2012-03-15,15/9-F-14,23.25,1076.12,168689.92,1964.58
2012-03-15,15/9-F-4,22.58333,,,
2012-03-15,15/9-F-5,22.58333,,,
2012-03-16,15/9-F-12,24.0,841.7,133613.32,4578.39
2012-03-16,15/9-F-14,24.0,1202.91,184793.57,2096.17
2012-03-16,15/9-F-4,24.0,,,
2012-03-16,15/9-F-5,24.0,,,
2012-03-17,15/9-F-12,24.0,849.76,135203.96,4608.54
2012-03-17,15/9-F-14,24.0,1215.32,187128.34,2111.5
2012-03-17,15/9-F-4,24.0,,,
2012-03-17,15/9-F-5,24.0,,,
2012-03-18,15/9-F-12,24.0,850.41,135722.92,4609.51
2012-03-18,15/9-F-14,24.0,1220.05,188434.49,2118.55
2012-03-18,15/9-F-4,24.0,,,
2012-03-18,15/9-F-5,24.0,,,
2012-03-19,15/9-F-12,24.0,855.3,136901.0,4628.31
2012-03-19,15/9-F-14,24.0,1224.73,189710.59,2123.16
2012-03-19,15/9-F-4,24.0,,,
2012-03-19,15/9-F-5,24.0,,,
2012-03-20,15/9-F-12,24.0,855.64,136491.82,4525.17
2012-03-20,15/9-F-14,24.0,1234.65,190598.94,2211.1
2012-03-20,15/9-F-4,24.0,,,
2012-03-20,15/9-F-5,24.0,,,
2012-03-21,15/9-F-12,24.0,854.78,136145.2,4532.64
2012-03-21,15/9-F-14,24.0,1241.7,191392.48,2229.63
2012-03-21,15/9-F-4,24.0,,,
2012-03-21,15/9-F-5,24.0,,,
2012-03-22,15/9-F-12,24.0,855.42,136205.11,4543.62
2012-03-22,15/9-F-14,24.0,1246.38,192055.56,2241.79
2012-03-22,15/9-F-4,24.0,,,
2012-03-22,15/9-F-5,24.0,,,
2012-03-23,15/9-F-12,24.0,806.48,130225.37,4466.39
2012-03-23,15/9-F-14,24.0,1031.18,161138.88,1933.84
2012-03-23,15/9-F-4,24.0,,,
2012-03-23,15/9-F-5,24.0,,,
2012-03-24,15/9-F-12,24.0,968.34,159208.8,4852.71
2012-03-24,15/9-F-14,24.0,239.26,38069.48,406.03
2012-03-24,15/9-F-4,23.375,,,
2012-03-24,15/9-F-5,24.0,,,
2012-03-25,15/9-F-12,23.0,806.56,132680.97,4376.68
2012-03-25,15/9-F-14,23.0,370.83,59035.62,681.41
2012-03-25,15/9-F-4,19.54167,,,
2012-03-25,15/9-F-5,21.04167,,,
2012-03-26,15/9-F-12,24.0,855.1,140737.41,4742.6
2012-03-26,15/9-F-14,24.0,391.64,62379.5,711.88
2012-03-26,15/9-F-4,24.0,,,
2012-03-26,15/9-F-5,24.0,,,
2012-03-27,15/9-F-12,24.0,938.2,150585.94,4567.92
2012-03-27,15/9-F-14,24.0,690.78,107296.98,1102.25
2012-03-27,15/9-F-4,24.0,,,
2012-03-27,15/9-F-5,24.0,,,
2012-03-28,15/9-F-12,24.0,880.2,140547.45,4661.86
2012-03-28,15/9-F-14,24.0,1268.24,195976.77,2201.4
2012-03-28,15/9-F-4,24.0,,,
2012-03-28,15/9-F-5,24.0,,,
2012-03-29,15/9-F-12,24.0,870.82,139700.61,4600.27
2012-03-29,15/9-F-14,24.0,1272.0,197476.54,2202.21
2012-03-29,15/9-F-4,24.0,,,
2012-03-29,15/9-F-5,24.0,,,
2012-03-30,15/9-F-12,24.0,844.92,135634.87,4576.98
2012-03-30,15/9-F-14,24.0,1293.04,200875.32,2295.58
2012-03-30,15/9-F-4,24.0,,,
2012-03-30,15/9-F-5,24.0,,,
2012-03-31,15/9-F-12,24.0,838.58,134650.4,4574.94
2012-03-31,15/9-F-14,24.0,1298.19,201725.61,2321.11
2012-03-31,15/9-F-4,24.0,,,
2012-03-31,15/9-F-5,24.0,,,
2012-04-01,15/9-F-12,24.0,833.82,133948.37,4571.05
2012-04-01,15/9-F-14,24.0,1301.05,202263.39,2337.51
2012-04-01,15/9-F-4,24.0,,,
2012-04-01,15/9-F-5,24.0,,,
2012-04-02,15/9-F-12,24.0,829.39,132829.34,4547.2
2012-04-02,15/9-F-14,24.0,1309.04,202883.54,2352.09
2012-04-02,15/9-F-4,24.0,,,
2012-04-02,15/9-F-5,24.0,,,
2012-04-03,15/9-F-12,24.0,836.96,133346.21,4569.46
2012-04-03,15/9-F-14,24.0,1305.86,201340.85,2336.55
2012-04-03,15/9-F-4,24.0,,,
2012-04-03,15/9-F-5,24.0,,,
2012-04-04,15/9-F-12,24.0,834.41,131820.81,4605.71
2012-04-04,15/9-F-14,24.0,1301.89,199037.63,2355.08
2012-04-04,15/9-F-4,24.0,,,
2012-04-04,15/9-F-5,24.0,,,
2012-04-05,15/9-F-12,24.0,833.03,132025.82,4651.19
2012-04-05,15/9-F-14,24.0,1299.73,199347.18,2378.33
2012-04-05,15/9-F-4,24.0,,,
2012-04-05,15/9-F-5,24.0,,,
2012-04-06,15/9-F-12,24.0,829.77,131556.5,4654.46
2012-04-06,15/9-F-14,24.0,1294.63,198638.55,2380.01
2012-04-06,15/9-F-4,24.0,,,
2012-04-06,15/9-F-5,24.0,,,
2012-04-07,15/9-F-12,24.0,826.51,130883.51,4663.23
2012-04-07,15/9-F-14,24.0,1289.54,197622.39,2384.49
2012-04-07,15/9-F-4,24.0,,,
2012-04-07,15/9-F-5,24.0,,,
2012-04-08,15/9-F-12,24.0,820.22,130404.16,4676.43
2012-04-08,15/9-F-14,24.0,1279.75,196898.62,2391.24
2012-04-08,15/9-F-4,24.0,,,
2012-04-08,15/9-F-5,24.0,,,
2012-04-09,15/9-F-12,24.0,818.36,129821.63,4675.87
2012-04-09,15/9-F-14,24.0,1276.84,196019.07,2390.96
2012-04-09,15/9-F-4,24.0,,,
2012-04-09,15/9-F-5,24.0,,,
2012-04-10,15/9-F-12,24.0,830.89,132069.52,4659.6
2012-04-10,15/9-F-14,24.0,1251.35,192483.76,2403.91
2012-04-10,15/9-F-4,24.0,,,
2012-04-10,15/9-F-5,24.0,,,
2012-04-11,15/9-F-12,24.0,830.98,131905.54,4681.13
2012-04-11,15/9-F-14,24.0,1241.47,190706.81,2395.7
2012-04-11,15/9-F-4,24.0,,,
2012-04-11,15/9-F-5,24.0,,,
2012-04-12,15/9-F-12,24.0,826.47,131309.65,4677.69
2012-04-12,15/9-F-14,24.0,1234.71,189845.28,2393.94
2012-04-12,15/9-F-4,24.0,,,
2012-04-12,15/9-F-5,24.0,,,
2012-04-13,15/9-F-12,24.0,836.0,132948.09,4651.72
2012-04-13,15/9-F-14,24.0,1214.18,186862.52,2420.62
2012-04-13,15/9-F-4,24.0,,,
2012-04-13,15/9-F-5,24.0,,,
2012-04-14,15/9-F-12,24.0,832.32,132366.83,4649.92
2012-04-14,15/9-F-14,24.0,1208.85,186045.53,2419.68
2012-04-14,15/9-F-4,24.0,,,
2012-04-14,15/9-F-5,24.0,,,
2012-04-15,15/9-F-12,24.0,826.88,131802.54,4652.92
2012-04-15,15/9-F-14,24.0,1200.95,185252.41,2421.24
2012-04-15,15/9-F-4,24.0,,,
2012-04-15,15/9-F-5,24.0,,,
2012-04-16,15/9-F-12,24.0,825.09,131303.06,4661.83
2012-04-16,15/9-F-14,24.0,1198.34,184550.39,2425.89
2012-04-16,15/9-F-4,24.0,,,
2012-04-16,15/9-F-5,24.0,,,
2012-04-17,15/9-F-12,24.0,821.91,130818.2,4658.16
2012-04-17,15/9-F-14,24.0,1193.74,183868.89,2423.97
2012-04-17,15/9-F-4,24.0,,,
2012-04-17,15/9-F-5,24.0,,,
2012-04-18,15/9-F-12,24.0,811.85,131860.14,4671.78
2012-04-18,15/9-F-14,24.0,1179.1,185333.38,2431.06
2012-04-18,15/9-F-4,24.0,,,
2012-04-18,15/9-F-5,24.0,,,
2012-04-19,15/9-F-12,24.0,810.57,131559.56,4717.98
2012-04-19,15/9-F-14,24.0,1177.26,184910.91,2455.1
2012-04-19,15/9-F-4,24.0,,,
2012-04-19,15/9-F-5,24.0,,,
2012-04-20,15/9-F-12,24.0,809.11,131576.03,4675.13
2012-04-20,15/9-F-14,24.0,1175.13,184934.06,2432.8
2012-04-20,15/9-F-4,24.0,,,
2012-04-20,15/9-F-5,24.0,,,
2012-04-21,15/9-F-12,24.0,820.62,132625.41,4751.64
2012-04-21,15/9-F-14,24.0,1191.85,186408.99,2472.62
2012-04-21,15/9-F-4,24.0,,,
2012-04-21,15/9-F-5,24.0,,,
2012-04-22,15/9-F-12,24.0,821.18,132650.37,4706.62
2012-04-22,15/9-F-14,24.0,1192.68,186444.08,2449.19
2012-04-22,15/9-F-4,24.0,,,
2012-04-22,15/9-F-5,24.0,,,
2012-04-23,15/9-F-12,24.0,816.04,131896.82,4722.73
2012-04-23,15/9-F-14,24.0,1185.21,185384.93,2457.57
2012-04-23,15/9-F-4,24.0,,,
2012-04-23,15/9-F-5,24.0,,,
2012-04-24,15/9-F-12,24.0,814.33,131576.56,4726.19
2012-04-24,15/9-F-14,24.0,1182.72,184934.79,2459.37
2012-04-24,15/9-F-4,24.0,,,
2012-04-24,15/9-F-5,24.0,,,
2012-04-25,15/9-F-12,24.0,813.78,131388.28,4774.32
2012-04-25,15/9-F-14,24.0,1181.92,184670.15,2484.43
2012-04-25,15/9-F-4,24.0,,,
2012-04-25,15/9-F-5,24.0,,,
2012-04-26,15/9-F-12,24.0,811.24,131334.12,4714.87
2012-04-26,15/9-F-14,24.0,1178.22,184594.05,2453.49
2012-04-26,15/9-F-4,24.0,,,
2012-04-26,15/9-F-5,24.0,,,
2012-04-27,15/9-F-12,24.0,806.09,130857.44,4730.72
2012-04-27,15/9-F-14,24.0,1170.75,183924.06,2461.74
2012-04-27,15/9-F-4,24.0,,,
2012-04-27,15/9-F-5,24.0,,,
2012-04-28,15/9-F-12,14.29167,414.39,69287.71,2724.38
2012-04-28,15/9-F-14,24.0,1187.91,192213.76,2798.15
2012-04-28,15/9-F-4,24.0,,,
2012-04-28,15/9-F-5,24.0,,,
2012-04-29,15/9-F-12,24.0,707.49,116289.66,4631.2
2012-04-29,15/9-F-14,24.0,1030.3,163885.56,2416.39
2012-04-29,15/9-F-4,24.0,,,
2012-04-29,15/9-F-5,24.0,,,
2012-04-30,15/9-F-12,24.0,738.65,122088.31,4657.3
2012-04-30,15/9-F-14,24.0,1074.82,171924.29,2428.12
2012-04-30,15/9-F-4,24.0,,,
2012-04-30,15/9-F-5,24.0,,,
2012-05-01,15/9-F-12,24.0,751.87,121673.54,4690.74
2012-05-01,15/9-F-14,24.0,1092.16,171038.29,2441.25
2012-05-01,15/9-F-4,24.0,,,
2012-05-01,15/9-F-5,24.0,,,
2012-05-02,15/9-F-12,24.0,755.06,122666.99,4743.41
2012-05-02,15/9-F-14,24.0,1096.64,172412.12,2468.34
2012-05-02,15/9-F-4,24.0,,,
2012-05-02,15/9-F-5,24.0,,,
2012-05-03,15/9-F-12,24.0,750.91,121609.15,4618.68
2012-05-03,15/9-F-14,24.0,1116.23,174939.05,2607.86
2012-05-03,15/9-F-4,24.0,,,
2012-05-03,15/9-F-5,24.0,,,
2012-05-04,15/9-F-12,24.0,755.63,122247.74,4603.47
2012-05-04,15/9-F-14,24.0,1123.24,175857.68,2599.27
2012-05-04,15/9-F-4,24.0,,,
2012-05-04,15/9-F-5,24.0,,,
2012-05-05,15/9-F-12,24.0,757.54,123645.94,4603.03
2012-05-05,15/9-F-14,24.0,1126.07,177869.06,2599.03
2012-05-05,15/9-F-4,24.0,,,
2012-05-05,15/9-F-5,24.0,,,
2012-05-06,15/9-F-12,24.0,759.52,122521.91,4592.02
2012-05-06,15/9-F-14,24.0,1129.0,176252.09,2592.81
2012-05-06,15/9-F-4,24.0,,,
2012-05-06,15/9-F-5,24.0,,,
2012-05-07,15/9-F-12,24.0,715.75,115560.24,4526.16
2012-05-07,15/9-F-14,24.0,1179.46,184287.35,2702.55
2012-05-07,15/9-F-4,24.0,,,
2012-05-07,15/9-F-5,24.0,,,
2012-05-08,15/9-F-12,24.0,722.09,116728.66,4578.05
2012-05-08,15/9-F-14,24.0,1189.93,186150.65,2733.53
2012-05-08,15/9-F-4,24.0,,,
2012-05-08,15/9-F-5,24.0,,,
2012-05-09,15/9-F-12,24.0,722.04,116371.21,4609.16
2012-05-09,15/9-F-14,24.0,1189.84,185580.61,2752.12
2012-05-09,15/9-F-4,24.0,,,
2012-05-09,15/9-F-5,24.0,,,
2012-05-10,15/9-F-12,24.0,719.66,116322.45,4587.37
2012-05-10,15/9-F-14,24.0,1185.93,185502.85,2739.1
2012-05-10,15/9-F-4,24.0,,,
2012-05-10,15/9-F-5,24.0,,,
2012-05-11,15/9-F-12,24.0,718.63,116174.16,4520.78
2012-05-11,15/9-F-14,24.0,1184.22,185266.37,2699.35
2012-05-11,15/9-F-4,24.0,,,
2012-05-11,15/9-F-5,17.5,,,
2012-05-12,15/9-F-12,24.0,727.77,117693.79,4597.24
2012-05-12,15/9-F-14,24.0,1166.43,182547.6,2669.79
2012-05-12,15/9-F-4,21.125,,,
2012-05-12,15/9-F-5,24.0,,,
2012-05-13,15/9-F-12,24.0,727.82,117522.4,4589.24
2012-05-13,15/9-F-14,24.0,1166.5,182281.75,2665.14
2012-05-13,15/9-F-4,20.875,,,
2012-05-13,15/9-F-5,24.0,,,
2012-05-14,15/9-F-12,24.0,727.65,117475.24,4572.29
2012-05-14,15/9-F-14,24.0,1166.23,182208.62,2655.3
2012-05-14,15/9-F-4,24.0,,,
2012-05-14,15/9-F-5,24.0,,,
2012-05-15,15/9-F-12,24.0,725.74,117206.18,4543.65
2012-05-15,15/9-F-14,24.0,1163.17,181791.29,2638.67
2012-05-15,15/9-F-4,24.0,,,
2012-05-15,15/9-F-5,24.0,,,
2012-05-16,15/9-F-12,24.0,724.18,117383.25,4555.76
2012-05-16,15/9-F-14,24.0,1160.68,182065.95,2645.71
2012-05-16,15/9-F-4,24.0,,,
2012-05-16,15/9-F-5,24.0,,,
2012-05-17,15/9-F-12,24.0,725.54,117383.25,4561.98
2012-05-17,15/9-F-14,24.0,1162.85,182065.95,2649.32
2012-05-17,15/9-F-4,24.0,,,
2012-05-17,15/9-F-5,24.0,,,
2012-05-18,15/9-F-12,24.0,725.54,117449.5,4911.19
2012-05-18,15/9-F-14,24.0,1162.85,182168.7,2852.11
2012-05-18,15/9-F-4,24.0,,,
2012-05-18,15/9-F-5,24.0,,,
2012-05-19,15/9-F-12,24.0,726.68,117675.69,5218.01
2012-05-19,15/9-F-14,24.0,1164.67,182519.51,3030.3
2012-05-19,15/9-F-4,24.0,,,
2012-05-19,15/9-F-5,24.0,,,
2012-05-20,15/9-F-12,24.0,745.9,120714.92,4359.69
2012-05-20,15/9-F-14,24.0,1141.37,178759.48,2658.85
2012-05-20,15/9-F-4,24.0,,,
2012-05-20,15/9-F-5,24.0,,,
2012-05-21,15/9-F-12,24.0,746.26,120324.2,4459.26
2012-05-21,15/9-F-14,24.0,1141.93,178180.9,2719.57
2012-05-21,15/9-F-4,24.0,,,
2012-05-21,15/9-F-5,24.0,,,
2012-05-22,15/9-F-12,17.69167,465.52,78235.69,3236.58
2012-05-22,15/9-F-14,21.08334,868.7,141286.31,2407.19
2012-05-22,15/9-F-4,19.08334,,,
2012-05-22,15/9-F-5,18.83334,,,
2012-05-23,15/9-F-12,24.0,692.25,113394.84,4433.57
2012-05-23,15/9-F-14,24.0,1059.44,167945.48,2704.32
2012-05-23,15/9-F-4,24.0,,,
2012-05-23,15/9-F-5,24.0,,,
2012-05-24,15/9-F-12,24.0,710.93,116500.23,4374.73
2012-05-24,15/9-F-14,24.0,1087.94,172529.89,2668.21
2012-05-24,15/9-F-4,24.0,,,
2012-05-24,15/9-F-5,24.0,,,
2012-05-25,15/9-F-12,24.0,715.95,116172.75,4303.72
2012-05-25,15/9-F-14,24.0,1095.56,172033.25,2624.72
2012-05-25,15/9-F-4,24.0,,,
2012-05-25,15/9-F-5,24.0,,,
2012-05-26,15/9-F-12,24.0,722.73,117061.85,4437.76
2012-05-26,15/9-F-14,24.0,1105.91,173349.88,2706.47
2012-05-26,15/9-F-4,24.0,,,
2012-05-26,15/9-F-5,24.0,,,
2012-05-27,15/9-F-12,24.0,729.88,117958.9,4475.26
2012-05-27,15/9-F-14,24.0,1116.86,174678.26,2729.33
2012-05-27,15/9-F-4,24.0,,,
2012-05-27,15/9-F-5,24.0,,,
2012-05-28,15/9-F-12,24.0,736.22,118569.69,4481.59
2012-05-28,15/9-F-14,24.0,1126.57,175582.73,2733.19
2012-05-28,15/9-F-4,24.0,,,
2012-05-28,15/9-F-5,24.0,,,
2012-05-29,15/9-F-12,24.0,739.35,118950.41,4466.69
2012-05-29,15/9-F-14,24.0,1131.35,176146.54,2724.11
2012-05-29,15/9-F-4,24.0,,,
2012-05-29,15/9-F-5,24.0,,,
2012-05-30,15/9-F-12,24.0,735.06,118866.65,4470.58
2012-05-30,15/9-F-14,24.0,1124.79,176022.5,2726.49
2012-05-30,15/9-F-4,24.0,,,
2012-05-30,15/9-F-5,24.0,,,
2012-05-31,15/9-F-12,24.0,735.48,118896.85,4481.77
2012-05-31,15/9-F-14,24.0,1125.44,176067.22,2733.31
2012-05-31,15/9-F-4,24.0,,,
2012-05-31,15/9-F-5,24.0,,,
2012-06-01,15/9-F-12,24.0,735.04,119127.05,4493.63
2012-06-01,15/9-F-14,24.0,1124.75,176408.1,2740.54
2012-06-01,15/9-F-4,24.0,,,
2012-06-01,15/9-F-5,24.0,,,
2012-06-02,15/9-F-12,24.0,733.88,119117.71,4465.01
2012-06-02,15/9-F-14,24.0,1122.99,176394.28,2723.09
2012-06-02,15/9-F-4,24.0,,,
2012-06-02,15/9-F-5,24.0,,,
2012-06-03,15/9-F-12,24.0,730.3,118569.15,4469.47
2012-06-03,15/9-F-14,24.0,1117.51,175581.93,2725.8
2012-06-03,15/9-F-4,24.0,,,
2012-06-03,15/9-F-5,24.0,,,
2012-06-04,15/9-F-12,24.0,729.24,118559.32,4483.31
2012-06-04,15/9-F-14,24.0,1115.89,175567.38,2734.25
2012-06-04,15/9-F-4,24.0,,,
2012-06-04,15/9-F-5,24.0,,,
2012-06-05,15/9-F-12,24.0,726.65,118011.69,4499.28
2012-06-05,15/9-F-14,24.0,1111.91,174756.44,2743.99
2012-06-05,15/9-F-4,24.0,,,
2012-06-05,15/9-F-5,24.0,,,
2012-06-06,15/9-F-12,24.0,730.04,118550.18,4501.05
2012-06-06,15/9-F-14,24.0,1117.1,175553.86,2745.06
2012-06-06,15/9-F-4,24.0,,,
2012-06-06,15/9-F-5,24.0,,,
2012-06-07,15/9-F-12,24.0,746.2,120888.37,4530.48
2012-06-07,15/9-F-14,24.0,1101.77,172735.06,2666.07
2012-06-07,15/9-F-4,24.0,,,
2012-06-07,15/9-F-5,24.0,,,
2012-06-08,15/9-F-12,24.0,743.54,120489.89,4537.66
2012-06-08,15/9-F-14,24.0,1097.85,172165.67,2670.29
2012-06-08,15/9-F-4,24.0,,,
2012-06-08,15/9-F-5,24.0,,,
2012-06-09,15/9-F-12,24.0,743.22,120841.21,4551.86
2012-06-09,15/9-F-14,24.0,1097.36,172667.68,2678.65
2012-06-09,15/9-F-4,24.0,,,
2012-06-09,15/9-F-5,24.0,,,
2012-06-10,15/9-F-12,24.0,746.37,120834.33,4599.6
2012-06-10,15/9-F-14,24.0,1102.01,172657.85,2706.74
2012-06-10,15/9-F-4,24.0,,,
2012-06-10,15/9-F-5,24.0,,,
2012-06-11,15/9-F-12,24.0,735.85,119575.73,4581.51
2012-06-11,15/9-F-14,24.0,1086.48,170859.44,2696.1
2012-06-11,15/9-F-4,24.0,,,
2012-06-11,15/9-F-5,24.0,,,
2012-06-12,15/9-F-12,24.0,742.22,120568.51,4600.22
2012-06-12,15/9-F-14,24.0,1095.9,172278.01,2707.1
2012-06-12,15/9-F-4,24.0,,,
2012-06-12,15/9-F-5,24.0,,,
2012-06-13,15/9-F-12,23.33334,632.08,104149.21,4150.15
2012-06-13,15/9-F-14,23.16667,935.42,149159.79,2447.88
2012-06-13,15/9-F-4,22.66667,,,
2012-06-13,15/9-F-5,22.66667,,,
2012-06-14,15/9-F-12,24.0,714.53,115954.85,4582.43
2012-06-14,15/9-F-14,24.0,1055.05,165692.63,2696.75
2012-06-14,15/9-F-4,24.0,,,
2012-06-14,15/9-F-5,24.0,,,
2012-06-15,15/9-F-12,24.0,723.64,117528.55,4617.31
2012-06-15,15/9-F-14,24.0,1068.47,167934.29,2717.16
2012-06-15,15/9-F-4,24.0,,,
2012-06-15,15/9-F-5,24.0,,,
2012-06-16,15/9-F-12,24.0,729.6,118651.96,4606.07
2012-06-16,15/9-F-14,24.0,1077.27,169539.49,2710.55
2012-06-16,15/9-F-4,24.0,,,
2012-06-16,15/9-F-5,24.0,,,
2012-06-17,15/9-F-12,24.0,732.16,118545.47,4580.57
2012-06-17,15/9-F-14,24.0,1081.03,169387.32,2695.54
2012-06-17,15/9-F-4,24.0,,,
2012-06-17,15/9-F-5,24.0,,,
2012-06-18,15/9-F-12,24.0,730.97,118344.81,4595.99
2012-06-18,15/9-F-14,24.0,1079.28,169100.62,2704.61
2012-06-18,15/9-F-4,24.0,,,
2012-06-18,15/9-F-5,24.0,,,
2012-06-19,15/9-F-12,24.0,732.43,118735.87,4608.25
2012-06-19,15/9-F-14,24.0,1081.43,169659.39,2711.83
2012-06-19,15/9-F-4,24.0,,,
2012-06-19,15/9-F-5,24.0,,,
2012-06-20,15/9-F-12,16.0,375.74,61340.25,2893.78
2012-06-20,15/9-F-14,16.0,633.92,100150.56,1945.82
2012-06-20,15/9-F-4,15.5,,,
2012-06-20,15/9-F-5,16.0,,,
2012-06-21,15/9-F-12,24.0,640.44,104776.54,4838.56
2012-06-21,15/9-F-14,24.0,946.09,149789.31,2848.81
2012-06-21,15/9-F-4,24.0,,,
2012-06-21,15/9-F-5,24.0,,,
2012-06-22,15/9-F-12,24.0,671.65,109055.17,4556.05
2012-06-22,15/9-F-14,24.0,991.71,155826.83,2681.11
2012-06-22,15/9-F-4,24.0,,,
2012-06-22,15/9-F-5,24.0,,,
2012-06-23,15/9-F-12,24.0,685.07,111537.38,4553.06
2012-06-23,15/9-F-14,24.0,1011.5,159373.62,2679.36
2012-06-23,15/9-F-4,24.0,,,
2012-06-23,15/9-F-5,24.0,,,
2012-06-24,15/9-F-12,24.0,690.19,112211.92,4492.13
2012-06-24,15/9-F-14,24.0,1019.08,160337.44,2643.49
2012-06-24,15/9-F-4,24.0,,,
2012-06-24,15/9-F-5,24.0,,,
2012-06-25,15/9-F-12,24.0,693.18,112781.85,4372.42
2012-06-25,15/9-F-14,24.0,1023.48,161151.8,2573.05
2012-06-25,15/9-F-4,24.0,,,
2012-06-25,15/9-F-5,24.0,,,
2012-06-26,15/9-F-12,24.0,693.18,113044.09,4481.45
2012-06-26,15/9-F-14,24.0,1023.48,161526.51,2637.21
2012-06-26,15/9-F-4,24.0,,,
2012-06-26,15/9-F-5,24.0,,,
2012-06-27,15/9-F-12,24.0,646.3,105279.39,4507.87
2012-06-27,15/9-F-14,24.0,1080.53,170336.11,2642.7
2012-06-27,15/9-F-4,24.0,,,
2012-06-27,15/9-F-5,24.0,,,
2012-06-28,15/9-F-12,24.0,649.33,105474.3,4519.83
2012-06-28,15/9-F-14,24.0,1085.6,170651.45,2649.72
2012-06-28,15/9-F-4,24.0,,,
2012-06-28,15/9-F-5,24.0,,,
2012-06-29,15/9-F-12,24.0,652.07,105860.51,4389.1
2012-06-29,15/9-F-14,24.0,1090.18,171276.32,2819.53
2012-06-29,15/9-F-4,24.0,,,
2012-06-29,15/9-F-5,24.0,,,
2012-06-30,15/9-F-12,24.0,652.27,106241.1,4423.14
2012-06-30,15/9-F-14,24.0,1090.51,171892.1,2841.4
2012-06-30,15/9-F-4,24.0,,,
2012-06-30,15/9-F-5,24.0,,,
2012-07-01,15/9-F-12,24.0,657.36,106368.79,4085.55
2012-07-01,15/9-F-14,24.0,1099.01,172098.71,2624.54
2012-07-01,15/9-F-4,24.0,,,
2012-07-01,15/9-F-5,24.0,,,
2012-07-02,15/9-F-12,24.0,671.11,108717.21,4595.87
2012-07-02,15/9-F-14,24.0,1081.79,169592.57,2846.53
2012-07-02,15/9-F-4,24.0,,,
2012-07-02,15/9-F-5,24.0,,,
2012-07-03,15/9-F-12,24.0,670.62,108585.66,4463.57
2012-07-03,15/9-F-14,24.0,1080.99,169387.37,2764.58
2012-07-03,15/9-F-4,24.0,,,
2012-07-03,15/9-F-5,24.0,,,
2012-07-04,15/9-F-12,24.0,670.24,108872.38,4475.88
2012-07-04,15/9-F-14,24.0,1080.38,169834.63,2772.21
2012-07-04,15/9-F-4,24.0,,,
2012-07-04,15/9-F-5,24.0,,,
2012-07-05,15/9-F-12,24.0,670.54,109366.53,4479.01
2012-07-05,15/9-F-14,24.0,1080.86,170605.47,2774.14
2012-07-05,15/9-F-4,24.0,,,
2012-07-05,15/9-F-5,24.0,,,
2012-07-06,15/9-F-12,24.0,670.24,109432.54,4435.35
2012-07-06,15/9-F-14,24.0,1080.38,170708.45,2747.11
2012-07-06,15/9-F-4,24.0,,,
2012-07-06,15/9-F-5,24.0,,,
2012-07-07,15/9-F-12,24.0,672.25,109385.48,4402.56
2012-07-07,15/9-F-14,24.0,1083.62,170635.03,2726.8
2012-07-07,15/9-F-4,24.0,,,
2012-07-07,15/9-F-5,24.0,,,
2012-07-08,15/9-F-12,24.0,670.91,109073.49,4386.74
2012-07-08,15/9-F-14,24.0,1081.46,170148.34,2716.99
2012-07-08,15/9-F-4,24.0,,,
2012-07-08,15/9-F-5,24.0,,,
2012-07-09,15/9-F-12,24.0,687.94,112043.55,4530.87
2012-07-09,15/9-F-14,24.0,1056.84,166572.47,2674.47
2012-07-09,15/9-F-4,24.0,,,
2012-07-09,15/9-F-5,24.0,,,
2012-07-10,15/9-F-12,24.0,685.95,111675.24,4539.93
2012-07-10,15/9-F-14,24.0,1053.77,166024.9,2679.82
2012-07-10,15/9-F-4,24.0,,,
2012-07-10,15/9-F-5,24.0,,,
2012-07-11,15/9-F-12,24.0,685.85,111868.44,4573.91
2012-07-11,15/9-F-14,24.0,1053.63,166312.12,2699.87
2012-07-11,15/9-F-4,24.0,,,
2012-07-11,15/9-F-5,20.33333,,,
2012-07-12,15/9-F-12,24.0,687.83,112277.38,4548.71
2012-07-12,15/9-F-14,24.0,1056.68,166920.1,2685.0
2012-07-12,15/9-F-4,24.0,,,
2012-07-12,15/9-F-5,24.0,,,
2012-07-13,15/9-F-12,24.0,690.53,112558.62,4518.3
2012-07-13,15/9-F-14,24.0,1060.81,167338.2,2667.04
2012-07-13,15/9-F-4,24.0,,,
2012-07-13,15/9-F-5,24.0,,,
2012-07-14,15/9-F-12,24.0,689.56,111910.38,4541.69
2012-07-14,15/9-F-14,24.0,1059.33,166374.49,2680.85
2012-07-14,15/9-F-4,24.0,,,
2012-07-14,15/9-F-5,24.0,,,
2012-07-15,15/9-F-12,24.0,689.42,111537.06,4558.01
2012-07-15,15/9-F-14,24.0,1059.12,165819.47,2690.48
2012-07-15,15/9-F-4,24.0,,,
2012-07-15,15/9-F-5,24.0,,,
2012-07-16,15/9-F-12,24.0,689.64,111517.54,4563.96
2012-07-16,15/9-F-14,24.0,1059.44,165790.46,2694.0
2012-07-16,15/9-F-4,24.0,,,
2012-07-16,15/9-F-5,24.0,,,
2012-07-17,15/9-F-12,24.0,690.05,111702.83,4558.33
2012-07-17,15/9-F-14,24.0,1060.07,166065.91,2690.67
2012-07-17,15/9-F-4,24.0,,,
2012-07-17,15/9-F-5,24.0,,,
2012-07-18,15/9-F-12,24.0,689.59,112239.87,4552.25
2012-07-18,15/9-F-14,24.0,1059.38,166864.32,2687.08
2012-07-18,15/9-F-4,24.0,,,
2012-07-18,15/9-F-5,24.0,,,
2012-07-19,15/9-F-12,24.0,691.22,112606.19,4548.25
2012-07-19,15/9-F-14,24.0,1060.1,167131.62,2680.27
2012-07-19,15/9-F-4,24.0,,,
2012-07-19,15/9-F-5,24.0,,,
2012-07-20,15/9-F-12,24.0,689.13,112077.46,4566.51
2012-07-20,15/9-F-14,24.0,1058.66,166622.86,2695.5
2012-07-20,15/9-F-4,24.0,,,
2012-07-20,15/9-F-5,24.0,,,
2012-07-21,15/9-F-12,24.0,689.04,111175.37,4559.94
2012-07-21,15/9-F-14,24.0,1058.52,165281.74,2691.62
2012-07-21,15/9-F-4,24.0,,,
2012-07-21,15/9-F-5,24.0,,,
2012-07-22,15/9-F-12,24.0,688.09,111405.92,4575.88
2012-07-22,15/9-F-14,24.0,1057.06,165624.5,2701.03
2012-07-22,15/9-F-4,24.0,,,
2012-07-22,15/9-F-5,24.0,,,
2012-07-23,15/9-F-12,24.0,689.46,111626.99,4578.69
2012-07-23,15/9-F-14,24.0,1059.17,165953.17,2702.69
2012-07-23,15/9-F-4,24.0,,,
2012-07-23,15/9-F-5,24.0,,,
2012-07-24,15/9-F-12,24.0,689.72,111644.24,4602.32
2012-07-24,15/9-F-14,24.0,1059.56,165978.81,2716.64
2012-07-24,15/9-F-4,24.0,,,
2012-07-24,15/9-F-5,24.0,,,
2012-07-25,15/9-F-12,24.0,687.91,111443.17,4599.19
2012-07-25,15/9-F-14,24.0,1056.78,165679.88,2714.8
2012-07-25,15/9-F-4,24.0,,,
2012-07-25,15/9-F-5,24.0,,,
2012-07-26,15/9-F-12,24.0,687.49,111152.69,4587.76
2012-07-26,15/9-F-14,24.0,1056.14,165248.04,2708.04
2012-07-26,15/9-F-4,24.0,,,
2012-07-26,15/9-F-5,24.0,,,
2012-07-27,15/9-F-12,24.0,685.15,111214.39,4562.94
2012-07-27,15/9-F-14,24.0,1052.55,165339.76,2693.4
2012-07-27,15/9-F-4,24.0,,,
2012-07-27,15/9-F-5,24.0,,,
2012-07-28,15/9-F-12,24.0,682.91,111120.37,4524.77
2012-07-28,15/9-F-14,24.0,1049.12,165199.99,2670.87
2012-07-28,15/9-F-4,24.0,,,
2012-07-28,15/9-F-5,24.0,,,
2012-07-29,15/9-F-12,24.0,685.41,111726.59,4541.81
2012-07-29,15/9-F-14,24.0,1052.96,166101.25,2680.92
2012-07-29,15/9-F-4,24.0,,,
2012-07-29,15/9-F-5,24.0,,,
2012-07-30,15/9-F-12,24.0,699.1,113917.65,4549.26
2012-07-30,15/9-F-14,24.0,1043.58,164565.48,2743.55
2012-07-30,15/9-F-4,24.0,,,
2012-07-30,15/9-F-5,24.0,,,
2012-07-31,15/9-F-12,24.0,702.68,114524.67,4556.72
2012-07-31,15/9-F-14,24.0,1048.94,165442.37,2748.05
2012-07-31,15/9-F-4,24.0,,,
2012-07-31,15/9-F-5,24.0,,,
2012-08-01,15/9-F-12,24.0,700.48,112068.11,4561.88
2012-08-01,15/9-F-14,24.0,1045.63,161893.61,2751.15
2012-08-01,15/9-F-4,24.0,,,
2012-08-01,15/9-F-5,24.0,,,
2012-08-02,15/9-F-12,24.0,699.13,113267.28,4551.05
2012-08-02,15/9-F-14,24.0,1043.62,163625.93,2744.62
2012-08-02,15/9-F-4,24.0,,,
2012-08-02,15/9-F-5,24.0,,,
2012-08-03,15/9-F-12,24.0,698.21,113169.39,4520.99
2012-08-03,15/9-F-14,24.0,1042.26,163484.53,2726.49
2012-08-03,15/9-F-4,24.0,,,
2012-08-03,15/9-F-5,24.0,,,
2012-08-04,15/9-F-12,24.0,693.88,113527.4,4507.58
2012-08-04,15/9-F-14,24.0,1035.79,164001.71,2718.41
2012-08-04,15/9-F-4,24.0,,,
2012-08-04,15/9-F-5,24.0,,,
2012-08-05,15/9-F-12,24.0,690.65,113527.4,4546.33
2012-08-05,15/9-F-14,24.0,1030.97,164001.71,2741.78
2012-08-05,15/9-F-4,24.0,,,
2012-08-05,15/9-F-5,24.0,,,
2012-08-06,15/9-F-12,24.0,695.57,113259.2,4623.36
2012-08-06,15/9-F-14,24.0,1038.32,163614.28,2788.23
2012-08-06,15/9-F-4,24.0,,,
2012-08-06,15/9-F-5,24.0,,,
2012-08-07,15/9-F-12,24.0,697.39,113204.12,4646.5
2012-08-07,15/9-F-14,24.0,1041.04,163534.7,2802.18
2012-08-07,15/9-F-4,24.0,,,
2012-08-07,15/9-F-5,24.0,,,
2012-08-08,15/9-F-12,24.0,697.39,116964.32,4643.46
2012-08-08,15/9-F-14,24.0,1041.04,168966.68,2800.36
2012-08-08,15/9-F-4,24.0,,,
2012-08-08,15/9-F-5,24.0,,,
2012-08-09,15/9-F-12,24.0,694.34,112557.09,4630.58
2012-08-09,15/9-F-14,24.0,1036.49,162599.99,2792.59
2012-08-09,15/9-F-4,23.66667,,,
2012-08-09,15/9-F-5,24.0,,,
2012-08-10,15/9-F-12,24.0,698.37,113243.22,4653.15
2012-08-10,15/9-F-14,24.0,1042.49,163591.18,2806.2
2012-08-10,15/9-F-4,24.0,,,
2012-08-10,15/9-F-5,24.0,,,
2012-08-11,15/9-F-12,24.0,701.58,115203.71,4649.75
2012-08-11,15/9-F-14,24.0,1047.3,166423.31,2804.14
2012-08-11,15/9-F-4,24.0,,,
2012-08-11,15/9-F-5,24.0,,,
2012-08-12,15/9-F-12,24.0,698.29,114040.47,4709.83
2012-08-12,15/9-F-14,24.0,1042.36,164741.77,2840.36
2012-08-12,15/9-F-4,24.0,,,
2012-08-12,15/9-F-5,24.0,,,
2012-08-13,15/9-F-12,0.625,632.96,12123.37,-457.84
2012-08-13,15/9-F-14,0.625,202.53,3754.12,-59.19
2012-08-13,15/9-F-4,4.45833,,,
2012-08-13,15/9-F-5,21.12499,,,
2012-08-14,15/9-F-4,0.0,,,
2012-08-14,15/9-F-5,0.0,,,
2012-08-15,15/9-F-12,0.0,0.0,0.0,0.0
2012-08-15,15/9-F-14,0.0,0.0,0.0,0.0
2012-08-15,15/9-F-4,0.0,,,
2012-08-15,15/9-F-5,0.0,,,
2012-08-16,15/9-F-12,0.0,0.0,0.0,0.0
2012-08-16,15/9-F-14,0.0,0.0,0.0,0.0
2012-08-16,15/9-F-4,0.0,,,
2012-08-16,15/9-F-5,0.0,,,
2012-08-17,15/9-F-12,0.0,0.0,0.0,0.0
2012-08-17,15/9-F-14,0.0,0.0,0.0,0.0
2012-08-17,15/9-F-4,0.0,,,
2012-08-17,15/9-F-5,0.0,,,
2012-08-18,15/9-F-4,0.0,,,
2012-08-18,15/9-F-5,0.0,,,
2012-08-19,15/9-F-12,0.0,0.0,0.0,0.0
2012-08-19,15/9-F-14,0.0,0.0,0.0,0.0
2012-08-19,15/9-F-4,0.0,,,
2012-08-19,15/9-F-5,0.0,,,
2012-08-20,15/9-F-12,0.0,0.0,0.0,0.0
2012-08-20,15/9-F-14,0.0,0.0,0.0,0.0
2012-08-20,15/9-F-4,0.0,,,
2012-08-20,15/9-F-5,0.0,,,
2012-08-21,15/9-F-12,0.0,0.0,0.0,0.0
2012-08-21,15/9-F-14,0.0,0.0,0.0,0.0
2012-08-21,15/9-F-4,0.0,,,
2012-08-21,15/9-F-5,0.0,,,
2012-08-22,15/9-F-12,0.0,0.0,0.0,0.0
2012-08-22,15/9-F-14,0.0,0.0,0.0,0.0
2012-08-22,15/9-F-4,0.0,,,
2012-08-22,15/9-F-5,0.0,,,
2012-08-23,15/9-F-12,0.0,0.0,0.0,0.0
2012-08-23,15/9-F-14,0.0,0.0,0.0,0.0
2012-08-23,15/9-F-4,0.0,,,
2012-08-23,15/9-F-5,0.0,,,
2012-08-24,15/9-F-12,0.0,0.0,0.0,0.0
2012-08-24,15/9-F-14,0.0,0.0,0.0,0.0
2012-08-24,15/9-F-4,0.0,,,
2012-08-24,15/9-F-5,0.0,,,
2012-08-25,15/9-F-12,0.0,0.0,0.0,0.0
2012-08-25,15/9-F-14,0.0,0.0,0.0,0.0
2012-08-25,15/9-F-4,0.0,,,
2012-08-25,15/9-F-5,0.0,,,
2012-08-26,15/9-F-12,0.0,0.0,0.0,0.0
2012-08-26,15/9-F-14,0.0,0.0,0.0,0.0
2012-08-26,15/9-F-4,0.0,,,
2012-08-26,15/9-F-5,0.0,,,
2012-08-27,15/9-F-12,0.0,0.0,0.0,0.0
2012-08-27,15/9-F-14,0.0,0.0,0.0,0.0
2012-08-27,15/9-F-4,0.0,,,
2012-08-27,15/9-F-5,0.0,,,
2012-08-28,15/9-F-12,0.0,0.0,0.0,0.0
2012-08-28,15/9-F-14,0.0,0.0,0.0,0.0
2012-08-28,15/9-F-4,0.0,,,
2012-08-28,15/9-F-5,0.0,,,
2012-08-29,15/9-F-12,0.0,0.0,0.0,0.0
2012-08-29,15/9-F-14,0.0,0.0,0.0,0.0
2012-08-29,15/9-F-4,0.0,,,
2012-08-29,15/9-F-5,0.0,,,
2012-08-30,15/9-F-12,0.0,0.0,0.0,0.0
2012-08-30,15/9-F-14,0.0,0.0,0.0,0.0
2012-08-30,15/9-F-4,0.0,,,
2012-08-30,15/9-F-5,0.0,,,
2012-08-31,15/9-F-12,0.0,0.0,0.0,0.0
2012-08-31,15/9-F-14,0.0,0.0,0.0,0.0
2012-08-31,15/9-F-4,0.0,,,
2012-08-31,15/9-F-5,0.0,,,
2012-09-01,15/9-F-12,0.0,0.0,0.0,0.0
2012-09-01,15/9-F-14,0.0,0.0,0.0,0.0
2012-09-01,15/9-F-4,0.0,,,
2012-09-01,15/9-F-5,0.0,,,
2012-09-02,15/9-F-12,0.0,0.0,0.0,0.0
2012-09-02,15/9-F-14,0.0,0.0,0.0,0.0
2012-09-02,15/9-F-4,0.0,,,
2012-09-02,15/9-F-5,0.0,,,
2012-09-03,15/9-F-12,0.0,0.0,0.0,0.0
2012-09-03,15/9-F-14,0.0,0.0,0.0,0.0
2012-09-03,15/9-F-4,0.0,,,
2012-09-03,15/9-F-5,0.0,,,
2012-09-04,15/9-F-4,0.0,,,
2012-09-04,15/9-F-5,0.0,,,
2012-09-05,15/9-F-4,0.0,,,
2012-09-05,15/9-F-5,0.0,,,
2012-09-06,15/9-F-4,0.0,,,
2012-09-06,15/9-F-5,0.0,,,
2012-09-07,15/9-F-12,0.0,0.0,0.0,0.0
2012-09-07,15/9-F-14,0.0,0.0,0.0,0.0
2012-09-07,15/9-F-4,0.0,,,
2012-09-07,15/9-F-5,0.0,,,
2012-09-08,15/9-F-4,0.0,,,
2012-09-08,15/9-F-5,0.0,,,
2012-09-09,15/9-F-4,0.0,,,
2012-09-09,15/9-F-5,0.0,,,
2012-09-10,15/9-F-4,0.0,,,
2012-09-10,15/9-F-5,0.0,,,
2012-09-11,15/9-F-12,0.0,0.0,0.0,0.0
2012-09-11,15/9-F-14,0.0,0.0,0.0,0.0
2012-09-11,15/9-F-4,0.0,,,
2012-09-11,15/9-F-5,0.0,,,
2012-09-12,15/9-F-4,0.70833,,,
2012-09-12,15/9-F-5,0.0,,,
2012-09-13,15/9-F-4,2.625,,,
2012-09-13,15/9-F-5,4.66667,,,
2012-09-14,15/9-F-4,0.0,,,
2012-09-14,15/9-F-5,4.29167,,,
2012-09-15,15/9-F-12,0.0,0.0,0.0,0.0
2012-09-15,15/9-F-14,0.95833,0.0,0.0,0.0
2012-09-15,15/9-F-4,0.0,,,
2012-09-15,15/9-F-5,0.0,,,
2012-09-16,15/9-F-12,0.0,0.0,0.0,0.0
2012-09-16,15/9-F-14,0.0,0.0,0.0,0.0
2012-09-16,15/9-F-4,0.0,,,
2012-09-16,15/9-F-5,0.0,,,
2012-09-17,15/9-F-12,0.0,0.0,0.0,0.0
2012-09-17,15/9-F-14,0.0,0.0,0.0,0.0
2012-09-17,15/9-F-4,0.0,,,
2012-09-17,15/9-F-5,0.0,,,
2012-09-18,15/9-F-4,0.0,,,
2012-09-18,15/9-F-5,0.0,,,
2012-09-19,15/9-F-12,0.0,0.0,0.0,0.0
2012-09-19,15/9-F-14,0.0,0.0,0.0,0.0
2012-09-19,15/9-F-4,0.0,,,
2012-09-19,15/9-F-5,0.0,,,
2012-09-20,15/9-F-4,0.0,,,
2012-09-20,15/9-F-5,0.0,,,
2012-09-21,15/9-F-12,0.0,0.0,0.0,0.0
2012-09-21,15/9-F-14,0.0,0.0,0.0,0.0
2012-09-21,15/9-F-4,0.0,,,
2012-09-21,15/9-F-5,0.0,,,
2012-09-22,15/9-F-4,0.0,,,
2012-09-22,15/9-F-5,0.0,,,
2012-09-23,15/9-F-12,0.0,0.0,0.0,0.0
2012-09-23,15/9-F-14,0.0,0.0,0.0,0.0
2012-09-23,15/9-F-4,0.0,,,
2012-09-23,15/9-F-5,0.0,,,
2012-09-24,15/9-F-4,0.0,,,
2012-09-24,15/9-F-5,0.0,,,
2012-09-25,15/9-F-12,0.0,0.0,0.0,0.0
2012-09-25,15/9-F-14,0.0,0.0,0.0,0.0
2012-09-25,15/9-F-4,0.0,,,
2012-09-25,15/9-F-5,0.0,,,
2012-09-26,15/9-F-12,0.0,0.0,0.0,0.0
2012-09-26,15/9-F-14,0.0,0.0,0.0,0.0
2012-09-26,15/9-F-4,0.0,,,
2012-09-26,15/9-F-5,0.0,,,
2012-09-27,15/9-F-12,0.0,0.0,0.0,0.0
2012-09-27,15/9-F-14,0.0,0.0,0.0,0.0
2012-09-27,15/9-F-4,0.0,,,
2012-09-27,15/9-F-5,0.0,,,
2012-09-28,15/9-F-4,0.0,,,
2012-09-28,15/9-F-5,0.0,,,
2012-09-29,15/9-F-12,2.99166,193.44,26890.65,638.29
2012-09-29,15/9-F-14,5.825,416.68,56054.11,555.45
2012-09-29,15/9-F-4,4.325,,,
2012-09-29,15/9-F-5,4.325,,,
2012-09-30,15/9-F-12,24.0,820.49,130029.75,3874.79
2012-09-30,15/9-F-14,24.0,1238.4,189926.92,2362.74
2012-09-30,15/9-F-4,24.0,,,
2012-09-30,15/9-F-5,24.0,,,
2012-10-01,15/9-F-12,24.0,795.28,125971.29,4243.26
2012-10-01,15/9-F-14,24.0,1200.19,183977.42,2587.12
2012-10-01,15/9-F-4,24.0,,,
2012-10-01,15/9-F-5,24.0,,,
2012-10-02,15/9-F-12,24.0,740.28,115950.85,4500.02
2012-10-02,15/9-F-14,24.0,1409.91,213712.85,2378.38
2012-10-02,15/9-F-4,24.0,,,
2012-10-02,15/9-F-5,24.0,,,
2012-10-03,15/9-F-12,24.0,799.36,124553.29,4584.46
2012-10-03,15/9-F-14,24.0,1405.2,211887.25,2444.91
2012-10-03,15/9-F-4,24.0,,,
2012-10-03,15/9-F-5,24.0,,,
2012-10-04,15/9-F-12,24.0,829.61,128237.73,4596.42
2012-10-04,15/9-F-14,24.0,1458.2,218131.42,2451.03
2012-10-04,15/9-F-4,24.0,,,
2012-10-04,15/9-F-5,24.0,,,
2012-10-05,15/9-F-12,24.0,730.08,113101.25,4604.39
2012-10-05,15/9-F-14,24.0,1604.2,240499.46,2466.56
2012-10-05,15/9-F-4,24.0,,,
2012-10-05,15/9-F-5,24.0,,,
2012-10-06,15/9-F-12,24.0,727.78,113405.14,4621.42
2012-10-06,15/9-F-14,24.0,1599.06,241134.62,2475.57
2012-10-06,15/9-F-4,24.0,,,
2012-10-06,15/9-F-5,24.0,,,
2012-10-07,15/9-F-12,24.0,721.14,112946.98,4637.29
2012-10-07,15/9-F-14,24.0,1584.57,240174.1,2484.21
2012-10-07,15/9-F-4,24.0,,,
2012-10-07,15/9-F-5,24.0,,,
2012-10-08,15/9-F-12,24.0,718.11,112321.34,4626.57
2012-10-08,15/9-F-14,24.0,1577.9,238842.76,2478.45
2012-10-08,15/9-F-4,24.0,,,
2012-10-08,15/9-F-5,24.0,,,
2012-10-09,15/9-F-12,24.0,708.14,111280.16,4617.84
2012-10-09,15/9-F-14,24.0,1556.2,236657.75,2474.08
2012-10-09,15/9-F-4,24.0,,,
2012-10-09,15/9-F-5,24.0,,,
2012-10-10,15/9-F-12,24.0,736.65,116390.0,4629.11
2012-10-10,15/9-F-14,24.0,1510.57,230969.49,2521.61
2012-10-10,15/9-F-4,24.0,,,
2012-10-10,15/9-F-5,24.0,,,
2012-10-11,15/9-F-12,24.0,748.23,117082.78,4750.37
2012-10-11,15/9-F-14,24.0,1534.8,232416.94,2588.48
2012-10-11,15/9-F-4,24.0,,,
2012-10-11,15/9-F-5,24.0,,,
2012-10-12,15/9-F-12,24.0,962.74,150950.28,5522.57
2012-10-12,15/9-F-14,24.0,1324.73,201006.77,2018.64
2012-10-12,15/9-F-4,24.0,,,
2012-10-12,15/9-F-5,24.0,,,
2012-10-13,15/9-F-12,22.0,661.99,107663.77,3917.78
2012-10-13,15/9-F-14,22.0,549.57,86497.43,864.0
2012-10-13,15/9-F-4,17.16667,,,
2012-10-13,15/9-F-5,16.5,,,
2012-10-14,15/9-F-12,5.175,401.74,44784.26,1077.21
2012-10-14,15/9-F-14,5.175,205.63,22184.21,146.47
2012-10-14,15/9-F-4,4.84167,,,
2012-10-14,15/9-F-5,4.84167,,,
2012-10-15,15/9-F-4,0.0,,,
2012-10-15,15/9-F-5,0.0,,,
2012-10-16,15/9-F-4,0.0,,,
2012-10-16,15/9-F-5,0.0,,,
2012-10-17,15/9-F-4,0.0,,,
2012-10-17,15/9-F-5,0.0,,,
2012-10-18,15/9-F-4,0.0,,,
2012-10-18,15/9-F-5,0.0,,,
2012-10-19,15/9-F-12,7.0,182.51,31523.89,1371.67
2012-10-19,15/9-F-14,7.0,187.55,31348.09,374.42
2012-10-19,15/9-F-4,6.90833,,,
2012-10-19,15/9-F-5,6.825,,,
2012-10-20,15/9-F-12,24.0,1057.84,164884.38,5847.85
2012-10-20,15/9-F-14,24.0,891.56,134483.5,1309.26
2012-10-20,15/9-F-4,24.0,,,
2012-10-20,15/9-F-5,24.0,,,
2012-10-21,15/9-F-12,24.0,1072.01,167921.48,5965.16
2012-10-21,15/9-F-14,24.0,943.69,143054.21,1394.95
2012-10-21,15/9-F-4,24.0,,,
2012-10-21,15/9-F-5,24.0,,,
2012-10-22,15/9-F-12,24.0,713.89,112150.23,5004.62
2012-10-22,15/9-F-14,24.0,1370.22,208314.79,2786.25
2012-10-22,15/9-F-4,19.74999,,,
2012-10-22,15/9-F-5,18.33333,,,
2012-10-23,15/9-F-12,24.0,713.36,112590.79,4807.4
2012-10-23,15/9-F-14,24.0,1368.18,208974.11,2674.42
2012-10-23,15/9-F-4,7.675,,,
2012-10-23,15/9-F-5,19.83333,,,
2012-10-24,15/9-F-12,24.0,716.82,112331.53,4810.97
2012-10-24,15/9-F-14,24.0,1374.62,208463.18,2676.02
2012-10-24,15/9-F-4,0.0,,,
2012-10-24,15/9-F-5,24.0,,,
2012-10-25,15/9-F-12,24.0,709.19,111792.1,4811.21
2012-10-25,15/9-F-14,24.0,1360.57,207551.24,2677.31
2012-10-25,15/9-F-4,0.0,,,
2012-10-25,15/9-F-5,14.00834,,,
2012-10-26,15/9-F-12,24.0,700.41,110884.12,4734.5
2012-10-26,15/9-F-14,24.0,1344.8,206033.08,2636.77
2012-10-26,15/9-F-4,18.83333,,,
2012-10-26,15/9-F-5,18.83333,,,
2012-10-27,15/9-F-12,24.0,699.67,110269.46,4673.03
2012-10-27,15/9-F-14,24.0,1345.2,205168.37,2606.06
2012-10-27,15/9-F-4,14.825,,,
2012-10-27,15/9-F-5,0.0,,,
2012-10-28,15/9-F-12,24.0,719.27,113845.66,4748.81
2012-10-28,15/9-F-14,24.0,1384.85,212120.95,2652.04
2012-10-28,15/9-F-4,9.99166,,,
2012-10-28,15/9-F-5,6.99166,,,
2012-10-29,15/9-F-12,24.0,681.79,107766.97,4562.4
2012-10-29,15/9-F-14,24.0,1315.01,201153.08,2552.49
2012-10-29,15/9-F-4,24.0,,,
2012-10-29,15/9-F-5,24.0,,,
2012-10-30,15/9-F-12,24.0,686.28,108840.68,4525.12
2012-10-30,15/9-F-14,24.0,1274.53,195614.42,2668.47
2012-10-30,15/9-F-4,24.0,,,
2012-10-30,15/9-F-5,24.0,,,
2012-10-31,15/9-F-12,24.0,678.68,108144.99,4525.98
2012-10-31,15/9-F-14,24.0,1262.51,194686.36,2673.41
2012-10-31,15/9-F-4,24.0,,,
2012-10-31,15/9-F-5,24.0,,,
2012-11-01,15/9-F-12,24.0,673.59,107323.8,4530.96
2012-11-01,15/9-F-14,24.0,1254.44,193423.5,2679.33
2012-11-01,15/9-F-4,24.0,,,
2012-11-01,15/9-F-5,24.0,,,
2012-11-02,15/9-F-12,24.0,664.35,106066.0,4356.17
2012-11-02,15/9-F-14,24.0,1237.46,191191.7,2829.04
2012-11-02,15/9-F-4,24.0,,,
2012-11-02,15/9-F-5,24.0,,,
2012-11-03,15/9-F-12,24.0,659.98,105193.03,4350.55
2012-11-03,15/9-F-14,24.0,1230.31,189772.61,2827.69
2012-11-03,15/9-F-4,24.0,,,
2012-11-03,15/9-F-5,24.0,,,
2012-11-04,15/9-F-12,24.0,655.32,104614.44,4366.7
2012-11-04,15/9-F-14,24.0,1221.89,188770.05,2838.8
2012-11-04,15/9-F-4,24.0,,,
2012-11-04,15/9-F-5,24.0,,,
2012-11-05,15/9-F-12,24.0,647.66,105889.37,4304.75
2012-11-05,15/9-F-14,24.0,1204.86,190634.33,2792.14
2012-11-05,15/9-F-4,24.0,,,
2012-11-05,15/9-F-5,24.0,,,
2012-11-06,15/9-F-12,24.0,636.76,104444.8,4331.0
2012-11-06,15/9-F-14,24.0,1182.33,187678.52,2803.86
2012-11-06,15/9-F-4,24.0,,,
2012-11-06,15/9-F-5,24.0,,,
2012-11-07,15/9-F-12,24.0,638.85,104685.57,4394.46
2012-11-07,15/9-F-14,24.0,1186.89,188217.72,2846.56
2012-11-07,15/9-F-4,24.0,,,
2012-11-07,15/9-F-5,24.0,,,
2012-11-08,15/9-F-12,24.0,641.12,104953.56,4437.56
2012-11-08,15/9-F-14,24.0,1191.54,188764.44,2875.47
2012-11-08,15/9-F-4,24.0,,,
2012-11-08,15/9-F-5,24.0,,,
2012-11-09,15/9-F-12,24.0,634.89,105357.16,4473.73
2012-11-09,15/9-F-14,24.0,1176.47,188933.75,2890.39
2012-11-09,15/9-F-4,24.0,,,
2012-11-09,15/9-F-5,24.0,,,
2012-11-10,15/9-F-12,24.0,631.9,103217.26,4519.54
2012-11-10,15/9-F-14,24.0,1166.55,184401.14,2909.03
2012-11-10,15/9-F-4,24.0,,,
2012-11-10,15/9-F-5,24.0,,,
2012-11-11,15/9-F-12,24.0,630.9,102032.8,4565.85
2012-11-11,15/9-F-14,24.0,1163.63,182116.81,2936.11
2012-11-11,15/9-F-4,24.0,,,
2012-11-11,15/9-F-5,24.0,,,
2012-11-12,15/9-F-12,24.0,633.16,102424.21,4569.92
2012-11-12,15/9-F-14,24.0,1167.89,182830.16,2938.97
2012-11-12,15/9-F-4,24.0,,,
2012-11-12,15/9-F-5,24.0,,,
2012-11-13,15/9-F-12,24.0,633.84,102711.73,4563.6
2012-11-13,15/9-F-14,24.0,1168.8,183292.19,2934.08
2012-11-13,15/9-F-4,24.0,,,
2012-11-13,15/9-F-5,24.0,,,
2012-11-14,15/9-F-12,24.0,634.16,102334.06,4557.22
2012-11-14,15/9-F-14,24.0,1169.13,182577.34,2929.33
2012-11-14,15/9-F-4,24.0,,,
2012-11-14,15/9-F-5,24.0,,,
2012-11-15,15/9-F-12,24.0,635.09,102650.31,4576.3
2012-11-15,15/9-F-14,24.0,1170.96,183157.26,2941.85
2012-11-15,15/9-F-4,24.0,,,
2012-11-15,15/9-F-5,24.0,,,
2012-11-16,15/9-F-12,24.0,631.52,102176.23,4566.85
2012-11-16,15/9-F-14,24.0,1180.1,184773.8,2975.42
2012-11-16,15/9-F-4,24.0,,,
2012-11-16,15/9-F-5,24.0,,,
2012-11-17,15/9-F-12,24.0,633.4,102446.77,4470.62
2012-11-17,15/9-F-14,24.0,1167.93,182807.06,2874.11
2012-11-17,15/9-F-4,24.0,,,
2012-11-17,15/9-F-5,24.0,,,
2012-11-18,15/9-F-12,24.0,631.33,102081.86,4557.8
2012-11-18,15/9-F-14,24.0,1163.83,182112.31,2929.46
2012-11-18,15/9-F-4,24.0,,,
2012-11-18,15/9-F-5,24.0,,,
2012-11-19,15/9-F-12,24.0,628.96,102395.83,4576.33
2012-11-19,15/9-F-14,24.0,1159.98,182752.58,2942.66
2012-11-19,15/9-F-4,24.0,,,
2012-11-19,15/9-F-5,24.0,,,
2012-11-20,15/9-F-12,24.0,627.61,102008.01,4578.84
2012-11-20,15/9-F-14,24.0,1157.19,182015.84,2943.55
2012-11-20,15/9-F-4,24.0,,,
2012-11-20,15/9-F-5,24.0,,,
2012-11-21,15/9-F-12,24.0,627.7,101607.58,4533.91
2012-11-21,15/9-F-14,24.0,1157.2,181277.28,2914.28
2012-11-21,15/9-F-4,24.0,,,
2012-11-21,15/9-F-5,24.0,,,
2012-11-22,15/9-F-12,24.0,622.39,101312.51,4530.03
2012-11-22,15/9-F-14,24.0,1147.42,180752.62,2911.82
2012-11-22,15/9-F-4,24.0,,,
2012-11-22,15/9-F-5,24.0,,,
2012-11-23,15/9-F-12,24.0,620.46,100952.92,4521.48
2012-11-23,15/9-F-14,24.0,1143.52,180055.37,2905.42
2012-11-23,15/9-F-4,24.0,,,
2012-11-23,15/9-F-5,24.0,,,
2012-11-24,15/9-F-12,24.0,613.0,99118.81,4490.15
2012-11-24,15/9-F-14,24.0,1144.66,179114.44,2923.33
2012-11-24,15/9-F-4,24.0,,,
2012-11-24,15/9-F-5,24.0,,,
2012-11-25,15/9-F-12,24.0,614.8,100092.87,4518.29
2012-11-25,15/9-F-14,24.0,1134.68,178773.04,2907.47
2012-11-25,15/9-F-4,24.0,,,
2012-11-25,15/9-F-5,24.0,,,
2012-11-26,15/9-F-12,24.0,614.72,100628.25,4532.3
2012-11-26,15/9-F-14,24.0,1135.03,179806.73,2917.74
2012-11-26,15/9-F-4,24.0,,,
2012-11-26,15/9-F-5,24.0,,,
2012-11-27,15/9-F-12,24.0,633.48,103468.57,4501.76
2012-11-27,15/9-F-14,24.0,1102.77,174307.74,3011.14
2012-11-27,15/9-F-4,24.0,,,
2012-11-27,15/9-F-5,24.0,,,
2012-11-28,15/9-F-12,24.0,627.24,102444.03,4558.21
2012-11-28,15/9-F-14,24.0,1090.23,172320.06,3044.27
2012-11-28,15/9-F-4,24.0,,,
2012-11-28,15/9-F-5,24.0,,,
2012-11-29,15/9-F-12,24.0,622.94,101282.27,4560.11
2012-11-29,15/9-F-14,24.0,1081.38,170148.18,3041.64
2012-11-29,15/9-F-4,24.0,,,
2012-11-29,15/9-F-5,24.0,,,
2012-11-30,15/9-F-12,24.0,617.76,100525.15,4514.37
2012-11-30,15/9-F-14,24.0,1072.59,168906.74,3011.68
2012-11-30,15/9-F-4,24.0,,,
2012-11-30,15/9-F-5,24.0,,,
2012-12-01,15/9-F-12,24.0,613.39,100817.73,4566.95
2012-12-01,15/9-F-14,24.0,1066.9,169702.53,3052.22
2012-12-01,15/9-F-4,24.0,,,
2012-12-01,15/9-F-5,24.0,,,
2012-12-02,15/9-F-12,24.0,608.0,100408.87,4522.44
2012-12-02,15/9-F-14,24.0,1061.33,169619.33,3033.3
2012-12-02,15/9-F-4,24.0,,,
2012-12-02,15/9-F-5,17.75,,,
2012-12-03,15/9-F-12,24.0,600.12,99576.45,4450.81
2012-12-03,15/9-F-14,24.0,1054.37,169304.54,3004.62
2012-12-03,15/9-F-4,24.0,,,
2012-12-03,15/9-F-5,24.0,,,
2012-12-04,15/9-F-12,24.0,601.22,99052.9,4462.24
2012-12-04,15/9-F-14,24.0,1056.65,168469.75,3013.33
2012-12-04,15/9-F-4,17.66667,,,
2012-12-04,15/9-F-5,24.0,,,
2012-12-05,15/9-F-12,24.0,569.75,93695.14,4397.79
2012-12-05,15/9-F-14,24.0,1084.08,172523.38,3247.61
2012-12-05,15/9-F-4,24.0,,,
2012-12-05,15/9-F-5,24.0,,,
2012-12-06,15/9-F-12,24.0,604.43,99444.27,4594.55
2012-12-06,15/9-F-14,24.0,1054.22,167848.95,3110.13
2012-12-06,15/9-F-4,24.0,,,
2012-12-06,15/9-F-5,24.0,,,
2012-12-07,15/9-F-12,24.0,603.69,98425.06,4612.7
2012-12-07,15/9-F-14,24.0,1056.74,166730.15,3133.73
2012-12-07,15/9-F-4,24.0,,,
2012-12-07,15/9-F-5,24.0,,,
2012-12-08,15/9-F-12,24.0,601.3,98628.9,4644.1
2012-12-08,15/9-F-14,24.0,1053.23,167185.47,3157.13
2012-12-08,15/9-F-4,24.0,,,
2012-12-08,15/9-F-5,24.0,,,
2012-12-09,15/9-F-12,24.0,600.3,98445.18,4688.12
2012-12-09,15/9-F-14,24.0,1051.23,166834.11,3186.3
2012-12-09,15/9-F-4,24.0,,,
2012-12-09,15/9-F-5,24.0,,,
2012-12-10,15/9-F-12,24.0,599.52,98178.57,4659.7
2012-12-10,15/9-F-14,24.0,1052.29,166767.33,3174.31
2012-12-10,15/9-F-4,24.0,,,
2012-12-10,15/9-F-5,24.0,,,
2012-12-11,15/9-F-12,22.83333,497.28,83902.57,4092.5
2012-12-11,15/9-F-14,23.33333,902.0,147278.13,2881.04
2012-12-11,15/9-F-4,23.0,,,
2012-12-11,15/9-F-5,22.5,,,
2012-12-12,15/9-F-12,11.70833,309.36,53275.78,2360.4
2012-12-12,15/9-F-14,11.29167,425.98,70994.13,1261.47
2012-12-12,15/9-F-4,12.29167,,,
2012-12-12,15/9-F-5,12.29167,,,
2012-12-13,15/9-F-12,8.54167,135.58,23138.55,1503.87
2012-12-13,15/9-F-14,15.20833,420.57,69463.45,1810.63
2012-12-13,15/9-F-4,9.29167,,,
2012-12-13,15/9-F-5,9.37501,,,
2012-12-14,15/9-F-12,23.95463,513.82,85372.82,4489.87
2012-12-14,15/9-F-14,23.45833,891.26,143308.6,3022.63
2012-12-14,15/9-F-4,24.0,,,
2012-12-14,15/9-F-5,24.0,,,
2012-12-15,15/9-F-12,9.21203,221.79,37049.58,2070.51
2012-12-15,15/9-F-14,13.70833,478.05,77281.62,1732.08
2012-12-15,15/9-F-4,12.25,,,
2012-12-15,15/9-F-5,11.91667,,,
2012-12-16,15/9-F-12,24.0,545.78,91269.59,4585.39
2012-12-16,15/9-F-14,24.0,972.11,157318.59,3169.76
2012-12-16,15/9-F-4,24.0,,,
2012-12-16,15/9-F-5,24.0,,,
2012-12-17,15/9-F-12,24.0,551.96,92374.98,4566.83
2012-12-17,15/9-F-14,24.0,987.77,159979.32,3171.92
2012-12-17,15/9-F-4,24.0,,,
2012-12-17,15/9-F-5,24.0,,,
2012-12-18,15/9-F-12,24.0,554.22,92896.99,4530.97
2012-12-18,15/9-F-14,24.0,992.03,160916.2,3147.65
2012-12-18,15/9-F-4,24.0,,,
2012-12-18,15/9-F-5,24.0,,,
2012-12-19,15/9-F-12,24.0,558.04,93654.94,4519.76
2012-12-19,15/9-F-14,24.0,999.01,162253.56,3140.34
2012-12-19,15/9-F-4,24.0,,,
2012-12-19,15/9-F-5,24.0,,,
2012-12-20,15/9-F-12,24.0,530.64,88842.23,4496.87
2012-12-20,15/9-F-14,24.0,1036.59,167953.02,3090.15
2012-12-20,15/9-F-4,24.0,,,
2012-12-20,15/9-F-5,24.0,,,
2012-12-21,15/9-F-12,24.0,531.29,89222.38,4507.18
2012-12-21,15/9-F-14,24.0,1037.92,168678.01,3097.35
2012-12-21,15/9-F-4,24.0,,,
2012-12-21,15/9-F-5,24.0,,,
2012-12-22,15/9-F-12,24.0,533.24,89282.41,4551.53
2012-12-22,15/9-F-14,24.0,1041.77,168798.13,3127.95
2012-12-22,15/9-F-4,24.0,,,
2012-12-22,15/9-F-5,24.0,,,
2012-12-23,15/9-F-12,24.0,535.3,89583.88,4470.7
2012-12-23,15/9-F-14,24.0,1040.31,168482.76,3056.35
2012-12-23,15/9-F-4,24.0,,,
2012-12-23,15/9-F-5,24.0,,,
2012-12-24,15/9-F-12,24.0,538.78,90054.67,4465.66
2012-12-24,15/9-F-14,24.0,1039.18,168092.06,3371.1
2012-12-24,15/9-F-4,24.0,,,
2012-12-24,15/9-F-5,24.0,,,
2012-12-25,15/9-F-12,24.0,541.13,90180.71,4434.45
2012-12-25,15/9-F-14,24.0,1043.8,168340.59,3347.81
2012-12-25,15/9-F-4,24.0,,,
2012-12-25,15/9-F-5,24.0,,,
2012-12-26,15/9-F-12,24.0,539.37,89893.03,4407.03
2012-12-26,15/9-F-14,24.0,1040.77,167861.61,3328.25
2012-12-26,15/9-F-4,24.0,,,
2012-12-26,15/9-F-5,24.0,,,
2012-12-27,15/9-F-12,24.0,538.35,89746.2,4397.34
2012-12-27,15/9-F-14,24.0,1039.24,167658.31,3322.35
2012-12-27,15/9-F-4,24.0,,,
2012-12-27,15/9-F-5,24.0,,,
2012-12-28,15/9-F-12,24.0,536.06,90084.41,4401.98
2012-12-28,15/9-F-14,24.0,1034.83,168293.29,3325.92
2012-12-28,15/9-F-4,24.0,,,
2012-12-28,15/9-F-5,24.0,,,
2012-12-29,15/9-F-12,24.0,538.28,90705.99,4357.11
2012-12-29,15/9-F-14,24.0,1038.65,169379.96,3290.56
2012-12-29,15/9-F-4,24.0,,,
2012-12-29,15/9-F-5,24.0,,,
2012-12-30,15/9-F-12,24.0,534.72,90216.52,4402.48
2012-12-30,15/9-F-14,24.0,1034.91,168974.68,3334.86
2012-12-30,15/9-F-4,24.0,,,
2012-12-30,15/9-F-5,24.0,,,
2012-12-31,15/9-F-12,24.0,533.94,89868.73,4455.6
2012-12-31,15/9-F-14,24.0,1035.1,168597.48,3380.61
2012-12-31,15/9-F-4,24.0,,,
2012-12-31,15/9-F-5,24.0,,,
2013-01-01,15/9-F-12,24.0,531.38,88974.65,4463.95
2013-01-01,15/9-F-14,24.0,1030.1,166914.84,3386.83
2013-01-01,15/9-F-4,24.0,,,
2013-01-01,15/9-F-5,24.0,,,
2013-01-02,15/9-F-12,24.0,518.56,87468.0,4415.92
2013-01-02,15/9-F-14,24.0,1005.13,164073.57,3350.08
2013-01-02,15/9-F-4,24.0,,,
2013-01-02,15/9-F-5,24.0,,,
2013-01-03,15/9-F-12,24.0,535.58,89432.61,4399.16
2013-01-03,15/9-F-14,24.0,1038.14,167757.34,3337.35
2013-01-03,15/9-F-4,24.0,,,
2013-01-03,15/9-F-5,24.0,,,
2013-01-04,15/9-F-12,24.0,584.13,97430.8,4587.2
2013-01-04,15/9-F-14,24.0,985.25,159033.76,3201.46
2013-01-04,15/9-F-4,24.0,,,
2013-01-04,15/9-F-5,24.0,,,
2013-01-05,15/9-F-12,24.0,585.08,98081.73,4560.12
2013-01-05,15/9-F-14,24.0,988.97,160441.97,3189.42
2013-01-05,15/9-F-4,24.0,,,
2013-01-05,15/9-F-5,24.0,,,
2013-01-06,15/9-F-12,24.0,575.18,97437.93,4532.51
2013-01-06,15/9-F-14,24.0,984.48,161396.18,3210.04
2013-01-06,15/9-F-4,24.0,,,
2013-01-06,15/9-F-5,24.0,,,
2013-01-07,15/9-F-12,24.0,581.69,97931.31,4593.52
2013-01-07,15/9-F-14,24.0,987.23,160843.03,3225.76
2013-01-07,15/9-F-4,24.0,,,
2013-01-07,15/9-F-5,24.0,,,
2013-01-08,15/9-F-12,24.0,577.99,96579.42,4675.57
2013-01-08,15/9-F-14,24.0,990.4,160154.0,3315.08
2013-01-08,15/9-F-4,24.0,,,
2013-01-08,15/9-F-5,24.0,,,
2013-01-09,15/9-F-12,24.0,584.31,97443.05,4698.12
2013-01-09,15/9-F-14,24.0,991.65,160039.15,3299.18
2013-01-09,15/9-F-4,24.0,,,
2013-01-09,15/9-F-5,24.0,,,
2013-01-10,15/9-F-12,24.0,582.14,97570.96,4671.6
2013-01-10,15/9-F-14,24.0,987.96,160249.24,3280.56
2013-01-10,15/9-F-4,24.0,,,
2013-01-10,15/9-F-5,24.0,,,
2013-01-11,15/9-F-12,24.0,568.21,95548.06,4628.65
2013-01-11,15/9-F-14,24.0,964.48,156952.5,3250.93
2013-01-11,15/9-F-4,24.0,,,
2013-01-11,15/9-F-5,24.0,,,
2013-01-12,15/9-F-12,24.0,576.11,97043.4,4641.62
2013-01-12,15/9-F-14,24.0,977.72,159380.64,3259.46
2013-01-12,15/9-F-4,24.0,,,
2013-01-12,15/9-F-5,24.0,,,
2013-01-13,15/9-F-12,24.0,573.78,97096.13,4672.87
2013-01-13,15/9-F-14,24.0,973.7,159458.0,3281.21
2013-01-13,15/9-F-4,14.58334,,,
2013-01-13,15/9-F-5,12.58333,,,
2013-01-14,15/9-F-12,24.0,575.16,96360.7,4529.63
2013-01-14,15/9-F-14,24.0,975.98,158237.8,3180.38
2013-01-14,15/9-F-4,24.0,,,
2013-01-14,15/9-F-5,24.0,,,
2013-01-15,15/9-F-12,24.0,564.88,95075.19,4543.19
2013-01-15,15/9-F-14,24.0,958.45,156113.23,3189.62
2013-01-15,15/9-F-4,24.0,,,
2013-01-15,15/9-F-5,24.0,,,
2013-01-16,15/9-F-12,24.0,569.14,102016.95,4567.59
2013-01-16,15/9-F-14,24.0,965.56,167491.25,3206.36
2013-01-16,15/9-F-4,24.0,,,
2013-01-16,15/9-F-5,24.0,,,
2013-01-17,15/9-F-12,24.0,494.69,81029.08,4100.07
2013-01-17,15/9-F-14,24.0,959.84,152150.42,3291.77
2013-01-17,15/9-F-4,24.0,,,
2013-01-17,15/9-F-5,24.0,,,
2013-01-18,15/9-F-12,24.0,517.52,83856.55,4279.4
2013-01-18,15/9-F-14,24.0,963.72,151120.97,3297.43
2013-01-18,15/9-F-4,24.0,,,
2013-01-18,15/9-F-5,24.0,,,
2013-01-19,15/9-F-12,24.0,561.72,91018.99,4565.91
2013-01-19,15/9-F-14,24.0,954.5,149673.48,3210.3
2013-01-19,15/9-F-4,24.0,,,
2013-01-19,15/9-F-5,24.0,,,
2013-01-20,15/9-F-12,24.0,560.12,90769.39,4598.49
2013-01-20,15/9-F-14,24.0,951.88,149278.31,3233.54
2013-01-20,15/9-F-4,24.0,,,
2013-01-20,15/9-F-5,24.0,,,
2013-01-21,15/9-F-12,24.0,559.35,90792.99,4596.07
2013-01-21,15/9-F-14,24.0,950.38,149287.12,3231.19
2013-01-21,15/9-F-4,24.0,,,
2013-01-21,15/9-F-5,24.0,,,
2013-01-22,15/9-F-12,24.0,563.12,91406.51,4351.14
2013-01-22,15/9-F-14,24.0,956.77,150295.2,3058.99
2013-01-22,15/9-F-4,24.0,,,
2013-01-22,15/9-F-5,24.0,,,
2013-01-23,15/9-F-12,24.0,564.84,92368.67,4394.05
2013-01-23,15/9-F-14,24.0,959.48,151841.32,3088.43
2013-01-23,15/9-F-4,24.0,,,
2013-01-23,15/9-F-5,24.0,,,
2013-01-24,15/9-F-12,24.0,565.66,91576.84,4456.28
2013-01-24,15/9-F-14,24.0,960.51,150485.46,3131.02
2013-01-24,15/9-F-4,23.66667,,,
2013-01-24,15/9-F-5,23.66667,,,
2013-01-25,15/9-F-12,24.0,565.62,91436.13,4393.84
2013-01-25,15/9-F-14,24.0,960.39,150245.33,3086.98
2013-01-25,15/9-F-4,24.0,,,
2013-01-25,15/9-F-5,24.0,,,
2013-01-26,15/9-F-12,24.0,563.37,91192.39,5002.97
2013-01-26,15/9-F-14,24.0,956.42,149822.09,3514.4
2013-01-26,15/9-F-4,24.0,,,
2013-01-26,15/9-F-5,24.0,,,
2013-01-27,15/9-F-12,24.0,562.36,90617.94,4382.03
2013-01-27,15/9-F-14,24.0,954.53,148848.16,3077.59
2013-01-27,15/9-F-4,24.0,,,
2013-01-27,15/9-F-5,24.0,,,
2013-01-28,15/9-F-12,24.0,563.29,90717.0,4369.24
2013-01-28,15/9-F-14,24.0,956.26,149034.58,3069.1
2013-01-28,15/9-F-4,24.0,,,
2013-01-28,15/9-F-5,24.0,,,
2013-01-29,15/9-F-12,24.0,562.1,91638.59,4358.17
2013-01-29,15/9-F-14,24.0,956.87,150964.29,3069.77
2013-01-29,15/9-F-4,24.0,,,
2013-01-29,15/9-F-5,24.0,,,
2013-01-30,15/9-F-12,24.0,559.92,91417.2,4382.95
2013-01-30,15/9-F-14,24.0,965.22,152504.4,3126.27
2013-01-30,15/9-F-4,24.0,,,
2013-01-30,15/9-F-5,24.0,,,
2013-01-31,15/9-F-12,24.0,561.57,89849.8,4372.1
2013-01-31,15/9-F-14,24.0,972.83,150629.57,3133.93
2013-01-31,15/9-F-4,24.0,,,
2013-01-31,15/9-F-5,24.0,,,
2013-02-01,15/9-F-12,24.0,558.2,90665.59,4343.38
2013-02-01,15/9-F-14,24.0,971.79,152749.56,3128.76
2013-02-01,15/9-F-4,24.0,,,
2013-02-01,15/9-F-5,24.0,,,
2013-02-02,15/9-F-12,24.0,551.43,89547.21,4388.24
2013-02-02,15/9-F-14,24.0,961.4,151088.07,3165.73
2013-02-02,15/9-F-4,24.0,,,
2013-02-02,15/9-F-5,24.0,,,
2013-02-03,15/9-F-12,24.0,552.28,88428.95,4368.86
2013-02-03,15/9-F-14,24.0,962.89,149201.05,3151.75
2013-02-03,15/9-F-4,24.0,,,
2013-02-03,15/9-F-5,24.0,,,
2013-02-04,15/9-F-12,24.0,552.26,87706.06,4364.46
2013-02-04,15/9-F-14,24.0,963.19,148030.44,3149.62
2013-02-04,15/9-F-4,24.0,,,
2013-02-04,15/9-F-5,24.0,,,
2013-02-05,15/9-F-12,24.0,549.5,87438.9,4348.95
2013-02-05,15/9-F-14,24.0,960.92,147975.07,3146.83
2013-02-05,15/9-F-4,24.0,,,
2013-02-05,15/9-F-5,24.0,,,
2013-02-06,15/9-F-12,24.0,543.0,86981.02,4483.73
2013-02-06,15/9-F-14,24.0,962.06,149137.35,3287.06
2013-02-06,15/9-F-4,24.0,,,
2013-02-06,15/9-F-5,24.0,,,
2013-02-07,15/9-F-12,24.0,563.9,85619.25,4542.52
2013-02-07,15/9-F-14,24.0,1004.48,147593.53,3348.1
2013-02-07,15/9-F-4,24.0,,,
2013-02-07,15/9-F-5,24.0,,,
2013-02-08,15/9-F-12,24.0,548.96,87784.34,4560.95
2013-02-08,15/9-F-14,24.0,978.09,151361.31,3362.48
2013-02-08,15/9-F-4,24.0,,,
2013-02-08,15/9-F-5,24.0,,,
2013-02-09,15/9-F-12,24.0,546.69,88793.05,4571.3
2013-02-09,15/9-F-14,24.0,979.91,154020.95,3390.37
2013-02-09,15/9-F-4,24.0,,,
2013-02-09,15/9-F-5,24.0,,,
2013-02-10,15/9-F-12,24.0,542.25,87891.85,4574.51
2013-02-10,15/9-F-14,24.0,966.22,151560.48,3372.78
2013-02-10,15/9-F-4,24.0,,,
2013-02-10,15/9-F-5,24.0,,,
2013-02-11,15/9-F-12,24.0,541.39,84312.62,4563.02
2013-02-11,15/9-F-14,24.0,964.43,145350.06,3363.42
2013-02-11,15/9-F-4,24.0,,,
2013-02-11,15/9-F-5,24.0,,,
2013-02-12,15/9-F-12,24.0,539.54,86108.9,4536.98
2013-02-12,15/9-F-14,24.0,961.13,148446.0,3344.21
2013-02-12,15/9-F-4,24.0,,,
2013-02-12,15/9-F-5,24.0,,,
2013-02-13,15/9-F-12,24.0,537.04,88234.23,4563.13
2013-02-13,15/9-F-14,24.0,952.07,151376.5,3347.27
2013-02-13,15/9-F-4,24.0,,,
2013-02-13,15/9-F-5,24.0,,,
2013-02-14,15/9-F-12,24.0,531.32,87369.55,4547.2
2013-02-14,15/9-F-14,24.0,953.14,151676.13,3375.27
2013-02-14,15/9-F-4,24.0,,,
2013-02-14,15/9-F-5,24.0,,,
2013-02-15,15/9-F-12,24.0,534.51,89221.6,4558.32
2013-02-15,15/9-F-14,24.0,958.71,154866.47,3382.98
2013-02-15,15/9-F-4,24.0,,,
2013-02-15,15/9-F-5,24.0,,,
2013-02-16,15/9-F-12,24.0,540.85,89589.43,4589.03
2013-02-16,15/9-F-14,24.0,964.49,154609.84,3386.16
2013-02-16,15/9-F-4,24.0,,,
2013-02-16,15/9-F-5,24.0,,,
2013-02-17,15/9-F-12,24.0,537.73,89144.24,4461.45
2013-02-17,15/9-F-14,24.0,964.23,154694.23,3310.27
2013-02-17,15/9-F-4,24.0,,,
2013-02-17,15/9-F-5,24.0,,,
2013-02-18,15/9-F-12,24.0,542.5,89202.26,4553.83
2013-02-18,15/9-F-14,24.0,967.26,153914.13,3359.58
2013-02-18,15/9-F-4,24.0,,,
2013-02-18,15/9-F-5,24.0,,,
2013-02-19,15/9-F-12,24.0,536.32,88568.23,4540.84
2013-02-19,15/9-F-14,24.0,956.38,152840.46,3350.44
2013-02-19,15/9-F-4,24.0,,,
2013-02-19,15/9-F-5,24.0,,,
2013-02-20,15/9-F-12,24.0,511.74,84776.05,4449.74
2013-02-20,15/9-F-14,24.0,912.6,146305.32,3283.43
2013-02-20,15/9-F-4,24.0,,,
2013-02-20,15/9-F-5,24.0,,,
2013-02-21,15/9-F-12,24.0,537.55,88392.01,4585.64
2013-02-21,15/9-F-14,24.0,958.55,152534.45,3383.45
2013-02-21,15/9-F-4,24.0,,,
2013-02-21,15/9-F-5,24.0,,,
2013-02-22,15/9-F-12,24.0,506.01,89653.36,4492.51
2013-02-22,15/9-F-14,19.91667,710.96,121900.74,2611.77
2013-02-22,15/9-F-4,24.0,,,
2013-02-22,15/9-F-5,24.0,,,
2013-02-23,15/9-F-12,24.0,531.09,88166.1,4607.83
2013-02-23,15/9-F-14,24.0,922.73,148240.49,3312.59
2013-02-23,15/9-F-4,24.0,,,
2013-02-23,15/9-F-5,24.0,,,
2013-02-24,15/9-F-12,24.0,528.33,87839.21,4541.93
2013-02-24,15/9-F-14,24.0,944.09,151901.7,3358.31
2013-02-24,15/9-F-4,24.0,,,
2013-02-24,15/9-F-5,24.0,,,
2013-02-25,15/9-F-12,24.0,532.29,87708.36,4543.87
2013-02-25,15/9-F-14,24.0,951.34,151700.1,3360.29
2013-02-25,15/9-F-4,24.0,,,
2013-02-25,15/9-F-5,24.0,,,
2013-02-26,15/9-F-12,24.0,532.86,87557.73,4531.59
2013-02-26,15/9-F-14,24.0,952.21,151415.09,3350.67
2013-02-26,15/9-F-4,24.0,,,
2013-02-26,15/9-F-5,24.0,,,
2013-02-27,15/9-F-12,24.0,529.4,87275.37,4551.66
2013-02-27,15/9-F-14,24.0,945.98,150920.32,3365.36
2013-02-27,15/9-F-4,24.0,,,
2013-02-27,15/9-F-5,24.0,,,
2013-02-28,15/9-F-12,24.0,528.44,87273.05,4559.97
2013-02-28,15/9-F-14,24.0,944.28,150922.01,3371.64
2013-02-28,15/9-F-4,24.0,,,
2013-02-28,15/9-F-5,24.0,,,
2013-03-01,15/9-F-12,24.0,523.93,87511.75,4613.95
2013-03-01,15/9-F-14,24.0,936.31,151345.55,3411.78
2013-03-01,15/9-F-4,16.19167,,,
2013-03-01,15/9-F-5,16.35833,,,
2013-03-02,15/9-F-12,24.0,526.2,87651.08,4563.4
2013-03-02,15/9-F-14,24.0,940.32,151580.44,3374.27
2013-03-02,15/9-F-4,23.64167,,,
2013-03-02,15/9-F-5,23.64167,,,
2013-03-03,15/9-F-12,24.0,524.24,87358.58,4579.51
2013-03-03,15/9-F-14,24.0,936.86,151079.12,3386.29
2013-03-03,15/9-F-4,24.0,,,
2013-03-03,15/9-F-5,24.0,,,
2013-03-04,15/9-F-12,24.0,525.94,87366.42,4575.34
2013-03-04,15/9-F-14,24.0,939.95,151102.05,3383.41
2013-03-04,15/9-F-4,24.0,,,
2013-03-04,15/9-F-5,24.0,,,
2013-03-05,15/9-F-12,24.0,526.49,87760.84,4451.77
2013-03-05,15/9-F-14,24.0,940.99,151794.59,3292.25
2013-03-05,15/9-F-4,24.0,,,
2013-03-05,15/9-F-5,24.0,,,
2013-03-06,15/9-F-12,24.0,517.94,87333.2,4382.42
2013-03-06,15/9-F-14,24.0,925.75,151062.16,3241.13
2013-03-06,15/9-F-4,24.0,,,
2013-03-06,15/9-F-5,24.0,,,
2013-03-07,15/9-F-12,2.35833,67.35,12263.56,548.37
2013-03-07,15/9-F-14,2.19167,43.38,7643.37,146.14
2013-03-07,15/9-F-4,1.85833,,,
2013-03-07,15/9-F-5,1.85833,,,
2013-03-08,15/9-F-4,0.0,,,
2013-03-08,15/9-F-5,0.0,,,
2013-03-09,15/9-F-4,0.0,,,
2013-03-09,15/9-F-5,0.0,,,
2013-03-10,15/9-F-12,8.5,96.01,17147.38,1300.6
2013-03-10,15/9-F-14,10.975,186.67,32261.53,1046.26
2013-03-10,15/9-F-4,8.14167,,,
2013-03-10,15/9-F-5,8.14167,,,
2013-03-11,15/9-F-12,15.19167,246.39,42838.88,3102.92
2013-03-11,15/9-F-14,15.19167,511.7,86098.92,2666.46
2013-03-11,15/9-F-4,15.19167,,,
2013-03-11,15/9-F-5,15.19167,,,
2013-03-12,15/9-F-4,0.0,,,
2013-03-12,15/9-F-5,0.0,,,
2013-03-13,15/9-F-12,0.0,0.0,0.0,0.0
2013-03-13,15/9-F-14,19.975,539.62,92381.0,1924.73
2013-03-13,15/9-F-4,13.80833,,,
2013-03-13,15/9-F-5,0.0,,,
2013-03-14,15/9-F-12,0.0,0.0,0.0,0.0
2013-03-14,15/9-F-14,15.69167,536.71,72956.23,2084.61
2013-03-14,15/9-F-4,15.35833,,,
2013-03-14,15/9-F-5,0.16667,,,
2013-03-15,15/9-F-12,0.0,0.0,0.0,0.0
2013-03-15,15/9-F-14,16.80833,504.17,87861.95,2185.31
2013-03-15,15/9-F-4,16.975,,,
2013-03-15,15/9-F-5,12.16667,,,
2013-03-16,15/9-F-12,0.0,0.0,0.0,0.0
2013-03-16,15/9-F-14,12.025,446.39,69150.11,1768.08
2013-03-16,15/9-F-4,11.35833,,,
2013-03-16,15/9-F-5,0.0,,,
2013-03-17,15/9-F-12,0.0,0.0,0.0,0.0
2013-03-17,15/9-F-14,10.475,294.09,49992.15,1249.36
2013-03-17,15/9-F-4,9.64167,,,
2013-03-17,15/9-F-5,9.475,,,
2013-03-18,15/9-F-12,0.0,0.0,0.0,0.0
2013-03-18,15/9-F-14,24.0,923.35,92377.39,3572.19
2013-03-18,15/9-F-4,24.0,,,
2013-03-18,15/9-F-5,0.69167,,,
2013-03-19,15/9-F-12,0.0,0.0,0.0,0.0
2013-03-19,15/9-F-14,24.0,927.57,85093.27,3381.57
2013-03-19,15/9-F-4,24.0,,,
2013-03-19,15/9-F-5,0.0,,,
2013-03-20,15/9-F-12,0.0,0.0,0.0,0.0
2013-03-20,15/9-F-14,2.16,89.54,10542.93,202.41
2013-03-20,15/9-F-4,1.41,,,
2013-03-20,15/9-F-5,0.0,,,
2013-03-21,15/9-F-12,0.0,0.0,0.0,0.0
2013-03-21,15/9-F-14,0.0,0.0,0.0,0.0
2013-03-21,15/9-F-4,0.0,,,
2013-03-21,15/9-F-5,0.0,,,
2013-03-22,15/9-F-12,0.0,0.0,0.0,0.0
2013-03-22,15/9-F-14,17.975,613.22,82587.5,2198.72
2013-03-22,15/9-F-4,6.64167,,,
2013-03-22,15/9-F-5,17.64166,,,
2013-03-23,15/9-F-12,0.0,0.0,0.0,0.0
2013-03-23,15/9-F-14,24.0,991.44,104641.75,3390.58
2013-03-23,15/9-F-4,24.0,,,
2013-03-23,15/9-F-5,24.0,,,
2013-03-24,15/9-F-12,0.0,0.0,0.0,0.0
2013-03-24,15/9-F-14,24.0,953.7,97662.68,3415.58
2013-03-24,15/9-F-4,24.0,,,
2013-03-24,15/9-F-5,24.0,,,
2013-03-25,15/9-F-12,12.86,136.81,22047.95,1261.88
2013-03-25,15/9-F-14,11.0,437.64,68256.59,1670.33
2013-03-25,15/9-F-4,9.8,,,
2013-03-25,15/9-F-5,9.8,,,
2013-03-26,15/9-F-12,24.0,493.48,82047.51,4619.34
2013-03-26,15/9-F-14,24.0,885.36,142455.06,3429.24
2013-03-26,15/9-F-4,24.0,,,
2013-03-26,15/9-F-5,24.0,,,
2013-03-27,15/9-F-12,24.0,514.75,85830.12,4695.83
2013-03-27,15/9-F-14,24.0,918.69,148242.31,3467.78
2013-03-27,15/9-F-4,24.0,,,
2013-03-27,15/9-F-5,24.0,,,
2013-03-28,15/9-F-12,13.85833,256.61,42825.28,2426.75
2013-03-28,15/9-F-14,14.83333,593.67,95880.39,2323.05
2013-03-28,15/9-F-4,22.33334,,,
2013-03-28,15/9-F-5,22.33334,,,
2013-03-29,15/9-F-12,16.0,275.05,46085.46,2614.28
2013-03-29,15/9-F-14,24.0,908.78,147354.51,3574.02
2013-03-29,15/9-F-4,24.0,,,
2013-03-29,15/9-F-5,24.0,,,
2013-03-30,15/9-F-12,24.0,540.13,89395.25,4763.47
2013-03-30,15/9-F-14,24.0,970.86,155500.7,3542.81
2013-03-30,15/9-F-4,24.0,,,
2013-03-30,15/9-F-5,24.0,,,
2013-03-31,15/9-F-12,23.0,534.49,88202.36,4620.93
2013-03-31,15/9-F-14,23.0,919.79,146888.54,3290.36
2013-03-31,15/9-F-4,23.0,,,
2013-03-31,15/9-F-5,23.0,,,
2013-04-01,15/9-F-12,21.525,495.04,81881.71,4255.72
2013-04-01,15/9-F-14,21.69167,878.51,140621.98,3124.96
2013-04-01,15/9-F-4,23.17,,,
2013-04-01,15/9-F-5,23.16666,,,
2013-04-02,15/9-F-4,0.0,,,
2013-04-02,15/9-F-5,0.0,,,
2013-04-03,15/9-F-12,0.0,0.0,0.0,0.0
2013-04-03,15/9-F-14,14.475,473.81,75415.01,1760.02
2013-04-03,15/9-F-4,17.0,,,
2013-04-03,15/9-F-5,17.0,,,
2013-04-04,15/9-F-12,0.0,0.0,0.0,0.0
2013-04-04,15/9-F-14,24.0,982.1,150745.83,3299.39
2013-04-04,15/9-F-4,24.0,,,
2013-04-04,15/9-F-5,24.0,,,
2013-04-05,15/9-F-12,7.33333,64.24,10992.63,712.64
2013-04-05,15/9-F-14,12.525,463.05,76681.67,2125.54
2013-04-05,15/9-F-4,20.69167,,,
2013-04-05,15/9-F-5,20.69167,,,
2013-04-06,15/9-F-4,0.0,,,
2013-04-06,15/9-F-5,0.0,,,
2013-04-07,15/9-F-4,0.0,,,
2013-04-07,15/9-F-5,0.0,,,
2013-04-08,15/9-F-4,0.0,,,
2013-04-08,15/9-F-5,0.0,,,
2013-04-09,15/9-F-12,0.0,0.0,0.0,0.0
2013-04-09,15/9-F-14,0.0,0.0,0.0,0.0
2013-04-09,15/9-F-4,0.0,,,
2013-04-09,15/9-F-5,0.0,,,
2013-04-10,15/9-F-12,6.30833,123.56,23907.25,1255.95
2013-04-10,15/9-F-14,6.30833,93.54,17513.55,393.39
2013-04-10,15/9-F-4,6.30833,,,
2013-04-10,15/9-F-5,6.31,,,
2013-04-11,15/9-F-12,24.0,553.61,90902.31,4775.07
2013-04-11,15/9-F-14,24.0,934.08,148427.1,3333.68
2013-04-11,15/9-F-4,24.0,,,
2013-04-11,15/9-F-5,24.0,,,
2013-04-12,15/9-F-12,24.0,571.67,94394.75,4886.11
2013-04-12,15/9-F-14,24.0,963.01,153882.81,3405.74
2013-04-12,15/9-F-4,24.0,,,
2013-04-12,15/9-F-5,24.0,,,
2013-04-13,15/9-F-12,24.0,591.0,97049.31,4937.12
2013-04-13,15/9-F-14,24.0,999.28,158799.89,3454.13
2013-04-13,15/9-F-4,24.0,,,
2013-04-13,15/9-F-5,24.0,,,
2013-04-14,15/9-F-12,24.0,605.94,99526.18,4966.74
2013-04-14,15/9-F-14,24.0,1023.15,162631.11,3470.11
2013-04-14,15/9-F-4,24.0,,,
2013-04-14,15/9-F-5,24.0,,,
2013-04-15,15/9-F-12,23.99907,608.46,99834.49,4971.94
2013-04-15,15/9-F-14,23.99907,1028.77,163352.64,3478.38
2013-04-15,15/9-F-4,23.99907,,,
2013-04-15,15/9-F-5,23.99907,,,
2013-04-16,15/9-F-12,22.3,490.43,104762.44,4139.42
2013-04-16,15/9-F-14,22.33426,897.68,185569.17,3135.06
2013-04-16,15/9-F-4,22.00093,,,
2013-04-16,15/9-F-5,22.00093,,,
2013-04-17,15/9-F-12,24.0,618.44,101413.38,4890.37
2013-04-17,15/9-F-14,24.0,1043.24,165551.97,3413.39
2013-04-17,15/9-F-4,23.16666,,,
2013-04-17,15/9-F-5,23.16666,,,
2013-04-18,15/9-F-12,24.0,616.69,100594.43,4861.42
2013-04-18,15/9-F-14,24.0,1039.9,164156.91,3391.98
2013-04-18,15/9-F-4,24.0,,,
2013-04-18,15/9-F-5,24.0,,,
2013-04-19,15/9-F-12,24.0,610.48,100122.29,4885.63
2013-04-19,15/9-F-14,24.0,1029.29,163366.49,3408.46
2013-04-19,15/9-F-4,24.0,,,
2013-04-19,15/9-F-5,24.0,,,
2013-04-20,15/9-F-12,24.0,612.61,99833.89,4907.1
2013-04-20,15/9-F-14,24.0,1035.27,163267.86,3431.25
2013-04-20,15/9-F-4,24.0,,,
2013-04-20,15/9-F-5,24.0,,,
2013-04-21,15/9-F-12,24.0,607.86,99383.38,4923.86
2013-04-21,15/9-F-14,24.0,1031.17,163156.23,3456.23
2013-04-21,15/9-F-4,24.0,,,
2013-04-21,15/9-F-5,24.0,,,
2013-04-22,15/9-F-12,24.0,601.26,98220.22,4920.56
2013-04-22,15/9-F-14,24.0,1025.28,162084.08,3471.84
2013-04-22,15/9-F-4,24.0,,,
2013-04-22,15/9-F-5,24.0,,,
2013-04-23,15/9-F-12,24.0,594.46,96837.04,4924.19
2013-04-23,15/9-F-14,24.0,1021.59,161047.16,3501.49
2013-04-23,15/9-F-4,24.0,,,
2013-04-23,15/9-F-5,24.0,,,
2013-04-24,15/9-F-12,24.0,583.12,95824.79,4927.04
2013-04-24,15/9-F-14,24.0,1010.54,160706.99,3533.05
2013-04-24,15/9-F-4,24.0,,,
2013-04-24,15/9-F-5,24.0,,,
2013-04-25,15/9-F-12,24.0,574.94,94443.64,4866.38
2013-04-25,15/9-F-14,24.0,1011.17,160744.88,3541.41
2013-04-25,15/9-F-4,24.0,,,
2013-04-25,15/9-F-5,24.0,,,
2013-04-26,15/9-F-12,24.0,568.09,92537.71,4815.23
2013-04-26,15/9-F-14,24.0,1013.13,159708.35,3553.3
2013-04-26,15/9-F-4,24.0,,,
2013-04-26,15/9-F-5,24.0,,,
2013-04-27,15/9-F-12,24.0,563.28,92821.97,4788.36
2013-04-27,15/9-F-14,24.0,1003.84,160084.91,3530.95
2013-04-27,15/9-F-4,24.0,,,
2013-04-27,15/9-F-5,24.0,,,
2013-04-28,15/9-F-12,24.0,569.74,92566.05,4754.88
2013-04-28,15/9-F-14,24.0,1014.92,159576.9,3504.81
2013-04-28,15/9-F-4,24.0,,,
2013-04-28,15/9-F-5,16.83333,,,
2013-04-29,15/9-F-12,24.0,548.64,90409.16,4759.86
2013-04-29,15/9-F-14,24.0,977.42,155870.29,3508.74
2013-04-29,15/9-F-4,24.0,,,
2013-04-29,15/9-F-5,24.0,,,
2013-04-30,15/9-F-12,24.0,577.78,97032.84,4819.84
2013-04-30,15/9-F-14,24.0,881.68,143293.17,3222.96
2013-04-30,15/9-F-4,19.16667,,,
2013-04-30,15/9-F-5,24.0,,,
2013-05-01,15/9-F-12,24.0,565.69,95017.06,4801.46
2013-05-01,15/9-F-14,24.0,944.52,153530.4,3513.02
2013-05-01,15/9-F-4,24.0,,,
2013-05-01,15/9-F-5,24.0,,,
2013-05-02,15/9-F-12,24.0,566.41,94346.28,4846.52
2013-05-02,15/9-F-14,24.0,945.7,152444.86,3545.95
2013-05-02,15/9-F-4,24.0,,,
2013-05-02,15/9-F-5,24.0,,,
2013-05-03,15/9-F-12,24.0,565.75,93613.96,4881.85
2013-05-03,15/9-F-14,24.0,944.53,151248.01,3571.48
2013-05-03,15/9-F-4,24.0,,,
2013-05-03,15/9-F-5,24.0,,,
2013-05-04,15/9-F-12,24.0,564.59,94651.15,4786.7
2013-05-04,15/9-F-14,24.0,942.56,152919.31,3501.77
2013-05-04,15/9-F-4,24.0,,,
2013-05-04,15/9-F-5,24.0,,,
2013-05-05,15/9-F-12,24.0,566.61,94880.41,4710.03
2013-05-05,15/9-F-14,24.0,948.91,153774.46,3456.58
2013-05-05,15/9-F-4,24.0,,,
2013-05-05,15/9-F-5,24.0,,,
2013-05-06,15/9-F-12,24.0,564.4,94680.45,4761.89
2013-05-06,15/9-F-14,24.0,945.75,153536.18,3496.59
2013-05-06,15/9-F-4,24.0,,,
2013-05-06,15/9-F-5,24.0,,,
2013-05-07,15/9-F-12,24.0,561.84,94396.65,4819.56
2013-05-07,15/9-F-14,24.0,941.46,153076.45,3538.95
2013-05-07,15/9-F-4,24.0,,,
2013-05-07,15/9-F-5,24.0,,,
2013-05-08,15/9-F-12,24.0,558.9,94679.7,4887.2
2013-05-08,15/9-F-14,24.0,936.59,153541.73,3588.76
2013-05-08,15/9-F-4,24.0,,,
2013-05-08,15/9-F-5,24.0,,,
2013-05-09,15/9-F-12,24.0,560.27,94617.49,4870.02
2013-05-09,15/9-F-14,24.0,938.7,153411.05,3575.45
2013-05-09,15/9-F-4,24.0,,,
2013-05-09,15/9-F-5,24.0,,,
2013-05-10,15/9-F-12,24.0,557.64,94327.5,4865.02
2013-05-10,15/9-F-14,24.0,934.27,152935.73,3571.66
2013-05-10,15/9-F-4,24.0,,,
2013-05-10,15/9-F-5,24.0,,,
2013-05-11,15/9-F-12,24.0,558.03,94530.69,4879.54
2013-05-11,15/9-F-14,24.0,934.81,153248.72,3581.93
2013-05-11,15/9-F-4,24.0,,,
2013-05-11,15/9-F-5,24.0,,,
2013-05-12,15/9-F-12,24.0,554.03,93400.25,4881.43
2013-05-12,15/9-F-14,24.0,937.7,152982.22,3620.38
2013-05-12,15/9-F-4,24.0,,,
2013-05-12,15/9-F-5,24.0,,,
2013-05-13,15/9-F-12,24.0,553.56,93623.79,4923.16
2013-05-13,15/9-F-14,24.0,935.6,153135.16,3646.27
2013-05-13,15/9-F-4,24.0,,,
2013-05-13,15/9-F-5,24.0,,,
2013-05-14,15/9-F-12,14.89167,291.92,50172.42,2947.72
2013-05-14,15/9-F-14,16.33334,642.94,106938.22,2844.91
2013-05-14,15/9-F-4,15.16667,,,
2013-05-14,15/9-F-5,15.16667,,,
2013-05-15,15/9-F-12,24.0,398.18,67433.0,4171.6
2013-05-15,15/9-F-14,24.0,844.52,138409.0,3877.13
2013-05-15,15/9-F-4,24.0,,,
2013-05-15,15/9-F-5,24.0,,,
2013-05-16,15/9-F-12,24.0,520.0,87690.34,4695.81
2013-05-16,15/9-F-14,24.0,866.05,141334.03,3427.06
2013-05-16,15/9-F-4,24.0,,,
2013-05-16,15/9-F-5,24.0,,,
2013-05-17,15/9-F-12,21.16667,391.04,67360.86,3852.39
2013-05-17,15/9-F-14,21.16667,706.38,117755.14,3049.43
2013-05-17,15/9-F-4,21.83334,,,
2013-05-17,15/9-F-5,21.75,,,
2013-05-18,15/9-F-12,24.0,521.54,89225.22,4825.0
2013-05-18,15/9-F-14,24.0,871.1,144221.56,3531.46
2013-05-18,15/9-F-4,24.0,,,
2013-05-18,15/9-F-5,24.0,,,
2013-05-19,15/9-F-12,24.0,530.41,90741.01,4844.88
2013-05-19,15/9-F-14,24.0,885.74,146643.01,3545.33
2013-05-19,15/9-F-4,24.0,,,
2013-05-19,15/9-F-5,24.0,,,
2013-05-20,15/9-F-12,24.0,533.66,90510.59,5532.37
2013-05-20,15/9-F-14,24.0,898.84,147529.5,4083.25
2013-05-20,15/9-F-4,24.0,,,
2013-05-20,15/9-F-5,24.0,,,
2013-05-21,15/9-F-12,24.0,538.24,91767.23,5860.4
2013-05-21,15/9-F-14,24.0,897.07,148011.67,4280.07
2013-05-21,15/9-F-4,18.05833,,,
2013-05-21,15/9-F-5,18.05833,,,
2013-05-22,15/9-F-12,24.0,542.33,91942.61,4804.72
2013-05-22,15/9-F-14,24.0,903.88,148294.52,3509.06
2013-05-22,15/9-F-4,0.0,,,
2013-05-22,15/9-F-5,0.0,,,
2013-05-23,15/9-F-12,24.0,533.27,90874.36,4714.28
2013-05-23,15/9-F-14,24.0,888.78,146571.54,3443.02
2013-05-23,15/9-F-4,2.74167,,,
2013-05-23,15/9-F-5,2.65833,,,
2013-05-24,15/9-F-12,24.0,531.8,90498.89,4598.31
2013-05-24,15/9-F-14,24.0,886.33,145965.95,3358.32
2013-05-24,15/9-F-4,24.0,,,
2013-05-24,15/9-F-5,24.0,,,
2013-05-25,15/9-F-12,24.0,524.99,88836.93,4629.89
2013-05-25,15/9-F-14,24.0,874.98,143285.37,3381.37
2013-05-25,15/9-F-4,24.0,,,
2013-05-25,15/9-F-5,24.0,,,
2013-05-26,15/9-F-12,24.0,526.08,88793.7,4678.26
2013-05-26,15/9-F-14,24.0,876.79,143215.63,3416.71
2013-05-26,15/9-F-4,24.0,,,
2013-05-26,15/9-F-5,24.0,,,
2013-05-27,15/9-F-12,24.0,525.16,89356.36,4727.23
2013-05-27,15/9-F-14,24.0,875.26,144123.15,3452.48
2013-05-27,15/9-F-4,24.0,,,
2013-05-27,15/9-F-5,23.66667,,,
2013-05-28,15/9-F-12,24.0,525.83,89213.48,4784.68
2013-05-28,15/9-F-14,24.0,876.37,143892.71,3494.43
2013-05-28,15/9-F-4,24.0,,,
2013-05-28,15/9-F-5,24.0,,,
2013-05-29,15/9-F-12,24.0,510.64,87591.52,4770.94
2013-05-29,15/9-F-14,24.0,851.08,141276.65,3484.4
2013-05-29,15/9-F-4,24.0,,,
2013-05-29,15/9-F-5,24.0,,,
2013-05-30,15/9-F-12,24.0,535.0,89289.77,4900.3
2013-05-30,15/9-F-14,24.0,891.66,144015.76,3578.88
2013-05-30,15/9-F-4,24.0,,,
2013-05-30,15/9-F-5,24.0,,,
2013-05-31,15/9-F-12,24.0,535.59,89691.5,4911.53
2013-05-31,15/9-F-14,24.0,892.66,144664.43,3587.1
2013-05-31,15/9-F-4,24.0,,,
2013-05-31,15/9-F-5,24.0,,,
2013-06-01,15/9-F-12,24.0,536.48,90217.63,4935.8
2013-06-01,15/9-F-14,24.0,894.15,145512.31,3604.8
2013-06-01,15/9-F-4,24.0,,,
2013-06-01,15/9-F-5,24.0,,,
2013-06-02,15/9-F-12,24.0,537.52,90445.56,4960.84
2013-06-02,15/9-F-14,24.0,895.88,145879.93,3623.08
2013-06-02,15/9-F-4,24.0,,,
2013-06-02,15/9-F-5,24.0,,,
2013-06-03,15/9-F-12,24.0,539.19,90529.22,4857.45
2013-06-03,15/9-F-14,24.0,898.65,146014.88,3547.57
2013-06-03,15/9-F-4,24.0,,,
2013-06-03,15/9-F-5,24.0,,,
2013-06-04,15/9-F-12,24.0,527.94,90325.08,4909.77
2013-06-04,15/9-F-14,24.0,879.89,145685.62,3585.78
2013-06-04,15/9-F-4,24.0,,,
2013-06-04,15/9-F-5,24.0,,,
2013-06-05,15/9-F-12,24.0,486.9,88307.13,4614.69
2013-06-05,15/9-F-14,24.0,885.75,155463.47,3678.67
2013-06-05,15/9-F-4,9.00834,,,
2013-06-05,15/9-F-5,9.00834,,,
2013-06-06,15/9-F-12,24.0,488.39,88932.19,4565.67
2013-06-06,15/9-F-14,24.0,889.37,156726.37,3643.36
2013-06-06,15/9-F-4,9.49166,,,
2013-06-06,15/9-F-5,9.49166,,,
2013-06-07,15/9-F-12,24.0,523.27,91337.48,4758.23
2013-06-07,15/9-F-14,24.0,873.88,147616.61,3482.14
2013-06-07,15/9-F-4,24.0,,,
2013-06-07,15/9-F-5,24.0,,,
2013-06-08,15/9-F-12,24.0,516.87,90411.63,4784.43
2013-06-08,15/9-F-14,24.0,863.37,146148.76,3501.99
2013-06-08,15/9-F-4,24.0,,,
2013-06-08,15/9-F-5,24.0,,,
2013-06-09,15/9-F-12,20.34167,401.07,70919.06,3849.62
2013-06-09,15/9-F-14,24.0,882.71,151051.65,3712.75
2013-06-09,15/9-F-4,18.675,,,
2013-06-09,15/9-F-5,18.675,,,
2013-06-10,15/9-F-12,22.5,412.17,72032.02,4242.19
2013-06-10,15/9-F-14,24.0,795.81,134589.17,3589.14
2013-06-10,15/9-F-4,18.99166,,,
2013-06-10,15/9-F-5,18.99166,,,
2013-06-11,15/9-F-12,24.0,494.31,85655.51,4839.05
2013-06-11,15/9-F-14,24.0,825.65,138454.77,3541.83
2013-06-11,15/9-F-4,24.0,,,
2013-06-11,15/9-F-5,24.0,,,
2013-06-12,15/9-F-12,24.0,499.71,86358.19,4711.51
2013-06-12,15/9-F-14,24.0,833.77,139442.77,3444.83
2013-06-12,15/9-F-4,24.0,,,
2013-06-12,15/9-F-5,24.0,,,
2013-06-13,15/9-F-12,24.0,508.22,87622.61,4710.18
2013-06-13,15/9-F-14,24.0,847.02,141326.78,3440.01
2013-06-13,15/9-F-4,24.0,,,
2013-06-13,15/9-F-5,24.0,,,
2013-06-14,15/9-F-12,24.0,511.37,88207.82,4718.65
2013-06-14,15/9-F-14,24.0,852.28,142270.67,3446.21
2013-06-14,15/9-F-4,24.0,,,
2013-06-14,15/9-F-5,24.0,,,
2013-06-15,15/9-F-12,24.0,511.01,87850.28,4777.46
2013-06-15,15/9-F-14,24.0,851.68,141693.99,3489.16
2013-06-15,15/9-F-4,24.0,,,
2013-06-15,15/9-F-5,24.0,,,
2013-06-16,15/9-F-12,24.0,516.52,89145.55,4746.73
2013-06-16,15/9-F-14,24.0,860.87,143783.16,3466.72
2013-06-16,15/9-F-4,24.0,,,
2013-06-16,15/9-F-5,24.0,,,
2013-06-17,15/9-F-12,24.0,526.2,89005.26,4791.85
2013-06-17,15/9-F-14,24.0,877.01,143556.86,3499.67
2013-06-17,15/9-F-4,24.0,,,
2013-06-17,15/9-F-5,24.0,,,
2013-06-18,15/9-F-12,24.0,526.93,89256.43,4843.25
2013-06-18,15/9-F-14,24.0,878.21,143961.99,3537.21
2013-06-18,15/9-F-4,24.0,,,
2013-06-18,15/9-F-5,24.0,,,
2013-06-19,15/9-F-12,24.0,527.68,89945.77,4825.52
2013-06-19,15/9-F-14,24.0,879.48,145073.81,3524.26
2013-06-19,15/9-F-4,24.0,,,
2013-06-19,15/9-F-5,24.0,,,
2013-06-20,15/9-F-12,24.0,525.85,86185.43,4867.89
2013-06-20,15/9-F-14,24.0,876.42,139008.77,3555.19
2013-06-20,15/9-F-4,24.0,,,
2013-06-20,15/9-F-5,24.0,,,
2013-06-21,15/9-F-12,21.75833,472.67,77563.03,4370.07
2013-06-21,15/9-F-14,21.75833,787.8,125101.66,3191.62
2013-06-21,15/9-F-4,20.34167,,,
2013-06-21,15/9-F-5,20.34167,,,
2013-06-22,15/9-F-12,0.0,0.0,0.0,0.0
2013-06-22,15/9-F-14,15.15833,421.26,60352.3,1114.58
2013-06-22,15/9-F-4,0.0,,,
2013-06-22,15/9-F-5,0.0,,,
2013-06-23,15/9-F-12,0.0,0.0,0.0,0.0
2013-06-23,15/9-F-14,2.50834,75.58,11552.92,384.81
2013-06-23,15/9-F-4,0.0,,,
2013-06-23,15/9-F-5,0.0,,,
2013-06-24,15/9-F-4,0.0,,,
2013-06-24,15/9-F-5,0.0,,,
2013-06-25,15/9-F-4,2.40833,,,
2013-06-25,15/9-F-5,2.40833,,,
2013-06-26,15/9-F-12,12.66667,177.64,28728.5,2179.73
2013-06-26,15/9-F-14,22.49166,696.24,108966.6,3743.67
2013-06-26,15/9-F-4,24.0,,,
2013-06-26,15/9-F-5,24.0,,,
2013-06-27,15/9-F-12,0.0,0.0,0.0,0.0
2013-06-27,15/9-F-14,17.50834,566.52,64362.45,2477.78
2013-06-27,15/9-F-4,17.18981,,,
2013-06-27,15/9-F-5,17.18981,,,
2013-06-28,15/9-F-12,9.40833,144.51,24428.78,1920.11
2013-06-28,15/9-F-14,22.65833,762.49,124734.23,4439.41
2013-06-28,15/9-F-4,21.22686,,,
2013-06-28,15/9-F-5,21.14352,,,
2013-06-29,15/9-F-12,24.0,492.64,79899.44,4915.55
2013-06-29,15/9-F-14,24.0,821.87,128994.87,3593.49
2013-06-29,15/9-F-4,24.0,,,
2013-06-29,15/9-F-5,24.0,,,
2013-06-30,15/9-F-12,24.0,494.51,83910.23,4862.83
2013-06-30,15/9-F-14,24.0,824.65,135415.52,3553.51
2013-06-30,15/9-F-4,24.0,,,
2013-06-30,15/9-F-5,24.0,,,
2013-07-01,15/9-F-12,24.0,505.53,83756.93,4849.12
2013-07-01,15/9-F-14,24.0,842.56,135091.92,3541.49
2013-07-01,15/9-F-4,24.0,,,
2013-07-01,15/9-F-5,24.0,,,
2013-07-02,15/9-F-12,24.0,518.27,83776.7,4868.85
2013-07-02,15/9-F-14,24.0,863.9,135140.55,3556.35
2013-07-02,15/9-F-4,24.0,,,
2013-07-02,15/9-F-5,24.0,,,
2013-07-03,15/9-F-12,24.0,519.46,87111.13,4955.39
2013-07-03,15/9-F-14,24.0,865.77,140501.81,3619.11
2013-07-03,15/9-F-4,24.0,,,
2013-07-03,15/9-F-5,24.0,,,
2013-07-04,15/9-F-12,24.0,525.32,86973.2,5170.02
2013-07-04,15/9-F-14,24.0,875.54,140279.37,3775.85
2013-07-04,15/9-F-4,16.00834,,,
2013-07-04,15/9-F-5,16.00834,,,
2013-07-05,15/9-F-12,24.0,534.95,84968.38,5396.3
2013-07-05,15/9-F-14,24.0,891.6,137045.77,3941.12
2013-07-05,15/9-F-4,6.40833,,,
2013-07-05,15/9-F-5,6.325,,,
2013-07-06,15/9-F-12,5.34167,37.97,6684.87,440.01
2013-07-06,15/9-F-14,17.16667,583.75,99453.13,2964.15
2013-07-06,15/9-F-4,17.66667,,,
2013-07-06,15/9-F-5,17.66667,,,
2013-07-07,15/9-F-12,8.49166,140.54,23677.32,1642.14
2013-07-07,15/9-F-14,24.0,948.8,154693.66,4858.07
2013-07-07,15/9-F-4,24.0,,,
2013-07-07,15/9-F-5,24.0,,,
2013-07-08,15/9-F-11,0.0,0.0,0.0,0.0
2013-07-08,15/9-F-12,24.0,511.43,82397.97,4942.39
2013-07-08,15/9-F-14,24.0,852.38,132899.95,3609.61
2013-07-08,15/9-F-4,24.0,,,
2013-07-08,15/9-F-5,24.0,,,
2013-07-09,15/9-F-11,0.0,0.0,0.0,0.0
2013-07-09,15/9-F-12,23.75,483.69,79134.98,4709.62
2013-07-09,15/9-F-14,24.0,857.61,135787.02,3659.24
2013-07-09,15/9-F-4,24.0,,,
2013-07-09,15/9-F-5,24.0,,,
2013-07-10,15/9-F-11,0.0,0.0,0.0,0.0
2013-07-10,15/9-F-12,24.0,520.4,85458.46,5076.64
2013-07-10,15/9-F-14,24.0,867.73,137900.07,3709.38
2013-07-10,15/9-F-4,24.0,,,
2013-07-10,15/9-F-5,24.0,,,
2013-07-11,15/9-F-11,0.0,0.0,0.0,0.0
2013-07-11,15/9-F-12,21.5,404.23,68882.53,4029.37
2013-07-11,15/9-F-14,24.0,850.37,140230.43,3714.36
2013-07-11,15/9-F-4,24.0,,,
2013-07-11,15/9-F-5,24.0,,,
2013-07-12,15/9-F-11,0.0,0.0,0.0,0.0
2013-07-12,15/9-F-12,24.0,523.4,85103.34,4792.74
2013-07-12,15/9-F-14,24.0,872.74,137325.76,3501.91
2013-07-12,15/9-F-4,24.0,,,
2013-07-12,15/9-F-5,24.0,,,
2013-07-13,15/9-F-11,0.0,0.0,0.0,0.0
2013-07-13,15/9-F-12,24.0,516.12,85325.61,4713.2
2013-07-13,15/9-F-14,24.0,860.38,137651.96,3442.97
2013-07-13,15/9-F-4,24.0,,,
2013-07-13,15/9-F-5,24.0,,,
2013-07-14,15/9-F-11,0.0,0.0,0.0,0.0
2013-07-14,15/9-F-12,24.0,517.75,85234.14,4617.23
2013-07-14,15/9-F-14,24.0,863.13,137505.93,3372.91
2013-07-14,15/9-F-4,24.0,,,
2013-07-14,15/9-F-5,24.0,,,
2013-07-15,15/9-F-11,0.0,0.0,0.0,0.0
2013-07-15,15/9-F-12,24.0,581.97,93257.25,4986.49
2013-07-15,15/9-F-14,24.0,837.4,129858.55,2999.08
2013-07-15,15/9-F-4,24.0,,,
2013-07-15,15/9-F-5,24.0,,,
2013-07-16,15/9-F-11,0.0,0.0,0.0,0.0
2013-07-16,15/9-F-12,24.0,575.33,93704.36,4876.08
2013-07-16,15/9-F-14,24.0,827.69,130458.83,2932.17
2013-07-16,15/9-F-4,24.0,,,
2013-07-16,15/9-F-5,24.0,,,
2013-07-17,15/9-F-11,0.0,0.0,0.0,0.0
2013-07-17,15/9-F-12,24.0,572.78,93076.6,4767.79
2013-07-17,15/9-F-14,24.0,824.01,129581.05,2866.97
2013-07-17,15/9-F-4,24.0,,,
2013-07-17,15/9-F-5,24.0,,,
2013-07-18,15/9-F-11,0.0,0.0,0.0,0.0
2013-07-18,15/9-F-12,24.0,571.98,92796.84,4899.63
2013-07-18,15/9-F-14,24.0,822.86,129191.61,2946.25
2013-07-18,15/9-F-4,24.0,,,
2013-07-18,15/9-F-5,24.0,,,
2013-07-19,15/9-F-11,0.0,0.0,0.0,0.0
2013-07-19,15/9-F-12,24.0,568.38,92087.05,5019.02
2013-07-19,15/9-F-14,24.0,818.02,128257.76,3019.33
2013-07-19,15/9-F-4,24.0,,,
2013-07-19,15/9-F-5,24.0,,,
2013-07-20,15/9-F-11,0.0,0.0,0.0,0.0
2013-07-20,15/9-F-12,24.0,569.04,92388.61,5222.66
2013-07-20,15/9-F-14,24.0,818.74,128639.51,3140.9
2013-07-20,15/9-F-4,24.0,,,
2013-07-20,15/9-F-5,24.0,,,
2013-07-21,15/9-F-11,0.0,0.0,0.0,0.0
2013-07-21,15/9-F-12,24.0,567.41,91682.35,5278.22
2013-07-21,15/9-F-14,24.0,816.6,127690.75,3175.16
2013-07-21,15/9-F-4,24.0,,,
2013-07-21,15/9-F-5,24.0,,,
2013-07-22,15/9-F-11,0.0,0.0,0.0,0.0
2013-07-22,15/9-F-12,2.175,31.36,6233.41,402.04
2013-07-22,15/9-F-14,4.5,105.65,20320.59,566.09
2013-07-22,15/9-F-4,2.33333,,,
2013-07-22,15/9-F-5,4.83333,,,
2013-07-23,15/9-F-11,0.0,0.0,0.0,0.0
2013-07-23,15/9-F-12,0.0,0.0,0.0,0.0
2013-07-23,15/9-F-14,24.0,745.71,128866.47,3304.09
2013-07-23,15/9-F-4,24.0,,,
2013-07-23,15/9-F-5,24.0,,,
2013-07-24,15/9-F-11,7.0,17.85,2772.47,0.0
2013-07-24,15/9-F-12,6.5,5.71,887.37,63.67
2013-07-24,15/9-F-14,24.0,770.67,115815.48,3589.0
2013-07-24,15/9-F-4,24.0,,,
2013-07-24,15/9-F-5,24.0,,,
2013-07-25,15/9-F-11,24.0,725.0,108940.11,0.0
2013-07-25,15/9-F-12,24.0,216.41,32518.39,2748.59
2013-07-25,15/9-F-14,24.0,695.39,101120.5,3691.7
2013-07-25,15/9-F-4,24.0,,,
2013-07-25,15/9-F-5,24.0,,,
2013-07-26,15/9-F-11,24.0,891.48,131386.55,0.0
2013-07-26,15/9-F-12,24.0,217.37,32036.07,2186.81
2013-07-26,15/9-F-14,24.0,776.09,110690.58,3263.55
2013-07-26,15/9-F-4,24.0,,,
2013-07-26,15/9-F-5,24.0,,,
2013-07-27,15/9-F-11,24.0,886.42,134616.72,0.0
2013-07-27,15/9-F-12,24.0,437.17,66391.86,4416.97
2013-07-27,15/9-F-14,24.0,779.72,114593.17,3292.87
2013-07-27,15/9-F-4,24.0,,,
2013-07-27,15/9-F-5,24.0,,,
2013-07-28,15/9-F-11,0.84,56.01,9011.77,0.0
2013-07-28,15/9-F-12,0.84167,14.8,2381.54,214.66
2013-07-28,15/9-F-14,0.84167,7.18,1118.54,43.54
2013-07-28,15/9-F-4,0.3,,,
2013-07-28,15/9-F-5,0.3,,,
2013-07-29,15/9-F-11,4.0,123.59,18792.5,0.0
2013-07-29,15/9-F-12,4.0,66.02,10037.75,791.57
2013-07-29,15/9-F-14,5.99166,65.68,9664.82,329.19
2013-07-29,15/9-F-4,9.99166,,,
2013-07-29,15/9-F-5,9.15833,,,
2013-07-30,15/9-F-11,24.0,1032.38,155864.67,0.0
2013-07-30,15/9-F-12,24.0,547.52,82661.95,5507.86
2013-07-30,15/9-F-14,24.0,670.4,97949.85,2818.95
2013-07-30,15/9-F-4,24.0,,,
2013-07-30,15/9-F-5,24.0,,,
2013-07-31,15/9-F-11,5.07514,190.35,29119.73,0.0
2013-07-31,15/9-F-12,4.675,59.32,9075.51,587.5
2013-07-31,15/9-F-14,8.34167,324.71,48071.16,1344.09
2013-07-31,15/9-F-4,24.0,,,
2013-07-31,15/9-F-5,24.0,,,
2013-08-01,15/9-F-11,0.0,0.0,0.0,0.0
2013-08-01,15/9-F-12,0.0,0.0,0.0,0.0
2013-08-01,15/9-F-14,0.0,0.0,0.0,0.0
2013-08-01,15/9-F-4,0.0,,,
2013-08-01,15/9-F-5,0.0,,,
2013-08-02,15/9-F-11,0.0,0.0,0.0,0.0
2013-08-02,15/9-F-12,0.0,0.0,0.0,0.0
2013-08-02,15/9-F-14,0.0,0.0,0.0,0.0
2013-08-02,15/9-F-4,0.0,,,
2013-08-02,15/9-F-5,0.0,,,
2013-08-03,15/9-F-11,15.07486,590.09,88733.42,0.0
2013-08-03,15/9-F-12,15.97685,313.04,47070.98,3291.96
2013-08-03,15/9-F-14,15.825,318.64,46367.82,1400.63
2013-08-03,15/9-F-4,18.05,,,
2013-08-03,15/9-F-5,18.05,,,
2013-08-04,15/9-F-11,24.0,1066.46,161227.0,0.0
2013-08-04,15/9-F-12,24.0,521.18,78791.28,5309.32
2013-08-04,15/9-F-14,24.0,736.95,107818.45,3138.05
2013-08-04,15/9-F-4,24.0,,,
2013-08-04,15/9-F-5,24.0,,,
2013-08-05,15/9-F-11,24.0,1059.61,160270.49,0.0
2013-08-05,15/9-F-12,24.0,533.55,80701.05,5343.71
2013-08-05,15/9-F-14,24.0,769.73,112669.2,3222.37
2013-08-05,15/9-F-4,24.0,,,
2013-08-05,15/9-F-5,24.0,,,
2013-08-06,15/9-F-11,24.0,1070.45,160951.3,0.0
2013-08-06,15/9-F-12,24.0,540.26,81231.72,5362.74
2013-08-06,15/9-F-14,24.0,777.23,113092.01,3224.77
2013-08-06,15/9-F-4,24.0,,,
2013-08-06,15/9-F-5,24.0,,,
2013-08-07,15/9-F-11,24.0,1069.96,160232.47,0.0
2013-08-07,15/9-F-12,24.0,547.92,82054.71,5375.71
2013-08-07,15/9-F-14,24.0,788.24,114235.75,3232.51
2013-08-07,15/9-F-4,24.0,,,
2013-08-07,15/9-F-5,24.0,,,
2013-08-08,15/9-F-11,24.0,1062.22,159483.76,0.0
2013-08-08,15/9-F-12,24.0,544.36,81730.85,5414.14
2013-08-08,15/9-F-14,24.0,783.12,113784.88,3255.62
2013-08-08,15/9-F-4,24.0,,,
2013-08-08,15/9-F-5,24.0,,,
2013-08-09,15/9-F-11,24.0,1074.0,162196.78,0.0
2013-08-09,15/9-F-12,24.0,539.32,81447.88,5401.06
2013-08-09,15/9-F-14,24.0,775.86,113390.93,3247.76
2013-08-09,15/9-F-4,24.0,,,
2013-08-09,15/9-F-5,24.0,,,
2013-08-10,15/9-F-11,24.0,1070.3,161999.01,0.0
2013-08-10,15/9-F-12,24.0,540.29,81778.51,5405.78
2013-08-10,15/9-F-14,24.0,777.26,113851.24,3250.6
2013-08-10,15/9-F-4,24.0,,,
2013-08-10,15/9-F-5,24.0,,,
2013-08-11,15/9-F-11,24.0,1054.09,160095.11,0.0
2013-08-11,15/9-F-12,24.0,531.82,80772.94,5356.0
2013-08-11,15/9-F-14,24.0,764.87,112420.02,3219.76
2013-08-11,15/9-F-4,24.0,,,
2013-08-11,15/9-F-5,22.5,,,
2013-08-12,15/9-F-11,24.0,1038.69,159050.28,0.0
2013-08-12,15/9-F-12,24.0,527.03,80701.91,5369.92
2013-08-12,15/9-F-14,24.0,758.25,112361.19,3229.29
2013-08-12,15/9-F-4,23.66666,,,
2013-08-12,15/9-F-5,23.66666,,,
2013-08-13,15/9-F-11,24.0,1050.89,160116.29,0.0
2013-08-13,15/9-F-12,24.0,531.69,81009.32,5345.72
2013-08-13,15/9-F-14,24.0,765.06,112807.39,3215.25
2013-08-13,15/9-F-4,24.0,,,
2013-08-13,15/9-F-5,22.83334,,,
2013-08-14,15/9-F-11,24.0,1044.55,158506.74,0.0
2013-08-14,15/9-F-12,24.0,534.08,81046.17,5315.14
2013-08-14,15/9-F-14,24.0,768.65,112878.79,3197.42
2013-08-14,15/9-F-4,24.0,,,
2013-08-14,15/9-F-5,24.0,,,
2013-08-15,15/9-F-11,24.0,1044.6,158971.52,0.0
2013-08-15,15/9-F-12,24.0,530.29,80700.98,5328.42
2013-08-15,15/9-F-14,24.0,763.75,112481.08,3207.78
2013-08-15,15/9-F-4,24.0,,,
2013-08-15,15/9-F-5,24.0,,,
2013-08-16,15/9-F-11,24.0,1075.73,162409.96,0.0
2013-08-16,15/9-F-12,24.0,540.4,81588.21,5340.05
2013-08-16,15/9-F-14,24.0,777.62,113615.8,3211.9
2013-08-16,15/9-F-4,24.0,,,
2013-08-16,15/9-F-5,24.0,,,
2013-08-17,15/9-F-11,24.0,1088.86,165357.19,0.0
2013-08-17,15/9-F-12,24.0,531.72,80747.57,5365.92
2013-08-17,15/9-F-14,24.0,765.66,112524.28,3229.74
2013-08-17,15/9-F-4,24.0,,,
2013-08-17,15/9-F-5,24.0,,,
2013-08-18,15/9-F-11,24.0,1041.92,158398.44,0.0
2013-08-18,15/9-F-12,24.0,533.77,81147.16,5357.83
2013-08-18,15/9-F-14,24.0,767.88,112972.28,3221.76
2013-08-18,15/9-F-4,24.0,,,
2013-08-18,15/9-F-5,24.0,,,
2013-08-19,15/9-F-11,24.0,1047.06,158556.68,59.06
2013-08-19,15/9-F-12,24.0,552.66,83690.03,5330.78
2013-08-19,15/9-F-14,24.0,795.06,116512.43,3205.5
2013-08-19,15/9-F-4,24.0,,,
2013-08-19,15/9-F-5,24.0,,,
2013-08-20,15/9-F-11,24.0,1024.24,156092.13,58.7
2013-08-20,15/9-F-12,24.0,544.62,82999.34,5337.3
2013-08-20,15/9-F-14,24.0,783.49,115550.86,3209.42
2013-08-20,15/9-F-4,24.0,,,
2013-08-20,15/9-F-5,24.0,,,
2013-08-21,15/9-F-11,24.0,1050.43,160102.74,59.5
2013-08-21,15/9-F-12,24.0,534.43,81456.47,5176.34
2013-08-21,15/9-F-14,24.0,768.84,113402.9,3112.63
2013-08-21,15/9-F-4,24.0,,,
2013-08-21,15/9-F-5,24.0,,,
2013-08-22,15/9-F-11,24.0,1045.41,158664.64,62.24
2013-08-22,15/9-F-12,24.0,528.12,80153.75,5376.76
2013-08-22,15/9-F-14,24.0,775.82,113949.32,3301.53
2013-08-22,15/9-F-4,24.0,,,
2013-08-22,15/9-F-5,24.0,,,
2013-08-23,15/9-F-11,24.0,1038.88,159070.89,59.27
2013-08-23,15/9-F-12,24.0,529.89,81134.6,5169.21
2013-08-23,15/9-F-14,24.0,762.29,112954.8,3108.34
2013-08-23,15/9-F-4,24.0,,,
2013-08-23,15/9-F-5,24.0,,,
2013-08-24,15/9-F-11,24.0,1030.14,158003.56,60.68
2013-08-24,15/9-F-12,24.0,528.26,81024.28,5321.33
2013-08-24,15/9-F-14,24.0,759.95,112801.2,3199.8
2013-08-24,15/9-F-4,24.0,,,
2013-08-24,15/9-F-5,24.0,,,
2013-08-25,15/9-F-11,24.0,1029.58,157310.71,60.86
2013-08-25,15/9-F-12,24.0,525.74,80327.37,5314.36
2013-08-25,15/9-F-14,24.0,756.32,111830.97,3195.62
2013-08-25,15/9-F-4,24.0,,,
2013-08-25,15/9-F-5,24.0,,,
2013-08-26,15/9-F-11,24.0,1030.05,157362.26,61.34
2013-08-26,15/9-F-12,24.0,522.01,79747.27,5315.49
2013-08-26,15/9-F-14,24.0,750.96,111023.36,3196.3
2013-08-26,15/9-F-4,24.0,,,
2013-08-26,15/9-F-5,24.0,,,
2013-08-27,15/9-F-11,19.64181,697.86,108778.94,38.36
2013-08-27,15/9-F-12,24.0,565.25,88108.41,5313.5
2013-08-27,15/9-F-14,24.0,813.18,122663.65,3195.11
2013-08-27,15/9-F-4,24.0,,,
2013-08-27,15/9-F-5,24.0,,,
2013-08-28,15/9-F-11,0.0,0.0,0.0,0.0
2013-08-28,15/9-F-12,24.0,487.72,87071.55,5562.8
2013-08-28,15/9-F-14,24.0,701.65,121222.43,3345.07
2013-08-28,15/9-F-4,24.0,,,
2013-08-28,15/9-F-5,24.0,,,
2013-08-29,15/9-F-11,0.0,0.0,0.0,0.0
2013-08-29,15/9-F-12,24.0,490.27,88036.98,5331.64
2013-08-29,15/9-F-14,24.0,705.38,122578.37,3206.38
2013-08-29,15/9-F-4,24.0,,,
2013-08-29,15/9-F-5,24.0,,,
2013-08-30,15/9-F-11,0.0,0.0,0.0,0.0
2013-08-30,15/9-F-12,24.0,496.78,88713.54,5402.07
2013-08-30,15/9-F-14,24.0,714.74,123518.38,3248.69
2013-08-30,15/9-F-4,24.0,,,
2013-08-30,15/9-F-5,24.0,,,
2013-08-31,15/9-F-11,0.0,0.0,0.0,0.0
2013-08-31,15/9-F-12,24.0,500.71,89256.66,5359.91
2013-08-31,15/9-F-14,24.0,720.45,124283.77,3223.57
2013-08-31,15/9-F-4,24.0,,,
2013-08-31,15/9-F-5,24.0,,,
2013-09-01,15/9-F-11,0.0,0.0,0.0,0.0
2013-09-01,15/9-F-12,24.0,501.0,89606.15,5267.24
2013-09-01,15/9-F-14,24.0,720.93,124783.58,3168.17
2013-09-01,15/9-F-4,24.0,,,
2013-09-01,15/9-F-5,24.0,,,
2013-09-02,15/9-F-11,1.69152,15.16,2666.4,0.89
2013-09-02,15/9-F-12,24.0,520.46,91555.08,5232.33
2013-09-02,15/9-F-14,24.0,748.74,127464.54,3146.36
2013-09-02,15/9-F-4,24.0,,,
2013-09-02,15/9-F-5,24.0,,,
2013-09-03,15/9-F-11,24.0,940.96,146563.91,54.05
2013-09-03,15/9-F-12,24.0,524.59,81710.38,5152.66
2013-09-03,15/9-F-14,24.0,754.75,113767.92,3098.7
2013-09-03,15/9-F-4,24.0,,,
2013-09-03,15/9-F-5,24.0,,,
2013-09-04,15/9-F-11,24.0,969.43,151072.95,57.78
2013-09-04,15/9-F-12,24.0,528.03,82286.33,5381.65
2013-09-04,15/9-F-14,24.0,759.66,114563.54,3236.23
2013-09-04,15/9-F-4,24.0,,,
2013-09-04,15/9-F-5,24.0,,,
2013-09-05,15/9-F-11,24.0,1016.4,157401.48,63.51
2013-09-05,15/9-F-12,24.0,414.29,64157.93,4426.52
2013-09-05,15/9-F-14,24.0,773.9,115981.61,3456.27
2013-09-05,15/9-F-4,24.0,,,
2013-09-05,15/9-F-5,24.0,,,
2013-09-06,15/9-F-11,24.0,1156.84,176758.83,81.73
2013-09-06,15/9-F-12,24.0,260.2,39757.3,3143.58
2013-09-06,15/9-F-14,24.0,767.82,113533.64,3877.39
2013-09-06,15/9-F-4,24.0,,,
2013-09-06,15/9-F-5,24.0,,,
2013-09-07,15/9-F-11,24.0,1150.65,175762.3,82.15
2013-09-07,15/9-F-12,24.0,258.92,39549.68,3160.87
2013-09-07,15/9-F-14,24.0,764.48,113007.24,3900.99
2013-09-07,15/9-F-4,24.0,,,
2013-09-07,15/9-F-5,24.0,,,
2013-09-08,15/9-F-11,24.0,1140.41,173484.15,81.66
2013-09-08,15/9-F-12,24.0,257.43,39160.98,3152.09
2013-09-08,15/9-F-14,24.0,760.03,111888.61,3889.88
2013-09-08,15/9-F-4,24.0,,,
2013-09-08,15/9-F-5,24.0,,,
2013-09-09,15/9-F-11,24.0,1109.4,169280.73,78.84
2013-09-09,15/9-F-12,24.0,259.06,39528.88,3147.96
2013-09-09,15/9-F-14,24.0,764.55,112897.66,3883.33
2013-09-09,15/9-F-4,24.0,,,
2013-09-09,15/9-F-5,24.0,,,
2013-09-10,15/9-F-11,24.0,1118.97,170574.2,80.99
2013-09-10,15/9-F-12,24.0,253.66,38668.27,3139.56
2013-09-10,15/9-F-14,24.0,749.17,110518.63,3875.74
2013-09-10,15/9-F-4,24.0,,,
2013-09-10,15/9-F-5,24.0,,,
2013-09-11,15/9-F-11,24.0,1102.58,168495.87,80.65
2013-09-11,15/9-F-12,24.0,249.96,38198.16,3126.29
2013-09-11,15/9-F-14,24.0,737.77,109107.94,3856.98
2013-09-11,15/9-F-4,24.0,,,
2013-09-11,15/9-F-5,24.0,,,
2013-09-12,15/9-F-11,18.64181,809.9,126489.15,56.96
2013-09-12,15/9-F-12,18.64167,204.82,31987.39,2463.14
2013-09-12,15/9-F-14,18.64167,586.5,88642.07,2948.2
2013-09-12,15/9-F-4,18.25,,,
2013-09-12,15/9-F-5,20.4,,,
2013-09-13,15/9-F-11,0.0,0.0,0.0,0.0
2013-09-13,15/9-F-12,0.0,0.0,0.0,0.0
2013-09-13,15/9-F-14,10.65834,218.49,34720.62,1249.32
2013-09-13,15/9-F-4,0.0,,,
2013-09-13,15/9-F-5,0.0,,,
2013-09-14,15/9-F-11,6.35819,329.15,47182.51,50.97
2013-09-14,15/9-F-12,7.0,38.35,5498.08,1015.63
2013-09-14,15/9-F-14,6.85833,27.93,3874.34,309.12
2013-09-14,15/9-F-4,10.525,,,
2013-09-14,15/9-F-5,10.60833,,,
2013-09-15,15/9-F-11,24.0,982.21,150589.13,69.69
2013-09-15,15/9-F-12,24.0,434.55,66623.5,5272.38
2013-09-15,15/9-F-14,24.0,545.87,80990.79,2768.34
2013-09-15,15/9-F-4,24.0,,,
2013-09-15,15/9-F-5,22.16666,,,
2013-09-16,15/9-F-11,22.5,947.47,146223.47,58.4
2013-09-16,15/9-F-12,22.5,397.03,61274.91,4184.77
2013-09-16,15/9-F-14,22.33333,479.48,71612.4,2741.6
2013-09-16,15/9-F-4,21.5,,,
2013-09-16,15/9-F-5,21.5,,,
2013-09-17,15/9-F-11,24.0,1042.0,161132.48,61.02
2013-09-17,15/9-F-12,24.0,494.2,76421.31,4948.5
2013-09-17,15/9-F-14,24.0,628.31,94025.16,3412.96
2013-09-17,15/9-F-4,24.0,,,
2013-09-17,15/9-F-5,24.0,,,
2013-09-18,15/9-F-11,10.97514,474.31,74879.68,28.5
2013-09-18,15/9-F-12,10.64167,198.18,31287.06,2036.5
2013-09-18,15/9-F-14,10.64167,284.01,43390.51,1583.22
2013-09-18,15/9-F-4,10.64167,,,
2013-09-18,15/9-F-5,10.64167,,,
2013-09-19,15/9-F-4,0.0,,,
2013-09-19,15/9-F-5,0.0,,,
2013-09-20,15/9-F-11,16.27486,642.66,96484.07,51.78
2013-09-20,15/9-F-12,16.31,184.8,27743.81,2546.07
2013-09-20,15/9-F-14,17.025,326.59,47449.05,2440.95
2013-09-20,15/9-F-4,18.525,,,
2013-09-20,15/9-F-5,18.44167,,,
2013-09-21,15/9-F-11,9.80848,309.88,49034.32,17.86
2013-09-21,15/9-F-12,9.55833,123.62,19561.82,1218.25
2013-09-21,15/9-F-14,19.83333,655.17,100328.19,3502.51
2013-09-21,15/9-F-4,11.66667,,,
2013-09-21,15/9-F-5,11.66667,,,
2013-09-22,15/9-F-11,24.0,1034.51,158716.07,70.46
2013-09-22,15/9-F-12,24.0,383.41,58823.8,4465.6
2013-09-22,15/9-F-14,24.0,574.57,85308.67,3630.33
2013-09-22,15/9-F-4,24.0,,,
2013-09-22,15/9-F-5,24.0,,,
2013-09-23,15/9-F-11,24.0,1074.59,164937.58,63.63
2013-09-23,15/9-F-12,24.0,492.62,75611.16,4988.28
2013-09-23,15/9-F-14,24.0,625.99,92983.67,3438.74
2013-09-23,15/9-F-4,24.0,,,
2013-09-23,15/9-F-5,24.0,,,
2013-09-24,15/9-F-11,24.0,1142.53,176048.5,69.09
2013-09-24,15/9-F-12,24.0,408.26,62907.16,4742.58
2013-09-24,15/9-F-14,24.0,656.48,97891.34,3682.4
2013-09-24,15/9-F-4,24.0,,,
2013-09-24,15/9-F-5,24.0,,,
2013-09-25,15/9-F-11,24.0,1107.51,170940.18,66.64
2013-09-25,15/9-F-12,24.0,410.28,63325.4,4742.66
2013-09-25,15/9-F-14,24.0,659.55,98515.9,3681.47
2013-09-25,15/9-F-4,24.0,,,
2013-09-25,15/9-F-5,24.0,,,
2013-09-26,15/9-F-11,24.0,1124.52,173512.2,67.6
2013-09-26,15/9-F-12,24.0,411.89,63553.37,4756.8
2013-09-26,15/9-F-14,24.0,661.93,98839.06,3691.26
2013-09-26,15/9-F-4,24.0,,,
2013-09-26,15/9-F-5,24.0,,,
2013-09-27,15/9-F-11,8.30848,299.46,49540.21,17.92
2013-09-27,15/9-F-12,8.30833,64.36,10647.76,841.38
2013-09-27,15/9-F-14,16.83333,491.73,78722.08,2729.0
2013-09-27,15/9-F-4,13.33333,,,
2013-09-27,15/9-F-5,13.5,,,
2013-09-28,15/9-F-11,12.35819,380.03,59608.43,20.69
2013-09-28,15/9-F-12,17.025,206.41,32375.82,2454.87
2013-09-28,15/9-F-14,24.0,799.2,121313.61,4035.42
2013-09-28,15/9-F-4,24.0,,,
2013-09-28,15/9-F-5,24.0,,,
2013-09-29,15/9-F-11,24.0,1158.6,179470.15,70.99
2013-09-29,15/9-F-12,24.0,367.22,56883.75,4916.33
2013-09-29,15/9-F-14,24.0,665.7,99793.64,3783.79
2013-09-29,15/9-F-4,24.0,,,
2013-09-29,15/9-F-5,24.0,,,
2013-09-30,15/9-F-11,24.0,1194.95,184725.05,69.16
2013-09-30,15/9-F-12,24.0,375.93,58114.07,4753.92
2013-09-30,15/9-F-14,24.0,681.42,101940.26,3658.38
2013-09-30,15/9-F-4,24.0,,,
2013-09-30,15/9-F-5,24.0,,,
2013-10-01,15/9-F-11,24.0,1195.94,184617.7,83.62
2013-10-01,15/9-F-12,24.0,375.71,57998.73,5739.58
2013-10-01,15/9-F-14,24.0,681.02,101738.91,4416.94
2013-10-01,15/9-F-4,24.0,,,
2013-10-01,15/9-F-5,24.0,,,
2013-10-02,15/9-F-11,24.0,1249.05,193060.02,73.75
2013-10-02,15/9-F-12,24.0,295.03,45600.83,5185.03
2013-10-02,15/9-F-14,24.0,711.35,106402.53,3896.04
2013-10-02,15/9-F-4,24.0,,,
2013-10-02,15/9-F-5,24.0,,,
2013-10-03,15/9-F-11,24.0,1245.28,193256.1,68.73
2013-10-03,15/9-F-12,24.0,293.47,45544.66,4821.69
2013-10-03,15/9-F-14,24.0,707.63,106276.04,3623.19
2013-10-03,15/9-F-4,24.0,,,
2013-10-03,15/9-F-5,24.0,,,
2013-10-04,15/9-F-11,24.0,1242.87,192685.13,67.04
2013-10-04,15/9-F-12,24.0,292.86,45402.64,4701.97
2013-10-04,15/9-F-14,24.0,705.9,105906.77,3531.96
2013-10-04,15/9-F-4,24.0,,,
2013-10-04,15/9-F-5,24.0,,,
2013-10-05,15/9-F-11,24.0,1235.41,189860.71,66.59
2013-10-05,15/9-F-12,24.0,296.71,45599.61,4760.73
2013-10-05,15/9-F-14,24.0,714.35,106241.03,3571.88
2013-10-05,15/9-F-4,24.0,,,
2013-10-05,15/9-F-5,24.0,,,
2013-10-06,15/9-F-11,24.0,1256.2,192813.97,65.96
2013-10-06,15/9-F-12,24.0,298.71,45849.47,4668.85
2013-10-06,15/9-F-14,24.0,718.46,106719.52,3499.55
2013-10-06,15/9-F-4,24.0,,,
2013-10-06,15/9-F-5,24.0,,,
2013-10-07,15/9-F-11,24.0,1251.09,192967.65,68.52
2013-10-07,15/9-F-12,24.0,298.45,46032.66,4865.45
2013-10-07,15/9-F-14,24.0,714.08,106585.72,3627.85
2013-10-07,15/9-F-4,24.0,,,
2013-10-07,15/9-F-5,24.0,,,
2013-10-08,15/9-F-11,24.0,1251.81,192962.32,69.01
2013-10-08,15/9-F-12,24.0,295.29,45517.85,4845.54
2013-10-08,15/9-F-14,24.0,709.59,105852.32,3628.73
2013-10-08,15/9-F-4,24.0,,,
2013-10-08,15/9-F-5,24.0,,,
2013-10-09,15/9-F-11,24.0,1256.98,194280.41,67.91
2013-10-09,15/9-F-12,24.0,292.16,45157.33,4698.48
2013-10-09,15/9-F-14,24.0,702.19,105030.92,3519.17
2013-10-09,15/9-F-4,24.0,,,
2013-10-09,15/9-F-5,24.0,,,
2013-10-10,15/9-F-11,24.0,1271.99,195815.87,69.35
2013-10-10,15/9-F-12,24.0,292.9,45090.81,4753.26
2013-10-10,15/9-F-14,24.0,703.99,104879.91,3560.33
2013-10-10,15/9-F-4,24.0,,,
2013-10-10,15/9-F-5,24.0,,,
2013-10-11,15/9-F-11,12.30848,655.2,101217.05,34.23
2013-10-11,15/9-F-12,12.30833,163.08,25192.35,2536.03
2013-10-11,15/9-F-14,12.14167,311.95,46636.0,1511.82
2013-10-11,15/9-F-4,11.5,,,
2013-10-11,15/9-F-5,12.5,,,
2013-10-12,15/9-F-11,10.19152,362.61,58610.77,24.02
2013-10-12,15/9-F-12,8.85833,99.76,16125.78,1967.39
2013-10-12,15/9-F-14,9.35833,44.93,7028.94,276.15
2013-10-12,15/9-F-4,9.75,,,
2013-10-12,15/9-F-5,9.75,,,
2013-10-13,15/9-F-11,24.0,1178.27,182360.25,69.04
2013-10-13,15/9-F-12,24.0,279.17,43207.32,4869.51
2013-10-13,15/9-F-14,24.0,615.54,92193.99,3345.97
2013-10-13,15/9-F-4,24.0,,,
2013-10-13,15/9-F-5,23.33334,,,
2013-10-14,15/9-F-11,24.0,1183.06,183762.62,67.47
2013-10-14,15/9-F-12,24.0,279.23,43371.54,4740.2
2013-10-14,15/9-F-14,24.0,671.85,100989.62,3554.36
2013-10-14,15/9-F-4,24.0,,,
2013-10-14,15/9-F-5,24.0,,,
2013-10-15,15/9-F-11,24.0,1198.75,185335.5,67.96
2013-10-15,15/9-F-12,24.0,280.73,43402.9,4737.67
2013-10-15,15/9-F-14,24.0,683.09,102203.65,3592.57
2013-10-15,15/9-F-4,24.0,,,
2013-10-15,15/9-F-5,24.0,,,
2013-10-16,15/9-F-11,24.0,1197.21,185174.74,67.97
2013-10-16,15/9-F-12,24.0,283.09,43785.59,4783.94
2013-10-16,15/9-F-14,24.0,680.85,101911.18,3585.66
2013-10-16,15/9-F-4,24.0,,,
2013-10-16,15/9-F-5,24.0,,,
2013-10-17,15/9-F-11,24.0,1198.18,185858.28,67.51
2013-10-17,15/9-F-12,24.0,288.49,44749.05,4838.12
2013-10-17,15/9-F-14,24.0,692.36,103933.27,3618.61
2013-10-17,15/9-F-4,24.0,,,
2013-10-17,15/9-F-5,24.0,,,
2013-10-18,15/9-F-11,24.0,1215.93,187926.15,69.49
2013-10-18,15/9-F-12,24.0,284.86,44025.76,4845.53
2013-10-18,15/9-F-14,24.0,685.23,102487.92,3632.46
2013-10-18,15/9-F-4,24.0,,,
2013-10-18,15/9-F-5,24.0,,,
2013-10-19,15/9-F-11,24.0,1221.59,188719.41,69.98
2013-10-19,15/9-F-12,24.0,282.54,43648.88,4818.02
2013-10-19,15/9-F-14,24.0,679.92,101650.61,3613.25
2013-10-19,15/9-F-4,19.975,,,
2013-10-19,15/9-F-5,24.0,,,
2013-10-20,15/9-F-11,24.0,1210.15,188806.03,67.88
2013-10-20,15/9-F-12,24.0,287.52,44858.05,4800.31
2013-10-20,15/9-F-14,24.0,691.96,104476.24,3600.3
2013-10-20,15/9-F-4,17.69167,,,
2013-10-20,15/9-F-5,19.64167,,,
2013-10-21,15/9-F-11,24.0,1218.52,190439.83,69.69
2013-10-21,15/9-F-12,24.0,282.06,44082.24,4801.95
2013-10-21,15/9-F-14,24.0,678.86,102674.6,3601.71
2013-10-21,15/9-F-4,23.16666,,,
2013-10-21,15/9-F-5,20.85833,,,
2013-10-22,15/9-F-11,24.0,1219.97,188707.52,69.08
2013-10-22,15/9-F-12,24.0,285.59,44176.62,4813.63
2013-10-22,15/9-F-14,24.0,686.85,102817.72,3607.8
2013-10-22,15/9-F-4,24.0,,,
2013-10-22,15/9-F-5,24.0,,,
2013-10-23,15/9-F-11,24.0,1221.28,188384.35,69.22
2013-10-23,15/9-F-12,24.0,285.87,44095.15,4823.07
2013-10-23,15/9-F-14,24.0,687.36,102605.07,3614.06
2013-10-23,15/9-F-4,24.0,,,
2013-10-23,15/9-F-5,24.0,,,
2013-10-24,15/9-F-11,24.0,1250.87,192712.38,70.64
2013-10-24,15/9-F-12,24.0,286.93,44205.77,4823.41
2013-10-24,15/9-F-14,24.0,686.11,102293.65,3594.31
2013-10-24,15/9-F-4,24.0,,,
2013-10-24,15/9-F-5,24.0,,,
2013-10-25,15/9-F-11,24.0,1249.12,192620.83,70.11
2013-10-25,15/9-F-12,24.0,286.03,44107.49,4778.62
2013-10-25,15/9-F-14,24.0,687.65,102619.38,3580.24
2013-10-25,15/9-F-4,24.0,,,
2013-10-25,15/9-F-5,24.0,,,
2013-10-26,15/9-F-11,24.0,1236.82,190197.99,69.9
2013-10-26,15/9-F-12,24.0,285.36,43883.41,4800.71
2013-10-26,15/9-F-14,24.0,685.92,102078.33,3596.09
2013-10-26,15/9-F-4,24.0,,,
2013-10-26,15/9-F-5,24.0,,,
2013-10-27,15/9-F-11,24.30839,1219.94,188361.38,69.99
2013-10-27,15/9-F-12,24.14167,280.98,43383.87,4798.5
2013-10-27,15/9-F-14,24.30833,675.02,100863.31,3592.56
2013-10-27,15/9-F-4,24.14167,,,
2013-10-27,15/9-F-5,24.14167,,,
2013-10-28,15/9-F-11,7.85819,250.93,39142.17,11.43
2013-10-28,15/9-F-12,10.19167,141.14,22015.93,1913.51
2013-10-28,15/9-F-14,0.0,0.0,0.0,0.0
2013-10-28,15/9-F-4,0.0,,,
2013-10-28,15/9-F-5,0.0,,,
2013-10-29,15/9-F-11,13.47514,557.18,86381.77,29.01
2013-10-29,15/9-F-12,13.475,181.22,28095.72,2808.38
2013-10-29,15/9-F-14,0.0,0.0,0.0,0.0
2013-10-29,15/9-F-4,0.0,,,
2013-10-29,15/9-F-5,0.0,,,
2013-10-30,15/9-F-11,10.35819,414.96,62079.04,21.97
2013-10-30,15/9-F-12,11.025,153.26,22928.83,2415.75
2013-10-30,15/9-F-14,12.85833,193.53,28018.36,950.62
2013-10-30,15/9-F-4,16.19167,,,
2013-10-30,15/9-F-5,16.19167,,,
2013-10-31,15/9-F-11,24.0,1197.34,183606.35,69.46
2013-10-31,15/9-F-12,24.0,276.81,42446.66,4779.79
2013-10-31,15/9-F-14,24.0,633.57,94019.67,3409.39
2013-10-31,15/9-F-4,24.0,,,
2013-10-31,15/9-F-5,24.0,,,
2013-11-01,15/9-F-11,24.0,1212.36,186014.0,68.31
2013-11-01,15/9-F-12,24.0,281.1,43128.59,4714.81
2013-11-01,15/9-F-14,24.0,677.68,100622.08,3542.29
2013-11-01,15/9-F-4,24.0,,,
2013-11-01,15/9-F-5,24.0,,,
2013-11-02,15/9-F-11,24.0,1252.76,185206.48,76.56
2013-11-02,15/9-F-12,24.0,289.26,42764.25,5262.04
2013-11-02,15/9-F-14,3.225,11.09,1587.12,62.89
2013-11-02,15/9-F-4,3.30833,,,
2013-11-02,15/9-F-5,3.30833,,,
2013-11-03,15/9-F-11,17.33333,773.31,118945.98,45.93
2013-11-03,15/9-F-12,16.33334,204.44,31445.72,3614.79
2013-11-03,15/9-F-14,6.025,5.75,856.02,31.69
2013-11-03,15/9-F-4,8.19167,,,
2013-11-03,15/9-F-5,8.19167,,,
2013-11-04,15/9-F-11,24.0,1155.15,171451.06,80.69
2013-11-04,15/9-F-12,8.30833,56.86,8439.0,1182.22
2013-11-04,15/9-F-14,24.0,565.18,81180.4,3662.27
2013-11-04,15/9-F-4,24.0,,,
2013-11-04,15/9-F-5,24.0,,,
2013-11-05,15/9-F-11,24.0,1180.75,168416.92,68.21
2013-11-05,15/9-F-12,0.0,0.0,0.0,0.0
2013-11-05,15/9-F-14,24.0,678.85,93705.27,3637.89
2013-11-05,15/9-F-4,24.0,,,
2013-11-05,15/9-F-5,24.0,,,
2013-11-06,15/9-F-11,22.66667,1127.93,163020.84,69.17
2013-11-06,15/9-F-12,0.0,0.0,0.0,0.0
2013-11-06,15/9-F-14,24.0,647.62,90581.46,3684.22
2013-11-06,15/9-F-4,24.0,,,
2013-11-06,15/9-F-5,24.0,,,
2013-11-07,15/9-F-11,24.0,1164.19,176793.13,89.51
2013-11-07,15/9-F-12,24.0,148.58,22562.47,3400.39
2013-11-07,15/9-F-14,24.0,623.9,91689.08,4449.92
2013-11-07,15/9-F-4,24.0,,,
2013-11-07,15/9-F-5,24.0,,,
2013-11-08,15/9-F-11,24.0,1186.6,181291.47,69.84
2013-11-08,15/9-F-12,24.0,259.94,39713.4,4553.79
2013-11-08,15/9-F-14,24.0,670.56,99144.91,3661.0
2013-11-08,15/9-F-4,24.0,,,
2013-11-08,15/9-F-5,24.0,,,
2013-11-09,15/9-F-11,24.0,1174.61,179820.66,69.45
2013-11-09,15/9-F-12,24.0,256.51,39269.09,4514.81
2013-11-09,15/9-F-14,24.0,661.81,98047.63,3630.1
2013-11-09,15/9-F-4,23.16667,,,
2013-11-09,15/9-F-5,23.16667,,,
2013-11-10,15/9-F-11,24.0,1201.41,185113.58,72.33
2013-11-10,15/9-F-12,24.0,255.68,39394.52,4582.15
2013-11-10,15/9-F-14,24.0,659.87,98393.97,3685.49
2013-11-10,15/9-F-4,23.83333,,,
2013-11-10,15/9-F-5,23.33333,,,
2013-11-11,15/9-F-11,24.0,1257.28,190800.57,76.61
2013-11-11,15/9-F-12,24.0,228.51,34677.51,4144.54
2013-11-11,15/9-F-14,24.0,673.1,98850.99,3804.54
2013-11-11,15/9-F-4,24.0,,,
2013-11-11,15/9-F-5,24.0,,,
2013-11-12,15/9-F-11,24.0,1167.56,177662.24,154.63
2013-11-12,15/9-F-12,24.0,273.47,41613.23,4591.03
2013-11-12,15/9-F-14,24.0,707.48,104181.96,3701.39
2013-11-12,15/9-F-4,23.83333,,,
2013-11-12,15/9-F-5,23.66667,,,
2013-11-13,15/9-F-11,24.0,1150.55,175824.8,152.96
2013-11-13,15/9-F-12,24.0,271.33,41464.2,4572.44
2013-11-13,15/9-F-14,24.0,699.29,103417.77,3672.5
2013-11-13,15/9-F-4,24.0,,,
2013-11-13,15/9-F-5,24.0,,,
2013-11-14,15/9-F-11,24.0,1162.76,179241.31,150.8
2013-11-14,15/9-F-12,24.0,274.55,42323.05,4513.54
2013-11-14,15/9-F-14,24.0,707.27,105510.91,3623.51
2013-11-14,15/9-F-4,24.0,,,
2013-11-14,15/9-F-5,24.0,,,
2013-11-15,15/9-F-11,24.0,1172.19,180093.66,147.79
2013-11-15,15/9-F-12,24.0,277.47,42629.63,4434.36
2013-11-15,15/9-F-14,24.0,714.35,106211.69,3557.83
2013-11-15,15/9-F-4,24.0,,,
2013-11-15,15/9-F-5,24.0,,,
2013-11-16,15/9-F-11,24.0,1185.38,180733.52,147.88
2013-11-16,15/9-F-12,24.0,280.21,42722.85,4430.95
2013-11-16,15/9-F-14,24.0,721.6,106473.24,3556.08
2013-11-16,15/9-F-4,24.0,,,
2013-11-16,15/9-F-5,24.0,,,
2013-11-17,15/9-F-11,24.0,1156.62,177486.85,147.8
2013-11-17,15/9-F-12,24.0,272.16,41763.9,4408.28
2013-11-17,15/9-F-14,24.0,701.5,104176.08,3541.04
2013-11-17,15/9-F-4,24.0,,,
2013-11-17,15/9-F-5,24.0,,,
2013-11-18,15/9-F-11,24.0,1155.28,178261.19,146.93
2013-11-18,15/9-F-12,24.0,272.09,41984.25,4386.52
2013-11-18,15/9-F-14,24.0,701.07,104686.17,3522.21
2013-11-18,15/9-F-4,24.0,,,
2013-11-18,15/9-F-5,24.0,,,
2013-11-19,15/9-F-11,24.0,1145.31,177359.39,150.1
2013-11-19,15/9-F-12,24.0,267.04,41351.92,4436.04
2013-11-19,15/9-F-14,24.0,688.24,103139.22,3563.01
2013-11-19,15/9-F-4,24.0,,,
2013-11-19,15/9-F-5,24.0,,,
2013-11-20,15/9-F-11,24.0,1222.99,189530.92,154.58
2013-11-20,15/9-F-12,24.0,273.73,42421.44,4385.6
2013-11-20,15/9-F-14,24.0,705.48,105803.84,3522.39
2013-11-20,15/9-F-4,24.0,,,
2013-11-20,15/9-F-5,24.0,,,
2013-11-21,15/9-F-11,24.0,1245.11,191871.39,161.9
2013-11-21,15/9-F-12,24.0,274.09,42237.38,4517.5
2013-11-21,15/9-F-14,24.0,706.16,105307.97,3627.07
2013-11-21,15/9-F-4,24.0,,,
2013-11-21,15/9-F-5,24.0,,,
2013-11-22,15/9-F-11,24.0,1213.11,186678.56,160.58
2013-11-22,15/9-F-12,24.0,277.75,42741.0,4660.32
2013-11-22,15/9-F-14,24.0,715.3,106522.1,3740.28
2013-11-22,15/9-F-4,24.0,,,
2013-11-22,15/9-F-5,24.0,,,
2013-11-23,15/9-F-11,24.0,1216.54,186613.12,163.64
2013-11-23,15/9-F-12,24.0,273.88,42012.51,4669.75
2013-11-23,15/9-F-14,24.0,705.39,104714.54,3748.14
2013-11-23,15/9-F-4,24.0,,,
2013-11-23,15/9-F-5,24.0,,,
2013-11-24,15/9-F-11,24.0,1232.91,191776.79,168.08
2013-11-24,15/9-F-12,24.0,271.59,42245.2,4693.14
2013-11-24,15/9-F-14,24.0,699.92,105358.89,3769.21
2013-11-24,15/9-F-4,24.0,,,
2013-11-24,15/9-F-5,24.0,,,
2013-11-25,15/9-F-11,24.0,1227.25,191140.0,167.36
2013-11-25,15/9-F-12,24.0,271.85,42340.08,4699.31
2013-11-25,15/9-F-14,24.0,700.29,105549.37,3772.51
2013-11-25,15/9-F-4,24.0,,,
2013-11-25,15/9-F-5,24.0,,,
2013-11-26,15/9-F-11,24.0,1200.78,187196.84,163.13
2013-11-26,15/9-F-12,24.0,272.84,42534.86,4698.38
2013-11-26,15/9-F-14,24.0,702.39,105967.93,3769.38
2013-11-26,15/9-F-4,24.0,,,
2013-11-26,15/9-F-5,24.0,,,
2013-11-27,15/9-F-11,24.0,1202.03,186758.37,168.54
2013-11-27,15/9-F-12,24.0,272.37,42317.17,4840.64
2013-11-27,15/9-F-14,24.0,701.55,105482.42,3885.61
2013-11-27,15/9-F-4,24.0,,,
2013-11-27,15/9-F-5,24.0,,,
2013-11-28,15/9-F-11,24.0,1193.42,185960.25,161.89
2013-11-28,15/9-F-12,24.0,271.91,42369.52,4675.53
2013-11-28,15/9-F-14,24.0,700.53,105637.07,3753.93
2013-11-28,15/9-F-4,24.0,,,
2013-11-28,15/9-F-5,24.0,,,
2013-11-29,15/9-F-11,24.0,1196.26,186979.42,163.9
2013-11-29,15/9-F-12,24.0,270.19,42231.31,4692.26
2013-11-29,15/9-F-14,24.0,696.45,105346.83,3769.31
2013-11-29,15/9-F-4,24.0,,,
2013-11-29,15/9-F-5,24.0,,,
2013-11-30,15/9-F-11,24.0,1253.95,195442.83,172.12
2013-11-30,15/9-F-12,24.0,271.16,42264.18,4718.06
2013-11-30,15/9-F-14,24.0,698.99,105432.77,3790.17
2013-11-30,15/9-F-4,24.0,,,
2013-11-30,15/9-F-5,24.0,,,
2013-12-01,15/9-F-11,24.0,1274.74,197980.77,173.29
2013-12-01,15/9-F-12,24.0,271.62,42186.03,4680.42
2013-12-01,15/9-F-14,24.0,700.13,105229.65,3759.65
2013-12-01,15/9-F-4,24.0,,,
2013-12-01,15/9-F-5,24.0,,,
2013-12-02,15/9-F-11,24.0,1326.29,205626.09,182.12
2013-12-02,15/9-F-12,24.0,281.46,43637.16,4898.97
2013-12-02,15/9-F-14,24.0,644.52,96702.64,4057.69
2013-12-02,15/9-F-4,24.0,,,
2013-12-02,15/9-F-5,24.0,,,
2013-12-03,15/9-F-11,24.0,1314.55,202444.65,168.42
2013-12-03,15/9-F-12,24.0,280.77,43239.47,4559.79
2013-12-03,15/9-F-14,24.0,642.92,95817.7,3776.6
2013-12-03,15/9-F-4,24.0,,,
2013-12-03,15/9-F-5,24.0,,,
2013-12-04,15/9-F-11,24.0,1340.01,204590.59,177.45
2013-12-04,15/9-F-12,24.0,271.96,41522.14,4565.03
2013-12-04,15/9-F-14,24.0,623.26,92088.63,3784.08
2013-12-04,15/9-F-4,24.0,,,
2013-12-04,15/9-F-5,24.0,,,
2013-12-05,15/9-F-11,23.72508,1306.06,202482.3,168.21
2013-12-05,15/9-F-12,23.39167,264.79,41050.58,4322.85
2013-12-05,15/9-F-14,23.55833,609.47,91440.02,3598.97
2013-12-05,15/9-F-4,23.39167,,,
2013-12-05,15/9-F-5,23.39167,,,
2013-12-06,15/9-F-11,16.60825,605.59,97273.46,104.21
2013-12-06,15/9-F-12,10.275,106.82,17157.9,2329.9
2013-12-06,15/9-F-14,15.775,321.16,49921.44,2533.67
2013-12-06,15/9-F-4,16.35833,,,
2013-12-06,15/9-F-5,16.275,,,
2013-12-07,15/9-F-11,24.0,1166.9,183206.61,162.79
2013-12-07,15/9-F-12,24.0,251.57,39497.78,4448.56
2013-12-07,15/9-F-14,24.0,577.46,87739.17,3693.45
2013-12-07,15/9-F-4,24.0,,,
2013-12-07,15/9-F-5,24.0,,,
2013-12-08,15/9-F-11,24.0,1170.31,183150.04,155.7
2013-12-08,15/9-F-12,24.0,264.78,41437.54,4465.29
2013-12-08,15/9-F-14,24.0,605.97,91773.12,3696.27
2013-12-08,15/9-F-4,24.0,,,
2013-12-08,15/9-F-5,24.0,,,
2013-12-09,15/9-F-11,13.5,590.11,93019.2,78.4
2013-12-09,15/9-F-12,9.225,105.28,16594.71,1772.82
2013-12-09,15/9-F-14,13.5,308.67,47086.17,1880.09
2013-12-09,15/9-F-4,14.83333,,,
2013-12-09,15/9-F-5,14.83333,,,
2013-12-10,15/9-F-11,19.22514,780.7,116155.5,156.38
2013-12-10,15/9-F-12,14.5,154.42,22975.7,3920.94
2013-12-10,15/9-F-14,6.05833,37.17,5352.35,341.39
2013-12-10,15/9-F-4,19.05833,,,
2013-12-10,15/9-F-5,19.05833,,,
2013-12-11,15/9-F-11,1.77486,62.69,9263.17,278.88
2013-12-11,15/9-F-12,0.0,0.0,0.0,0.0
2013-12-11,15/9-F-14,0.0,0.0,0.0,0.0
2013-12-11,15/9-F-4,10.94167,,,
2013-12-11,15/9-F-5,10.94167,,,
2013-12-12,15/9-F-11,24.0,1096.97,174751.32,193.09
2013-12-12,15/9-F-12,24.0,209.17,33320.93,4666.82
2013-12-12,15/9-F-14,9.94167,56.35,8686.77,454.73
2013-12-12,15/9-F-4,24.0,,,
2013-12-12,15/9-F-5,24.0,,,
2013-12-13,15/9-F-11,8.22514,364.15,61122.85,61.89
2013-12-13,15/9-F-12,8.05833,135.68,22774.54,2923.13
2013-12-13,15/9-F-14,7.80833,111.55,18119.61,869.24
2013-12-13,15/9-F-4,9.0,,,
2013-12-13,15/9-F-5,9.0,,,
2013-12-14,15/9-F-11,22.94153,1023.24,159088.66,157.43
2013-12-14,15/9-F-12,20.275,215.12,33445.88,4195.22
2013-12-14,15/9-F-14,22.275,460.84,69337.06,3250.65
2013-12-14,15/9-F-4,24.0,,,
2013-12-14,15/9-F-5,24.0,,,
2013-12-15,15/9-F-11,22.83334,1086.49,169892.14,168.68
2013-12-15,15/9-F-12,18.39167,208.64,32624.59,4105.88
2013-12-15,15/9-F-14,22.83334,552.54,83611.86,3932.97
2013-12-15,15/9-F-4,23.16667,,,
2013-12-15,15/9-F-5,23.16667,,,
2013-12-16,15/9-F-11,24.0,1228.17,189634.39,178.99
2013-12-16,15/9-F-12,24.0,253.67,39168.61,4686.25
2013-12-16,15/9-F-14,24.0,627.43,93754.02,4192.45
2013-12-16,15/9-F-4,24.0,,,
2013-12-16,15/9-F-5,24.0,,,
2013-12-17,15/9-F-11,24.0,1276.23,195873.06,162.45
2013-12-17,15/9-F-12,24.0,284.01,43589.6,4582.57
2013-12-17,15/9-F-14,24.0,649.17,96419.4,3788.63
2013-12-17,15/9-F-4,24.0,,,
2013-12-17,15/9-F-5,24.0,,,
2013-12-18,15/9-F-11,24.0,1311.5,202707.98,173.5
2013-12-18,15/9-F-12,24.0,275.19,42532.94,4614.64
2013-12-18,15/9-F-14,24.0,629.0,94082.09,3815.13
2013-12-18,15/9-F-4,24.0,,,
2013-12-18,15/9-F-5,24.0,,,
2013-12-19,15/9-F-11,24.0,1306.85,201799.68,173.34
2013-12-19,15/9-F-12,24.0,274.85,42441.9,4621.15
2013-12-19,15/9-F-14,24.0,628.24,93880.7,3820.52
2013-12-19,15/9-F-4,24.0,,,
2013-12-19,15/9-F-5,24.0,,,
2013-12-20,15/9-F-11,18.83334,916.69,134201.98,145.17
2013-12-20,15/9-F-12,13.475,151.55,22187.42,3042.36
2013-12-20,15/9-F-14,17.33333,388.08,54982.6,2817.86
2013-12-20,15/9-F-4,19.66666,,,
2013-12-20,15/9-F-5,19.66666,,,
2013-12-21,15/9-F-11,24.0,1149.7,180446.8,161.79
2013-12-21,15/9-F-12,24.0,259.98,40805.22,4637.57
2013-12-21,15/9-F-14,24.0,589.05,89470.9,3800.57
2013-12-21,15/9-F-4,24.0,,,
2013-12-21,15/9-F-5,24.0,,,
2013-12-22,15/9-F-11,24.0,1268.29,196322.3,168.18
2013-12-22,15/9-F-12,24.0,276.48,42797.36,4647.11
2013-12-22,15/9-F-14,24.0,632.5,94748.64,3845.31
2013-12-22,15/9-F-4,24.0,,,
2013-12-22,15/9-F-5,24.0,,,
2013-12-23,15/9-F-11,24.0,1300.33,201283.0,174.78
2013-12-23,15/9-F-12,24.0,274.74,42528.06,4680.9
2013-12-23,15/9-F-14,24.0,628.71,94181.56,3874.47
2013-12-23,15/9-F-4,24.0,,,
2013-12-23,15/9-F-5,24.0,,,
2013-12-24,15/9-F-11,24.0,1332.52,206204.7,183.6
2013-12-24,15/9-F-12,24.0,274.49,42477.52,4794.06
2013-12-24,15/9-F-14,24.0,628.16,94070.84,3968.18
2013-12-24,15/9-F-4,24.0,,,
2013-12-24,15/9-F-5,24.0,,,
2013-12-25,15/9-F-11,24.0,1321.87,204302.54,172.21
2013-12-25,15/9-F-12,24.0,282.76,43702.08,4669.52
2013-12-25,15/9-F-14,24.0,646.65,96719.37,3862.56
2013-12-25,15/9-F-4,24.0,,,
2013-12-25,15/9-F-5,24.0,,,
2013-12-26,15/9-F-11,21.14181,1133.69,177658.57,150.03
2013-12-26,15/9-F-12,21.14167,240.71,37720.68,4037.87
2013-12-26,15/9-F-14,20.975,534.96,81128.13,3245.91
2013-12-26,15/9-F-4,20.89167,,,
2013-12-26,15/9-F-5,20.975,,,
2013-12-27,15/9-F-11,15.69152,648.24,106033.85,100.03
2013-12-27,15/9-F-12,16.0,154.55,25280.04,3023.07
2013-12-27,15/9-F-14,15.525,262.78,41596.87,1859.18
2013-12-27,15/9-F-4,18.025,,,
2013-12-27,15/9-F-5,17.94167,,,
2013-12-28,15/9-F-11,24.0,1219.26,190268.65,165.29
2013-12-28,15/9-F-12,24.0,268.24,41859.95,4609.52
2013-12-28,15/9-F-14,24.0,615.33,92927.17,3824.65
2013-12-28,15/9-F-4,24.0,,,
2013-12-28,15/9-F-5,24.0,,,
2013-12-29,15/9-F-11,24.0,1240.64,192029.01,166.72
2013-12-29,15/9-F-12,24.0,273.76,42372.83,4663.07
2013-12-29,15/9-F-14,24.0,627.72,94025.46,3867.43
2013-12-29,15/9-F-4,24.0,,,
2013-12-29,15/9-F-5,24.0,,,
2013-12-30,15/9-F-11,24.0,1269.54,196787.47,170.27
2013-12-30,15/9-F-12,24.0,273.25,42356.03,4645.61
2013-12-30,15/9-F-14,24.0,626.64,94000.88,3853.45
2013-12-30,15/9-F-4,24.0,,,
2013-12-30,15/9-F-5,24.0,,,
2013-12-31,15/9-F-11,21.58334,973.43,155057.49,129.97
2013-12-31,15/9-F-12,22.66666,239.21,38103.34,4048.37
2013-12-31,15/9-F-14,22.5,529.54,81629.17,3241.57
2013-12-31,15/9-F-4,20.91666,,,
2013-12-31,15/9-F-5,21.0,,,
2014-01-01,15/9-F-11,24.0,1199.06,187807.44,166.35
2014-01-01,15/9-F-12,24.0,276.25,43268.98,4858.05
2014-01-01,15/9-F-14,24.0,604.44,91618.13,3844.67
2014-01-01,15/9-F-4,24.0,,,
2014-01-01,15/9-F-5,24.0,,,
2014-01-02,15/9-F-11,24.0,1327.31,205602.96,180.73
2014-01-02,15/9-F-12,24.0,275.19,42627.15,4749.76
2014-01-02,15/9-F-14,24.0,631.61,94681.54,3943.13
2014-01-02,15/9-F-4,24.0,,,
2014-01-02,15/9-F-5,24.0,,,
2014-01-03,15/9-F-11,24.0,1296.68,202058.64,179.9
2014-01-03,15/9-F-12,24.0,232.87,36286.84,4095.27
2014-01-03,15/9-F-14,24.0,619.46,93415.04,3940.4
2014-01-03,15/9-F-4,24.0,,,
2014-01-03,15/9-F-5,24.0,,,
2014-01-04,15/9-F-11,14.47514,753.22,117116.87,93.66
2014-01-04,15/9-F-12,13.975,171.12,26607.84,2697.1
2014-01-04,15/9-F-14,14.14167,358.71,53975.96,2044.94
2014-01-04,15/9-F-4,14.30833,,,
2014-01-04,15/9-F-5,14.30833,,,
2014-01-05,15/9-F-11,6.35819,287.7,46247.9,62.19
2014-01-05,15/9-F-12,5.19167,51.31,8248.86,1406.06
2014-01-05,15/9-F-14,6.35833,32.57,5066.41,322.78
2014-01-05,15/9-F-4,10.025,,,
2014-01-05,15/9-F-5,10.19167,,,
2014-01-06,15/9-F-11,24.0,1109.93,172803.21,113.83
2014-01-06,15/9-F-12,24.0,260.47,40551.43,4812.54
2014-01-06,15/9-F-14,24.0,523.11,78815.26,3495.99
2014-01-06,15/9-F-4,24.0,,,
2014-01-06,15/9-F-5,24.0,,,
2014-01-07,15/9-F-11,24.0,1202.73,188012.31,111.63
2014-01-07,15/9-F-12,24.0,269.88,42187.24,4512.67
2014-01-07,15/9-F-14,24.0,620.74,93904.68,3754.33
2014-01-07,15/9-F-4,24.0,,,
2014-01-07,15/9-F-5,24.0,,,
2014-01-08,15/9-F-11,24.0,1218.19,188014.96,111.77
2014-01-08,15/9-F-12,24.0,281.94,43513.92,4660.42
2014-01-08,15/9-F-14,24.0,647.63,96731.3,3872.19
2014-01-08,15/9-F-4,24.0,,,
2014-01-08,15/9-F-5,24.0,,,
2014-01-09,15/9-F-11,24.0,1241.32,192257.35,114.97
2014-01-09,15/9-F-12,24.0,275.23,42627.9,4592.62
2014-01-09,15/9-F-14,24.0,632.21,94759.57,3815.77
2014-01-09,15/9-F-4,24.0,,,
2014-01-09,15/9-F-5,24.0,,,
2014-01-10,15/9-F-11,24.0,1253.36,193245.49,115.77
2014-01-10,15/9-F-12,24.0,275.86,42533.23,4590.65
2014-01-10,15/9-F-14,24.0,633.44,94515.54,3812.78
2014-01-10,15/9-F-4,24.0,,,
2014-01-10,15/9-F-5,24.0,,,
2014-01-11,15/9-F-11,24.0,1279.02,197035.2,116.63
2014-01-11,15/9-F-12,24.0,274.6,42303.55,4511.31
2014-01-11,15/9-F-14,24.0,630.81,94043.52,3748.41
2014-01-11,15/9-F-4,24.0,,,
2014-01-11,15/9-F-5,24.0,,,
2014-01-12,15/9-F-11,24.0,1276.71,197394.26,114.01
2014-01-12,15/9-F-12,24.0,273.45,42278.9,4399.34
2014-01-12,15/9-F-14,24.0,628.08,93976.56,3654.9
2014-01-12,15/9-F-15 D,0.0,0.0,0.0,0.0
2014-01-12,15/9-F-4,24.0,,,
2014-01-12,15/9-F-5,24.0,,,
2014-01-13,15/9-F-11,24.0,1289.27,200095.41,117.72
2014-01-13,15/9-F-12,24.0,275.89,42818.86,4538.73
2014-01-13,15/9-F-14,24.0,633.9,95208.48,3771.95
2014-01-13,15/9-F-15 D,0.0,0.0,0.0,0.0
2014-01-13,15/9-F-4,24.0,,,
2014-01-13,15/9-F-5,24.0,,,
2014-01-14,15/9-F-11,24.0,1311.79,203139.11,126.59
2014-01-14,15/9-F-12,24.0,269.08,41669.75,4678.58
2014-01-14,15/9-F-14,24.0,618.13,92634.9,3887.39
2014-01-14,15/9-F-15 D,0.0,0.0,0.0,0.0
2014-01-14,15/9-F-4,24.0,,,
2014-01-14,15/9-F-5,24.0,,,
2014-01-15,15/9-F-11,24.0,1274.05,198322.47,176.58
2014-01-15,15/9-F-12,24.0,213.77,33276.44,3755.7
2014-01-15,15/9-F-14,24.0,600.53,90464.52,3816.14
2014-01-15,15/9-F-15 D,0.0,0.0,0.0,0.0
2014-01-15,15/9-F-4,24.0,,,
2014-01-15,15/9-F-5,24.0,,,
2014-01-16,15/9-F-11,24.0,1250.06,186576.95,163.83
2014-01-16,15/9-F-12,24.0,203.72,30405.29,3384.2
2014-01-16,15/9-F-14,24.0,604.43,87303.08,3631.86
2014-01-16,15/9-F-15 D,24.0,351.05,52394.9,0.0
2014-01-16,15/9-F-4,24.0,,,
2014-01-16,15/9-F-5,24.0,,,
2014-01-17,15/9-F-11,24.0,1297.07,192575.99,171.49
2014-01-17,15/9-F-12,24.0,269.91,40074.02,4523.61
2014-01-17,15/9-F-14,24.0,619.14,88958.23,3753.18
2014-01-17,15/9-F-15 D,24.0,485.34,72058.82,0.0
2014-01-17,15/9-F-4,24.0,,,
2014-01-17,15/9-F-5,24.0,,,
2014-01-18,15/9-F-11,24.0,1282.74,193991.23,195.78
2014-01-18,15/9-F-12,10.14167,83.39,12611.33,1613.29
2014-01-18,15/9-F-14,24.0,593.68,86887.02,4154.28
2014-01-18,15/9-F-15 D,24.0,513.12,77600.88,0.0
2014-01-18,15/9-F-4,24.0,,,
2014-01-18,15/9-F-5,24.0,,,
2014-01-19,15/9-F-11,24.0,1231.07,180443.66,169.32
2014-01-19,15/9-F-12,0.0,0.0,0.0,0.0
2014-01-19,15/9-F-14,24.0,568.99,80709.57,3588.0
2014-01-19,15/9-F-15 D,24.0,497.55,72928.16,0.0
2014-01-19,15/9-F-4,24.0,,,
2014-01-19,15/9-F-5,24.0,,,
2014-01-20,15/9-F-11,24.0,1236.35,176925.68,169.26
2014-01-20,15/9-F-12,0.0,0.0,0.0,0.0
2014-01-20,15/9-F-14,24.0,580.12,80339.03,3641.23
2014-01-20,15/9-F-15 D,24.0,469.59,67199.15,0.0
2014-01-20,15/9-F-4,24.0,,,
2014-01-20,15/9-F-5,24.0,,,
2014-01-21,15/9-F-11,24.0,1245.46,177097.85,195.54
2014-01-21,15/9-F-12,0.0,0.0,0.0,0.0
2014-01-21,15/9-F-14,24.0,570.78,78543.41,4108.54
2014-01-21,15/9-F-15 D,24.0,479.09,68123.46,0.0
2014-01-21,15/9-F-4,24.0,,,
2014-01-21,15/9-F-5,24.0,,,
2014-01-22,15/9-F-11,24.0,1296.27,181397.93,186.83
2014-01-22,15/9-F-12,0.0,0.0,0.0,0.0
2014-01-22,15/9-F-14,24.0,597.45,80910.21,3948.04
2014-01-22,15/9-F-15 D,24.0,495.13,69287.43,0.0
2014-01-22,15/9-F-4,24.0,,,
2014-01-22,15/9-F-5,24.0,,,
2014-01-23,15/9-F-11,24.0,1352.45,191156.6,187.17
2014-01-23,15/9-F-12,0.0,0.0,0.0,0.0
2014-01-23,15/9-F-14,24.0,623.72,85314.33,3957.72
2014-01-23,15/9-F-15 D,24.0,430.23,60809.77,0.0
2014-01-23,15/9-F-4,24.0,,,
2014-01-23,15/9-F-5,24.0,,,
2014-01-24,15/9-F-11,24.0,1296.83,186635.55,205.2
2014-01-24,15/9-F-12,4.19167,23.51,3384.11,471.64
2014-01-24,15/9-F-14,24.0,594.99,82866.57,4316.53
2014-01-24,15/9-F-15 D,24.0,409.09,58874.59,0.0
2014-01-24,15/9-F-4,24.0,,,
2014-01-24,15/9-F-5,24.0,,,
2014-01-25,15/9-F-11,16.91666,653.96,96531.97,91.41
2014-01-25,15/9-F-12,13.475,111.81,16504.84,1981.08
2014-01-25,15/9-F-14,24.0,651.77,93104.58,4176.89
2014-01-25,15/9-F-15 D,24.0,443.84,65515.4,0.0
2014-01-25,15/9-F-4,24.0,,,
2014-01-25,15/9-F-5,24.0,,,
2014-01-26,15/9-F-11,24.0,1138.27,162834.95,193.2
2014-01-26,15/9-F-12,24.0,146.41,20945.07,3150.01
2014-01-26,15/9-F-14,24.0,527.7,73055.5,4106.52
2014-01-26,15/9-F-15 D,24.0,360.8,51613.55,0.0
2014-01-26,15/9-F-4,24.0,,,
2014-01-26,15/9-F-5,24.0,,,
2014-01-27,15/9-F-11,24.0,1128.83,155786.06,176.91
2014-01-27,15/9-F-12,21.83333,152.65,21067.4,3032.59
2014-01-27,15/9-F-14,24.0,526.02,70252.81,3779.71
2014-01-27,15/9-F-15 D,24.0,362.03,49963.0,0.0
2014-01-27,15/9-F-4,24.0,,,
2014-01-27,15/9-F-5,24.0,,,
2014-01-28,15/9-F-11,24.0,1185.93,171404.05,182.52
2014-01-28,15/9-F-12,9.64167,71.22,10293.64,1389.39
2014-01-28,15/9-F-14,24.0,555.86,77747.87,3922.25
2014-01-28,15/9-F-15 D,24.0,377.77,54599.85,0.0
2014-01-28,15/9-F-4,23.83334,,,
2014-01-28,15/9-F-5,10.475,,,
2014-01-29,15/9-F-11,8.30848,473.89,69703.72,36.44
2014-01-29,15/9-F-12,2.0,3.99,586.41,55.23
2014-01-29,15/9-F-14,7.975,241.01,34306.27,1207.68
2014-01-29,15/9-F-15 D,8.14167,0.0,0.0,0.0
2014-01-29,15/9-F-4,8.225,,,
2014-01-29,15/9-F-5,0.5,,,
2014-01-30,15/9-F-4,1.69167,,,
2014-01-30,15/9-F-5,1.69167,,,
2014-01-31,15/9-F-11,22.02486,1162.85,181137.45,116.26
2014-01-31,15/9-F-12,21.69167,253.72,39522.72,4570.42
2014-01-31,15/9-F-14,20.775,415.55,62643.32,2707.54
2014-01-31,15/9-F-15 D,19.775,0.0,0.0,0.0
2014-01-31,15/9-F-4,24.0,,,
2014-01-31,15/9-F-5,24.0,,,
2014-02-01,15/9-F-11,24.0,1182.42,180140.66,131.17
2014-02-01,15/9-F-12,24.0,242.4,36929.33,4844.61
2014-02-01,15/9-F-14,24.0,563.55,83086.55,4073.9
2014-02-01,15/9-F-15 D,24.0,356.46,54305.49,0.0
2014-02-01,15/9-F-4,24.0,,,
2014-02-01,15/9-F-5,24.0,,,
2014-02-02,15/9-F-11,24.0,1324.83,197601.75,144.47
2014-02-02,15/9-F-12,24.0,249.21,37171.37,4896.26
2014-02-02,15/9-F-14,24.0,578.73,83535.75,4112.64
2014-02-02,15/9-F-15 D,24.0,338.4,50474.03,0.0
2014-02-02,15/9-F-4,23.58333,,,
2014-02-02,15/9-F-5,23.66666,,,
2014-02-03,15/9-F-11,24.0,1353.04,200663.2,144.48
2014-02-03,15/9-F-12,24.0,250.29,37120.06,4815.29
2014-02-03,15/9-F-14,24.0,581.16,83408.78,4044.06
2014-02-03,15/9-F-15 D,24.0,336.0,49831.35,0.0
2014-02-03,15/9-F-4,24.0,,,
2014-02-03,15/9-F-5,24.0,,,
2014-02-04,15/9-F-11,24.0,1362.32,202159.95,146.19
2014-02-04,15/9-F-12,24.0,249.14,36971.14,4816.71
2014-02-04,15/9-F-14,24.0,578.4,83062.09,4044.66
2014-02-04,15/9-F-15 D,24.0,325.52,48305.93,0.0
2014-02-04,15/9-F-4,24.0,,,
2014-02-04,15/9-F-5,24.0,,,
2014-02-05,15/9-F-11,24.0,1355.11,200751.35,143.9
2014-02-05,15/9-F-12,24.0,249.99,37034.43,4782.87
2014-02-05,15/9-F-14,24.0,580.14,83171.18,4014.64
2014-02-05,15/9-F-15 D,24.0,312.16,46243.99,0.0
2014-02-05,15/9-F-4,24.0,,,
2014-02-05,15/9-F-5,24.0,,,
2014-02-06,15/9-F-11,8.0,336.75,51566.33,26.61
2014-02-06,15/9-F-12,7.9,129.54,19836.23,1843.98
2014-02-06,15/9-F-14,8.0,195.27,28935.74,1005.36
2014-02-06,15/9-F-15 D,7.875,117.66,18016.4,0.0
2014-02-06,15/9-F-4,8.0,,,
2014-02-06,15/9-F-5,8.0,,,
2014-02-07,15/9-F-4,0.0,,,
2014-02-07,15/9-F-5,0.0,,,
2014-02-08,15/9-F-11,6.5,140.99,20655.72,8.65
2014-02-08,15/9-F-12,6.5,37.32,5467.2,412.45
2014-02-08,15/9-F-14,20.94167,506.83,71856.61,2026.11
2014-02-08,15/9-F-15 D,21.94167,381.23,55852.04,0.0
2014-02-08,15/9-F-4,5.0,,,
2014-02-08,15/9-F-5,5.0,,,
2014-02-09,15/9-F-11,24.0,1165.83,174800.7,120.07
2014-02-09,15/9-F-12,24.0,246.21,36916.23,4568.55
2014-02-09,15/9-F-14,24.0,562.95,81684.8,3778.27
2014-02-09,15/9-F-15 D,24.0,373.59,56014.72,0.0
2014-02-09,15/9-F-4,24.0,,,
2014-02-09,15/9-F-5,24.0,,,
2014-02-10,15/9-F-11,4.0,117.82,18892.97,14.22
2014-02-10,15/9-F-12,4.0,25.89,4151.33,562.93
2014-02-10,15/9-F-14,12.0,299.48,46472.48,2355.36
2014-02-10,15/9-F-15 D,12.0,334.24,53596.15,0.0
2014-02-10,15/9-F-4,16.5,,,
2014-02-10,15/9-F-5,16.5,,,
2014-02-11,15/9-F-11,0.0,0.0,0.0,0.0
2014-02-11,15/9-F-12,0.0,0.0,0.0,0.0
2014-02-11,15/9-F-14,15.39167,308.34,47953.3,2533.37
2014-02-11,15/9-F-15 D,15.39167,262.69,42216.21,0.0
2014-02-11,15/9-F-4,18.275,,,
2014-02-11,15/9-F-5,18.275,,,
2014-02-12,15/9-F-11,23.0,953.58,145413.08,103.12
2014-02-12,15/9-F-12,22.5,227.19,34644.75,4426.63
2014-02-12,15/9-F-14,21.94167,433.55,63979.53,3055.39
2014-02-12,15/9-F-15 D,23.275,334.29,50976.28,0.0
2014-02-12,15/9-F-4,24.0,,,
2014-02-12,15/9-F-5,24.0,,,
2014-02-13,15/9-F-11,24.0,1196.82,181329.97,119.54
2014-02-13,15/9-F-12,24.0,261.34,39595.09,4702.65
2014-02-13,15/9-F-14,24.0,597.34,87583.6,3887.9
2014-02-13,15/9-F-15 D,24.0,369.51,55984.34,0.0
2014-02-13,15/9-F-4,24.0,,,
2014-02-13,15/9-F-5,24.0,,,
2014-02-14,15/9-F-11,24.0,1237.04,186974.01,123.73
2014-02-14,15/9-F-12,24.0,265.94,40195.09,4792.39
2014-02-14,15/9-F-14,24.0,607.85,88910.79,3962.09
2014-02-14,15/9-F-15 D,24.0,348.32,52646.72,0.0
2014-02-14,15/9-F-4,24.0,,,
2014-02-14,15/9-F-5,24.0,,,
2014-02-15,15/9-F-11,24.0,1219.55,183386.23,123.2
2014-02-15,15/9-F-12,24.0,219.14,32951.9,3988.56
2014-02-15,15/9-F-14,24.0,600.91,87445.82,3956.09
2014-02-15,15/9-F-15 D,24.0,337.97,50820.51,0.0
2014-02-15,15/9-F-4,24.0,,,
2014-02-15,15/9-F-5,24.0,,,
2014-02-16,15/9-F-11,24.0,1237.45,186219.16,123.51
2014-02-16,15/9-F-12,24.0,266.27,40069.25,4788.29
2014-02-16,15/9-F-14,24.0,609.6,88776.08,3965.12
2014-02-16,15/9-F-15 D,24.0,308.48,46421.56,0.0
2014-02-16,15/9-F-4,24.0,,,
2014-02-16,15/9-F-5,24.0,,,
2014-02-17,15/9-F-11,24.0,1234.86,188474.24,122.52
2014-02-17,15/9-F-12,24.0,269.76,41173.57,4822.19
2014-02-17,15/9-F-14,24.0,616.6,91075.17,3986.73
2014-02-17,15/9-F-15 D,24.0,262.46,40059.75,0.0
2014-02-17,15/9-F-4,24.0,,,
2014-02-17,15/9-F-5,24.0,,,
2014-02-18,15/9-F-11,17.16666,649.74,102858.09,65.88
2014-02-18,15/9-F-12,17.0,188.33,29814.32,3440.5
2014-02-18,15/9-F-14,16.33333,332.49,50938.58,2197.02
2014-02-18,15/9-F-15 D,11.16667,134.26,21255.34,0.0
2014-02-18,15/9-F-4,16.5,,,
2014-02-18,15/9-F-5,16.5,,,
2014-02-19,15/9-F-11,24.0,1081.91,164366.45,111.46
2014-02-19,15/9-F-12,24.0,266.53,40492.75,4947.36
2014-02-19,15/9-F-14,24.0,597.13,87791.86,4009.05
2014-02-19,15/9-F-15 D,24.0,301.33,45778.83,0.0
2014-02-19,15/9-F-4,24.0,,,
2014-02-19,15/9-F-5,24.0,,,
2014-02-20,15/9-F-11,24.0,1230.32,186274.43,119.33
2014-02-20,15/9-F-12,24.0,273.39,41393.06,4777.29
2014-02-20,15/9-F-14,24.0,624.9,91560.67,3949.62
2014-02-20,15/9-F-15 D,24.0,281.26,42584.03,0.0
2014-02-20,15/9-F-4,24.0,,,
2014-02-20,15/9-F-5,24.0,,,
2014-02-21,15/9-F-11,24.0,1248.17,189304.4,122.61
2014-02-21,15/9-F-12,24.0,276.26,41899.65,4889.52
2014-02-21,15/9-F-14,24.0,631.46,92681.25,4042.4
2014-02-21,15/9-F-15 D,24.0,255.93,38815.66,0.0
2014-02-21,15/9-F-4,23.16667,,,
2014-02-21,15/9-F-5,24.0,,,
2014-02-22,15/9-F-11,24.0,1241.05,187046.91,122.94
2014-02-22,15/9-F-12,24.0,280.32,42249.12,5003.19
2014-02-22,15/9-F-14,24.0,640.73,93454.27,4136.37
2014-02-22,15/9-F-15 D,24.0,252.46,38050.15,0.0
2014-02-22,15/9-F-4,23.125,,,
2014-02-22,15/9-F-5,24.0,,,
2014-02-23,15/9-F-11,24.0,1243.91,189235.11,123.19
2014-02-23,15/9-F-12,24.0,275.25,41872.74,4911.06
2014-02-23,15/9-F-14,24.0,629.14,92621.74,4060.2
2014-02-23,15/9-F-15 D,24.0,250.86,38162.15,0.0
2014-02-23,15/9-F-4,13.125,,,
2014-02-23,15/9-F-5,12.83333,,,
2014-02-24,15/9-F-11,24.0,1210.72,182604.22,113.2
2014-02-24,15/9-F-12,24.0,276.34,41679.1,4654.95
2014-02-24,15/9-F-14,24.0,631.65,92193.4,3848.47
2014-02-24,15/9-F-15 D,24.0,278.48,42001.67,0.0
2014-02-24,15/9-F-4,23.83,,,
2014-02-24,15/9-F-5,23.83334,,,
2014-02-25,15/9-F-11,24.0,1223.99,185140.43,116.95
2014-02-25,15/9-F-12,24.0,269.44,40754.85,4638.2
2014-02-25,15/9-F-14,24.0,615.86,90148.97,3834.62
2014-02-25,15/9-F-15 D,24.0,268.59,40627.09,0.0
2014-02-25,15/9-F-4,24.0,,,
2014-02-25,15/9-F-5,24.0,,,
2014-02-26,15/9-F-11,24.0,1223.72,184384.47,117.97
2014-02-26,15/9-F-12,24.0,269.07,40542.07,4673.49
2014-02-26,15/9-F-14,24.0,615.02,89678.31,3863.8
2014-02-26,15/9-F-15 D,24.0,265.37,39984.31,0.0
2014-02-26,15/9-F-4,24.0,,,
2014-02-26,15/9-F-5,24.0,,,
2014-02-27,15/9-F-11,24.0,1209.75,183100.06,117.06
2014-02-27,15/9-F-12,24.0,266.84,40387.27,4652.08
2014-02-27,15/9-F-14,24.0,609.92,89335.89,3846.09
2014-02-27,15/9-F-15 D,24.0,259.99,39351.01,0.0
2014-02-27,15/9-F-4,24.0,,,
2014-02-27,15/9-F-5,24.0,,,
2014-02-28,15/9-F-11,24.0,1208.28,181938.79,115.4
2014-02-28,15/9-F-12,24.0,270.0,40655.11,4645.86
2014-02-28,15/9-F-14,24.0,617.13,89928.36,3840.95
2014-02-28,15/9-F-15 D,24.0,251.09,37808.18,0.0
2014-02-28,15/9-F-4,24.0,,,
2014-02-28,15/9-F-5,24.0,,,
2014-03-01,15/9-F-11,24.0,1188.83,179622.4,117.09
2014-03-01,15/9-F-12,24.0,262.88,39718.98,4664.63
2014-03-01,15/9-F-14,24.0,600.87,87857.65,3856.48
2014-03-01,15/9-F-15 D,24.0,242.16,36588.75,0.0
2014-03-01,15/9-F-4,24.0,,,
2014-03-01,15/9-F-5,24.0,,,
2014-03-02,15/9-F-11,24.0,1200.67,183491.63,118.5
2014-03-02,15/9-F-12,24.0,262.86,40170.79,4673.85
2014-03-02,15/9-F-14,24.0,600.82,88857.05,3864.11
2014-03-02,15/9-F-15 D,24.0,239.92,36666.03,0.0
2014-03-02,15/9-F-4,24.0,,,
2014-03-02,15/9-F-5,24.0,,,
2014-03-03,15/9-F-11,24.0,1199.47,181945.85,114.53
2014-03-03,15/9-F-12,24.0,270.42,41020.32,4652.16
2014-03-03,15/9-F-14,24.0,616.36,90479.84,3835.29
2014-03-03,15/9-F-15 D,24.0,236.48,35871.22,0.0
2014-03-03,15/9-F-4,24.0,,,
2014-03-03,15/9-F-5,24.0,,,
2014-03-04,15/9-F-11,24.0,1194.84,181724.8,120.91
2014-03-04,15/9-F-12,24.0,264.68,40254.76,4825.41
2014-03-04,15/9-F-14,24.0,604.97,89042.79,3989.39
2014-03-04,15/9-F-15 D,24.0,226.36,34427.49,0.0
2014-03-04,15/9-F-4,24.0,,,
2014-03-04,15/9-F-5,24.0,,,
2014-03-05,15/9-F-11,24.0,1178.12,178348.75,111.44
2014-03-05,15/9-F-12,24.0,266.65,40366.91,4544.46
2014-03-05,15/9-F-14,24.0,609.49,89290.86,3757.12
2014-03-05,15/9-F-15 D,24.0,232.62,35215.12,0.0
2014-03-05,15/9-F-4,24.0,,,
2014-03-05,15/9-F-5,24.0,,,
2014-03-06,15/9-F-11,24.0,1189.71,178695.38,111.85
2014-03-06,15/9-F-12,24.0,268.37,40309.1,4545.9
2014-03-06,15/9-F-14,24.0,613.41,89162.98,3758.3
2014-03-06,15/9-F-15 D,24.0,230.65,34643.7,0.0
2014-03-06,15/9-F-4,24.0,,,
2014-03-06,15/9-F-5,24.0,,,
2014-03-07,15/9-F-11,24.0,1216.72,185392.17,118.58
2014-03-07,15/9-F-12,24.0,260.52,39696.49,4574.46
2014-03-07,15/9-F-14,24.0,595.48,87807.9,3781.92
2014-03-07,15/9-F-15 D,24.0,231.96,35344.67,0.0
2014-03-07,15/9-F-4,24.0,,,
2014-03-07,15/9-F-5,24.0,,,
2014-03-08,15/9-F-11,24.0,1332.15,199339.84,130.64
2014-03-08,15/9-F-12,24.0,258.63,38699.73,4569.44
2014-03-08,15/9-F-14,24.0,591.15,85603.08,3777.77
2014-03-08,15/9-F-15 D,24.0,229.4,34326.13,0.0
2014-03-08,15/9-F-4,24.0,,,
2014-03-08,15/9-F-5,24.0,,,
2014-03-09,15/9-F-11,24.0,1306.23,196022.48,127.47
2014-03-09,15/9-F-12,24.0,260.25,39055.26,4575.64
2014-03-09,15/9-F-14,24.0,594.86,86389.51,3782.9
2014-03-09,15/9-F-15 D,24.0,227.01,34067.15,0.0
2014-03-09,15/9-F-4,24.0,,,
2014-03-09,15/9-F-5,24.0,,,
2014-03-10,15/9-F-11,24.0,1326.01,199620.1,131.83
2014-03-10,15/9-F-12,24.0,258.2,38869.58,4624.95
2014-03-10,15/9-F-14,24.0,534.84,77918.28,3756.39
2014-03-10,15/9-F-15 D,24.0,261.49,39365.9,0.0
2014-03-10,15/9-F-4,24.0,,,
2014-03-10,15/9-F-5,24.0,,,
2014-03-11,15/9-F-11,24.0,1329.45,199879.46,133.44
2014-03-11,15/9-F-12,24.0,255.86,38467.37,4626.95
2014-03-11,15/9-F-14,24.0,529.99,77112.02,3758.02
2014-03-11,15/9-F-15 D,24.0,264.28,39733.92,0.0
2014-03-11,15/9-F-4,24.0,,,
2014-03-11,15/9-F-5,24.0,,,
2014-03-12,15/9-F-11,24.0,1309.27,196309.22,131.14
2014-03-12,15/9-F-12,24.0,254.22,38116.99,4587.75
2014-03-12,15/9-F-14,24.0,526.6,76409.63,3726.18
2014-03-12,15/9-F-15 D,24.0,264.46,39652.44,0.0
2014-03-12,15/9-F-4,24.0,,,
2014-03-12,15/9-F-5,24.0,,,
2014-03-13,15/9-F-11,24.0,1319.73,198367.53,150.17
2014-03-13,15/9-F-12,24.0,255.14,38350.41,5230.65
2014-03-13,15/9-F-14,24.0,543.99,79129.06,4033.79
2014-03-13,15/9-F-15 D,24.0,254.96,38322.87,0.0
2014-03-13,15/9-F-4,24.0,,,
2014-03-13,15/9-F-5,24.0,,,
2014-03-14,15/9-F-11,24.0,1310.19,197942.05,136.27
2014-03-14,15/9-F-12,24.0,253.39,38281.75,4748.28
2014-03-14,15/9-F-14,24.0,542.98,79386.11,3680.28
2014-03-14,15/9-F-15 D,24.0,257.13,38847.12,0.0
2014-03-14,15/9-F-4,24.0,,,
2014-03-14,15/9-F-5,24.0,,,
2014-03-15,15/9-F-11,24.0,1324.86,198229.72,139.79
2014-03-15,15/9-F-12,24.0,253.68,37956.04,4822.3
2014-03-15,15/9-F-14,24.0,543.6,78710.69,3737.65
2014-03-15,15/9-F-15 D,24.0,255.09,38166.96,0.0
2014-03-15,15/9-F-4,23.66667,,,
2014-03-15,15/9-F-5,23.66667,,,
2014-03-16,15/9-F-11,24.0,1307.78,197590.5,141.93
2014-03-16,15/9-F-12,24.0,251.39,37981.51,4915.37
2014-03-16,15/9-F-14,24.0,538.68,78763.49,3809.79
2014-03-16,15/9-F-15 D,24.0,248.63,37564.56,0.0
2014-03-16,15/9-F-4,24.0,,,
2014-03-16,15/9-F-5,24.0,,,
2014-03-17,15/9-F-11,24.0,1309.6,196492.9,141.5
2014-03-17,15/9-F-12,24.0,252.82,37932.19,4921.53
2014-03-17,15/9-F-14,24.0,541.75,78661.22,3814.56
2014-03-17,15/9-F-15 D,24.0,248.22,37242.06,0.0
2014-03-17,15/9-F-4,24.0,,,
2014-03-17,15/9-F-5,24.0,,,
2014-03-18,15/9-F-11,24.0,1272.58,193558.61,136.55
2014-03-18,15/9-F-12,24.0,249.78,37990.96,4828.58
2014-03-18,15/9-F-14,24.0,535.24,78783.09,3742.52
2014-03-18,15/9-F-15 D,24.0,244.88,37245.44,0.0
2014-03-18,15/9-F-4,24.0,,,
2014-03-18,15/9-F-5,24.0,,,
2014-03-19,15/9-F-11,24.0,1284.05,192236.23,95.87
2014-03-19,15/9-F-12,24.0,203.75,30503.99,3733.71
2014-03-19,15/9-F-14,24.0,539.1,78104.86,3573.17
2014-03-19,15/9-F-15 D,24.0,236.67,35432.55,0.0
2014-03-19,15/9-F-4,24.0,,,
2014-03-19,15/9-F-5,24.0,,,
2014-03-20,15/9-F-11,24.0,1308.95,197339.34,169.6
2014-03-20,15/9-F-12,24.0,240.81,36304.36,4399.49
2014-03-20,15/9-F-14,24.0,547.51,79880.64,3618.06
2014-03-20,15/9-F-15 D,24.0,225.45,33988.57,0.0
2014-03-20,15/9-F-4,24.0,,,
2014-03-20,15/9-F-5,24.0,,,
2014-03-21,15/9-F-11,24.0,1294.7,196230.33,168.75
2014-03-21,15/9-F-12,24.0,252.33,38243.94,4637.27
2014-03-21,15/9-F-14,24.0,540.7,79307.7,3594.24
2014-03-21,15/9-F-15 D,24.0,229.31,34755.53,0.0
2014-03-21,15/9-F-4,24.0,,,
2014-03-21,15/9-F-5,24.0,,,
2014-03-22,15/9-F-11,13.33333,598.56,91630.83,70.7
2014-03-22,15/9-F-12,12.39167,155.75,23842.74,2593.72
2014-03-22,15/9-F-14,14.16666,302.51,44815.77,1822.18
2014-03-22,15/9-F-15 D,13.41667,192.31,29438.93,0.0
2014-03-22,15/9-F-4,15.5,,,
2014-03-22,15/9-F-5,21.5,,,
2014-03-23,15/9-F-11,24.0,940.92,146645.7,137.75
2014-03-23,15/9-F-12,24.0,220.76,34405.99,4556.93
2014-03-23,15/9-F-14,24.0,432.1,65172.82,3226.24
2014-03-23,15/9-F-15 D,24.0,267.64,41713.61,0.0
2014-03-23,15/9-F-4,24.0,,,
2014-03-23,15/9-F-5,24.0,,,
2014-03-24,15/9-F-11,6.55847,246.43,42330.96,31.46
2014-03-24,15/9-F-12,6.55833,89.41,15357.85,1609.46
2014-03-24,15/9-F-14,6.225,106.91,17772.83,696.14
2014-03-24,15/9-F-15 D,1.55833,24.01,4124.61,0.0
2014-03-24,15/9-F-4,6.39167,,,
2014-03-24,15/9-F-5,6.39167,,,
2014-03-25,15/9-F-11,7.10819,219.97,31706.85,53.77
2014-03-25,15/9-F-12,7.775,48.29,6960.01,1664.34
2014-03-25,15/9-F-14,6.60833,9.81,1368.43,122.3
2014-03-25,15/9-F-15 D,6.35833,178.5,25728.41,0.0
2014-03-25,15/9-F-4,9.60833,,,
2014-03-25,15/9-F-5,9.60833,,,
2014-03-26,15/9-F-11,24.0,1172.89,177032.23,147.51
2014-03-26,15/9-F-12,24.0,269.0,40602.2,4770.16
2014-03-26,15/9-F-14,24.0,486.84,71112.75,3122.64
2014-03-26,15/9-F-15 D,24.0,72.79,10987.14,0.0
2014-03-26,15/9-F-4,24.0,,,
2014-03-26,15/9-F-5,24.0,,,
2014-03-27,15/9-F-11,10.55847,497.54,76861.35,89.38
2014-03-27,15/9-F-12,10.55833,89.6,13841.67,2269.68
2014-03-27,15/9-F-14,12.5,164.78,24635.46,1509.83
2014-03-27,15/9-F-15 D,12.5,197.56,30520.08,0.0
2014-03-27,15/9-F-4,14.66666,,,
2014-03-27,15/9-F-5,13.75,,,
2014-03-28,15/9-F-11,6.5,179.61,29816.92,30.52
2014-03-28,15/9-F-12,6.49926,20.58,3416.55,493.1
2014-03-28,15/9-F-14,24.0,401.02,64425.39,3475.35
2014-03-28,15/9-F-15 D,24.0,295.02,48976.13,0.0
2014-03-28,15/9-F-4,24.0,,,
2014-03-28,15/9-F-5,24.0,,,
2014-03-29,15/9-F-11,12.44153,357.54,57599.61,58.31
2014-03-29,15/9-F-12,13.94167,103.6,16690.6,2382.29
2014-03-29,15/9-F-14,14.66667,140.74,21942.42,1170.58
2014-03-29,15/9-F-15 D,13.91667,190.24,30647.74,0.0
2014-03-29,15/9-F-4,17.16666,,,
2014-03-29,15/9-F-5,17.5,,,
2014-03-30,15/9-F-11,23.0,1111.8,166605.82,153.51
2014-03-30,15/9-F-12,23.0,234.42,35127.58,4563.64
2014-03-30,15/9-F-14,23.0,487.12,70640.78,3430.13
2014-03-30,15/9-F-15 D,23.0,343.28,51441.7,0.0
2014-03-30,15/9-F-4,23.0,,,
2014-03-30,15/9-F-5,23.0,,,
2014-03-31,15/9-F-11,24.0,1261.62,191240.19,171.46
2014-03-31,15/9-F-12,24.0,247.62,37534.56,4745.08
2014-03-31,15/9-F-14,24.0,530.62,77837.92,3677.86
2014-03-31,15/9-F-15 D,24.0,232.99,35317.42,0.0
2014-03-31,15/9-F-4,24.0,,,
2014-03-31,15/9-F-5,24.0,,,
2014-04-01,15/9-F-11,24.0,1260.09,190401.73,172.76
2014-04-01,15/9-F-12,24.0,246.51,37248.29,4765.39
2014-04-01,15/9-F-14,24.0,528.32,77254.38,3694.08
2014-04-01,15/9-F-15 D,24.0,244.15,36892.19,0.0
2014-04-01,15/9-F-4,24.0,,,
2014-04-01,15/9-F-5,24.0,,,
2014-04-02,15/9-F-11,24.0,1262.15,190094.29,173.27
2014-04-02,15/9-F-12,24.0,247.15,37224.11,4783.94
2014-04-02,15/9-F-14,24.0,529.68,77203.24,3708.42
2014-04-02,15/9-F-15 D,24.0,243.97,36744.73,0.0
2014-04-02,15/9-F-4,24.0,,,
2014-04-02,15/9-F-5,24.0,,,
2014-04-03,15/9-F-11,24.0,1266.28,190772.2,174.0
2014-04-03,15/9-F-12,24.0,248.03,37366.85,4805.62
2014-04-03,15/9-F-14,24.0,531.58,77501.9,3725.35
2014-04-03,15/9-F-15 D,24.0,244.72,36867.54,0.0
2014-04-03,15/9-F-4,24.0,,,
2014-04-03,15/9-F-5,24.0,,,
2014-04-04,15/9-F-11,24.0,1280.31,195008.19,152.74
2014-04-04,15/9-F-12,24.0,206.64,31473.77,5324.8
2014-04-04,15/9-F-14,24.0,539.14,79469.38,3280.28
2014-04-04,15/9-F-15 D,24.0,248.08,37786.79,0.0
2014-04-04,15/9-F-4,24.0,,,
2014-04-04,15/9-F-5,24.0,,,
2014-04-05,15/9-F-11,24.0,1286.67,195046.78,152.04
2014-04-05,15/9-F-12,24.0,210.29,31878.77,5367.46
2014-04-05,15/9-F-14,24.0,539.2,79101.66,3249.45
2014-04-05,15/9-F-15 D,24.0,245.44,37206.99,0.0
2014-04-05,15/9-F-4,24.0,,,
2014-04-05,15/9-F-5,24.0,,,
2014-04-06,15/9-F-11,18.05847,925.83,143169.79,103.78
2014-04-06,15/9-F-12,18.05833,171.1,26458.65,4142.76
2014-04-06,15/9-F-14,18.225,401.1,60024.39,2293.01
2014-04-06,15/9-F-15 D,18.05833,183.67,28401.76,0.0
2014-04-06,15/9-F-4,18.16667,,,
2014-04-06,15/9-F-5,18.0,,,
2014-04-07,15/9-F-1 C,0.0,0.0,0.0,0.0
2014-04-07,15/9-F-11,3.5,52.88,8279.23,6.93
2014-04-07,15/9-F-12,5.0,12.44,1947.91,352.23
2014-04-07,15/9-F-14,18.94167,428.03,64858.12,3101.81
2014-04-07,15/9-F-15 D,18.94167,208.02,32571.72,0.0
2014-04-07,15/9-F-4,21.0,,,
2014-04-07,15/9-F-5,21.0,,,
2014-04-08,15/9-F-1 C,0.0,0.0,0.0,0.0
2014-04-08,15/9-F-11,24.0,1040.68,159740.1,125.09
2014-04-08,15/9-F-12,24.0,198.5,30469.49,5153.94
2014-04-08,15/9-F-14,24.0,543.96,80802.22,3614.91
2014-04-08,15/9-F-15 D,24.0,240.57,36927.47,0.0
2014-04-08,15/9-F-4,24.0,,,
2014-04-08,15/9-F-5,24.0,,,
2014-04-09,15/9-F-1 C,0.0,0.0,0.0,0.0
2014-04-09,15/9-F-11,24.0,1217.92,184930.46,138.72
2014-04-09,15/9-F-12,24.0,209.39,31793.3,5151.32
2014-04-09,15/9-F-14,24.0,573.63,84289.97,3612.1
2014-04-09,15/9-F-15 D,24.0,249.1,37823.54,0.0
2014-04-09,15/9-F-4,24.0,,,
2014-04-09,15/9-F-5,24.0,,,
2014-04-10,15/9-F-1 C,0.0,0.0,0.0,0.0
2014-04-10,15/9-F-11,21.95838,985.07,160416.23,110.4
2014-04-10,15/9-F-12,21.96,202.46,32969.59,4900.96
2014-04-10,15/9-F-14,16.29166,294.4,46395.19,1824.07
2014-04-10,15/9-F-15 D,21.70833,220.07,35836.99,0.0
2014-04-10,15/9-F-4,20.375,,,
2014-04-10,15/9-F-5,20.54167,,,
2014-04-11,15/9-F-1 C,0.0,0.0,0.0,0.0
2014-04-11,15/9-F-11,24.0,1259.32,190660.35,141.02
2014-04-11,15/9-F-12,24.0,213.71,32355.51,5169.15
2014-04-11,15/9-F-14,24.0,585.5,85785.41,3624.79
2014-04-11,15/9-F-15 D,24.0,251.02,38004.79,0.0
2014-04-11,15/9-F-4,24.0,,,
2014-04-11,15/9-F-5,24.0,,,
2014-04-12,15/9-F-1 C,0.0,0.0,0.0,0.0
2014-04-12,15/9-F-11,24.0,1254.79,190195.69,140.53
2014-04-12,15/9-F-12,24.0,213.39,32345.62,5162.14
2014-04-12,15/9-F-14,24.0,584.55,85746.62,3619.35
2014-04-12,15/9-F-15 D,24.0,249.52,37821.8,0.0
2014-04-12,15/9-F-4,24.0,,,
2014-04-12,15/9-F-5,24.0,,,
2014-04-13,15/9-F-1 C,0.0,0.0,0.0,0.0
2014-04-13,15/9-F-11,24.0,1250.18,190280.82,142.97
2014-04-13,15/9-F-12,24.0,210.65,32061.84,5203.53
2014-04-13,15/9-F-14,24.0,577.19,85016.7,3649.33
2014-04-13,15/9-F-15 D,24.0,246.85,37571.96,0.0
2014-04-13,15/9-F-4,24.0,,,
2014-04-13,15/9-F-5,24.0,,,
2014-04-14,15/9-F-1 C,0.0,0.0,0.0,0.0
2014-04-14,15/9-F-11,24.0,1245.44,188970.49,139.97
2014-04-14,15/9-F-12,24.0,215.16,32645.81,5223.19
2014-04-14,15/9-F-14,24.0,584.55,85832.38,3632.11
2014-04-14,15/9-F-15 D,24.0,247.48,37549.3,0.0
2014-04-14,15/9-F-4,24.0,,,
2014-04-14,15/9-F-5,24.0,,,
2014-04-15,15/9-F-1 C,0.0,0.0,0.0,0.0
2014-04-15,15/9-F-11,24.0,1256.97,190812.24,144.33
2014-04-15,15/9-F-12,24.0,210.76,31993.65,5227.06
2014-04-15,15/9-F-14,24.0,577.68,84864.46,3667.07
2014-04-15,15/9-F-15 D,24.0,247.69,37600.71,0.0
2014-04-15,15/9-F-4,24.0,,,
2014-04-15,15/9-F-5,24.0,,,
2014-04-16,15/9-F-1 C,0.0,0.0,0.0,0.0
2014-04-16,15/9-F-11,24.0,1248.98,190810.1,143.7
2014-04-16,15/9-F-12,24.0,210.38,32139.68,5228.24
2014-04-16,15/9-F-14,24.0,576.69,85259.92,3668.25
2014-04-16,15/9-F-15 D,24.0,247.99,37886.13,0.0
2014-04-16,15/9-F-4,24.0,,,
2014-04-16,15/9-F-5,24.0,,,
2014-04-17,15/9-F-1 C,0.0,0.0,0.0,0.0
2014-04-17,15/9-F-11,24.0,1267.54,191855.31,143.9
2014-04-17,15/9-F-12,24.0,213.0,32239.55,5223.16
2014-04-17,15/9-F-14,24.0,583.62,85487.81,3663.09
2014-04-17,15/9-F-15 D,24.0,250.07,37850.3,0.0
2014-04-17,15/9-F-4,24.0,,,
2014-04-17,15/9-F-5,24.0,,,
2014-04-18,15/9-F-1 C,0.0,0.0,0.0,0.0
2014-04-18,15/9-F-11,24.0,1256.91,191331.08,144.3
2014-04-18,15/9-F-12,24.0,210.99,32116.8,5232.14
2014-04-18,15/9-F-14,24.0,578.0,85145.7,3668.67
2014-04-18,15/9-F-15 D,24.0,247.18,37625.47,0.0
2014-04-18,15/9-F-4,24.0,,,
2014-04-18,15/9-F-5,24.0,,,
2014-04-19,15/9-F-1 C,0.0,0.0,0.0,0.0
2014-04-19,15/9-F-11,24.0,1283.57,194212.16,147.55
2014-04-19,15/9-F-12,24.0,211.19,31954.03,5243.69
2014-04-19,15/9-F-14,24.0,578.95,84773.72,3679.37
2014-04-19,15/9-F-15 D,24.0,251.39,38036.72,0.0
2014-04-19,15/9-F-4,24.0,,,
2014-04-19,15/9-F-5,24.0,,,
2014-04-20,15/9-F-1 C,0.0,0.0,0.0,0.0
2014-04-20,15/9-F-11,24.0,1284.97,194521.55,148.67
2014-04-20,15/9-F-12,24.0,209.66,31739.11,5239.8
2014-04-20,15/9-F-14,24.0,574.74,84198.59,3676.4
2014-04-20,15/9-F-15 D,24.0,251.0,37997.39,0.0
2014-04-20,15/9-F-4,24.0,,,
2014-04-20,15/9-F-5,24.0,,,
2014-04-21,15/9-F-1 C,11.5,0.0,0.0,0.0
2014-04-21,15/9-F-11,24.0,1261.85,195812.61,134.77
2014-04-21,15/9-F-12,24.0,169.26,26266.34,3904.87
2014-04-21,15/9-F-14,24.0,575.45,86417.94,3397.91
2014-04-21,15/9-F-15 D,24.0,248.55,38570.59,0.0
2014-04-21,15/9-F-4,24.0,,,
2014-04-21,15/9-F-5,24.0,,,
2014-04-22,15/9-F-1 C,24.0,631.47,90439.09,0.0
2014-04-22,15/9-F-11,24.0,1206.79,172837.67,121.1
2014-04-22,15/9-F-12,24.0,137.8,19735.05,2986.69
2014-04-22,15/9-F-14,24.0,555.35,76972.11,3080.94
2014-04-22,15/9-F-15 D,24.0,237.41,34001.5,0.0
2014-04-22,15/9-F-4,24.0,,,
2014-04-22,15/9-F-5,24.0,,,
2014-04-23,15/9-F-1 C,24.0,1166.46,165720.39,0.0
2014-04-23,15/9-F-11,24.0,1278.99,181708.34,136.4
2014-04-23,15/9-F-12,24.0,151.04,21458.08,3479.23
2014-04-23,15/9-F-14,24.0,581.4,79936.04,3427.95
2014-04-23,15/9-F-15 D,22.475,217.96,30965.91,0.0
2014-04-23,15/9-F-4,24.0,,,
2014-04-23,15/9-F-5,24.0,,,
2014-04-24,15/9-F-1 C,24.0,1549.81,221707.31,0.0
2014-04-24,15/9-F-11,24.0,833.38,119219.71,83.46
2014-04-24,15/9-F-12,24.0,200.67,28707.4,4340.92
2014-04-24,15/9-F-14,24.0,714.49,98914.09,3955.91
2014-04-24,15/9-F-15 D,19.69167,192.44,27529.29,0.0
2014-04-24,15/9-F-4,24.0,,,
2014-04-24,15/9-F-5,24.0,,,
2014-04-25,15/9-F-1 C,24.0,1248.7,178063.52,0.0
2014-04-25,15/9-F-11,24.0,1294.23,184558.56,151.94
2014-04-25,15/9-F-12,24.0,163.06,23251.9,4134.72
2014-04-25,15/9-F-14,24.0,589.96,81414.33,3829.02
2014-04-25,15/9-F-15 D,24.0,247.23,35254.33,0.0
2014-04-25,15/9-F-4,24.0,,,
2014-04-25,15/9-F-5,24.0,,,
2014-04-26,15/9-F-1 C,24.0,1345.78,192602.19,0.0
2014-04-26,15/9-F-11,24.0,1280.42,183250.44,150.99
2014-04-26,15/9-F-12,24.0,173.54,24837.24,4420.45
2014-04-26,15/9-F-14,24.0,583.71,80844.42,3805.51
2014-04-26,15/9-F-15 D,24.0,244.07,34930.95,0.0
2014-04-26,15/9-F-4,24.0,,,
2014-04-26,15/9-F-5,24.0,,,
2014-04-27,15/9-F-1 C,24.0,1349.56,194496.27,0.0
2014-04-27,15/9-F-11,24.0,1266.17,182478.96,144.53
2014-04-27,15/9-F-12,24.0,213.48,30766.98,5263.79
2014-04-27,15/9-F-14,24.0,584.82,81564.72,3690.76
2014-04-27,15/9-F-15 D,24.0,243.12,35038.48,0.0
2014-04-27,15/9-F-4,24.0,,,
2014-04-27,15/9-F-5,24.0,,,
2014-04-28,15/9-F-1 C,24.0,1345.61,192899.71,0.0
2014-04-28,15/9-F-11,24.0,1295.64,185739.2,147.68
2014-04-28,15/9-F-12,24.0,212.63,30482.51,5235.24
2014-04-28,15/9-F-14,24.0,582.58,80823.42,3671.32
2014-04-28,15/9-F-15 D,24.0,245.97,35262.06,0.0
2014-04-28,15/9-F-4,24.0,,,
2014-04-28,15/9-F-5,24.0,,,
2014-04-29,15/9-F-1 C,24.0,1279.46,184900.31,0.0
2014-04-29,15/9-F-11,24.0,1267.79,183213.12,151.96
2014-04-29,15/9-F-12,24.0,202.33,29238.93,5238.2
2014-04-29,15/9-F-14,24.0,554.65,77569.24,3675.44
2014-04-29,15/9-F-15 D,24.0,238.06,34402.42,0.0
2014-04-29,15/9-F-4,24.0,,,
2014-04-29,15/9-F-5,24.0,,,
2014-04-30,15/9-F-1 C,24.0,1225.62,177107.86,0.0
2014-04-30,15/9-F-11,24.0,1256.92,181631.4,154.95
2014-04-30,15/9-F-12,24.0,196.8,28438.24,5240.19
2014-04-30,15/9-F-14,24.0,539.32,75420.02,3675.62
2014-04-30,15/9-F-15 D,24.0,230.51,33310.51,0.0
2014-04-30,15/9-F-4,24.0,,,
2014-04-30,15/9-F-5,24.0,,,
2014-05-01,15/9-F-1 C,24.0,1212.9,174608.88,0.0
2014-05-01,15/9-F-11,24.0,1349.88,194328.99,168.21
2014-05-01,15/9-F-12,24.0,194.26,27966.39,5228.85
2014-05-01,15/9-F-14,24.0,532.62,74202.46,3669.33
2014-05-01,15/9-F-15 D,24.0,229.21,32997.62,0.0
2014-05-01,15/9-F-4,24.0,,,
2014-05-01,15/9-F-5,24.0,,,
2014-05-02,15/9-F-1 C,24.0,1074.04,154870.67,0.0
2014-05-02,15/9-F-11,24.0,1350.61,194753.36,168.2
2014-05-02,15/9-F-12,24.0,193.48,27898.36,5204.55
2014-05-02,15/9-F-14,24.0,530.32,74002.05,3651.3
2014-05-02,15/9-F-15 D,24.0,227.49,32803.09,0.0
2014-05-02,15/9-F-4,24.0,,,
2014-05-02,15/9-F-5,24.0,,,
2014-05-03,15/9-F-1 C,24.0,1044.17,147929.93,0.0
2014-05-03,15/9-F-11,24.0,1342.36,190175.34,168.8
2014-05-03,15/9-F-12,24.0,193.05,27350.41,5243.66
2014-05-03,15/9-F-14,24.0,529.07,72536.09,3678.1
2014-05-03,15/9-F-15 D,24.0,225.58,31958.27,0.0
2014-05-03,15/9-F-4,24.0,,,
2014-05-03,15/9-F-5,24.0,,,
2014-05-04,15/9-F-1 C,24.0,970.2,139378.45,0.0
2014-05-04,15/9-F-11,24.0,1344.44,193142.38,170.86
2014-05-04,15/9-F-12,24.0,191.08,27450.32,5245.19
2014-05-04,15/9-F-14,24.0,523.92,72838.74,3681.09
2014-05-04,15/9-F-15 D,24.0,224.74,32285.5,0.0
2014-05-04,15/9-F-4,24.0,,,
2014-05-04,15/9-F-5,24.0,,,
2014-05-05,15/9-F-1 C,24.0,946.12,136980.49,0.0
2014-05-05,15/9-F-11,24.0,1318.46,190889.88,158.84
2014-05-05,15/9-F-12,24.0,199.63,28902.69,5365.15
2014-05-05,15/9-F-14,24.0,544.38,78815.72,3551.18
2014-05-05,15/9-F-15 D,24.0,258.38,37407.96,0.0
2014-05-05,15/9-F-4,24.0,,,
2014-05-05,15/9-F-5,24.0,,,
2014-05-06,15/9-F-1 C,24.0,1002.83,144950.15,0.0
2014-05-06,15/9-F-11,24.0,1292.56,186829.94,158.44
2014-05-06,15/9-F-12,24.0,196.51,28403.86,5373.31
2014-05-06,15/9-F-14,24.0,535.8,77444.87,3556.1
2014-05-06,15/9-F-15 D,24.0,254.05,36720.52,0.0
2014-05-06,15/9-F-4,24.0,,,
2014-05-06,15/9-F-5,24.0,,,
2014-05-07,15/9-F-1 C,24.0,925.31,135000.24,0.0
2014-05-07,15/9-F-11,24.0,1281.25,186931.11,156.53
2014-05-07,15/9-F-12,24.0,195.86,28575.91,5338.1
2014-05-07,15/9-F-14,24.0,533.97,77904.44,3532.36
2014-05-07,15/9-F-15 D,24.0,252.47,36835.38,0.0
2014-05-07,15/9-F-4,24.0,,,
2014-05-07,15/9-F-5,24.0,,,
2014-05-08,15/9-F-1 C,24.0,913.86,127564.51,0.0
2014-05-08,15/9-F-11,22.32514,1156.6,161448.76,163.93
2014-05-08,15/9-F-12,14.49166,105.51,14727.72,3335.92
2014-05-08,15/9-F-14,15.49166,262.96,36706.42,2018.08
2014-05-08,15/9-F-15 D,24.0,261.88,36555.19,0.0
2014-05-08,15/9-F-4,14.825,,,
2014-05-08,15/9-F-5,14.825,,,
2014-05-09,15/9-F-1 C,13.83334,176.8,24322.7,0.0
2014-05-09,15/9-F-11,13.17486,493.47,67887.71,202.56
2014-05-09,15/9-F-12,0.0,0.0,0.0,0.0
2014-05-09,15/9-F-14,0.0,0.0,0.0,0.0
2014-05-09,15/9-F-15 D,24.0,348.6,47957.98,0.0
2014-05-09,15/9-F-4,0.0,,,
2014-05-09,15/9-F-5,0.0,,,
2014-05-10,15/9-F-1 C,24.0,944.19,52162.58,0.0
2014-05-10,15/9-F-11,24.0,1206.07,66631.07,308.35
2014-05-10,15/9-F-12,0.0,0.0,0.0,0.0
2014-05-10,15/9-F-14,14.00834,107.31,5928.54,1485.53
2014-05-10,15/9-F-15 D,24.0,253.83,14023.16,0.0
2014-05-10,15/9-F-4,0.0,,,
2014-05-10,15/9-F-5,0.0,,,
2014-05-11,15/9-F-1 C,24.0,823.41,117731.72,0.0
2014-05-11,15/9-F-11,24.0,1111.36,158901.81,141.34
2014-05-11,15/9-F-12,15.18,94.4,13497.8,2678.26
2014-05-11,15/9-F-14,24.0,469.42,67117.18,3232.52
2014-05-11,15/9-F-15 D,24.0,231.51,33101.4,0.0
2014-05-11,15/9-F-4,0.0,,,
2014-05-11,15/9-F-5,0.0,,,
2014-05-12,15/9-F-1 C,24.0,769.01,111238.01,0.0
2014-05-12,15/9-F-11,24.0,1089.83,157646.28,131.61
2014-05-12,15/9-F-12,24.0,175.82,25432.23,4736.55
2014-05-12,15/9-F-14,24.0,479.16,69310.17,3133.21
2014-05-12,15/9-F-15 D,24.0,224.81,32518.33,0.0
2014-05-12,15/9-F-4,0.0,,,
2014-05-12,15/9-F-5,0.0,,,
2014-05-13,15/9-F-1 C,24.0,740.8,107144.4,0.0
2014-05-13,15/9-F-11,24.0,1108.5,160327.13,129.28
2014-05-13,15/9-F-12,24.0,177.92,25733.39,4628.9
2014-05-13,15/9-F-14,24.0,481.15,69589.9,3038.39
2014-05-13,15/9-F-15 D,24.0,223.23,32285.91,0.0
2014-05-13,15/9-F-4,0.0,,,
2014-05-13,15/9-F-5,0.0,,,
2014-05-14,15/9-F-1 C,24.0,713.24,102880.55,0.0
2014-05-14,15/9-F-11,24.0,1120.87,161680.66,125.34
2014-05-14,15/9-F-12,24.0,180.26,26001.8,4496.53
2014-05-14,15/9-F-14,24.0,487.45,70311.89,2951.34
2014-05-14,15/9-F-15 D,24.0,225.84,32575.6,0.0
2014-05-14,15/9-F-4,15.50834,,,
2014-05-14,15/9-F-5,15.50834,,,
2014-05-15,15/9-F-1 C,24.0,743.83,106745.44,0.0
2014-05-15,15/9-F-11,24.0,1051.71,150929.04,134.46
2014-05-15,15/9-F-12,11.15833,64.25,9220.54,1832.48
2014-05-15,15/9-F-14,24.0,456.34,65489.28,3159.15
2014-05-15,15/9-F-15 D,24.0,210.63,30227.85,0.0
2014-05-15,15/9-F-4,24.0,,,
2014-05-15,15/9-F-5,24.0,,,
2014-05-16,15/9-F-1 C,24.0,736.09,104864.02,0.0
2014-05-16,15/9-F-11,24.0,1069.25,152324.57,133.96
2014-05-16,15/9-F-12,0.0,0.0,0.0,0.0
2014-05-16,15/9-F-14,24.0,450.38,64160.86,3055.21
2014-05-16,15/9-F-15 D,24.0,210.13,29934.72,0.0
2014-05-16,15/9-F-4,24.0,,,
2014-05-16,15/9-F-5,24.0,,,
2014-05-17,15/9-F-1 C,24.0,782.88,110078.32,0.0
2014-05-17,15/9-F-11,24.0,1065.51,149817.16,133.28
2014-05-17,15/9-F-12,0.0,0.0,0.0,0.0
2014-05-17,15/9-F-14,24.0,455.79,64087.57,3087.1
2014-05-17,15/9-F-15 D,24.0,232.87,32742.31,0.0
2014-05-17,15/9-F-4,24.0,,,
2014-05-17,15/9-F-5,24.0,,,
2014-05-18,15/9-F-1 C,24.0,834.68,117387.58,0.0
2014-05-18,15/9-F-11,24.0,1060.68,149171.67,136.64
2014-05-18,15/9-F-12,0.0,0.0,0.0,0.0
2014-05-18,15/9-F-14,24.0,455.57,64071.17,3177.82
2014-05-18,15/9-F-15 D,24.0,225.92,31773.23,0.0
2014-05-18,15/9-F-4,24.0,,,
2014-05-18,15/9-F-5,24.0,,,
2014-05-19,15/9-F-1 C,24.0,788.8,109517.37,0.0
2014-05-19,15/9-F-11,24.0,1070.94,148690.73,140.15
2014-05-19,15/9-F-12,0.0,0.0,0.0,0.0
2014-05-19,15/9-F-14,24.0,450.86,62598.53,3194.7
2014-05-19,15/9-F-15 D,24.0,220.88,30667.56,0.0
2014-05-19,15/9-F-4,24.0,,,
2014-05-19,15/9-F-5,24.0,,,
2014-05-20,15/9-F-1 C,24.0,783.06,109362.2,0.0
2014-05-20,15/9-F-11,24.0,1039.28,145145.34,135.83
2014-05-20,15/9-F-12,0.0,0.0,0.0,0.0
2014-05-20,15/9-F-14,24.0,454.02,63408.64,3213.03
2014-05-20,15/9-F-15 D,24.0,222.58,31084.96,0.0
2014-05-20,15/9-F-4,24.0,,,
2014-05-20,15/9-F-5,24.0,,,
2014-05-21,15/9-F-1 C,24.0,743.77,104993.12,0.0
2014-05-21,15/9-F-11,24.0,1051.25,148397.43,137.24
2014-05-21,15/9-F-12,0.0,0.0,0.0,0.0
2014-05-21,15/9-F-14,24.0,454.45,64151.74,3212.34
2014-05-21,15/9-F-15 D,24.0,221.78,31307.8,0.0
2014-05-21,15/9-F-4,24.0,,,
2014-05-21,15/9-F-5,24.0,,,
2014-05-22,15/9-F-1 C,24.0,735.41,107115.77,0.0
2014-05-22,15/9-F-11,24.0,1056.25,153849.37,141.14
2014-05-22,15/9-F-12,0.0,0.0,0.0,0.0
2014-05-22,15/9-F-14,24.0,459.04,66861.5,3321.19
2014-05-22,15/9-F-15 D,24.0,223.49,32552.5,0.0
2014-05-22,15/9-F-4,24.0,,,
2014-05-22,15/9-F-5,24.0,,,
2014-05-23,15/9-F-1 C,24.0,742.89,108079.03,93.31
2014-05-23,15/9-F-11,24.0,1067.53,155309.42,149.15
2014-05-23,15/9-F-12,0.0,0.0,0.0,0.0
2014-05-23,15/9-F-14,24.0,463.91,67492.26,3509.66
2014-05-23,15/9-F-15 D,24.0,224.58,32672.55,0.0
2014-05-23,15/9-F-4,24.0,,,
2014-05-23,15/9-F-5,24.0,,,
2014-05-24,15/9-F-1 C,24.0,746.54,108387.02,100.42
2014-05-24,15/9-F-11,24.0,1079.36,156708.8,161.5
2014-05-24,15/9-F-12,0.0,0.0,0.0,0.0
2014-05-24,15/9-F-14,24.0,468.0,67946.62,3791.49
2014-05-24,15/9-F-15 D,24.0,224.8,32637.53,0.0
2014-05-24,15/9-F-4,24.0,,,
2014-05-24,15/9-F-5,24.0,,,
2014-05-25,15/9-F-1 C,24.0,750.57,105809.71,101.01
2014-05-25,15/9-F-11,24.0,1102.34,155401.95,165.02
2014-05-25,15/9-F-12,2.5,1.3,183.17,43.39
2014-05-25,15/9-F-14,24.0,469.68,66212.0,3807.02
2014-05-25,15/9-F-15 D,24.0,218.49,30801.41,0.0
2014-05-25,15/9-F-4,24.0,,,
2014-05-25,15/9-F-5,24.0,,,
2014-05-26,15/9-F-1 C,24.0,727.26,106514.13,86.62
2014-05-26,15/9-F-11,24.0,1057.78,154921.61,140.14
2014-05-26,15/9-F-12,24.0,144.14,21111.24,4259.98
2014-05-26,15/9-F-14,24.0,448.28,65655.42,3215.74
2014-05-26,15/9-F-15 D,24.0,195.66,28656.83,0.0
2014-05-26,15/9-F-4,24.0,,,
2014-05-26,15/9-F-5,24.0,,,
2014-05-27,15/9-F-1 C,24.0,715.5,105800.29,91.08
2014-05-27,15/9-F-11,24.0,1063.17,157209.88,150.54
2014-05-27,15/9-F-12,24.0,164.82,24371.2,5205.98
2014-05-27,15/9-F-14,24.0,449.19,66421.74,3443.92
2014-05-27,15/9-F-15 D,24.0,201.53,29799.8,0.0
2014-05-27,15/9-F-4,24.0,,,
2014-05-27,15/9-F-5,24.0,,,
2014-05-28,15/9-F-1 C,24.0,695.01,102249.56,76.96
2014-05-28,15/9-F-11,24.0,1087.43,159981.09,198.19
2014-05-28,15/9-F-12,24.0,189.1,27819.87,5081.04
2014-05-28,15/9-F-14,24.0,416.03,61206.44,3584.5
2014-05-28,15/9-F-15 D,24.0,231.07,33994.41,0.0
2014-05-28,15/9-F-4,24.0,,,
2014-05-28,15/9-F-5,24.0,,,
2014-05-29,15/9-F-1 C,24.0,698.77,102823.5,77.13
2014-05-29,15/9-F-11,24.0,1096.32,161324.73,199.19
2014-05-29,15/9-F-12,24.0,190.12,27976.08,5092.52
2014-05-29,15/9-F-14,24.0,418.28,61549.68,3592.57
2014-05-29,15/9-F-15 D,24.0,234.29,34475.61,0.0
2014-05-29,15/9-F-4,24.0,,,
2014-05-29,15/9-F-5,24.0,,,
2014-05-30,15/9-F-1 C,24.0,704.08,103977.99,77.96
2014-05-30,15/9-F-11,24.0,1111.83,164196.07,202.64
2014-05-30,15/9-F-12,24.0,191.25,28243.7,5138.9
2014-05-30,15/9-F-14,24.0,420.8,62143.02,3625.55
2014-05-30,15/9-F-15 D,24.0,237.1,35015.01,0.0
2014-05-30,15/9-F-4,24.0,,,
2014-05-30,15/9-F-5,24.0,,,
2014-05-31,15/9-F-1 C,24.0,715.93,105761.32,78.99
2014-05-31,15/9-F-11,24.0,1134.99,167666.0,206.11
2014-05-31,15/9-F-12,24.0,194.94,28797.32,5219.0
2014-05-31,15/9-F-14,24.0,428.87,63354.43,3681.69
2014-05-31,15/9-F-15 D,24.0,241.19,35630.03,0.0
2014-05-31,15/9-F-4,24.0,,,
2014-05-31,15/9-F-5,24.0,,,
2014-06-01,15/9-F-1 C,24.0,724.21,107035.76,80.08
2014-06-01,15/9-F-11,24.0,1152.6,170349.69,209.79
2014-06-01,15/9-F-12,24.0,196.08,28979.47,5261.52
2014-06-01,15/9-F-14,24.0,431.47,63769.13,3712.49
2014-06-01,15/9-F-15 D,24.0,243.64,36009.71,0.0
2014-06-01,15/9-F-4,24.0,,,
2014-06-01,15/9-F-5,24.0,,,
2014-06-02,15/9-F-1 C,22.0,459.83,68263.31,46.21
2014-06-02,15/9-F-11,21.66666,1068.24,158582.92,176.72
2014-06-02,15/9-F-12,22.0,194.41,28860.26,4741.35
2014-06-02,15/9-F-14,22.0,325.75,48357.95,2547.44
2014-06-02,15/9-F-15 D,21.5,221.03,32812.02,0.0
2014-06-02,15/9-F-4,20.08333,,,
2014-06-02,15/9-F-5,20.0,,,
2014-06-03,15/9-F-1 C,24.0,715.1,104865.93,80.7
2014-06-03,15/9-F-11,24.0,1109.18,162654.16,206.04
2014-06-03,15/9-F-12,24.0,194.94,28587.58,5338.86
2014-06-03,15/9-F-14,24.0,411.55,60351.97,3614.06
2014-06-03,15/9-F-15 D,24.0,239.71,35152.56,0.0
2014-06-03,15/9-F-4,24.0,,,
2014-06-03,15/9-F-5,24.0,,,
2014-06-04,15/9-F-1 C,24.0,706.8,104234.1,79.73
2014-06-04,15/9-F-11,24.0,1109.98,163691.38,206.1
2014-06-04,15/9-F-12,24.0,193.38,28517.78,5293.71
2014-06-04,15/9-F-14,24.0,421.75,62196.83,3702.08
2014-06-04,15/9-F-15 D,24.0,237.3,34995.0,0.0
2014-06-04,15/9-F-4,24.0,,,
2014-06-04,15/9-F-5,24.0,,,
2014-06-05,15/9-F-1 C,24.0,677.29,99517.49,90.57
2014-06-05,15/9-F-11,24.0,1178.62,173181.52,207.6
2014-06-05,15/9-F-12,24.0,204.21,30005.64,5302.87
2014-06-05,15/9-F-14,24.0,445.16,65409.27,3706.65
2014-06-05,15/9-F-15 D,24.0,255.67,37567.22,0.0
2014-06-05,15/9-F-4,22.74643,,,
2014-06-05,15/9-F-5,24.0,,,
2014-06-06,15/9-F-1 C,24.0,690.38,99850.49,92.18
2014-06-06,15/9-F-11,24.0,1180.81,170780.98,207.67
2014-06-06,15/9-F-12,24.0,204.19,29532.13,5294.26
2014-06-06,15/9-F-14,24.0,445.36,64412.73,3702.68
2014-06-06,15/9-F-15 D,24.0,256.0,37024.94,0.0
2014-06-06,15/9-F-4,24.0,,,
2014-06-06,15/9-F-5,24.0,,,
2014-06-07,15/9-F-1 C,24.0,694.3,100306.26,92.07
2014-06-07,15/9-F-11,24.0,1199.75,173330.3,209.56
2014-06-07,15/9-F-12,24.0,205.56,29697.12,5293.33
2014-06-07,15/9-F-14,24.0,448.72,64827.12,3705.14
2014-06-07,15/9-F-15 D,24.0,257.84,37249.92,0.0
2014-06-07,15/9-F-4,24.0,,,
2014-06-07,15/9-F-5,24.0,,,
2014-06-08,15/9-F-1 C,24.0,690.7,99959.04,91.25
2014-06-08,15/9-F-11,24.0,1197.7,173333.04,208.41
2014-06-08,15/9-F-12,24.0,205.52,29742.55,5272.31
2014-06-08,15/9-F-14,24.0,452.13,65433.6,3719.26
2014-06-08,15/9-F-15 D,24.0,256.49,37120.15,0.0
2014-06-08,15/9-F-4,24.0,,,
2014-06-08,15/9-F-5,24.0,,,
2014-06-09,15/9-F-1 C,19.5,238.45,34915.85,28.15
2014-06-09,15/9-F-11,24.0,1349.24,197569.52,209.78
2014-06-09,15/9-F-12,24.0,231.66,33922.37,5310.31
2014-06-09,15/9-F-14,24.0,509.65,74629.21,3746.07
2014-06-09,15/9-F-15 D,24.0,288.87,42300.11,0.0
2014-06-09,15/9-F-4,24.0,,,
2014-06-09,15/9-F-5,24.0,,,
2014-06-10,15/9-F-1 C,24.0,647.11,95262.3,84.88
2014-06-10,15/9-F-11,24.0,1189.09,175045.96,205.42
2014-06-10,15/9-F-12,24.0,205.19,30205.95,5225.99
2014-06-10,15/9-F-14,24.0,451.41,66453.08,3686.59
2014-06-10,15/9-F-15 D,24.0,255.7,37642.41,0.0
2014-06-10,15/9-F-4,24.0,,,
2014-06-10,15/9-F-5,24.0,,,
2014-06-11,15/9-F-1 C,24.0,745.92,108793.22,94.23
2014-06-11,15/9-F-11,24.0,1172.31,170982.37,195.05
2014-06-11,15/9-F-12,24.0,205.71,30002.96,5045.96
2014-06-11,15/9-F-14,24.0,452.56,66006.51,3559.6
2014-06-11,15/9-F-15 D,24.0,254.83,37167.34,0.0
2014-06-11,15/9-F-4,24.0,,,
2014-06-11,15/9-F-5,24.0,,,
2014-06-12,15/9-F-1 C,24.0,804.85,116554.82,101.88
2014-06-12,15/9-F-11,24.0,1175.15,170180.4,195.92
2014-06-12,15/9-F-12,24.0,205.41,29746.03,5048.71
2014-06-12,15/9-F-14,24.0,451.89,65441.27,3561.53
2014-06-12,15/9-F-15 D,24.0,253.87,36764.5,0.0
2014-06-12,15/9-F-4,24.0,,,
2014-06-12,15/9-F-5,24.0,,,
2014-06-13,15/9-F-1 C,24.0,818.89,120308.03,56.75
2014-06-13,15/9-F-11,24.0,1116.79,164074.34,197.37
2014-06-13,15/9-F-12,24.0,193.5,28428.45,5041.78
2014-06-13,15/9-F-14,24.0,503.1,73913.97,3655.3
2014-06-13,15/9-F-15 D,24.0,239.97,35255.61,0.0
2014-06-13,15/9-F-4,24.0,,,
2014-06-13,15/9-F-5,24.0,,,
2014-06-14,15/9-F-1 C,24.0,781.21,115374.09,54.32
2014-06-14,15/9-F-11,24.0,1102.45,162814.92,195.5
2014-06-14,15/9-F-12,24.0,190.4,28119.74,4977.8
2014-06-14,15/9-F-14,24.0,495.05,73111.33,3608.91
2014-06-14,15/9-F-15 D,24.0,236.57,34938.16,0.0
2014-06-14,15/9-F-4,24.0,,,
2014-06-14,15/9-F-5,24.0,,,
2014-06-15,15/9-F-1 C,24.0,786.16,116058.03,54.55
2014-06-15,15/9-F-11,24.0,1104.3,163026.07,195.43
2014-06-15,15/9-F-12,24.0,190.81,28168.32,4978.24
2014-06-15,15/9-F-14,24.0,496.1,73237.62,3609.22
2014-06-15,15/9-F-15 D,24.0,236.55,34920.92,0.0
2014-06-15,15/9-F-4,24.0,,,
2014-06-15,15/9-F-5,24.0,,,
2014-06-16,15/9-F-1 C,24.0,757.43,111152.61,51.84
2014-06-16,15/9-F-11,24.0,1120.89,164489.89,195.67
2014-06-16,15/9-F-12,24.0,192.67,28274.18,4958.67
2014-06-16,15/9-F-14,24.0,500.94,73512.86,3595.03
2014-06-16,15/9-F-15 D,24.0,232.51,34120.52,0.0
2014-06-16,15/9-F-4,24.0,,,
2014-06-16,15/9-F-5,24.0,,,
2014-06-17,15/9-F-1 C,24.0,726.5,107050.89,50.67
2014-06-17,15/9-F-11,24.0,1156.42,170403.34,205.72
2014-06-17,15/9-F-12,24.0,188.43,27765.17,4941.76
2014-06-17,15/9-F-14,24.0,489.91,72189.45,3582.77
2014-06-17,15/9-F-15 D,24.0,231.91,34171.74,0.0
2014-06-17,15/9-F-4,24.0,,,
2014-06-17,15/9-F-5,24.0,,,
2014-06-18,15/9-F-1 C,24.0,723.96,106456.63,51.3
2014-06-18,15/9-F-11,24.0,1160.01,170577.28,209.65
2014-06-18,15/9-F-12,24.0,187.27,27537.26,4989.68
2014-06-18,15/9-F-14,24.0,486.9,71596.88,3617.52
2014-06-18,15/9-F-15 D,24.0,229.52,33750.54,0.0
2014-06-18,15/9-F-4,24.0,,,
2014-06-18,15/9-F-5,24.0,,,
2014-06-19,15/9-F-1 C,24.0,715.28,105827.77,52.96
2014-06-19,15/9-F-11,24.0,1147.01,169702.0,216.58
2014-06-19,15/9-F-12,24.0,186.05,27525.89,5179.11
2014-06-19,15/9-F-14,24.0,483.72,71567.31,3754.86
2014-06-19,15/9-F-15 D,24.0,225.7,33393.43,0.0
2014-06-19,15/9-F-4,24.0,,,
2014-06-19,15/9-F-5,24.0,,,
2014-06-20,15/9-F-1 C,24.0,710.62,104860.95,50.87
2014-06-20,15/9-F-11,24.0,1146.84,169233.29,209.38
2014-06-20,15/9-F-12,24.0,185.52,27376.25,4993.58
2014-06-20,15/9-F-14,24.0,482.36,71178.24,3620.34
2014-06-20,15/9-F-15 D,24.0,226.71,33454.1,0.0
2014-06-20,15/9-F-4,24.0,,,
2014-06-20,15/9-F-5,24.0,,,
2014-06-21,15/9-F-1 C,24.0,708.04,104155.82,50.48
2014-06-21,15/9-F-11,24.0,1146.08,168593.88,208.39
2014-06-21,15/9-F-12,24.0,184.04,27072.61,4933.4
2014-06-21,15/9-F-14,24.0,478.49,70388.77,3576.71
2014-06-21,15/9-F-15 D,24.0,225.72,33203.8,0.0
2014-06-21,15/9-F-4,24.0,,,
2014-06-21,15/9-F-5,24.0,,,
2014-06-22,15/9-F-1 C,24.0,702.73,102417.8,51.7
2014-06-22,15/9-F-11,24.0,1136.02,165565.61,213.17
2014-06-22,15/9-F-12,24.0,182.39,26582.12,5045.65
2014-06-22,15/9-F-14,24.0,474.22,69113.5,3658.1
2014-06-22,15/9-F-15 D,24.0,223.97,32641.32,0.0
2014-06-22,15/9-F-4,24.0,,,
2014-06-22,15/9-F-5,24.0,,,
2014-06-23,15/9-F-1 C,24.0,695.74,102284.59,51.69
2014-06-23,15/9-F-11,24.0,1117.48,164287.51,211.74
2014-06-23,15/9-F-12,24.0,179.37,26369.99,5010.68
2014-06-23,15/9-F-14,24.0,466.36,68561.96,3632.75
2014-06-23,15/9-F-15 D,24.0,219.8,32314.2,0.0
2014-06-23,15/9-F-4,24.0,,,
2014-06-23,15/9-F-5,24.0,,,
2014-06-24,15/9-F-1 C,24.0,658.27,96651.98,94.65
2014-06-24,15/9-F-11,24.0,1169.41,171699.81,221.46
2014-06-24,15/9-F-12,24.0,187.64,27550.7,5238.81
2014-06-24,15/9-F-14,24.0,440.96,64744.14,3432.94
2014-06-24,15/9-F-15 D,24.0,226.23,33217.18,0.0
2014-06-24,15/9-F-4,24.0,,,
2014-06-24,15/9-F-5,24.0,,,
2014-06-25,15/9-F-1 C,24.0,576.35,85082.22,79.35
2014-06-25,15/9-F-11,24.0,1199.09,177015.68,217.44
2014-06-25,15/9-F-12,24.0,196.91,29067.88,5264.07
2014-06-25,15/9-F-14,24.0,462.73,68309.53,3449.48
2014-06-25,15/9-F-15 D,24.0,231.36,34153.99,0.0
2014-06-25,15/9-F-4,24.0,,,
2014-06-25,15/9-F-5,24.0,,,
2014-06-26,15/9-F-1 C,16.58333,369.83,55419.55,51.46
2014-06-26,15/9-F-11,16.33333,660.56,98984.27,121.06
2014-06-26,15/9-F-12,13.83333,120.5,18057.57,3255.87
2014-06-26,15/9-F-14,16.5,183.67,27523.85,1383.83
2014-06-26,15/9-F-15 D,16.5,127.49,19103.96,0.0
2014-06-26,15/9-F-4,9.5,,,
2014-06-26,15/9-F-5,9.5,,,
2014-06-27,15/9-F-1 C,23.83333,418.45,63214.18,59.2
2014-06-27,15/9-F-11,23.33334,964.21,145661.21,179.68
2014-06-27,15/9-F-12,23.5,173.73,26245.53,4773.03
2014-06-27,15/9-F-14,23.5,296.83,44840.61,2273.92
2014-06-27,15/9-F-15 D,23.33334,205.56,31053.09,0.0
2014-06-27,15/9-F-4,21.66667,,,
2014-06-27,15/9-F-5,21.58333,,,
2014-06-28,15/9-F-1 C,24.0,588.96,88192.51,91.66
2014-06-28,15/9-F-11,24.0,1119.75,167672.0,229.53
2014-06-28,15/9-F-12,24.0,186.58,27938.74,5638.6
2014-06-28,15/9-F-14,24.0,394.59,59087.18,3325.23
2014-06-28,15/9-F-15 D,24.0,225.63,33786.13,0.0
2014-06-28,15/9-F-4,24.0,,,
2014-06-28,15/9-F-5,24.0,,,
2014-06-29,15/9-F-1 C,24.0,571.88,85616.39,81.73
2014-06-29,15/9-F-11,24.0,1107.66,165827.2,208.5
2014-06-29,15/9-F-12,24.0,187.26,28035.38,5196.92
2014-06-29,15/9-F-14,24.0,432.02,64677.42,3343.15
2014-06-29,15/9-F-15 D,24.0,220.34,32986.95,0.0
2014-06-29,15/9-F-4,24.0,,,
2014-06-29,15/9-F-5,24.0,,,
2014-06-30,15/9-F-1 C,24.0,512.52,76979.08,71.37
2014-06-30,15/9-F-11,24.0,1141.0,171373.98,209.26
2014-06-30,15/9-F-12,24.0,191.87,28818.12,5187.85
2014-06-30,15/9-F-14,24.0,442.64,66483.19,3337.32
2014-06-30,15/9-F-15 D,24.0,226.06,33952.96,0.0
2014-06-30,15/9-F-4,24.0,,,
2014-06-30,15/9-F-5,24.0,,,
2014-07-01,15/9-F-1 C,24.0,563.26,84307.54,78.69
2014-07-01,15/9-F-11,24.0,1109.35,166045.73,204.13
2014-07-01,15/9-F-12,24.0,186.83,27964.71,5068.4
2014-07-01,15/9-F-14,24.0,439.06,65717.08,3321.27
2014-07-01,15/9-F-15 D,24.0,226.89,33959.63,0.0
2014-07-01,15/9-F-4,24.0,,,
2014-07-01,15/9-F-5,24.0,,,
2014-07-02,15/9-F-1 C,24.0,564.26,84364.91,78.72
2014-07-02,15/9-F-11,24.0,1109.15,165832.45,203.81
2014-07-02,15/9-F-12,24.0,186.85,27936.4,5061.94
2014-07-02,15/9-F-14,24.0,439.09,65650.53,3317.03
2014-07-02,15/9-F-15 D,24.0,226.6,33880.02,0.0
2014-07-02,15/9-F-4,24.0,,,
2014-07-02,15/9-F-5,24.0,,,
2014-07-03,15/9-F-1 C,24.0,565.09,84351.11,78.88
2014-07-03,15/9-F-11,24.0,1110.91,165826.99,204.26
2014-07-03,15/9-F-12,24.0,187.02,27917.2,5069.62
2014-07-03,15/9-F-14,24.0,439.5,65605.42,3322.06
2014-07-03,15/9-F-15 D,24.0,226.34,33786.18,0.0
2014-07-03,15/9-F-4,24.0,,,
2014-07-03,15/9-F-5,24.0,,,
2014-07-04,15/9-F-1 C,24.0,563.73,84183.26,79.55
2014-07-04,15/9-F-11,24.0,1111.67,166008.01,206.62
2014-07-04,15/9-F-12,24.0,185.51,27702.71,5083.2
2014-07-04,15/9-F-14,24.0,435.95,65101.36,3330.96
2014-07-04,15/9-F-15 D,24.0,225.47,33670.12,0.0
2014-07-04,15/9-F-4,24.0,,,
2014-07-04,15/9-F-5,24.0,,,
2014-07-05,15/9-F-1 C,24.0,563.46,83869.61,79.95
2014-07-05,15/9-F-11,24.0,1107.58,164858.0,206.98
2014-07-05,15/9-F-12,24.0,185.2,27566.95,5102.59
2014-07-05,15/9-F-14,24.0,435.23,64782.33,3343.67
2014-07-05,15/9-F-15 D,24.0,225.66,33588.89,0.0
2014-07-05,15/9-F-4,24.0,,,
2014-07-05,15/9-F-5,24.0,,,
2014-07-06,15/9-F-1 C,24.0,563.38,83853.8,80.3
2014-07-06,15/9-F-11,24.0,1098.4,163484.52,206.21
2014-07-06,15/9-F-12,24.0,184.96,27530.16,5119.57
2014-07-06,15/9-F-14,24.0,434.67,64695.87,3354.79
2014-07-06,15/9-F-15 D,24.0,225.73,33598.03,0.0
2014-07-06,15/9-F-4,24.0,,,
2014-07-06,15/9-F-5,24.0,,,
2014-07-07,15/9-F-1 C,24.0,522.0,77846.76,154.47
2014-07-07,15/9-F-11,24.0,1110.52,165613.65,201.25
2014-07-07,15/9-F-12,24.0,188.38,28092.83,5033.01
2014-07-07,15/9-F-14,24.0,442.68,66018.14,3298.06
2014-07-07,15/9-F-15 D,24.0,229.33,34200.09,0.0
2014-07-07,15/9-F-4,24.0,,,
2014-07-07,15/9-F-5,24.0,,,
2014-07-08,15/9-F-1 C,24.0,523.33,77885.2,247.1
2014-07-08,15/9-F-11,24.0,1104.61,164395.38,198.11
2014-07-08,15/9-F-12,24.0,189.5,28202.17,5010.6
2014-07-08,15/9-F-14,24.0,445.32,66275.09,3283.38
2014-07-08,15/9-F-15 D,24.0,230.15,34252.96,0.0
2014-07-08,15/9-F-4,24.0,,,
2014-07-08,15/9-F-5,24.0,,,
2014-07-09,15/9-F-1 C,24.0,521.97,77858.58,247.09
2014-07-09,15/9-F-11,24.0,1100.81,164201.39,197.94
2014-07-09,15/9-F-12,24.0,188.9,28177.12,5007.6
2014-07-09,15/9-F-14,24.0,443.92,66216.24,3281.42
2014-07-09,15/9-F-15 D,24.0,230.38,34364.93,0.0
2014-07-09,15/9-F-4,24.0,,,
2014-07-09,15/9-F-5,24.0,,,
2014-07-10,15/9-F-1 C,24.0,490.49,73240.81,212.89
2014-07-10,15/9-F-11,24.0,1109.35,165647.29,191.9
2014-07-10,15/9-F-12,24.0,191.88,28651.79,4893.56
2014-07-10,15/9-F-14,24.0,450.92,67331.7,3206.69
2014-07-10,15/9-F-15 D,24.0,233.28,34833.4,0.0
2014-07-10,15/9-F-4,24.0,,,
2014-07-10,15/9-F-5,24.0,,,
2014-07-11,15/9-F-1 C,24.0,491.71,72894.63,253.18
2014-07-11,15/9-F-11,24.0,1106.42,164021.16,227.05
2014-07-11,15/9-F-12,24.0,192.49,28536.01,5823.76
2014-07-11,15/9-F-14,24.0,452.35,67059.63,3816.24
2014-07-11,15/9-F-15 D,24.0,232.53,34471.31,0.0
2014-07-11,15/9-F-4,24.0,,,
2014-07-11,15/9-F-5,24.0,,,
2014-07-12,15/9-F-1 C,24.0,488.44,72637.03,203.87
2014-07-12,15/9-F-11,24.0,1120.08,166571.66,186.33
2014-07-12,15/9-F-12,24.0,188.82,28080.59,4630.88
2014-07-12,15/9-F-14,24.0,443.73,65989.39,3034.57
2014-07-12,15/9-F-15 D,24.0,231.65,34449.02,0.0
2014-07-12,15/9-F-4,24.0,,,
2014-07-12,15/9-F-5,24.0,,,
2014-07-13,15/9-F-1 C,24.0,481.59,71515.34,199.79
2014-07-13,15/9-F-11,24.0,1109.35,164737.39,183.43
2014-07-13,15/9-F-12,24.0,188.11,27933.36,4585.41
2014-07-13,15/9-F-14,24.0,442.05,65643.4,3004.77
2014-07-13,15/9-F-15 D,24.0,229.51,34082.23,0.0
2014-07-13,15/9-F-4,24.0,,,
2014-07-13,15/9-F-5,24.0,,,
2014-07-14,15/9-F-1 C,24.0,492.02,73095.92,215.32
2014-07-14,15/9-F-11,24.0,1091.38,162140.52,190.36
2014-07-14,15/9-F-12,24.0,185.57,27569.54,4771.96
2014-07-14,15/9-F-14,24.0,436.1,64788.43,3127.01
2014-07-14,15/9-F-15 D,24.0,226.01,33576.51,0.0
2014-07-14,15/9-F-4,24.0,,,
2014-07-14,15/9-F-5,24.0,,,
2014-07-15,15/9-F-1 C,24.0,476.08,70443.1,246.8
2014-07-15,15/9-F-11,24.0,1117.68,165376.91,191.5
2014-07-15,15/9-F-12,24.0,189.03,27970.55,4775.01
2014-07-15,15/9-F-14,24.0,444.23,65730.8,3129.02
2014-07-15,15/9-F-15 D,24.0,233.07,34486.46,0.0
2014-07-15,15/9-F-4,24.0,,,
2014-07-15,15/9-F-5,24.0,,,
2014-07-16,15/9-F-1 C,24.0,466.34,69327.14,243.78
2014-07-16,15/9-F-11,24.0,1110.34,165067.03,191.84
2014-07-16,15/9-F-12,24.0,187.73,27907.76,4781.87
2014-07-16,15/9-F-14,24.0,441.15,65583.24,3133.49
2014-07-16,15/9-F-15 D,24.0,231.68,34441.9,0.0
2014-07-16,15/9-F-4,24.0,,,
2014-07-16,15/9-F-5,24.0,,,
2014-07-17,15/9-F-1 C,24.0,463.64,68816.51,241.88
2014-07-17,15/9-F-11,24.0,1102.21,163594.84,190.05
2014-07-17,15/9-F-12,24.0,187.62,27847.25,4769.29
2014-07-17,15/9-F-14,24.0,440.9,65441.04,3125.26
2014-07-17,15/9-F-15 D,24.0,231.08,34298.34,0.0
2014-07-17,15/9-F-4,24.0,,,
2014-07-17,15/9-F-5,24.0,,,
2014-07-18,15/9-F-1 C,24.0,459.37,68361.17,240.96
2014-07-18,15/9-F-11,24.0,1095.2,162981.24,189.87
2014-07-18,15/9-F-12,24.0,186.27,27719.56,4760.99
2014-07-18,15/9-F-14,24.0,437.73,65140.97,3119.81
2014-07-18,15/9-F-15 D,24.0,229.48,34149.52,0.0
2014-07-18,15/9-F-4,24.0,,,
2014-07-18,15/9-F-5,24.0,,,
2014-07-19,15/9-F-1 C,24.0,458.09,68466.24,240.67
2014-07-19,15/9-F-11,24.0,1094.58,163594.52,190.06
2014-07-19,15/9-F-12,24.0,185.94,27789.84,4759.92
2014-07-19,15/9-F-14,24.0,436.95,65306.12,3119.11
2014-07-19,15/9-F-15 D,24.0,229.08,34237.95,0.0
2014-07-19,15/9-F-4,24.0,,,
2014-07-19,15/9-F-5,24.0,,,
2014-07-20,15/9-F-1 C,22.41666,290.87,44919.06,139.31
2014-07-20,15/9-F-11,22.66667,1063.56,164245.31,168.36
2014-07-20,15/9-F-12,23.16667,191.61,29591.02,4471.78
2014-07-20,15/9-F-14,23.08334,380.77,58801.97,2477.87
2014-07-20,15/9-F-15 D,18.59167,155.38,23994.78,0.0
2014-07-20,15/9-F-4,22.16667,,,
2014-07-20,15/9-F-5,22.33334,,,
2014-07-21,15/9-F-1 C,24.0,487.33,72965.95,255.69
2014-07-21,15/9-F-11,24.0,1047.69,156868.15,181.69
2014-07-21,15/9-F-12,24.0,191.45,28665.91,4894.81
2014-07-21,15/9-F-14,24.0,414.84,62112.31,2957.42
2014-07-21,15/9-F-15 D,18.07472,133.54,19994.05,0.0
2014-07-21,15/9-F-4,24.0,,,
2014-07-21,15/9-F-5,24.0,,,
2014-07-22,15/9-F-1 C,24.0,468.63,69274.03,242.24
2014-07-22,15/9-F-11,24.0,1047.04,154778.52,178.89
2014-07-22,15/9-F-12,24.0,189.9,28071.71,4783.26
2014-07-22,15/9-F-14,24.0,446.27,65968.58,3134.42
2014-07-22,15/9-F-15 D,24.0,224.19,33139.97,0.0
2014-07-22,15/9-F-4,24.0,,,
2014-07-22,15/9-F-5,24.0,,,
2014-07-23,15/9-F-1 C,24.0,465.25,69890.63,239.87
2014-07-23,15/9-F-11,24.0,1037.74,155890.97,271.57
2014-07-23,15/9-F-12,24.0,188.17,28266.73,4727.22
2014-07-23,15/9-F-14,24.0,442.19,66426.82,3097.7
2014-07-23,15/9-F-15 D,24.0,221.77,33313.98,0.0
2014-07-23,15/9-F-4,24.0,,,
2014-07-23,15/9-F-5,24.0,,,
2014-07-24,15/9-F-1 C,24.0,466.58,69742.96,232.45
2014-07-24,15/9-F-11,24.0,1051.17,157123.73,265.81
2014-07-24,15/9-F-12,24.0,190.51,28476.1,4624.71
2014-07-24,15/9-F-14,24.0,447.69,66918.84,3030.52
2014-07-24,15/9-F-15 D,24.0,223.21,33365.24,0.0
2014-07-24,15/9-F-4,24.0,,,
2014-07-24,15/9-F-5,24.0,,,
2014-07-25,15/9-F-1 C,24.0,464.22,69237.42,233.39
2014-07-25,15/9-F-11,24.0,1056.31,157548.66,269.56
2014-07-25,15/9-F-12,24.0,189.06,28198.07,4631.53
2014-07-25,15/9-F-14,24.0,444.29,66265.46,3035.0
2014-07-25,15/9-F-15 D,24.0,225.33,33607.39,0.0
2014-07-25,15/9-F-4,24.0,,,
2014-07-25,15/9-F-5,24.0,,,
2014-07-26,15/9-F-1 C,24.0,458.9,68830.6,251.5
2014-07-26,15/9-F-11,24.0,1044.72,156697.43,290.62
2014-07-26,15/9-F-12,24.0,186.07,27908.65,4968.99
2014-07-26,15/9-F-14,24.0,441.5,66220.28,3287.65
2014-07-26,15/9-F-15 D,24.0,223.58,33534.7,0.0
2014-07-26,15/9-F-4,24.0,,,
2014-07-26,15/9-F-5,24.0,,,
2014-07-27,15/9-F-1 C,24.0,460.83,68637.71,260.12
2014-07-27,15/9-F-11,24.0,1052.32,156736.09,301.5
2014-07-27,15/9-F-12,24.0,189.06,28158.67,5199.99
2014-07-27,15/9-F-14,24.0,444.28,66172.87,3407.49
2014-07-27,15/9-F-15 D,24.0,225.86,33640.22,0.0
2014-07-27,15/9-F-4,24.0,,,
2014-07-27,15/9-F-5,24.0,,,
2014-07-28,15/9-F-1 C,24.0,457.95,68330.74,245.26
2014-07-28,15/9-F-11,24.0,1047.4,156282.96,284.73
2014-07-28,15/9-F-12,24.0,187.63,27996.66,5310.15
2014-07-28,15/9-F-14,24.0,440.93,65792.15,3516.02
2014-07-28,15/9-F-15 D,24.0,225.28,33614.2,0.0
2014-07-28,15/9-F-4,24.0,,,
2014-07-28,15/9-F-5,24.0,,,
2014-07-29,15/9-F-1 C,24.0,481.51,71884.8,258.75
2014-07-29,15/9-F-11,24.0,1040.16,155285.89,283.71
2014-07-29,15/9-F-12,24.0,186.18,27795.64,5287.0
2014-07-29,15/9-F-14,24.0,437.53,65319.75,3500.69
2014-07-29,15/9-F-15 D,24.0,224.12,33458.76,0.0
2014-07-29,15/9-F-4,24.0,,,
2014-07-29,15/9-F-5,24.0,,,
2014-07-30,15/9-F-1 C,24.0,489.43,72278.48,243.17
2014-07-30,15/9-F-11,24.0,997.38,147290.07,251.53
2014-07-30,15/9-F-12,24.0,153.93,22732.24,4041.45
2014-07-30,15/9-F-14,24.0,418.68,61830.19,3097.22
2014-07-30,15/9-F-15 D,24.0,214.87,31731.98,0.0
2014-07-30,15/9-F-4,24.0,,,
2014-07-30,15/9-F-5,24.0,,,
2014-07-31,15/9-F-1 C,24.0,375.93,56054.71,218.34
2014-07-31,15/9-F-11,24.0,1255.25,187170.83,291.18
2014-07-31,15/9-F-12,24.0,181.66,27088.03,5264.31
2014-07-31,15/9-F-14,24.0,355.48,53006.64,3554.51
2014-07-31,15/9-F-15 D,24.0,196.37,29281.55,0.0
2014-07-31,15/9-F-4,24.0,,,
2014-07-31,15/9-F-5,24.0,,,
2014-08-01,15/9-F-1 C,24.0,378.38,56399.27,218.27
2014-08-01,15/9-F-11,24.0,1268.08,189016.0,292.16
2014-08-01,15/9-F-12,24.0,183.95,27419.24,5294.42
2014-08-01,15/9-F-14,24.0,357.69,53315.18,3552.23
2014-08-01,15/9-F-15 D,24.0,195.54,29145.85,0.0
2014-08-01,15/9-F-4,24.0,,,
2014-08-01,15/9-F-5,23.9963,,,
2014-08-02,15/9-F-1 C,24.0,379.41,56289.52,217.93
2014-08-02,15/9-F-11,24.0,1267.54,188050.77,290.79
2014-08-02,15/9-F-12,24.0,184.75,27409.4,5294.72
2014-08-02,15/9-F-14,24.0,359.24,53296.05,3552.42
2014-08-02,15/9-F-15 D,24.0,195.23,28964.52,0.0
2014-08-02,15/9-F-4,24.0,,,
2014-08-02,15/9-F-5,24.0,,,
2014-08-03,15/9-F-1 C,24.0,377.42,56568.78,212.92
2014-08-03,15/9-F-11,24.0,1261.33,189053.18,284.21
2014-08-03,15/9-F-12,24.0,183.88,27560.94,5175.95
2014-08-03,15/9-F-14,24.0,357.55,53590.72,3472.74
2014-08-03,15/9-F-15 D,24.0,194.31,29124.24,0.0
2014-08-03,15/9-F-4,23.66667,,,
2014-08-03,15/9-F-5,23.75,,,
2014-08-04,15/9-F-1 C,24.0,417.98,61912.18,228.26
2014-08-04,15/9-F-11,24.0,1280.23,189631.6,279.24
2014-08-04,15/9-F-12,24.0,186.96,27692.77,5094.16
2014-08-04,15/9-F-14,24.0,363.53,53847.06,3417.87
2014-08-04,15/9-F-15 D,24.0,197.66,29277.39,0.0
2014-08-04,15/9-F-4,24.0,,,
2014-08-04,15/9-F-5,24.0,,,
2014-08-05,15/9-F-1 C,24.0,507.75,75078.33,262.22
2014-08-05,15/9-F-11,24.0,1236.61,182851.81,278.2
2014-08-05,15/9-F-12,24.0,180.42,26678.38,5070.69
2014-08-05,15/9-F-14,24.0,350.83,51874.62,3402.11
2014-08-05,15/9-F-15 D,24.0,190.7,28197.03,0.0
2014-08-05,15/9-F-4,24.0,,,
2014-08-05,15/9-F-5,24.0,,,
2014-08-06,15/9-F-1 C,24.0,469.73,69712.66,252.81
2014-08-06,15/9-F-11,24.0,1242.96,184467.81,278.97
2014-08-06,15/9-F-12,24.0,180.22,26747.17,5053.07
2014-08-06,15/9-F-14,24.0,350.44,52008.39,3390.29
2014-08-06,15/9-F-15 D,24.0,198.4,29445.06,0.0
2014-08-06,15/9-F-4,24.0,,,
2014-08-06,15/9-F-5,24.0,,,
2014-08-07,15/9-F-1 C,24.0,521.26,77390.65,293.66
2014-08-07,15/9-F-11,24.0,1182.78,175606.78,277.87
2014-08-07,15/9-F-12,24.0,174.56,25916.23,5122.89
2014-08-07,15/9-F-14,24.0,334.33,49637.53,3385.63
2014-08-07,15/9-F-15 D,24.0,187.32,27811.3,0.0
2014-08-07,15/9-F-4,24.0,,,
2014-08-07,15/9-F-5,24.0,,,
2014-08-08,15/9-F-1 C,24.0,518.32,76994.95,297.2
2014-08-08,15/9-F-11,24.0,1179.46,175205.89,282.02
2014-08-08,15/9-F-12,24.0,173.47,25768.72,5181.66
2014-08-08,15/9-F-14,24.0,332.25,49355.0,3424.48
2014-08-08,15/9-F-15 D,24.0,186.52,27707.32,0.0
2014-08-08,15/9-F-4,24.0,,,
2014-08-08,15/9-F-5,24.0,,,
2014-08-09,15/9-F-1 C,24.0,493.37,73656.88,289.96
2014-08-09,15/9-F-11,24.0,1175.77,175533.06,288.16
2014-08-09,15/9-F-12,24.0,170.15,25401.63,5209.33
2014-08-09,15/9-F-14,24.0,330.84,49392.06,3495.13
2014-08-09,15/9-F-15 D,24.0,187.39,27976.63,0.0
2014-08-09,15/9-F-4,24.0,,,
2014-08-09,15/9-F-5,24.0,,,
2014-08-10,15/9-F-1 C,24.0,509.21,76002.49,303.18
2014-08-10,15/9-F-11,24.0,1163.78,173698.77,288.95
2014-08-10,15/9-F-12,24.0,170.25,25410.41,5280.51
2014-08-10,15/9-F-14,24.0,326.08,48668.73,3489.8
2014-08-10,15/9-F-15 D,24.0,184.07,27473.4,0.0
2014-08-10,15/9-F-4,24.0,,,
2014-08-10,15/9-F-5,24.0,,,
2014-08-11,15/9-F-1 C,24.0,351.8,52975.29,240.5
2014-08-11,15/9-F-11,24.0,1205.65,181547.69,290.0
2014-08-11,15/9-F-12,24.0,175.91,26488.79,5285.87
2014-08-11,15/9-F-14,24.0,336.92,50734.17,3493.33
2014-08-11,15/9-F-15 D,24.0,191.07,28771.57,0.0
2014-08-11,15/9-F-4,24.0,,,
2014-08-11,15/9-F-5,24.0,,,
2014-08-12,15/9-F-1 C,24.0,287.03,44830.19,240.33
2014-08-12,15/9-F-11,24.0,1214.29,189652.29,291.48
2014-08-12,15/9-F-12,24.0,175.23,27368.18,5254.65
2014-08-12,15/9-F-14,24.0,340.72,53215.9,3525.54
2014-08-12,15/9-F-15 D,24.0,194.74,30416.13,0.0
2014-08-12,15/9-F-4,24.0,,,
2014-08-12,15/9-F-5,24.0,,,
2014-08-13,15/9-F-1 C,24.0,278.58,44300.38,235.04
2014-08-13,15/9-F-11,24.0,1222.62,194422.1,295.74
2014-08-13,15/9-F-12,24.0,174.51,27750.72,5273.22
2014-08-13,15/9-F-14,24.0,339.33,53959.74,3538.01
2014-08-13,15/9-F-15 D,24.0,194.89,30991.69,0.0
2014-08-13,15/9-F-4,24.0,,,
2014-08-13,15/9-F-5,24.0,,,
2014-08-14,15/9-F-1 C,24.0,297.19,47071.12,248.98
2014-08-14,15/9-F-11,24.0,1229.06,194670.47,295.21
2014-08-14,15/9-F-12,24.0,175.42,27784.5,5263.62
2014-08-14,15/9-F-14,24.0,341.09,54025.41,3531.55
2014-08-14,15/9-F-15 D,24.0,192.77,30533.05,0.0
2014-08-14,15/9-F-4,24.0,,,
2014-08-14,15/9-F-5,24.0,,,
2014-08-15,15/9-F-1 C,24.0,297.33,46462.15,247.88
2014-08-15,15/9-F-11,24.0,1235.28,193026.5,295.24
2014-08-15,15/9-F-12,24.0,175.96,27496.55,5253.82
2014-08-15,15/9-F-14,24.0,342.15,53465.5,3524.99
2014-08-15,15/9-F-15 D,24.0,191.43,29912.68,0.0
2014-08-15,15/9-F-4,24.0,,,
2014-08-15,15/9-F-5,24.0,,,
2014-08-16,15/9-F-1 C,24.0,296.2,44219.4,246.54
2014-08-16,15/9-F-11,24.0,1229.35,183529.39,293.36
2014-08-16,15/9-F-12,24.0,175.16,26150.0,5221.69
2014-08-16,15/9-F-14,24.0,340.59,50847.23,3503.42
2014-08-16,15/9-F-15 D,24.0,190.63,28459.71,0.0
2014-08-16,15/9-F-4,24.0,,,
2014-08-16,15/9-F-5,24.0,,,
2014-08-17,15/9-F-1 C,24.0,296.12,44243.43,247.16
2014-08-17,15/9-F-11,24.0,1231.86,184055.62,294.78
2014-08-17,15/9-F-12,24.0,175.23,26180.78,5238.07
2014-08-17,15/9-F-14,24.0,340.72,50907.06,3514.42
2014-08-17,15/9-F-15 D,24.0,190.59,28475.9,0.0
2014-08-17,15/9-F-4,24.0,,,
2014-08-17,15/9-F-5,24.0,,,
2014-08-18,15/9-F-1 C,24.0,293.35,44083.13,246.91
2014-08-18,15/9-F-11,24.0,1227.95,184529.76,296.32
2014-08-18,15/9-F-12,24.0,174.03,26152.97,5246.33
2014-08-18,15/9-F-14,24.0,338.4,50853.0,3519.96
2014-08-18,15/9-F-15 D,24.0,189.16,28425.53,0.0
2014-08-18,15/9-F-4,24.0,,,
2014-08-18,15/9-F-5,24.0,,,
2014-08-19,15/9-F-1 C,0.99166,0.0,0.0,0.0
2014-08-19,15/9-F-11,1.32514,79.31,19001.97,23.83
2014-08-19,15/9-F-12,1.325,10.2,2443.0,382.81
2014-08-19,15/9-F-14,1.65833,4.3,1030.09,55.7
2014-08-19,15/9-F-15 D,1.325,22.97,5502.07,0.0
2014-08-19,15/9-F-4,10.50834,,,
2014-08-19,15/9-F-5,10.50834,,,
2014-08-20,15/9-F-1 C,0.0,0.0,0.0,0.0
2014-08-20,15/9-F-11,0.0,0.0,0.0,0.0
2014-08-20,15/9-F-12,0.0,0.0,0.0,0.0
2014-08-20,15/9-F-14,0.0,0.0,0.0,0.0
2014-08-20,15/9-F-15 D,0.0,0.0,0.0,0.0
2014-08-20,15/9-F-4,0.0,,,
2014-08-20,15/9-F-5,0.0,,,
2014-08-21,15/9-F-1 C,0.0,0.0,0.0,0.0
2014-08-21,15/9-F-11,0.0,0.0,0.0,0.0
2014-08-21,15/9-F-12,0.0,0.0,0.0,0.0
2014-08-21,15/9-F-14,0.0,0.0,0.0,0.0
2014-08-21,15/9-F-15 D,0.0,0.0,0.0,0.0
2014-08-21,15/9-F-4,0.0,,,
2014-08-21,15/9-F-5,0.0,,,
2014-08-22,15/9-F-1 C,0.0,0.0,0.0,0.0
2014-08-22,15/9-F-11,0.0,0.0,0.0,0.0
2014-08-22,15/9-F-12,0.0,0.0,0.0,0.0
2014-08-22,15/9-F-14,0.0,0.0,0.0,0.0
2014-08-22,15/9-F-15 D,0.0,0.0,0.0,0.0
2014-08-22,15/9-F-4,0.0,,,
2014-08-22,15/9-F-5,0.0,,,
2014-08-23,15/9-F-1 C,0.0,0.0,0.0,0.0
2014-08-23,15/9-F-11,0.0,0.0,0.0,0.0
2014-08-23,15/9-F-12,0.0,0.0,0.0,0.0
2014-08-23,15/9-F-14,0.0,0.0,0.0,0.0
2014-08-23,15/9-F-15 D,0.0,0.0,0.0,0.0
2014-08-23,15/9-F-4,0.0,,,
2014-08-23,15/9-F-5,0.0,,,
2014-08-24,15/9-F-1 C,0.0,0.0,0.0,0.0
2014-08-24,15/9-F-11,0.0,0.0,0.0,0.0
2014-08-24,15/9-F-12,0.0,0.0,0.0,0.0
2014-08-24,15/9-F-14,0.0,0.0,0.0,0.0
2014-08-24,15/9-F-15 D,0.0,0.0,0.0,0.0
2014-08-24,15/9-F-4,0.0,,,
2014-08-24,15/9-F-5,0.0,,,
2014-08-25,15/9-F-1 C,0.0,0.0,0.0,0.0
2014-08-25,15/9-F-11,22.62487,740.85,125250.9,233.89
2014-08-25,15/9-F-12,16.54166,108.65,18368.94,4285.07
2014-08-25,15/9-F-14,22.625,155.58,26303.21,2117.23
2014-08-25,15/9-F-15 D,0.0,0.0,0.0,0.0
2014-08-25,15/9-F-4,22.625,,,
2014-08-25,15/9-F-5,21.625,,,
2014-08-26,15/9-F-1 C,0.0,0.0,0.0,0.0
2014-08-26,15/9-F-11,24.0,583.1,101668.36,123.25
2014-08-26,15/9-F-12,24.0,187.4,32675.02,4948.24
2014-08-26,15/9-F-14,24.0,332.73,58014.12,3031.48
2014-08-26,15/9-F-15 D,0.0,0.0,0.0,0.0
2014-08-26,15/9-F-4,24.0,,,
2014-08-26,15/9-F-5,24.0,,,
2014-08-27,15/9-F-1 C,0.0,0.0,0.0,0.0
2014-08-27,15/9-F-11,24.0,521.8,93213.64,104.1
2014-08-27,15/9-F-12,24.0,184.6,32977.71,4600.85
2014-08-27,15/9-F-14,24.0,358.23,63995.08,3080.71
2014-08-27,15/9-F-15 D,0.0,0.0,0.0,0.0
2014-08-27,15/9-F-4,24.0,,,
2014-08-27,15/9-F-5,24.0,,,
2014-08-28,15/9-F-1 C,0.0,0.0,0.0,0.0
2014-08-28,15/9-F-11,23.16668,589.54,102773.96,113.1
2014-08-28,15/9-F-12,23.5,190.17,33151.15,4557.65
2014-08-28,15/9-F-14,23.5,290.24,50596.19,2400.19
2014-08-28,15/9-F-15 D,0.0,0.0,0.0,0.0
2014-08-28,15/9-F-4,22.5,,,
2014-08-28,15/9-F-5,22.5,,,
2014-08-29,15/9-F-1 C,0.0,0.0,0.0,0.0
2014-08-29,15/9-F-11,24.0,516.94,92718.92,99.26
2014-08-29,15/9-F-12,24.0,193.79,34758.89,4648.42
2014-08-29,15/9-F-14,24.0,374.02,67084.42,3095.61
2014-08-29,15/9-F-15 D,0.0,0.0,0.0,0.0
2014-08-29,15/9-F-4,24.0,,,
2014-08-29,15/9-F-5,24.0,,,
2014-08-30,15/9-F-1 C,0.0,0.0,0.0,0.0
2014-08-30,15/9-F-11,24.0,481.7,86361.91,93.42
2014-08-30,15/9-F-12,24.0,189.57,33987.33,4592.98
2014-08-30,15/9-F-14,24.0,368.61,66085.96,3081.58
2014-08-30,15/9-F-15 D,0.0,0.0,0.0,0.0
2014-08-30,15/9-F-4,24.0,,,
2014-08-30,15/9-F-5,24.0,,,
2014-08-31,15/9-F-1 C,0.0,0.0,0.0,0.0
2014-08-31,15/9-F-11,24.0,469.7,84231.27,92.97
2014-08-31,15/9-F-12,24.0,194.05,34798.74,4798.4
2014-08-31,15/9-F-14,24.0,377.32,67664.22,3219.42
2014-08-31,15/9-F-15 D,0.0,0.0,0.0,0.0
2014-08-31,15/9-F-4,24.0,,,
2014-08-31,15/9-F-5,24.0,,,
2014-09-01,15/9-F-1 C,0.0,0.0,0.0,0.0
2014-09-01,15/9-F-11,24.0,488.42,88177.33,105.92
2014-09-01,15/9-F-12,24.0,190.07,34313.55,5149.09
2014-09-01,15/9-F-14,24.0,369.58,66720.78,3454.72
2014-09-01,15/9-F-15 D,0.0,0.0,0.0,0.0
2014-09-01,15/9-F-4,24.0,,,
2014-09-01,15/9-F-5,24.0,,,
2014-09-02,15/9-F-1 C,3.875,0.0,0.0,0.0
2014-09-02,15/9-F-11,24.0,610.72,104604.71,116.99
2014-09-02,15/9-F-12,24.0,210.77,36101.35,5043.82
2014-09-02,15/9-F-14,24.0,419.29,71816.67,3462.16
2014-09-02,15/9-F-15 D,9.125,29.63,5075.15,0.0
2014-09-02,15/9-F-4,24.0,,,
2014-09-02,15/9-F-5,24.0,,,
2014-09-03,15/9-F-1 C,19.16667,103.77,16925.68,74.34
2014-09-03,15/9-F-11,20.33333,1123.32,183219.41,230.71
2014-09-03,15/9-F-12,22.0,188.01,30665.75,4823.81
2014-09-03,15/9-F-14,22.16666,305.75,49870.82,2706.89
2014-09-03,15/9-F-15 D,22.5,228.09,37203.72,0.0
2014-09-03,15/9-F-4,22.66666,,,
2014-09-03,15/9-F-5,20.91666,,,
2014-09-04,15/9-F-1 C,24.0,290.3,46375.59,537.45
2014-09-04,15/9-F-11,24.0,1319.35,210763.23,308.51
2014-09-04,15/9-F-12,24.0,175.62,28054.33,5130.02
2014-09-04,15/9-F-14,24.0,327.3,52285.69,3299.04
2014-09-04,15/9-F-15 D,24.0,212.27,33909.88,0.0
2014-09-04,15/9-F-4,24.0,,,
2014-09-04,15/9-F-5,24.0,,,
2014-09-05,15/9-F-1 C,24.0,427.63,69487.31,343.53
2014-09-05,15/9-F-11,24.0,1258.26,204456.12,289.78
2014-09-05,15/9-F-12,24.0,172.51,28031.35,4963.18
2014-09-05,15/9-F-14,24.0,335.43,54505.41,3329.98
2014-09-05,15/9-F-15 D,24.0,211.34,34341.33,0.0
2014-09-05,15/9-F-4,24.0,,,
2014-09-05,15/9-F-5,24.0,,,
2014-09-06,15/9-F-1 C,24.0,422.69,68818.15,341.93
2014-09-06,15/9-F-11,24.0,1245.86,202839.6,288.94
2014-09-06,15/9-F-12,24.0,174.27,28373.32,5049.0
2014-09-06,15/9-F-14,24.0,333.78,54343.61,3336.8
2014-09-06,15/9-F-15 D,24.0,204.1,33229.07,0.0
2014-09-06,15/9-F-4,24.0,,,
2014-09-06,15/9-F-5,24.0,,,
2014-09-07,15/9-F-1 C,24.0,412.14,67226.27,336.66
2014-09-07,15/9-F-11,24.0,1240.68,202372.66,290.55
2014-09-07,15/9-F-12,24.0,171.51,27976.2,5017.63
2014-09-07,15/9-F-14,24.0,333.5,54398.17,3366.52
2014-09-07,15/9-F-15 D,24.0,204.01,33276.35,0.0
2014-09-07,15/9-F-4,24.0,,,
2014-09-07,15/9-F-5,24.0,,,
2014-09-08,15/9-F-1 C,24.0,410.96,66847.2,336.99
2014-09-08,15/9-F-11,24.0,1236.58,201142.57,290.71
2014-09-08,15/9-F-12,24.0,171.29,27861.56,5030.46
2014-09-08,15/9-F-14,24.0,333.06,54175.25,3375.11
2014-09-08,15/9-F-15 D,24.0,197.29,32090.68,0.0
2014-09-08,15/9-F-4,24.0,,,
2014-09-08,15/9-F-5,24.0,,,
2014-09-09,15/9-F-1 C,24.0,409.11,66355.28,333.87
2014-09-09,15/9-F-11,24.0,1229.27,199380.0,287.61
2014-09-09,15/9-F-12,24.0,170.51,27655.3,4983.67
2014-09-09,15/9-F-14,24.0,331.54,53774.19,3343.73
2014-09-09,15/9-F-15 D,24.0,201.45,32673.36,0.0
2014-09-09,15/9-F-4,24.0,,,
2014-09-09,15/9-F-5,24.0,,,
2014-09-10,15/9-F-1 C,24.0,389.68,63293.2,315.24
2014-09-10,15/9-F-11,24.0,1220.28,198198.83,283.01
2014-09-10,15/9-F-12,24.0,170.94,27765.17,4952.8
2014-09-10,15/9-F-14,24.0,332.39,53987.83,3323.01
2014-09-10,15/9-F-15 D,24.0,197.29,32044.85,0.0
2014-09-10,15/9-F-4,24.0,,,
2014-09-10,15/9-F-5,24.0,,,
2014-09-11,15/9-F-1 C,24.0,380.29,60994.93,327.07
2014-09-11,15/9-F-11,24.0,1195.64,191769.07,294.81
2014-09-11,15/9-F-12,24.0,167.99,26944.07,5174.61
2014-09-11,15/9-F-14,24.0,326.65,52391.25,3471.84
2014-09-11,15/9-F-15 D,24.0,190.35,30529.72,0.0
2014-09-11,15/9-F-4,24.0,,,
2014-09-11,15/9-F-5,24.0,,,
2014-09-12,15/9-F-1 C,24.0,391.22,57081.97,324.73
2014-09-12,15/9-F-11,24.0,1222.65,178391.61,290.95
2014-09-12,15/9-F-12,24.0,173.84,25364.98,5167.9
2014-09-12,15/9-F-14,24.0,338.03,49320.79,3467.35
2014-09-12,15/9-F-15 D,24.0,196.46,28665.51,0.0
2014-09-12,15/9-F-4,24.0,,,
2014-09-12,15/9-F-5,24.0,,,
2014-09-13,15/9-F-1 C,24.0,391.65,57123.13,328.6
2014-09-13,15/9-F-11,24.0,1223.26,178416.83,294.25
2014-09-13,15/9-F-12,24.0,173.19,25260.53,5204.35
2014-09-13,15/9-F-14,24.0,336.76,49117.7,3491.79
2014-09-13,15/9-F-15 D,24.0,193.51,28224.12,0.0
2014-09-13,15/9-F-4,24.0,,,
2014-09-13,15/9-F-5,24.0,,,
2014-09-14,15/9-F-1 C,24.0,384.47,56615.33,322.53
2014-09-14,15/9-F-11,24.0,1201.18,176881.02,288.89
2014-09-14,15/9-F-12,24.0,170.7,25135.78,5128.54
2014-09-14,15/9-F-14,24.0,331.91,48875.13,3440.92
2014-09-14,15/9-F-15 D,24.0,188.87,27812.23,0.0
2014-09-14,15/9-F-4,24.0,,,
2014-09-14,15/9-F-5,24.0,,,
2014-09-15,15/9-F-1 C,24.0,342.35,50991.05,291.45
2014-09-15,15/9-F-11,24.0,1227.24,182792.46,287.69
2014-09-15,15/9-F-12,24.0,174.56,25999.25,5111.79
2014-09-15,15/9-F-14,24.0,339.41,50554.1,3429.7
2014-09-15,15/9-F-15 D,24.0,191.73,28557.38,0.0
2014-09-15,15/9-F-4,24.0,,,
2014-09-15,15/9-F-5,24.0,,,
2014-09-16,15/9-F-1 C,24.0,338.88,50946.9,291.36
2014-09-16,15/9-F-11,24.0,1216.49,182883.83,288.0
2014-09-16,15/9-F-12,24.0,172.69,25961.73,5107.41
2014-09-16,15/9-F-14,24.0,335.78,50481.13,3426.75
2014-09-16,15/9-F-15 D,24.0,187.78,28230.86,0.0
2014-09-16,15/9-F-4,24.0,,,
2014-09-16,15/9-F-5,24.0,,,
2014-09-17,15/9-F-1 C,24.0,344.5,51928.13,297.38
2014-09-17,15/9-F-11,24.0,1203.66,181430.45,286.11
2014-09-17,15/9-F-12,24.0,174.0,26227.86,5166.83
2014-09-17,15/9-F-14,24.0,333.27,50234.4,3414.67
2014-09-17,15/9-F-15 D,24.0,185.33,27935.74,0.0
2014-09-17,15/9-F-4,24.0,,,
2014-09-17,15/9-F-5,24.0,,,
2014-09-18,15/9-F-1 C,24.0,333.55,49757.91,304.7
2014-09-18,15/9-F-11,24.0,1200.48,179086.64,328.74
2014-09-18,15/9-F-12,24.0,173.91,25943.75,5249.76
2014-09-18,15/9-F-14,24.0,333.09,49690.24,3469.47
2014-09-18,15/9-F-15 D,24.0,196.95,29380.17,0.0
2014-09-18,15/9-F-4,24.0,,,
2014-09-18,15/9-F-5,24.0,,,
2014-09-19,15/9-F-1 C,24.0,329.6,49601.74,302.29
2014-09-19,15/9-F-11,24.0,1189.08,178947.72,326.9
2014-09-19,15/9-F-12,24.0,172.94,26026.36,5241.17
2014-09-19,15/9-F-14,24.0,331.24,49848.46,3463.8
2014-09-19,15/9-F-15 D,24.0,195.59,29434.43,0.0
2014-09-19,15/9-F-4,24.0,,,
2014-09-19,15/9-F-5,24.0,,,
2014-09-20,15/9-F-1 C,24.0,358.2,53618.2,320.36
2014-09-20,15/9-F-11,24.0,1186.37,177587.4,318.06
2014-09-20,15/9-F-12,24.0,177.56,26578.96,5247.55
2014-09-20,15/9-F-14,24.0,340.08,50906.87,3468.02
2014-09-20,15/9-F-15 D,24.0,200.91,30074.68,0.0
2014-09-20,15/9-F-4,24.0,,,
2014-09-20,15/9-F-5,24.0,,,
2014-09-21,15/9-F-1 C,24.0,377.72,56786.58,332.75
2014-09-21,15/9-F-11,24.0,1188.93,178742.8,326.83
2014-09-21,15/9-F-12,24.0,174.02,26161.34,5273.25
2014-09-21,15/9-F-14,24.0,333.29,50107.0,3485.0
2014-09-21,15/9-F-15 D,24.0,196.86,29595.36,0.0
2014-09-21,15/9-F-4,24.0,,,
2014-09-21,15/9-F-5,24.0,,,
2014-09-22,15/9-F-1 C,24.0,356.65,53587.32,331.96
2014-09-22,15/9-F-11,24.0,1193.53,179332.57,333.01
2014-09-22,15/9-F-12,24.0,173.94,26135.7,5349.97
2014-09-22,15/9-F-14,24.0,333.16,50057.88,3535.71
2014-09-22,15/9-F-15 D,24.0,196.96,29594.57,0.0
2014-09-22,15/9-F-4,24.0,,,
2014-09-22,15/9-F-5,24.0,,,
2014-09-23,15/9-F-1 C,24.0,354.31,53315.98,327.97
2014-09-23,15/9-F-11,24.0,1187.64,178711.46,329.53
2014-09-23,15/9-F-12,24.0,174.28,26225.6,5330.73
2014-09-23,15/9-F-14,24.0,338.89,50994.21,3576.59
2014-09-23,15/9-F-15 D,24.0,198.19,29822.63,0.0
2014-09-23,15/9-F-4,24.0,,,
2014-09-23,15/9-F-5,24.0,,,
2014-09-24,15/9-F-1 C,24.0,338.53,51384.99,318.34
2014-09-24,15/9-F-11,24.0,1187.34,180227.01,334.7
2014-09-24,15/9-F-12,24.0,173.7,26365.14,5397.37
2014-09-24,15/9-F-14,24.0,337.74,51265.54,3621.29
2014-09-24,15/9-F-15 D,24.0,197.56,29987.19,0.0
2014-09-24,15/9-F-4,24.0,,,
2014-09-24,15/9-F-5,24.0,,,
2014-09-25,15/9-F-1 C,24.0,324.9,49352.26,323.5
2014-09-25,15/9-F-11,24.0,1187.17,180330.94,333.65
2014-09-25,15/9-F-12,24.0,174.24,26466.48,5398.05
2014-09-25,15/9-F-14,24.0,338.79,51462.6,3621.75
2014-09-25,15/9-F-15 D,24.0,197.98,30072.98,0.0
2014-09-25,15/9-F-4,24.0,,,
2014-09-25,15/9-F-5,24.0,,,
2014-09-26,15/9-F-1 C,24.0,324.95,49388.31,321.98
2014-09-26,15/9-F-11,24.0,1184.83,180079.68,331.38
2014-09-26,15/9-F-12,24.0,174.24,26482.26,5372.07
2014-09-26,15/9-F-14,24.0,338.8,51493.29,3604.31
2014-09-26,15/9-F-15 D,24.0,197.89,30077.04,0.0
2014-09-26,15/9-F-4,24.0,,,
2014-09-26,15/9-F-5,24.0,,,
2014-09-27,15/9-F-1 C,24.0,322.07,49245.8,322.83
2014-09-27,15/9-F-11,24.0,1168.83,178718.14,330.69
2014-09-27,15/9-F-12,24.0,172.71,26408.22,5386.61
2014-09-27,15/9-F-14,24.0,335.82,51349.31,3614.08
2014-09-27,15/9-F-15 D,24.0,195.97,29965.51,0.0
2014-09-27,15/9-F-4,24.0,,,
2014-09-27,15/9-F-5,24.0,,,
2014-09-28,15/9-F-1 C,23.09167,308.31,47050.78,307.78
2014-09-28,15/9-F-11,24.0,1164.44,177706.95,328.12
2014-09-28,15/9-F-12,24.0,172.14,26269.98,5346.96
2014-09-28,15/9-F-14,24.0,334.71,51080.51,3587.47
2014-09-28,15/9-F-15 D,24.0,195.23,29793.36,0.0
2014-09-28,15/9-F-4,24.0,,,
2014-09-28,15/9-F-5,24.0,,,
2014-09-29,15/9-F-1 C,0.0,0.0,0.0,0.0
2014-09-29,15/9-F-11,1.09181,39.68,9052.87,12.74
2014-09-29,15/9-F-12,1.25833,9.02,2056.66,319.02
2014-09-29,15/9-F-14,1.25833,5.42,1236.4,66.17
2014-09-29,15/9-F-15 D,1.09167,11.4,2599.27,0.0
2014-09-29,15/9-F-4,2.925,,,
2014-09-29,15/9-F-5,3.00833,,,
2014-09-30,15/9-F-1 C,8.16666,0.0,0.0,0.0
2014-09-30,15/9-F-11,21.24153,680.46,174084.77,191.27
2014-09-30,15/9-F-12,14.575,137.42,35158.14,4258.36
2014-09-30,15/9-F-14,18.24167,157.75,40359.14,1686.73
2014-09-30,15/9-F-15 D,14.74167,113.56,29051.51,0.0
2014-09-30,15/9-F-4,19.74167,,,
2014-09-30,15/9-F-5,19.575,,,
2014-10-01,15/9-F-1 C,24.0,55.2,8962.05,142.03
2014-10-01,15/9-F-11,24.0,1129.14,183325.06,330.99
2014-10-01,15/9-F-12,24.0,166.2,26984.19,5370.59
2014-10-01,15/9-F-14,24.0,323.17,52469.26,3603.32
2014-10-01,15/9-F-15 D,24.0,190.34,30903.32,6.49
2014-10-01,15/9-F-4,24.0,,,
2014-10-01,15/9-F-5,24.0,,,
2014-10-02,15/9-F-1 C,24.0,199.07,31730.64,308.22
2014-10-02,15/9-F-11,24.0,1196.43,190698.72,328.27
2014-10-02,15/9-F-12,24.0,175.55,27981.78,5309.76
2014-10-02,15/9-F-14,24.0,341.36,54409.02,3562.52
2014-10-02,15/9-F-15 D,24.0,195.31,31131.4,6.23
2014-10-02,15/9-F-4,24.0,,,
2014-10-02,15/9-F-5,24.0,,,
2014-10-03,15/9-F-1 C,24.0,275.22,43000.78,454.65
2014-10-03,15/9-F-11,24.0,1092.77,170734.43,319.9
2014-10-03,15/9-F-12,24.0,160.1,25013.59,5166.48
2014-10-03,15/9-F-14,24.0,311.3,48637.54,3466.39
2014-10-03,15/9-F-15 D,24.0,178.28,27855.23,6.07
2014-10-03,15/9-F-4,24.0,,,
2014-10-03,15/9-F-5,24.0,,,
2014-10-04,15/9-F-1 C,24.0,287.64,44101.37,459.8
2014-10-04,15/9-F-11,24.0,1143.0,175246.71,323.79
2014-10-04,15/9-F-12,24.0,167.59,25694.38,5233.29
2014-10-04,15/9-F-14,24.0,325.86,49961.29,3511.2
2014-10-04,15/9-F-15 D,24.0,191.59,29375.25,6.31
2014-10-04,15/9-F-4,24.0,,,
2014-10-04,15/9-F-5,24.0,,,
2014-10-05,15/9-F-1 C,24.0,323.18,49500.61,352.61
2014-10-05,15/9-F-11,24.0,1133.6,173633.0,328.79
2014-10-05,15/9-F-12,24.0,165.77,25390.24,5299.92
2014-10-05,15/9-F-14,24.0,322.32,49369.92,3555.91
2014-10-05,15/9-F-15 D,24.0,188.43,28861.41,6.36
2014-10-05,15/9-F-4,24.0,,,
2014-10-05,15/9-F-5,24.0,,,
2014-10-06,15/9-F-1 C,24.0,315.32,48232.88,344.36
2014-10-06,15/9-F-11,24.0,1124.63,172028.25,326.48
2014-10-06,15/9-F-12,24.0,164.91,25225.94,5277.47
2014-10-06,15/9-F-14,24.0,320.67,49050.43,3540.85
2014-10-06,15/9-F-15 D,24.0,187.38,28663.2,6.33
2014-10-06,15/9-F-4,24.0,,,
2014-10-06,15/9-F-5,24.0,,,
2014-10-07,15/9-F-1 C,24.0,322.31,48180.54,335.27
2014-10-07,15/9-F-11,24.0,1136.26,169857.39,314.2
2014-10-07,15/9-F-12,24.0,166.42,24878.06,5072.84
2014-10-07,15/9-F-14,24.0,323.6,48374.0,3403.56
2014-10-07,15/9-F-15 D,24.0,189.53,28331.6,6.1
2014-10-07,15/9-F-4,24.0,,,
2014-10-07,15/9-F-5,24.0,,,
2014-10-08,15/9-F-1 C,24.0,320.34,49975.21,345.3
2014-10-08,15/9-F-11,24.0,1117.8,174385.07,320.29
2014-10-08,15/9-F-12,24.0,163.67,25533.01,5169.64
2014-10-08,15/9-F-14,24.0,320.46,49994.7,3492.76
2014-10-08,15/9-F-15 D,24.0,184.91,28847.91,6.16
2014-10-08,15/9-F-4,24.0,,,
2014-10-08,15/9-F-5,24.0,,,
2014-10-09,15/9-F-1 C,24.0,325.92,50479.21,343.83
2014-10-09,15/9-F-11,24.0,1103.71,170944.02,347.79
2014-10-09,15/9-F-12,24.0,177.41,27476.56,5160.04
2014-10-09,15/9-F-14,24.0,326.8,50614.71,3485.83
2014-10-09,15/9-F-15 D,24.0,190.7,29535.05,6.22
2014-10-09,15/9-F-4,21.33334,,,
2014-10-09,15/9-F-5,20.83334,,,
2014-10-10,15/9-F-1 C,24.0,329.2,50894.03,327.28
2014-10-10,15/9-F-11,24.0,1082.55,167361.63,321.47
2014-10-10,15/9-F-12,24.0,179.64,27771.49,4923.91
2014-10-10,15/9-F-14,24.0,330.91,51158.01,3326.32
2014-10-10,15/9-F-15 D,24.0,192.62,29778.58,5.92
2014-10-10,15/9-F-4,24.0,,,
2014-10-10,15/9-F-5,24.0,,,
2014-10-11,15/9-F-1 C,24.0,325.01,50157.65,326.37
2014-10-11,15/9-F-11,24.0,1096.68,169248.66,328.96
2014-10-11,15/9-F-12,24.0,177.49,27391.38,4914.16
2014-10-11,15/9-F-14,24.0,326.95,50457.8,3319.74
2014-10-11,15/9-F-15 D,24.0,190.47,29395.18,5.92
2014-10-11,15/9-F-4,24.0,,,
2014-10-11,15/9-F-5,24.0,,,
2014-10-12,15/9-F-1 C,24.0,323.37,49865.05,325.88
2014-10-12,15/9-F-11,24.0,1089.01,167932.19,327.82
2014-10-12,15/9-F-12,24.0,176.78,27260.14,4911.84
2014-10-12,15/9-F-14,24.0,325.64,50216.05,3318.18
2014-10-12,15/9-F-15 D,24.0,189.35,29199.74,5.9
2014-10-12,15/9-F-4,24.0,,,
2014-10-12,15/9-F-5,24.0,,,
2014-10-13,15/9-F-1 C,24.0,320.68,49604.0,335.92
2014-10-13,15/9-F-11,24.0,1084.69,167785.46,339.4
2014-10-13,15/9-F-12,24.0,175.48,27143.69,5068.16
2014-10-13,15/9-F-14,24.0,323.25,50001.53,3423.77
2014-10-13,15/9-F-15 D,24.0,188.14,29101.52,6.1
2014-10-13,15/9-F-4,24.0,,,
2014-10-13,15/9-F-5,24.0,,,
2014-10-14,15/9-F-1 C,24.0,320.41,49571.91,337.83
2014-10-14,15/9-F-11,24.0,1086.55,168104.74,342.2
2014-10-14,15/9-F-12,24.0,175.31,27122.76,5096.35
2014-10-14,15/9-F-14,24.0,322.94,49962.98,3442.81
2014-10-14,15/9-F-15 D,24.0,188.31,29134.01,6.14
2014-10-14,15/9-F-4,24.0,,,
2014-10-14,15/9-F-5,24.0,,,
2014-10-15,15/9-F-1 C,24.0,322.67,49750.14,335.65
2014-10-15,15/9-F-11,24.0,1087.94,167740.72,338.04
2014-10-15,15/9-F-12,24.0,175.49,27058.06,5033.17
2014-10-15,15/9-F-14,24.0,323.28,49843.79,3400.14
2014-10-15,15/9-F-15 D,24.0,188.35,29040.1,6.06
2014-10-15,15/9-F-4,24.0,,,
2014-10-15,15/9-F-5,24.0,,,
2014-10-16,15/9-F-1 C,24.0,322.4,49652.61,331.77
2014-10-16,15/9-F-11,24.0,1089.13,167738.3,334.78
2014-10-16,15/9-F-12,24.0,174.39,26857.15,4947.79
2014-10-16,15/9-F-14,24.0,321.24,49473.7,3342.45
2014-10-16,15/9-F-15 D,24.0,187.05,28807.62,5.95
2014-10-16,15/9-F-4,24.0,,,
2014-10-16,15/9-F-5,24.0,,,
2014-10-17,15/9-F-1 C,24.0,321.25,49635.23,330.51
2014-10-17,15/9-F-11,24.0,1089.63,168358.65,334.86
2014-10-17,15/9-F-12,24.0,173.81,26854.71,4930.24
2014-10-17,15/9-F-14,24.0,320.17,49469.2,3330.6
2014-10-17,15/9-F-15 D,24.0,186.89,28876.57,5.95
2014-10-17,15/9-F-4,24.0,,,
2014-10-17,15/9-F-5,24.0,,,
2014-10-18,15/9-F-1 C,24.0,321.22,49749.37,328.68
2014-10-18,15/9-F-11,24.0,1080.18,167292.52,330.14
2014-10-18,15/9-F-12,24.0,174.6,27040.82,4925.68
2014-10-18,15/9-F-14,24.0,321.63,49812.03,3327.51
2014-10-18,15/9-F-15 D,24.0,187.21,28994.53,5.92
2014-10-18,15/9-F-4,24.0,,,
2014-10-18,15/9-F-5,24.0,,,
2014-10-19,15/9-F-1 C,24.0,323.37,50070.67,328.82
2014-10-19,15/9-F-11,24.0,1070.84,165807.48,325.25
2014-10-19,15/9-F-12,24.0,175.34,27150.51,4916.06
2014-10-19,15/9-F-14,24.0,323.0,50014.1,3321.01
2014-10-19,15/9-F-15 D,24.0,187.62,29051.66,5.9
2014-10-19,15/9-F-4,24.0,,,
2014-10-19,15/9-F-5,24.0,,,
2014-10-20,15/9-F-1 C,24.0,326.54,50700.18,334.76
2014-10-20,15/9-F-11,24.0,1058.72,164384.08,324.21
2014-10-20,15/9-F-12,24.0,173.65,26962.29,4908.41
2014-10-20,15/9-F-14,24.0,319.88,49667.38,3315.85
2014-10-20,15/9-F-15 D,24.0,185.91,28865.54,5.89
2014-10-20,15/9-F-4,24.0,,,
2014-10-20,15/9-F-5,24.0,,,
2014-10-21,15/9-F-1 C,24.0,316.21,48561.88,329.9
2014-10-21,15/9-F-11,24.0,1084.5,166550.32,324.71
2014-10-21,15/9-F-12,24.0,177.17,27208.31,4896.4
2014-10-21,15/9-F-14,24.0,326.36,50120.57,3307.73
2014-10-21,15/9-F-15 D,24.0,190.31,29226.68,5.9
2014-10-21,15/9-F-4,24.0,,,
2014-10-21,15/9-F-5,24.0,,,
2014-10-22,15/9-F-1 C,24.0,314.23,48495.35,335.34
2014-10-22,15/9-F-11,24.0,1072.14,165462.61,347.15
2014-10-22,15/9-F-12,24.0,176.38,27221.0,4986.33
2014-10-22,15/9-F-14,24.0,324.91,50143.95,3368.49
2014-10-22,15/9-F-15 D,24.0,188.87,29148.78,5.99
2014-10-22,15/9-F-4,24.0,,,
2014-10-22,15/9-F-5,24.0,,,
2014-10-23,15/9-F-1 C,24.0,313.92,48623.42,329.6
2014-10-23,15/9-F-11,24.0,1064.29,164846.19,339.04
2014-10-23,15/9-F-12,24.0,176.37,27317.35,4905.36
2014-10-23,15/9-F-14,24.0,324.89,50321.44,3313.79
2014-10-23,15/9-F-15 D,24.0,188.29,29164.55,5.87
2014-10-23,15/9-F-4,24.0,,,
2014-10-23,15/9-F-5,24.0,,,
2014-10-24,15/9-F-1 C,24.0,314.24,48608.64,332.0
2014-10-24,15/9-F-11,24.0,1054.46,163111.82,338.01
2014-10-24,15/9-F-12,24.0,176.78,27346.14,4947.71
2014-10-24,15/9-F-14,24.0,325.66,50374.46,3342.4
2014-10-24,15/9-F-15 D,23.0,174.21,26947.16,5.47
2014-10-24,15/9-F-4,24.0,,,
2014-10-24,15/9-F-5,24.0,,,
2014-10-25,15/9-F-1 C,24.0,317.47,49209.26,333.76
2014-10-25,15/9-F-11,24.0,1068.23,165579.38,340.73
2014-10-25,15/9-F-12,24.0,178.54,27675.31,4972.32
2014-10-25,15/9-F-14,24.0,328.9,50980.83,3359.03
2014-10-25,15/9-F-15 D,16.75833,117.56,18223.01,3.67
2014-10-25,15/9-F-4,24.0,,,
2014-10-25,15/9-F-5,24.0,,,
2014-10-26,15/9-F-1 C,25.0,333.14,51384.55,336.05
2014-10-26,15/9-F-11,25.0,1110.58,171297.3,339.89
2014-10-26,15/9-F-12,25.0,187.27,28884.47,5004.0
2014-10-26,15/9-F-14,25.0,344.97,53208.23,3380.43
2014-10-26,15/9-F-15 D,21.575,161.42,24897.9,4.84
2014-10-26,15/9-F-4,25.0,,,
2014-10-26,15/9-F-5,25.0,,,
2014-10-27,15/9-F-1 C,24.0,318.2,49190.87,332.65
2014-10-27,15/9-F-11,24.0,1065.09,164652.44,337.83
2014-10-27,15/9-F-12,24.0,178.98,27669.03,4956.58
2014-10-27,15/9-F-14,24.0,329.71,50969.26,3348.38
2014-10-27,15/9-F-15 D,24.0,190.36,29427.9,5.91
2014-10-27,15/9-F-4,24.0,,,
2014-10-27,15/9-F-5,24.0,,,
2014-10-28,15/9-F-1 C,24.0,315.14,48598.96,325.35
2014-10-28,15/9-F-11,24.0,1063.62,164028.5,333.17
2014-10-28,15/9-F-12,24.0,178.74,27565.18,4888.46
2014-10-28,15/9-F-14,24.0,329.27,50777.97,3302.37
2014-10-28,15/9-F-15 D,24.0,190.9,29439.37,5.86
2014-10-28,15/9-F-4,24.0,,,
2014-10-28,15/9-F-5,24.0,,,
2014-10-29,15/9-F-1 C,24.0,304.36,46729.01,320.2
2014-10-29,15/9-F-11,24.0,1030.57,158223.33,328.95
2014-10-29,15/9-F-12,24.0,159.75,24526.98,4452.03
2014-10-29,15/9-F-14,24.0,318.0,48823.37,3249.99
2014-10-29,15/9-F-15 D,24.0,182.9,28081.24,5.72
2014-10-29,15/9-F-4,24.0,,,
2014-10-29,15/9-F-5,24.0,,,
2014-10-30,15/9-F-1 C,24.0,318.25,48777.45,330.73
2014-10-30,15/9-F-11,24.0,1071.73,164259.82,337.92
2014-10-30,15/9-F-12,24.0,177.39,27188.14,4883.35
2014-10-30,15/9-F-14,24.0,327.23,50153.78,3303.55
2014-10-30,15/9-F-15 D,24.0,190.57,29207.4,5.88
2014-10-30,15/9-F-4,24.0,,,
2014-10-30,15/9-F-5,24.0,,,
2014-10-31,15/9-F-1 C,24.0,322.58,50070.47,329.75
2014-10-31,15/9-F-11,24.0,1073.25,166589.51,332.87
2014-10-31,15/9-F-12,24.0,178.64,27727.91,4837.34
2014-10-31,15/9-F-14,24.0,321.89,49962.94,3196.52
2014-10-31,15/9-F-15 D,24.0,189.19,29365.75,5.75
2014-10-31,15/9-F-4,24.0,,,
2014-10-31,15/9-F-5,24.0,,,
2014-11-01,15/9-F-1 C,24.0,316.54,49047.96,323.66
2014-11-01,15/9-F-11,24.0,1054.42,163384.8,327.12
2014-11-01,15/9-F-12,24.0,177.31,27475.22,4802.78
2014-11-01,15/9-F-14,24.0,326.63,50612.25,3244.49
2014-11-01,15/9-F-15 D,24.0,189.29,29331.35,5.75
2014-11-01,15/9-F-4,24.0,,,
2014-11-01,15/9-F-5,24.0,,,
2014-11-02,15/9-F-1 C,24.0,321.29,49771.51,329.74
2014-11-02,15/9-F-11,24.0,1042.65,161516.16,324.66
2014-11-02,15/9-F-12,24.0,180.04,27890.65,4894.83
2014-11-02,15/9-F-14,24.0,324.42,50256.18,3234.51
2014-11-02,15/9-F-15 D,24.0,190.03,29437.11,5.8
2014-11-02,15/9-F-4,24.0,,,
2014-11-02,15/9-F-5,24.0,,,
2014-11-03,15/9-F-1 C,24.0,295.17,45685.5,328.45
2014-11-03,15/9-F-11,24.0,1026.75,158916.83,355.98
2014-11-03,15/9-F-12,24.0,190.44,29476.38,4757.51
2014-11-03,15/9-F-14,24.0,340.8,52747.21,3400.27
2014-11-03,15/9-F-15 D,24.0,195.52,30261.75,5.97
2014-11-03,15/9-F-4,24.0,,,
2014-11-03,15/9-F-5,24.0,,,
2014-11-04,15/9-F-1 C,24.0,290.68,45093.92,304.68
2014-11-04,15/9-F-11,24.0,1033.12,160267.28,365.55
2014-11-04,15/9-F-12,24.0,187.73,29123.29,4786.16
2014-11-04,15/9-F-14,24.0,335.94,52115.36,3420.74
2014-11-04,15/9-F-15 D,24.0,193.73,30053.98,6.03
2014-11-04,15/9-F-4,24.0,,,
2014-11-04,15/9-F-5,24.0,,,
2014-11-05,15/9-F-1 C,24.0,288.26,44831.92,306.52
2014-11-05,15/9-F-11,24.0,1022.89,159086.25,367.18
2014-11-05,15/9-F-12,24.0,185.04,28778.19,4785.83
2014-11-05,15/9-F-14,24.0,331.12,51497.81,3420.5
2014-11-05,15/9-F-15 D,24.0,191.12,29724.8,6.04
2014-11-05,15/9-F-4,24.0,,,
2014-11-05,15/9-F-5,24.0,,,
2014-11-06,15/9-F-1 C,24.0,292.13,45409.59,310.29
2014-11-06,15/9-F-11,24.0,1026.32,159536.33,368.0
2014-11-06,15/9-F-12,24.0,185.14,28778.77,4783.05
2014-11-06,15/9-F-14,24.0,331.3,51498.85,3418.52
2014-11-06,15/9-F-15 D,24.0,191.37,29747.56,6.04
2014-11-06,15/9-F-4,24.0,,,
2014-11-06,15/9-F-5,24.0,,,
2014-11-07,15/9-F-1 C,24.0,293.13,45241.11,303.39
2014-11-07,15/9-F-11,24.0,1047.36,161648.14,365.94
2014-11-07,15/9-F-12,24.0,189.55,29254.95,4771.91
2014-11-07,15/9-F-14,24.0,339.2,52350.96,3410.55
2014-11-07,15/9-F-15 D,24.0,195.85,30226.77,6.02
2014-11-07,15/9-F-4,24.0,,,
2014-11-07,15/9-F-5,24.0,,,
2014-11-08,15/9-F-1 C,24.0,292.29,45656.62,321.66
2014-11-08,15/9-F-11,24.0,1039.83,162427.45,386.3
2014-11-08,15/9-F-12,24.0,189.18,29550.08,5063.75
2014-11-08,15/9-F-14,24.0,338.53,52879.08,3619.14
2014-11-08,15/9-F-15 D,24.0,195.26,30501.03,6.39
2014-11-08,15/9-F-4,24.0,,,
2014-11-08,15/9-F-5,24.0,,,
2014-11-09,15/9-F-1 C,24.0,289.93,45638.78,325.6
2014-11-09,15/9-F-11,24.0,1037.21,163270.0,393.21
2014-11-09,15/9-F-12,24.0,187.68,29544.1,5126.75
2014-11-09,15/9-F-14,24.0,335.86,52868.38,3664.15
2014-11-09,15/9-F-15 D,24.0,193.72,30493.74,6.46
2014-11-09,15/9-F-4,24.0,,,
2014-11-09,15/9-F-5,24.0,,,
2014-11-10,15/9-F-1 C,24.0,283.28,46087.72,324.04
2014-11-10,15/9-F-11,24.0,990.65,161172.72,382.54
2014-11-10,15/9-F-12,24.0,179.26,29164.59,4987.55
2014-11-10,15/9-F-14,24.0,349.09,56794.2,3879.21
2014-11-10,15/9-F-15 D,24.0,184.92,30085.58,6.29
2014-11-10,15/9-F-4,24.0,,,
2014-11-10,15/9-F-5,24.0,,,
2014-11-11,15/9-F-1 C,24.0,294.55,46628.59,331.5
2014-11-11,15/9-F-11,24.0,1019.84,161443.2,387.45
2014-11-11,15/9-F-12,24.0,186.41,29509.61,5102.76
2014-11-11,15/9-F-14,24.0,363.01,57466.09,3968.82
2014-11-11,15/9-F-15 D,24.0,192.29,30440.82,6.43
2014-11-11,15/9-F-4,24.0,,,
2014-11-11,15/9-F-5,24.0,,,
2014-11-12,15/9-F-1 C,24.0,295.28,46218.27,317.91
2014-11-12,15/9-F-11,24.0,1019.63,159593.91,370.58
2014-11-12,15/9-F-12,24.0,187.16,29293.8,4901.06
2014-11-12,15/9-F-14,24.0,364.46,57045.82,3811.93
2014-11-12,15/9-F-15 D,24.0,192.99,30206.23,6.17
2014-11-12,15/9-F-4,24.0,,,
2014-11-12,15/9-F-5,24.0,,,
2014-11-13,15/9-F-1 C,24.0,290.93,45666.25,311.88
2014-11-13,15/9-F-11,24.0,1001.28,157166.28,362.34
2014-11-13,15/9-F-12,24.0,184.54,28966.37,4811.7
2014-11-13,15/9-F-14,24.0,359.37,56408.19,3742.45
2014-11-13,15/9-F-15 D,24.0,190.12,29841.9,6.06
2014-11-13,15/9-F-4,24.0,,,
2014-11-13,15/9-F-5,24.0,,,
2014-11-14,15/9-F-1 C,24.0,290.46,45494.2,311.76
2014-11-14,15/9-F-11,24.0,995.77,155969.78,360.8
2014-11-14,15/9-F-12,24.0,184.34,28872.38,4812.36
2014-11-14,15/9-F-14,24.0,358.97,56225.16,3742.95
2014-11-14,15/9-F-15 D,24.0,189.7,29711.93,10.3
2014-11-14,15/9-F-4,24.0,,,
2014-11-14,15/9-F-5,24.0,,,
2014-11-15,15/9-F-1 C,24.0,293.48,45840.45,310.73
2014-11-15,15/9-F-11,24.0,1004.24,156860.56,358.93
2014-11-15,15/9-F-12,24.0,186.2,29083.07,4794.98
2014-11-15,15/9-F-14,24.0,362.59,56635.46,3729.43
2014-11-15,15/9-F-15 D,24.0,191.69,29940.92,10.26
2014-11-15,15/9-F-4,24.0,,,
2014-11-15,15/9-F-5,24.0,,,
2014-11-16,15/9-F-1 C,24.0,292.77,45756.05,319.06
2014-11-16,15/9-F-11,24.0,993.88,155325.61,365.62
2014-11-16,15/9-F-12,24.0,183.7,28709.71,4869.33
2014-11-16,15/9-F-14,24.0,357.73,55908.38,3787.26
2014-11-16,15/9-F-15 D,24.0,189.15,29561.14,10.42
2014-11-16,15/9-F-4,24.0,,,
2014-11-16,15/9-F-5,24.0,,,
2014-11-17,15/9-F-1 C,24.0,293.11,45039.02,330.08
2014-11-17,15/9-F-11,24.0,980.83,150715.66,372.87
2014-11-17,15/9-F-12,24.0,181.31,27860.48,4966.4
2014-11-17,15/9-F-14,24.0,353.08,54254.62,3862.75
2014-11-17,15/9-F-15 D,24.0,186.7,28687.79,10.63
2014-11-17,15/9-F-4,24.0,,,
2014-11-17,15/9-F-5,24.0,,,
2014-11-18,15/9-F-1 C,24.0,289.07,44152.35,313.15
2014-11-18,15/9-F-11,24.0,1005.51,153577.94,367.71
2014-11-18,15/9-F-12,24.0,186.42,28473.87,4912.12
2014-11-18,15/9-F-14,24.0,363.03,55449.11,3820.54
2014-11-18,15/9-F-15 D,24.0,191.68,29276.48,10.5
2014-11-18,15/9-F-4,24.0,,,
2014-11-18,15/9-F-5,24.0,,,
2014-11-19,15/9-F-1 C,24.0,281.74,43106.73,305.81
2014-11-19,15/9-F-11,24.0,978.26,149678.0,358.45
2014-11-19,15/9-F-12,24.0,181.77,27811.87,4799.02
2014-11-19,15/9-F-14,24.0,353.98,54159.96,3732.56
2014-11-19,15/9-F-15 D,24.0,186.82,28584.54,10.25
2014-11-19,15/9-F-4,24.0,,,
2014-11-19,15/9-F-5,24.0,,,
2014-11-20,15/9-F-1 C,24.0,285.32,43755.31,302.5
2014-11-20,15/9-F-11,24.0,989.16,151691.17,354.02
2014-11-20,15/9-F-12,24.0,184.03,28222.09,4745.71
2014-11-20,15/9-F-14,24.0,358.38,54958.8,3691.12
2014-11-20,15/9-F-15 D,24.0,189.11,29000.05,10.14
2014-11-20,15/9-F-4,24.0,,,
2014-11-20,15/9-F-5,24.0,,,
2014-11-21,15/9-F-1 C,24.0,283.6,43675.5,300.66
2014-11-21,15/9-F-11,24.0,981.25,151114.31,351.17
2014-11-21,15/9-F-12,24.0,183.0,28181.69,4718.72
2014-11-21,15/9-F-14,24.0,356.36,54880.14,3670.12
2014-11-21,15/9-F-15 D,24.0,187.96,28946.38,10.08
2014-11-21,15/9-F-4,24.0,,,
2014-11-21,15/9-F-5,24.0,,,
2014-11-22,15/9-F-1 C,24.0,283.17,43476.89,300.48
2014-11-22,15/9-F-11,24.0,980.88,150603.08,351.37
2014-11-22,15/9-F-12,24.0,182.72,28054.03,4716.01
2014-11-22,15/9-F-14,24.0,355.82,54631.54,3668.0
2014-11-22,15/9-F-15 D,24.0,187.72,28822.89,10.07
2014-11-22,15/9-F-4,24.0,,,
2014-11-22,15/9-F-5,24.0,,,
2014-11-23,15/9-F-1 C,24.0,272.89,42663.27,299.46
2014-11-23,15/9-F-11,24.0,944.45,147656.0,349.86
2014-11-23,15/9-F-12,24.0,176.44,27585.51,4709.5
2014-11-23,15/9-F-14,24.0,343.6,53719.16,3662.96
2014-11-23,15/9-F-15 D,24.0,181.04,28304.45,10.05
2014-11-23,15/9-F-4,24.0,,,
2014-11-23,15/9-F-5,24.0,,,
2014-11-24,15/9-F-1 C,15.775,0.0,0.0,0.0
2014-11-24,15/9-F-11,24.0,981.97,149548.77,368.76
2014-11-24,15/9-F-12,8.94167,50.87,7747.26,1376.43
2014-11-24,15/9-F-14,24.0,357.14,54391.28,3859.6
2014-11-24,15/9-F-15 D,24.0,188.01,28633.37,6.21
2014-11-24,15/9-F-4,9.10833,,,
2014-11-24,15/9-F-5,24.0,,,
2014-11-25,15/9-F-1 C,0.0,0.0,0.0,0.0
2014-11-25,15/9-F-11,24.0,861.08,127172.24,292.87
2014-11-25,15/9-F-12,0.0,0.0,0.0,0.0
2014-11-25,15/9-F-14,24.0,340.37,50269.61,3331.48
2014-11-25,15/9-F-15 D,21.375,150.52,22229.56,4.51
2014-11-25,15/9-F-4,0.0,,,
2014-11-25,15/9-F-5,24.0,,,
2014-11-26,15/9-F-1 C,0.0,0.0,0.0,0.0
2014-11-26,15/9-F-11,24.0,300.43,55341.7,111.22
2014-11-26,15/9-F-12,0.0,0.0,0.0,0.0
2014-11-26,15/9-F-14,24.0,305.37,56252.36,3253.47
2014-11-26,15/9-F-15 D,0.0,0.0,0.0,0.0
2014-11-26,15/9-F-4,0.0,,,
2014-11-26,15/9-F-5,24.0,,,
2014-11-27,15/9-F-1 C,0.0,0.0,0.0,0.0
2014-11-27,15/9-F-11,24.0,315.64,53072.86,111.14
2014-11-27,15/9-F-12,0.0,0.0,0.0,0.0
2014-11-27,15/9-F-14,24.0,321.38,54039.74,3256.73
2014-11-27,15/9-F-15 D,0.0,0.0,0.0,0.0
2014-11-27,15/9-F-4,0.0,,,
2014-11-27,15/9-F-5,24.0,,,
2014-11-28,15/9-F-1 C,0.0,0.0,0.0,0.0
2014-11-28,15/9-F-11,20.72514,517.82,80701.16,102.38
2014-11-28,15/9-F-12,5.775,58.69,9146.29,836.01
2014-11-28,15/9-F-14,22.05833,400.77,62459.42,2280.2
2014-11-28,15/9-F-15 D,0.0,0.0,0.0,0.0
2014-11-28,15/9-F-4,11.44167,,,
2014-11-28,15/9-F-5,12.55833,,,
2014-11-29,15/9-F-1 C,0.0,0.0,0.0,0.0
2014-11-29,15/9-F-11,10.44153,271.57,45438.72,21.37
2014-11-29,15/9-F-12,14.225,146.09,24443.97,828.47
2014-11-29,15/9-F-14,14.94167,336.44,56293.49,762.02
2014-11-29,15/9-F-15 D,0.0,0.0,0.0,0.0
2014-11-29,15/9-F-4,24.0,,,
2014-11-29,15/9-F-5,0.0,,,
2014-11-30,15/9-F-1 C,12.0,1.26,250.79,1.23
2014-11-30,15/9-F-11,13.22514,146.81,29219.38,48.19
2014-11-30,15/9-F-12,0.0,0.0,0.0,0.0
2014-11-30,15/9-F-14,23.5,321.67,64024.13,3038.4
2014-11-30,15/9-F-15 D,0.0,0.0,0.0,0.0
2014-11-30,15/9-F-4,23.33333,,,
2014-11-30,15/9-F-5,0.0,,,
2014-12-01,15/9-F-1 C,13.5,120.29,25857.08,183.44
2014-12-01,15/9-F-11,17.77486,130.07,27957.75,66.95
2014-12-01,15/9-F-12,0.0,0.0,0.0,0.0
2014-12-01,15/9-F-14,24.0,198.35,42635.45,2938.33
2014-12-01,15/9-F-15 D,0.0,0.0,0.0,0.0
2014-12-01,15/9-F-4,24.0,,,
2014-12-01,15/9-F-5,0.0,,,
2014-12-02,15/9-F-1 C,0.0,0.0,0.0,0.0
2014-12-02,15/9-F-11,24.0,207.03,40642.81,90.63
2014-12-02,15/9-F-12,0.0,0.0,0.0,0.0
2014-12-02,15/9-F-14,24.0,253.04,49673.2,3187.59
2014-12-02,15/9-F-15 D,0.0,0.0,0.0,0.0
2014-12-02,15/9-F-4,24.0,,,
2014-12-02,15/9-F-5,0.0,,,
2014-12-03,15/9-F-1 C,0.0,0.0,0.0,0.0
2014-12-03,15/9-F-11,24.0,193.28,37790.02,81.5
2014-12-03,15/9-F-12,0.0,0.0,0.0,0.0
2014-12-03,15/9-F-14,24.0,262.77,51377.57,3188.74
2014-12-03,15/9-F-15 D,0.0,0.0,0.0,0.0
2014-12-03,15/9-F-4,24.0,,,
2014-12-03,15/9-F-5,0.0,,,
2014-12-04,15/9-F-1 C,0.0,0.0,0.0,0.0
2014-12-04,15/9-F-11,23.16666,379.68,63329.09,137.2
2014-12-04,15/9-F-12,0.0,0.0,0.0,0.0
2014-12-04,15/9-F-14,23.33333,282.43,47107.63,2937.05
2014-12-04,15/9-F-15 D,0.0,0.0,0.0,0.0
2014-12-04,15/9-F-4,22.16666,,,
2014-12-04,15/9-F-5,0.0,,,
2014-12-05,15/9-F-1 C,14.0,0.0,0.0,0.0
2014-12-05,15/9-F-11,24.0,421.41,66885.45,96.92
2014-12-05,15/9-F-12,0.0,0.0,0.0,0.0
2014-12-05,15/9-F-14,24.0,483.94,76809.87,3202.93
2014-12-05,15/9-F-15 D,0.0,0.0,0.0,0.0
2014-12-05,15/9-F-4,24.0,,,
2014-12-05,15/9-F-5,0.0,,,
2014-12-06,15/9-F-1 C,0.0,0.0,0.0,0.0
2014-12-06,15/9-F-11,24.0,266.7,43488.62,89.38
2014-12-06,15/9-F-12,0.0,0.0,0.0,0.0
2014-12-06,15/9-F-14,24.0,339.06,55289.58,3270.06
2014-12-06,15/9-F-15 D,0.0,0.0,0.0,0.0
2014-12-06,15/9-F-4,24.0,,,
2014-12-06,15/9-F-5,0.0,,,
2014-12-07,15/9-F-1 C,0.0,0.0,0.0,0.0
2014-12-07,15/9-F-11,24.0,222.63,36312.29,79.77
2014-12-07,15/9-F-12,0.0,0.0,0.0,0.0
2014-12-07,15/9-F-14,24.0,310.03,50566.99,3196.87
2014-12-07,15/9-F-15 D,0.0,0.0,0.0,0.0
2014-12-07,15/9-F-4,24.0,,,
2014-12-07,15/9-F-5,0.0,,,
2014-12-08,15/9-F-1 C,0.0,0.0,0.0,0.0
2014-12-08,15/9-F-11,24.0,202.47,33013.19,76.24
2014-12-08,15/9-F-12,0.0,0.0,0.0,0.0
2014-12-08,15/9-F-14,24.0,295.37,48160.85,3200.63
2014-12-08,15/9-F-15 D,0.0,0.0,0.0,0.0
2014-12-08,15/9-F-4,24.0,,,
2014-12-08,15/9-F-5,0.0,,,
2014-12-09,15/9-F-1 C,0.0,0.0,0.0,0.0
2014-12-09,15/9-F-11,24.0,208.3,33939.28,76.94
2014-12-09,15/9-F-12,0.0,0.0,0.0,0.0
2014-12-09,15/9-F-14,24.0,302.9,49353.4,3219.62
2014-12-09,15/9-F-15 D,0.0,0.0,0.0,0.0
2014-12-09,15/9-F-4,24.0,,,
2014-12-09,15/9-F-5,0.0,,,
2014-12-10,15/9-F-1 C,0.0,0.0,0.0,0.0
2014-12-10,15/9-F-11,24.0,290.89,47436.54,104.27
2014-12-10,15/9-F-12,0.0,0.0,0.0,0.0
2014-12-10,15/9-F-14,24.0,313.84,51178.48,3237.35
2014-12-10,15/9-F-15 D,0.0,0.0,0.0,0.0
2014-12-10,15/9-F-4,22.5,,,
2014-12-10,15/9-F-5,0.0,,,
2014-12-11,15/9-F-1 C,0.0,0.0,0.0,0.0
2014-12-11,15/9-F-11,24.0,192.29,31341.74,75.87
2014-12-11,15/9-F-12,0.0,0.0,0.0,0.0
2014-12-11,15/9-F-14,24.0,281.74,45920.57,3198.84
2014-12-11,15/9-F-15 D,0.0,0.0,0.0,0.0
2014-12-11,15/9-F-4,24.0,,,
2014-12-11,15/9-F-5,0.0,,,
2014-12-12,15/9-F-1 C,0.0,0.0,0.0,0.0
2014-12-12,15/9-F-11,24.0,233.23,38033.66,71.16
2014-12-12,15/9-F-12,0.0,0.0,0.0,0.0
2014-12-12,15/9-F-14,24.0,331.51,54061.34,2910.74
2014-12-12,15/9-F-15 D,0.0,0.0,0.0,0.0
2014-12-12,15/9-F-4,24.0,,,
2014-12-12,15/9-F-5,0.0,,,
2014-12-13,15/9-F-1 C,0.0,0.0,0.0,0.0
2014-12-13,15/9-F-11,24.0,191.55,31194.08,67.46
2014-12-13,15/9-F-12,0.0,0.0,0.0,0.0
2014-12-13,15/9-F-14,24.0,277.88,45252.89,2816.12
2014-12-13,15/9-F-15 D,0.0,0.0,0.0,0.0
2014-12-13,15/9-F-4,7.39167,,,
2014-12-13,15/9-F-5,16.60833,,,
2014-12-14,15/9-F-1 C,0.0,0.0,0.0,0.0
2014-12-14,15/9-F-11,24.0,300.44,49004.78,104.24
2014-12-14,15/9-F-12,0.0,0.0,0.0,0.0
2014-12-14,15/9-F-14,24.0,328.13,53522.46,3276.46
2014-12-14,15/9-F-15 D,0.0,0.0,0.0,0.0
2014-12-14,15/9-F-4,0.0,,,
2014-12-14,15/9-F-5,24.0,,,
2014-12-15,15/9-F-1 C,0.0,0.0,0.0,0.0
2014-12-15,15/9-F-11,24.0,272.5,44397.41,103.98
2014-12-15,15/9-F-12,0.0,0.0,0.0,0.0
2014-12-15,15/9-F-14,24.0,306.76,49979.69,3368.41
2014-12-15,15/9-F-15 D,0.0,0.0,0.0,0.0
2014-12-15,15/9-F-4,0.0,,,
2014-12-15,15/9-F-5,24.0,,,
2014-12-16,15/9-F-1 C,0.0,0.0,0.0,0.0
2014-12-16,15/9-F-11,24.0,285.71,46545.41,102.17
2014-12-16,15/9-F-12,0.0,0.0,0.0,0.0
2014-12-16,15/9-F-14,24.0,324.63,52884.99,3340.56
2014-12-16,15/9-F-15 D,0.0,0.0,0.0,0.0
2014-12-16,15/9-F-4,0.0,,,
2014-12-16,15/9-F-5,24.0,,,
2014-12-17,15/9-F-1 C,0.0,0.0,0.0,0.0
2014-12-17,15/9-F-11,24.0,295.77,48230.02,102.11
2014-12-17,15/9-F-12,0.0,0.0,0.0,0.0
2014-12-17,15/9-F-14,24.0,333.97,54459.62,3318.03
2014-12-17,15/9-F-15 D,0.0,0.0,0.0,0.0
2014-12-17,15/9-F-4,0.0,,,
2014-12-17,15/9-F-5,24.0,,,
2014-12-18,15/9-F-1 C,0.0,0.0,0.0,0.0
2014-12-18,15/9-F-11,22.08333,358.41,58407.8,131.92
2014-12-18,15/9-F-12,0.0,0.0,0.0,0.0
2014-12-18,15/9-F-14,22.33334,278.73,45423.71,2952.45
2014-12-18,15/9-F-15 D,0.0,0.0,0.0,0.0
2014-12-18,15/9-F-4,0.0,,,
2014-12-18,15/9-F-5,20.55,,,
2014-12-19,15/9-F-1 C,0.0,0.0,0.0,0.0
2014-12-19,15/9-F-11,23.33334,362.87,59176.37,138.89
2014-12-19,15/9-F-12,0.0,0.0,0.0,0.0
2014-12-19,15/9-F-14,23.66667,278.82,45469.63,3071.21
2014-12-19,15/9-F-15 D,0.0,0.0,0.0,0.0
2014-12-19,15/9-F-4,0.0,,,
2014-12-19,15/9-F-5,22.0,,,
2014-12-20,15/9-F-1 C,0.0,0.0,0.0,0.0
2014-12-20,15/9-F-11,24.0,317.56,51775.75,111.74
2014-12-20,15/9-F-12,0.0,0.0,0.0,0.0
2014-12-20,15/9-F-14,24.0,329.27,53685.46,3334.15
2014-12-20,15/9-F-15 D,0.0,0.0,0.0,0.0
2014-12-20,15/9-F-4,0.0,,,
2014-12-20,15/9-F-5,24.0,,,
2014-12-21,15/9-F-1 C,0.0,0.0,0.0,0.0
2014-12-21,15/9-F-11,24.0,284.18,46334.11,102.43
2014-12-21,15/9-F-12,0.0,0.0,0.0,0.0
2014-12-21,15/9-F-14,24.0,319.65,52118.18,3315.76
2014-12-21,15/9-F-15 D,0.0,0.0,0.0,0.0
2014-12-21,15/9-F-4,0.0,,,
2014-12-21,15/9-F-5,24.0,,,
2014-12-22,15/9-F-1 C,0.0,0.0,0.0,0.0
2014-12-22,15/9-F-11,24.0,273.16,44562.16,102.59
2014-12-22,15/9-F-12,0.0,0.0,0.0,0.0
2014-12-22,15/9-F-14,24.0,305.35,49814.82,3300.42
2014-12-22,15/9-F-15 D,0.0,0.0,0.0,0.0
2014-12-22,15/9-F-4,0.0,,,
2014-12-22,15/9-F-5,24.0,,,
2014-12-23,15/9-F-1 C,0.0,0.0,0.0,0.0
2014-12-23,15/9-F-11,24.0,275.81,44994.08,101.59
2014-12-23,15/9-F-12,0.0,0.0,0.0,0.0
2014-12-23,15/9-F-14,24.0,312.7,51012.62,3314.53
2014-12-23,15/9-F-15 D,0.0,0.0,0.0,0.0
2014-12-23,15/9-F-4,0.0,,,
2014-12-23,15/9-F-5,24.0,,,
2014-12-24,15/9-F-1 C,0.0,0.0,0.0,0.0
2014-12-24,15/9-F-11,24.0,277.21,45203.49,102.51
2014-12-24,15/9-F-12,0.0,0.0,0.0,0.0
2014-12-24,15/9-F-14,24.0,312.55,50966.51,3326.06
2014-12-24,15/9-F-15 D,0.0,0.0,0.0,0.0
2014-12-24,15/9-F-4,0.0,,,
2014-12-24,15/9-F-5,24.0,,,
2014-12-25,15/9-F-1 C,0.0,0.0,0.0,0.0
2014-12-25,15/9-F-11,24.0,284.56,46373.83,103.76
2014-12-25,15/9-F-12,0.0,0.0,0.0,0.0
2014-12-25,15/9-F-14,24.0,318.56,51915.18,3342.88
2014-12-25,15/9-F-15 D,0.0,0.0,0.0,0.0
2014-12-25,15/9-F-4,0.0,,,
2014-12-25,15/9-F-5,24.0,,,
2014-12-26,15/9-F-1 C,0.0,0.0,0.0,0.0
2014-12-26,15/9-F-11,24.0,291.27,47476.96,103.21
2014-12-26,15/9-F-12,0.0,0.0,0.0,0.0
2014-12-26,15/9-F-14,24.0,326.73,53256.86,3331.61
2014-12-26,15/9-F-15 D,0.0,0.0,0.0,0.0
2014-12-26,15/9-F-4,0.0,,,
2014-12-26,15/9-F-5,24.0,,,
2014-12-27,15/9-F-1 C,0.0,0.0,0.0,0.0
2014-12-27,15/9-F-11,24.0,284.48,46408.53,106.41
2014-12-27,15/9-F-12,0.0,0.0,0.0,0.0
2014-12-27,15/9-F-14,24.0,314.02,51228.21,3380.34
2014-12-27,15/9-F-15 D,0.0,0.0,0.0,0.0
2014-12-27,15/9-F-4,0.0,,,
2014-12-27,15/9-F-5,24.0,,,
2014-12-28,15/9-F-1 C,0.0,0.0,0.0,0.0
2014-12-28,15/9-F-11,24.0,280.53,45705.53,104.36
2014-12-28,15/9-F-12,0.0,0.0,0.0,0.0
2014-12-28,15/9-F-14,24.0,319.75,52094.61,3423.04
2014-12-28,15/9-F-15 D,0.0,0.0,0.0,0.0
2014-12-28,15/9-F-4,0.0,,,
2014-12-28,15/9-F-5,24.0,,,
2014-12-29,15/9-F-1 C,0.0,0.0,0.0,0.0
2014-12-29,15/9-F-11,23.50001,330.5,53852.63,130.37
2014-12-29,15/9-F-12,0.0,0.0,0.0,0.0
2014-12-29,15/9-F-14,23.5,292.71,47696.33,3322.86
2014-12-29,15/9-F-15 D,0.0,0.0,0.0,0.0
2014-12-29,15/9-F-4,0.0,,,
2014-12-29,15/9-F-5,10.39167,,,
2014-12-30,15/9-F-1 C,0.0,0.0,0.0,0.0
2014-12-30,15/9-F-11,24.0,293.75,47894.32,96.32
2014-12-30,15/9-F-12,0.0,0.0,0.0,0.0
2014-12-30,15/9-F-14,24.0,376.06,61315.68,3548.79
2014-12-30,15/9-F-15 D,0.0,0.0,0.0,0.0
2014-12-30,15/9-F-4,0.0,,,
2014-12-30,15/9-F-5,0.0,,,
2014-12-31,15/9-F-1 C,0.0,0.0,0.0,0.0
2014-12-31,15/9-F-11,24.0,339.68,55403.94,116.16
2014-12-31,15/9-F-12,0.0,0.0,0.0,0.0
2014-12-31,15/9-F-14,24.0,353.86,57717.92,3482.51
2014-12-31,15/9-F-15 D,0.0,0.0,0.0,0.0
2014-12-31,15/9-F-4,0.0,,,
2014-12-31,15/9-F-5,12.775,,,
2015-01-01,15/9-F-1 C,9.5,94.01,16782.38,65.19
2015-01-01,15/9-F-11,24.0,571.41,102003.71,133.75
2015-01-01,15/9-F-12,9.5,14.94,2666.65,251.95
2015-01-01,15/9-F-14,24.0,488.21,87150.63,3288.66
2015-01-01,15/9-F-15 D,9.5,29.34,5236.8,0.6
2015-01-01,15/9-F-4,9.5,,,
2015-01-01,15/9-F-5,24.0,,,
2015-01-02,15/9-F-1 C,24.0,790.87,118908.67,299.67
2015-01-02,15/9-F-11,24.0,711.15,106922.15,312.23
2015-01-02,15/9-F-12,24.0,782.75,117687.8,226.18
2015-01-02,15/9-F-14,24.0,324.9,48848.54,3365.41
2015-01-02,15/9-F-15 D,24.0,159.18,23932.65,5.04
2015-01-02,15/9-F-4,24.0,,,
2015-01-02,15/9-F-5,24.0,,,
2015-01-03,15/9-F-1 C,24.0,916.81,148644.1,345.31
2015-01-03,15/9-F-11,24.0,834.36,135275.75,346.32
2015-01-03,15/9-F-12,24.0,871.14,141238.56,237.97
2015-01-03,15/9-F-14,24.0,343.85,55748.2,3367.16
2015-01-03,15/9-F-15 D,24.0,207.72,33677.2,6.22
2015-01-03,15/9-F-4,24.0,,,
2015-01-03,15/9-F-5,24.0,,,
2015-01-04,15/9-F-1 C,24.0,788.73,115569.52,400.83
2015-01-04,15/9-F-11,24.0,816.68,119664.93,345.28
2015-01-04,15/9-F-12,24.0,855.13,125297.08,237.93
2015-01-04,15/9-F-14,24.0,337.58,49464.9,3367.25
2015-01-04,15/9-F-15 D,24.0,206.42,30246.43,6.3
2015-01-04,15/9-F-4,24.0,,,
2015-01-04,15/9-F-5,24.0,,,
2015-01-05,15/9-F-1 C,24.0,790.15,115433.13,405.58
2015-01-05,15/9-F-11,24.0,822.12,120104.06,351.07
2015-01-05,15/9-F-12,24.0,838.83,122544.67,235.74
2015-01-05,15/9-F-14,24.0,331.43,48419.26,3339.13
2015-01-05,15/9-F-15 D,24.0,221.34,32335.34,6.82
2015-01-05,15/9-F-4,24.0,,,
2015-01-05,15/9-F-5,24.0,,,
2015-01-06,15/9-F-1 C,24.0,783.85,113935.04,411.88
2015-01-06,15/9-F-11,24.0,868.95,126304.88,379.86
2015-01-06,15/9-F-12,24.0,834.13,121244.68,239.98
2015-01-06,15/9-F-14,24.0,324.45,47160.33,3346.23
2015-01-06,15/9-F-15 D,24.0,223.41,32473.2,7.05
2015-01-06,15/9-F-4,24.0,,,
2015-01-06,15/9-F-5,24.0,,,
2015-01-07,15/9-F-1 C,24.0,574.29,84034.22,461.44
2015-01-07,15/9-F-11,24.0,926.15,135522.62,389.8
2015-01-07,15/9-F-12,24.0,859.23,125729.03,238.0
2015-01-07,15/9-F-14,24.0,333.91,48860.14,3315.57
2015-01-07,15/9-F-15 D,24.0,230.15,33678.09,6.99
2015-01-07,15/9-F-4,24.0,,,
2015-01-07,15/9-F-5,24.0,,,
2015-01-08,15/9-F-1 C,24.0,626.39,90849.23,512.88
2015-01-08,15/9-F-11,24.0,1015.35,147261.69,435.47
2015-01-08,15/9-F-12,24.0,829.95,120372.4,234.26
2015-01-08,15/9-F-14,24.0,322.41,46760.49,3262.31
2015-01-08,15/9-F-15 D,24.0,225.72,32736.7,6.99
2015-01-08,15/9-F-4,24.0,,,
2015-01-08,15/9-F-5,24.0,,,
2015-01-09,15/9-F-1 C,17.66667,355.75,51609.08,282.81
2015-01-09,15/9-F-11,17.83333,824.03,119541.07,421.12
2015-01-09,15/9-F-12,15.66666,532.53,77253.85,179.11
2015-01-09,15/9-F-14,18.0,189.48,27487.8,2284.57
2015-01-09,15/9-F-15 D,17.66666,183.0,26547.98,6.75
2015-01-09,15/9-F-4,17.0,,,
2015-01-09,15/9-F-5,17.0,,,
2015-01-10,15/9-F-1 C,20.66666,422.91,61324.12,311.75
2015-01-10,15/9-F-11,20.33333,945.62,137122.49,448.13
2015-01-10,15/9-F-12,20.41667,786.25,114011.46,245.21
2015-01-10,15/9-F-14,20.75,231.0,33496.79,2582.68
2015-01-10,15/9-F-15 D,20.41666,196.73,28526.92,6.73
2015-01-10,15/9-F-4,19.5,,,
2015-01-10,15/9-F-5,19.0,,,
2015-01-11,15/9-F-1 C,24.0,486.97,70280.92,366.9
2015-01-11,15/9-F-11,24.0,1167.01,168424.9,565.24
2015-01-11,15/9-F-12,24.0,1069.61,154367.68,340.95
2015-01-11,15/9-F-14,24.0,282.48,40767.51,3227.89
2015-01-11,15/9-F-15 D,24.0,236.36,34112.01,8.26
2015-01-11,15/9-F-4,24.0,,,
2015-01-11,15/9-F-5,24.0,,,
2015-01-12,15/9-F-1 C,24.0,597.29,86569.34,418.66
2015-01-12,15/9-F-11,24.0,1089.48,157902.77,490.91
2015-01-12,15/9-F-12,24.0,859.51,124574.14,254.88
2015-01-12,15/9-F-14,24.0,312.71,45323.39,3324.36
2015-01-12,15/9-F-15 D,24.0,221.17,32055.9,7.19
2015-01-12,15/9-F-4,24.0,,,
2015-01-12,15/9-F-5,24.0,,,
2015-01-13,15/9-F-1 C,24.0,610.33,88850.28,425.68
2015-01-13,15/9-F-11,24.0,1103.27,160611.48,494.67
2015-01-13,15/9-F-12,24.0,865.58,126008.15,255.41
2015-01-13,15/9-F-14,24.0,315.5,45929.35,3337.39
2015-01-13,15/9-F-15 D,24.0,220.09,32040.06,7.12
2015-01-13,15/9-F-4,24.0,,,
2015-01-13,15/9-F-5,24.0,,,
2015-01-14,15/9-F-1 C,24.0,580.74,85171.1,438.07
2015-01-14,15/9-F-11,24.0,987.37,144808.01,478.81
2015-01-14,15/9-F-12,24.0,775.25,113698.05,247.41
2015-01-14,15/9-F-14,24.0,282.1,41372.75,3227.44
2015-01-14,15/9-F-15 D,24.0,196.41,28806.16,6.87
2015-01-14,15/9-F-4,24.0,,,
2015-01-14,15/9-F-5,24.0,,,
2015-01-15,15/9-F-1 C,24.0,461.02,66952.09,329.92
2015-01-15,15/9-F-11,24.0,1070.17,155418.67,492.33
2015-01-15,15/9-F-12,24.0,827.2,120132.22,457.43
2015-01-15,15/9-F-14,24.0,301.02,43716.64,3267.21
2015-01-15,15/9-F-15 D,24.0,209.59,30437.61,6.96
2015-01-15,15/9-F-4,24.0,,,
2015-01-15,15/9-F-5,24.0,,,
2015-01-16,15/9-F-1 C,24.0,453.09,64393.57,307.31
2015-01-16,15/9-F-11,24.0,1088.7,154724.71,474.69
2015-01-16,15/9-F-12,24.0,839.36,119289.82,439.91
2015-01-16,15/9-F-14,24.0,305.23,43379.95,3139.86
2015-01-16,15/9-F-15 D,24.0,213.12,30288.99,6.71
2015-01-16,15/9-F-4,24.0,,,
2015-01-16,15/9-F-5,24.0,,,
2015-01-17,15/9-F-1 C,24.0,418.97,61533.75,292.68
2015-01-17,15/9-F-11,0.0,1026.57,150773.5,461.02
2015-01-17,15/9-F-12,24.0,776.66,114069.04,419.25
2015-01-17,15/9-F-14,24.0,282.31,41462.71,2991.1
2015-01-17,15/9-F-15 D,24.0,197.91,29067.23,6.41
2015-01-17,15/9-F-4,24.0,,,
2015-01-17,15/9-F-5,24.0,,,
2015-01-18,15/9-F-1 C,24.0,442.16,64668.4,292.77
2015-01-18,15/9-F-11,24.0,1083.4,158454.17,461.16
2015-01-18,15/9-F-12,24.0,819.66,119879.93,419.38
2015-01-18,15/9-F-14,24.0,297.94,43574.9,2991.96
2015-01-18,15/9-F-15 D,24.0,208.87,30547.97,6.42
2015-01-18,15/9-F-4,24.0,,,
2015-01-18,15/9-F-5,24.0,,,
2015-01-19,15/9-F-1 C,24.0,447.32,65213.05,295.52
2015-01-19,15/9-F-11,24.0,1004.72,146472.99,426.7
2015-01-19,15/9-F-12,24.0,829.23,120889.59,423.32
2015-01-19,15/9-F-14,24.0,301.42,43941.9,3020.07
2015-01-19,15/9-F-15 D,24.0,211.31,30805.25,6.48
2015-01-19,15/9-F-4,24.0,,,
2015-01-19,15/9-F-5,24.0,,,
2015-01-20,15/9-F-1 C,18.66667,226.24,33090.82,180.33
2015-01-20,15/9-F-11,22.16667,896.9,131181.49,459.56
2015-01-20,15/9-F-12,22.0,767.76,112293.95,472.87
2015-01-20,15/9-F-14,22.0,215.18,31472.86,2601.26
2015-01-20,15/9-F-15 D,22.33334,201.3,29442.84,7.44
2015-01-20,15/9-F-4,13.39167,,,
2015-01-20,15/9-F-5,19.66667,,,
2015-01-21,15/9-F-1 C,1.0,7.64,1121.79,5.62
2015-01-21,15/9-F-11,24.0,958.68,140745.34,452.98
2015-01-21,15/9-F-12,24.0,948.12,139195.83,538.49
2015-01-21,15/9-F-14,24.0,298.54,43829.29,3328.0
2015-01-21,15/9-F-15 D,24.0,219.96,32293.14,7.5
2015-01-21,15/9-F-4,17.60833,,,
2015-01-21,15/9-F-5,24.0,,,
2015-01-22,15/9-F-1 C,0.0,0.0,0.0,0.0
2015-01-22,15/9-F-11,24.0,963.57,142438.47,433.37
2015-01-22,15/9-F-12,24.0,944.39,139604.56,510.55
2015-01-22,15/9-F-14,24.0,314.32,46464.34,3335.21
2015-01-22,15/9-F-15 D,24.0,215.04,31788.38,6.98
2015-01-22,15/9-F-4,24.0,,,
2015-01-22,15/9-F-5,24.0,,,
2015-01-23,15/9-F-1 C,0.0,0.0,0.0,0.0
2015-01-23,15/9-F-11,24.0,981.8,145611.43,501.1
2015-01-23,15/9-F-12,24.0,924.64,137135.43,493.6
2015-01-23,15/9-F-14,24.0,309.83,45952.37,3246.39
2015-01-23,15/9-F-15 D,24.0,210.97,31290.06,6.76
2015-01-23,15/9-F-4,24.0,,,
2015-01-23,15/9-F-5,24.0,,,
2015-01-24,15/9-F-1 C,0.0,0.0,0.0,0.0
2015-01-24,15/9-F-11,24.0,1021.26,150712.71,518.24
2015-01-24,15/9-F-12,24.0,902.12,133129.55,478.8
2015-01-24,15/9-F-14,24.0,308.19,45481.24,3210.5
2015-01-24,15/9-F-15 D,24.0,207.84,30671.23,6.62
2015-01-24,15/9-F-4,24.0,,,
2015-01-24,15/9-F-5,24.0,,,
2015-01-25,15/9-F-1 C,0.0,0.0,0.0,0.0
2015-01-25,15/9-F-11,24.0,1006.31,149866.17,517.48
2015-01-25,15/9-F-12,24.0,890.65,132640.16,479.03
2015-01-25,15/9-F-14,24.0,303.93,45263.08,3208.45
2015-01-25,15/9-F-15 D,24.0,203.89,30364.01,6.58
2015-01-25,15/9-F-4,24.0,,,
2015-01-25,15/9-F-5,24.0,,,
2015-01-26,15/9-F-1 C,0.0,0.0,0.0,0.0
2015-01-26,15/9-F-11,24.0,1006.49,149685.1,514.79
2015-01-26,15/9-F-12,24.0,886.77,131879.14,474.38
2015-01-26,15/9-F-14,22.0,277.44,41260.51,2913.04
2015-01-26,15/9-F-15 D,22.0,188.7,28062.65,6.06
2015-01-26,15/9-F-4,19.0,,,
2015-01-26,15/9-F-5,19.0,,,
2015-01-27,15/9-F-1 C,0.0,0.0,0.0,0.0
2015-01-27,15/9-F-11,24.0,1049.98,154302.41,678.03
2015-01-27,15/9-F-12,24.0,943.93,138718.34,637.54
2015-01-27,15/9-F-14,16.44167,118.82,17461.65,1575.16
2015-01-27,15/9-F-15 D,11.775,87.82,12905.9,3.56
2015-01-27,15/9-F-4,14.44167,,,
2015-01-27,15/9-F-5,14.44167,,,
2015-01-28,15/9-F-1 C,0.0,0.0,0.0,0.0
2015-01-28,15/9-F-11,24.0,946.4,139228.33,463.72
2015-01-28,15/9-F-12,24.0,927.74,136482.98,475.45
2015-01-28,15/9-F-14,24.0,309.9,45589.73,3117.16
2015-01-28,15/9-F-15 D,24.0,179.1,26348.36,9.38
2015-01-28,15/9-F-4,24.0,,,
2015-01-28,15/9-F-5,24.0,,,
2015-01-29,15/9-F-1 C,13.69167,0.0,0.0,0.0
2015-01-29,15/9-F-11,24.0,946.36,140317.07,462.52
2015-01-29,15/9-F-12,24.0,925.05,137159.06,472.87
2015-01-29,15/9-F-14,24.0,308.96,45810.14,3099.82
2015-01-29,15/9-F-15 D,24.0,175.79,26064.42,9.18
2015-01-29,15/9-F-4,24.0,,,
2015-01-29,15/9-F-5,24.0,,,
2015-01-30,15/9-F-1 C,14.725,0.0,0.0,0.0
2015-01-30,15/9-F-11,24.0,919.8,135523.64,442.81
2015-01-30,15/9-F-12,24.0,898.87,132438.97,452.6
2015-01-30,15/9-F-14,24.0,277.58,40898.98,3120.11
2015-01-30,15/9-F-15 D,24.0,161.02,23724.91,8.28
2015-01-30,15/9-F-4,24.0,,,
2015-01-30,15/9-F-5,24.0,,,
2015-01-31,15/9-F-1 C,0.0,0.0,0.0,0.0
2015-01-31,15/9-F-11,24.0,907.74,132052.24,507.44
2015-01-31,15/9-F-12,24.0,885.57,128826.66,517.77
2015-01-31,15/9-F-14,18.94166,170.36,24782.23,2223.5
2015-01-31,15/9-F-15 D,17.775,126.24,18365.2,7.54
2015-01-31,15/9-F-4,13.44167,,,
2015-01-31,15/9-F-5,13.525,,,
2015-02-01,15/9-F-1 C,0.0,0.0,0.0,0.0
2015-02-01,15/9-F-11,24.0,937.48,138263.65,521.92
2015-02-01,15/9-F-12,24.0,913.75,134764.67,532.07
2015-02-01,15/9-F-14,21.05833,183.95,27129.25,2391.1
2015-02-01,15/9-F-15 D,15.55833,105.73,15593.73,6.29
2015-02-01,15/9-F-4,19.725,,,
2015-02-01,15/9-F-5,14.55833,,,
2015-02-02,15/9-F-1 C,0.0,0.0,0.0,0.0
2015-02-02,15/9-F-11,24.0,901.47,133045.0,441.92
2015-02-02,15/9-F-12,24.0,875.95,129278.27,449.13
2015-02-02,15/9-F-14,24.0,270.25,39885.28,3093.28
2015-02-02,15/9-F-15 D,24.0,159.92,23602.44,8.38
2015-02-02,15/9-F-4,24.0,,,
2015-02-02,15/9-F-5,24.0,,,
2015-02-03,15/9-F-1 C,0.0,0.0,0.0,0.0
2015-02-03,15/9-F-11,24.0,898.3,133186.46,752.04
2015-02-03,15/9-F-12,24.0,873.07,129445.49,764.48
2015-02-03,15/9-F-14,15.94167,139.66,20705.87,2729.82
2015-02-03,15/9-F-15 D,15.775,110.62,16400.31,9.9
2015-02-03,15/9-F-4,13.44167,,,
2015-02-03,15/9-F-5,13.60833,,,
2015-02-04,15/9-F-1 C,0.0,0.0,0.0,0.0
2015-02-04,15/9-F-11,15.94181,625.33,99659.08,517.85
2015-02-04,15/9-F-12,16.10833,554.0,88290.66,479.84
2015-02-04,15/9-F-14,18.05833,106.75,17013.49,2064.14
2015-02-04,15/9-F-15 D,18.05833,106.92,17039.92,9.46
2015-02-04,15/9-F-4,0.0,,,
2015-02-04,15/9-F-5,0.0,,,
2015-02-05,15/9-F-1 C,0.0,0.0,0.0,0.0
2015-02-05,15/9-F-11,5.39153,228.78,37831.86,89.03
2015-02-05,15/9-F-12,2.225,89.29,14766.24,36.34
2015-02-05,15/9-F-14,24.0,338.0,55893.04,3071.02
2015-02-05,15/9-F-15 D,24.0,204.42,33804.7,8.5
2015-02-05,15/9-F-4,1.225,,,
2015-02-05,15/9-F-5,1.225,,,
2015-02-06,15/9-F-1 C,0.0,0.0,0.0,0.0
2015-02-06,15/9-F-11,24.0,702.96,106682.7,431.78
2015-02-06,15/9-F-12,24.0,1162.07,176360.07,746.56
2015-02-06,15/9-F-14,24.0,206.71,31370.36,2964.45
2015-02-06,15/9-F-15 D,24.0,120.3,18257.77,7.9
2015-02-06,15/9-F-4,24.0,,,
2015-02-06,15/9-F-5,24.0,,,
2015-02-07,15/9-F-1 C,0.0,0.0,0.0,0.0
2015-02-07,15/9-F-11,24.0,792.97,122658.91,421.9
2015-02-07,15/9-F-12,24.0,810.62,125387.25,451.09
2015-02-07,15/9-F-14,24.0,249.26,38556.5,3096.49
2015-02-07,15/9-F-15 D,24.0,144.76,22391.87,8.23
2015-02-07,15/9-F-4,24.0,,,
2015-02-07,15/9-F-5,24.0,,,
2015-02-08,15/9-F-1 C,0.0,0.0,0.0,0.0
2015-02-08,15/9-F-11,17.10847,623.95,100184.92,329.97
2015-02-08,15/9-F-12,17.10833,433.41,69589.35,239.72
2015-02-08,15/9-F-14,24.0,255.65,41048.47,3156.67
2015-02-08,15/9-F-15 D,24.0,148.78,23887.91,8.41
2015-02-08,15/9-F-4,17.44167,,,
2015-02-08,15/9-F-5,17.44167,,,
2015-02-09,15/9-F-1 C,10.475,125.26,20461.25,471.47
2015-02-09,15/9-F-11,17.72486,744.19,121563.77,344.91
2015-02-09,15/9-F-12,11.975,381.15,62260.6,184.76
2015-02-09,15/9-F-14,24.0,293.78,47989.12,3179.1
2015-02-09,15/9-F-15 D,24.0,169.15,27631.29,8.38
2015-02-09,15/9-F-4,21.05833,,,
2015-02-09,15/9-F-5,21.05833,,,
2015-02-10,15/9-F-1 C,24.0,402.41,61862.19,663.83
2015-02-10,15/9-F-11,24.0,865.75,133092.74,468.96
2015-02-10,15/9-F-12,24.0,812.31,124876.92,524.67
2015-02-10,15/9-F-14,24.0,250.89,38569.43,3173.08
2015-02-10,15/9-F-15 D,24.0,146.07,22455.44,8.45
2015-02-10,15/9-F-4,24.0,,,
2015-02-10,15/9-F-5,24.0,,,
2015-02-11,15/9-F-1 C,24.0,474.1,72529.77,557.04
2015-02-11,15/9-F-11,24.0,895.84,137050.58,459.74
2015-02-11,15/9-F-12,24.0,708.94,108457.09,604.37
2015-02-11,15/9-F-14,24.0,272.56,41698.13,3265.93
2015-02-11,15/9-F-15 D,24.0,178.9,27368.86,9.81
2015-02-11,15/9-F-4,24.0,,,
2015-02-11,15/9-F-5,24.0,,,
2015-02-12,15/9-F-1 C,24.0,466.03,71095.25,550.25
2015-02-12,15/9-F-11,24.0,940.2,143431.37,530.08
2015-02-12,15/9-F-12,24.0,697.18,106358.9,597.27
2015-02-12,15/9-F-14,24.0,268.0,40884.38,3227.01
2015-02-12,15/9-F-15 D,24.0,174.98,26694.1,9.64
2015-02-12,15/9-F-4,24.0,,,
2015-02-12,15/9-F-5,24.0,,,
2015-02-13,15/9-F-1 C,24.0,423.36,64496.63,534.75
2015-02-13,15/9-F-11,24.0,962.2,146584.02,535.44
2015-02-13,15/9-F-12,24.0,710.02,108166.32,600.36
2015-02-13,15/9-F-14,24.0,271.96,41431.5,3232.17
2015-02-13,15/9-F-15 D,24.0,180.31,27468.53,9.81
2015-02-13,15/9-F-4,24.0,,,
2015-02-13,15/9-F-5,24.0,,,
2015-02-14,15/9-F-1 C,24.0,421.26,64061.91,544.04
2015-02-14,15/9-F-11,24.0,965.2,146781.02,549.17
2015-02-14,15/9-F-12,24.0,706.05,107370.97,610.41
2015-02-14,15/9-F-14,24.0,270.78,41177.89,3290.36
2015-02-14,15/9-F-15 D,24.0,177.07,26927.21,9.85
2015-02-14,15/9-F-4,24.0,,,
2015-02-14,15/9-F-5,24.0,,,
2015-02-15,15/9-F-1 C,24.0,419.02,63549.54,538.95
2015-02-15,15/9-F-11,24.0,969.44,147028.11,549.34
2015-02-15,15/9-F-12,24.0,704.3,106814.55,606.41
2015-02-15,15/9-F-14,24.0,269.97,40943.32,3267.13
2015-02-15,15/9-F-15 D,24.0,179.11,27163.48,9.92
2015-02-15,15/9-F-4,24.0,,,
2015-02-15,15/9-F-5,24.0,,,
2015-02-16,15/9-F-1 C,24.0,419.54,63731.42,468.27
2015-02-16,15/9-F-11,24.0,976.99,148412.09,520.7
2015-02-16,15/9-F-12,24.0,702.34,106691.18,568.78
2015-02-16,15/9-F-14,24.0,269.67,40964.81,3546.17
2015-02-16,15/9-F-15 D,24.0,178.04,27046.45,9.28
2015-02-16,15/9-F-4,24.0,,,
2015-02-16,15/9-F-5,24.0,,,
2015-02-17,15/9-F-1 C,24.0,409.69,62914.7,474.07
2015-02-17,15/9-F-11,24.0,994.39,152703.64,549.44
2015-02-17,15/9-F-12,24.0,683.84,105013.34,574.13
2015-02-17,15/9-F-14,24.0,260.65,40026.14,3553.39
2015-02-17,15/9-F-15 D,24.0,173.71,26675.78,9.38
2015-02-17,15/9-F-4,24.0,,,
2015-02-17,15/9-F-5,24.0,,,
2015-02-18,15/9-F-1 C,24.0,519.64,77678.67,551.1
2015-02-18,15/9-F-11,24.0,1001.96,149778.1,507.4
2015-02-18,15/9-F-12,24.0,716.3,107076.04,551.18
2015-02-18,15/9-F-14,24.0,274.9,41093.68,3434.84
2015-02-18,15/9-F-15 D,24.0,180.77,27022.9,8.95
2015-02-18,15/9-F-4,24.0,,,
2015-02-18,15/9-F-5,24.0,,,
2015-02-19,15/9-F-1 C,24.0,652.82,97101.11,618.78
2015-02-19,15/9-F-11,24.0,1030.53,153281.51,525.97
2015-02-19,15/9-F-12,24.0,724.37,107743.56,561.76
2015-02-19,15/9-F-14,24.0,278.07,41359.57,3501.67
2015-02-19,15/9-F-15 D,24.0,182.89,27203.65,9.12
2015-02-19,15/9-F-4,24.0,,,
2015-02-19,15/9-F-5,24.0,,,
2015-02-20,15/9-F-1 C,24.0,638.16,95395.52,702.45
2015-02-20,15/9-F-11,24.0,1009.31,150875.75,598.22
2015-02-20,15/9-F-12,24.0,706.94,105677.47,636.68
2015-02-20,15/9-F-14,24.0,271.56,40594.17,3971.37
2015-02-20,15/9-F-15 D,24.0,178.49,26681.48,10.34
2015-02-20,15/9-F-4,15.5,,,
2015-02-20,15/9-F-5,15.5,,,
2015-02-21,15/9-F-1 C,24.0,624.59,93261.67,672.22
2015-02-21,15/9-F-11,24.0,996.11,148735.23,577.27
2015-02-21,15/9-F-12,24.0,689.52,102956.52,607.17
2015-02-21,15/9-F-14,24.0,265.58,39656.26,3797.58
2015-02-21,15/9-F-15 D,24.0,174.89,26114.79,9.91
2015-02-21,15/9-F-4,24.0,,,
2015-02-21,15/9-F-5,24.0,,,
2015-02-22,15/9-F-1 C,24.0,475.6,70961.75,544.64
2015-02-22,15/9-F-11,24.0,1047.18,156246.94,572.63
2015-02-22,15/9-F-12,24.0,717.38,107037.19,596.07
2015-02-22,15/9-F-14,24.0,276.0,41180.25,3723.79
2015-02-22,15/9-F-15 D,24.0,179.23,26742.38,9.58
2015-02-22,15/9-F-4,24.0,,,
2015-02-22,15/9-F-5,24.0,,,
2015-02-23,15/9-F-1 C,24.0,410.07,61684.06,479.46
2015-02-23,15/9-F-11,24.0,1038.28,156179.43,534.82
2015-02-23,15/9-F-12,24.0,716.15,107725.13,560.52
2015-02-23,15/9-F-14,24.0,275.59,41454.56,3502.56
2015-02-23,15/9-F-15 D,24.0,181.56,27309.99,9.14
2015-02-23,15/9-F-4,24.0,,,
2015-02-23,15/9-F-5,24.0,,,
2015-02-24,15/9-F-1 C,24.0,625.9,92974.81,555.93
2015-02-24,15/9-F-11,24.0,1014.53,150705.91,547.16
2015-02-24,15/9-F-12,24.0,699.15,103855.93,572.94
2015-02-24,15/9-F-14,24.0,269.61,40049.23,3587.67
2015-02-24,15/9-F-15 D,24.0,175.72,26102.12,9.26
2015-02-24,15/9-F-4,24.0,,,
2015-02-24,15/9-F-5,24.0,,,
2015-02-25,15/9-F-1 C,24.0,940.93,137836.14,770.81
2015-02-25,15/9-F-11,24.0,1022.01,149714.36,551.0
2015-02-25,15/9-F-12,24.0,705.72,103379.96,578.13
2015-02-25,15/9-F-14,24.0,272.17,39869.67,3620.46
2015-02-25,15/9-F-15 D,24.0,176.82,25901.44,9.32
2015-02-25,15/9-F-4,24.0,,,
2015-02-25,15/9-F-5,24.0,,,
2015-02-26,15/9-F-1 C,24.0,738.49,108413.19,622.56
2015-02-26,15/9-F-11,24.0,1046.43,153620.75,514.59
2015-02-26,15/9-F-12,24.0,704.86,103475.58,526.68
2015-02-26,15/9-F-14,24.0,271.87,39911.4,3298.67
2015-02-26,15/9-F-15 D,24.0,177.15,26006.74,8.52
2015-02-26,15/9-F-4,20.49167,,,
2015-02-26,15/9-F-5,20.49167,,,
2015-02-27,15/9-F-1 C,18.94167,399.77,59444.09,424.37
2015-02-27,15/9-F-11,24.0,1056.64,157118.05,557.52
2015-02-27,15/9-F-12,24.0,709.02,105429.21,694.76
2015-02-27,15/9-F-14,24.0,273.25,40631.39,3557.33
2015-02-27,15/9-F-15 D,24.0,157.19,23373.27,11.59
2015-02-27,15/9-F-4,24.0,,,
2015-02-27,15/9-F-5,24.0,,,
2015-02-28,15/9-F-1 C,0.0,0.0,0.0,0.0
2015-02-28,15/9-F-11,24.0,1058.8,161657.74,560.24
2015-02-28,15/9-F-12,23.38,670.85,102425.78,659.22
2015-02-28,15/9-F-14,24.0,271.71,41483.88,3547.21
2015-02-28,15/9-F-15 D,24.0,157.79,24091.6,11.67
2015-02-28,15/9-F-4,24.0,,,
2015-02-28,15/9-F-5,24.0,,,
2015-03-01,15/9-F-1 C,0.0,0.0,0.0,0.0
2015-03-01,15/9-F-11,24.0,1056.24,160333.61,553.16
2015-03-01,15/9-F-12,24.0,716.24,108722.61,696.62
2015-03-01,15/9-F-14,24.0,271.85,41265.1,3512.7
2015-03-01,15/9-F-15 D,24.0,157.72,23940.68,11.55
2015-03-01,15/9-F-4,24.0,,,
2015-03-01,15/9-F-5,24.0,,,
2015-03-02,15/9-F-1 C,0.0,0.0,0.0,0.0
2015-03-02,15/9-F-11,24.0,1051.49,159342.63,550.83
2015-03-02,15/9-F-12,24.0,713.85,108177.85,694.49
2015-03-02,15/9-F-14,24.0,270.42,40978.9,3495.2
2015-03-02,15/9-F-15 D,24.0,156.98,23789.47,11.5
2015-03-02,15/9-F-4,24.0,,,
2015-03-02,15/9-F-5,24.0,,,
2015-03-03,15/9-F-1 C,0.0,0.0,0.0,0.0
2015-03-03,15/9-F-11,24.0,1053.04,158788.2,544.51
2015-03-03,15/9-F-12,24.0,717.16,108139.68,688.67
2015-03-03,15/9-F-14,24.0,271.12,40881.46,3458.92
2015-03-03,15/9-F-15 D,24.0,162.93,24568.66,11.78
2015-03-03,15/9-F-4,24.0,,,
2015-03-03,15/9-F-5,24.0,,,
2015-03-04,15/9-F-1 C,0.0,0.0,0.0,0.0
2015-03-04,15/9-F-11,24.0,1050.75,158638.84,529.02
2015-03-04,15/9-F-12,24.0,715.86,108076.93,669.33
2015-03-04,15/9-F-14,24.0,282.91,42711.71,3514.27
2015-03-04,15/9-F-15 D,24.0,161.52,24384.89,11.37
2015-03-04,15/9-F-4,24.0,,,
2015-03-04,15/9-F-5,24.0,,,
2015-03-05,15/9-F-1 C,0.0,0.0,0.0,0.0
2015-03-05,15/9-F-11,24.0,1077.56,163104.32,561.72
2015-03-05,15/9-F-12,24.0,718.68,108784.14,695.77
2015-03-05,15/9-F-14,24.0,270.27,40908.89,3476.18
2015-03-05,15/9-F-15 D,24.0,158.88,24049.6,11.58
2015-03-05,15/9-F-4,24.0,,,
2015-03-05,15/9-F-5,24.0,,,
2015-03-06,15/9-F-1 C,0.0,0.0,0.0,0.0
2015-03-06,15/9-F-11,24.0,1213.31,182682.75,651.92
2015-03-06,15/9-F-12,24.0,697.73,105053.88,696.23
2015-03-06,15/9-F-14,24.0,261.96,39442.79,3472.88
2015-03-06,15/9-F-15 D,24.0,150.54,22666.28,11.31
2015-03-06,15/9-F-4,24.0,,,
2015-03-06,15/9-F-5,24.0,,,
2015-03-07,15/9-F-1 C,0.0,0.0,0.0,0.0
2015-03-07,15/9-F-11,24.0,1218.64,184776.0,660.68
2015-03-07,15/9-F-12,24.0,693.61,105168.18,698.35
2015-03-07,15/9-F-14,24.0,259.79,39391.03,3475.14
2015-03-07,15/9-F-15 D,24.0,149.7,22697.74,11.34
2015-03-07,15/9-F-4,24.0,,,
2015-03-07,15/9-F-5,24.0,,,
2015-03-08,15/9-F-1 C,0.0,0.0,0.0,0.0
2015-03-08,15/9-F-11,24.0,1210.61,183380.56,657.26
2015-03-08,15/9-F-12,24.0,691.71,104777.78,697.43
2015-03-08,15/9-F-14,24.0,258.51,39158.41,3462.89
2015-03-08,15/9-F-15 D,24.0,149.76,22685.24,11.37
2015-03-08,15/9-F-4,24.0,,,
2015-03-08,15/9-F-5,24.0,,,
2015-03-09,15/9-F-1 C,0.0,0.0,0.0,0.0
2015-03-09,15/9-F-11,24.0,1201.66,180486.34,645.05
2015-03-09,15/9-F-12,24.0,706.94,106179.05,704.74
2015-03-09,15/9-F-14,24.0,263.44,39567.06,3489.09
2015-03-09,15/9-F-15 D,24.0,151.82,22803.23,11.39
2015-03-09,15/9-F-4,24.0,,,
2015-03-09,15/9-F-5,24.0,,,
2015-03-10,15/9-F-1 C,0.0,0.0,0.0,0.0
2015-03-10,15/9-F-11,24.0,1213.89,180257.23,653.11
2015-03-10,15/9-F-12,24.0,705.8,104809.48,705.24
2015-03-10,15/9-F-14,24.0,261.71,38863.69,3474.29
2015-03-10,15/9-F-15 D,24.0,150.41,22335.19,11.31
2015-03-10,15/9-F-4,24.0,,,
2015-03-10,15/9-F-5,24.0,,,
2015-03-11,15/9-F-1 C,0.0,0.0,0.0,0.0
2015-03-11,15/9-F-11,24.0,1222.74,181172.64,661.35
2015-03-11,15/9-F-12,24.0,706.67,104706.64,709.84
2015-03-11,15/9-F-14,24.0,261.22,38705.69,3486.14
2015-03-11,15/9-F-15 D,24.0,150.13,22245.03,11.35
2015-03-11,15/9-F-4,24.0,,,
2015-03-11,15/9-F-5,24.0,,,
2015-03-12,15/9-F-1 C,0.0,0.0,0.0,0.0
2015-03-12,15/9-F-11,24.0,1217.77,180677.78,679.63
2015-03-12,15/9-F-12,24.0,707.62,104988.43,733.43
2015-03-12,15/9-F-14,24.0,260.65,38671.33,3589.14
2015-03-12,15/9-F-15 D,24.0,150.59,22343.09,11.75
2015-03-12,15/9-F-4,24.0,,,
2015-03-12,15/9-F-5,24.0,,,
2015-03-13,15/9-F-1 C,0.0,0.0,0.0,0.0
2015-03-13,15/9-F-11,24.0,1218.6,182929.14,667.27
2015-03-13,15/9-F-12,24.0,700.36,105134.46,712.21
2015-03-13,15/9-F-14,24.0,257.26,38618.48,3475.69
2015-03-13,15/9-F-15 D,24.0,149.08,22378.79,11.41
2015-03-13,15/9-F-4,24.0,,,
2015-03-13,15/9-F-5,24.0,,,
2015-03-14,15/9-F-1 C,0.0,0.0,0.0,0.0
2015-03-14,15/9-F-11,24.0,1247.39,185976.77,679.42
2015-03-14,15/9-F-12,24.0,708.18,105583.8,716.34
2015-03-14,15/9-F-14,24.0,258.79,38583.83,3477.86
2015-03-14,15/9-F-15 D,24.0,148.78,22182.6,11.33
2015-03-14,15/9-F-4,24.0,,,
2015-03-14,15/9-F-5,24.0,,,
2015-03-15,15/9-F-1 C,0.0,0.0,0.0,0.0
2015-03-15,15/9-F-11,24.0,1632.83,241011.17,822.51
2015-03-15,15/9-F-12,24.0,703.7,103867.87,719.69
2015-03-15,15/9-F-14,24.0,256.56,37868.18,3485.97
2015-03-15,15/9-F-15 D,24.0,148.65,21940.68,11.44
2015-03-15,15/9-F-4,24.0,,,
2015-03-15,15/9-F-5,24.0,,,
2015-03-16,15/9-F-1 C,0.0,0.0,0.0,0.0
2015-03-16,15/9-F-11,24.0,2002.08,294179.13,761.31
2015-03-16,15/9-F-12,24.0,712.24,104653.54,732.26
2015-03-16,15/9-F-14,24.0,259.2,38085.63,3540.45
2015-03-16,15/9-F-15 D,24.0,147.89,21730.01,11.44
2015-03-16,15/9-F-4,24.0,,,
2015-03-16,15/9-F-5,24.0,,,
2015-03-17,15/9-F-1 C,0.0,0.0,0.0,0.0
2015-03-17,15/9-F-11,24.0,2025.24,294996.21,744.35
2015-03-17,15/9-F-12,24.0,721.35,105072.33,716.81
2015-03-17,15/9-F-14,24.0,262.19,38190.61,3461.46
2015-03-17,15/9-F-15 D,24.0,152.21,22170.21,11.38
2015-03-17,15/9-F-4,24.0,,,
2015-03-17,15/9-F-5,24.0,,,
2015-03-18,15/9-F-1 C,8.20833,91.76,13339.36,411.9
2015-03-18,15/9-F-11,24.0,2021.7,293906.9,736.84
2015-03-18,15/9-F-12,24.0,722.86,105086.24,712.3
2015-03-18,15/9-F-14,24.0,263.83,38355.18,3454.06
2015-03-18,15/9-F-15 D,24.0,151.81,22070.3,11.26
2015-03-18,15/9-F-4,24.0,,,
2015-03-18,15/9-F-5,24.0,,,
2015-03-19,15/9-F-1 C,24.0,216.14,31636.31,1040.42
2015-03-19,15/9-F-11,24.0,2000.27,292780.95,729.42
2015-03-19,15/9-F-12,24.0,713.91,104494.33,703.86
2015-03-19,15/9-F-14,24.0,264.35,38692.82,3462.68
2015-03-19,15/9-F-15 D,24.0,151.69,22202.28,11.26
2015-03-19,15/9-F-4,24.0,,,
2015-03-19,15/9-F-5,24.0,,,
2015-03-20,15/9-F-1 C,24.0,222.87,32483.8,1131.36
2015-03-20,15/9-F-11,24.0,2035.82,296725.9,782.89
2015-03-20,15/9-F-12,24.0,733.31,106881.59,762.44
2015-03-20,15/9-F-14,24.0,271.47,39567.36,3749.96
2015-03-20,15/9-F-15 D,24.0,155.47,22659.93,12.17
2015-03-20,15/9-F-4,24.0,,,
2015-03-20,15/9-F-5,24.0,,,
2015-03-21,15/9-F-1 C,24.0,225.74,32819.07,1066.04
2015-03-21,15/9-F-11,24.0,2064.61,300167.59,738.62
2015-03-21,15/9-F-12,24.0,740.9,107716.61,716.64
2015-03-21,15/9-F-14,24.0,274.32,39882.43,3525.19
2015-03-21,15/9-F-15 D,24.0,157.97,22967.29,11.5
2015-03-21,15/9-F-4,24.0,,,
2015-03-21,15/9-F-5,24.0,,,
2015-03-22,15/9-F-1 C,24.0,385.1,58378.5,759.09
2015-03-22,15/9-F-11,24.0,1145.2,173605.33,430.11
2015-03-22,15/9-F-12,8.125,91.33,13844.81,92.74
2015-03-22,15/9-F-14,24.0,257.66,39059.29,3476.03
2015-03-22,15/9-F-15 D,8.29167,29.12,4415.12,2.23
2015-03-22,15/9-F-4,24.0,,,
2015-03-22,15/9-F-5,24.0,,,
2015-03-23,15/9-F-1 C,24.0,342.99,53457.1,698.06
2015-03-23,15/9-F-11,23.83333,333.88,52035.52,129.47
2015-03-23,15/9-F-12,0.0,0.0,0.0,0.0
2015-03-23,15/9-F-14,24.0,229.5,35767.27,3196.62
2015-03-23,15/9-F-15 D,0.0,0.0,0.0,0.0
2015-03-23,15/9-F-4,24.0,,,
2015-03-23,15/9-F-5,24.0,,,
2015-03-24,15/9-F-1 C,24.0,355.76,54800.79,798.3
2015-03-24,15/9-F-11,24.0,356.5,54914.54,152.42
2015-03-24,15/9-F-12,0.0,0.0,0.0,0.0
2015-03-24,15/9-F-14,24.0,195.3,30082.67,2999.25
2015-03-24,15/9-F-15 D,0.0,0.0,0.0,0.0
2015-03-24,15/9-F-4,24.0,,,
2015-03-24,15/9-F-5,24.0,,,
2015-03-25,15/9-F-1 C,24.0,447.87,67646.23,898.3
2015-03-25,15/9-F-11,24.0,800.79,120949.78,306.03
2015-03-25,15/9-F-12,9.0,44.33,6696.26,45.81
2015-03-25,15/9-F-14,24.0,250.48,37831.77,3438.37
2015-03-25,15/9-F-15 D,9.375,31.78,4799.46,2.47
2015-03-25,15/9-F-4,24.0,,,
2015-03-25,15/9-F-5,24.0,,,
2015-03-26,15/9-F-1 C,24.0,609.35,89538.88,872.75
2015-03-26,15/9-F-11,24.0,1994.47,293070.53,771.98
2015-03-26,15/9-F-12,24.0,736.05,108155.79,732.59
2015-03-26,15/9-F-14,24.0,269.7,39629.47,3566.24
2015-03-26,15/9-F-15 D,24.0,132.58,19480.86,9.93
2015-03-26,15/9-F-4,24.0,,,
2015-03-26,15/9-F-5,24.0,,,
2015-03-27,15/9-F-1 C,24.0,618.61,89062.1,854.72
2015-03-27,15/9-F-11,24.0,1954.67,281413.97,729.85
2015-03-27,15/9-F-12,24.0,741.77,106792.82,712.21
2015-03-27,15/9-F-14,24.0,273.87,39429.06,3493.55
2015-03-27,15/9-F-15 D,24.0,147.64,21255.76,10.67
2015-03-27,15/9-F-4,24.0,,,
2015-03-27,15/9-F-5,24.0,,,
2015-03-28,15/9-F-1 C,24.0,565.02,75662.72,781.51
2015-03-28,15/9-F-11,24.0,2013.54,269634.0,745.91
2015-03-28,15/9-F-12,24.0,706.56,94615.72,707.68
2015-03-28,15/9-F-14,24.0,261.25,34983.55,3476.32
2015-03-28,15/9-F-15 D,24.0,148.59,19898.09,11.2
2015-03-28,15/9-F-4,24.0,,,
2015-03-28,15/9-F-5,24.0,,,
2015-03-29,15/9-F-1 C,24.0,550.72,79169.64,757.13
2015-03-29,15/9-F-11,24.0,1835.3,263835.33,675.79
2015-03-29,15/9-F-12,24.0,666.68,95840.04,663.72
2015-03-29,15/9-F-14,24.0,250.31,35982.96,3310.68
2015-03-29,15/9-F-15 D,24.0,138.89,19966.03,10.41
2015-03-29,15/9-F-4,24.0,,,
2015-03-29,15/9-F-5,24.0,,,
2015-03-30,15/9-F-1 C,24.0,624.44,90173.3,779.34
2015-03-30,15/9-F-11,24.0,1927.71,278374.04,728.06
2015-03-30,15/9-F-12,24.0,697.6,100737.04,712.34
2015-03-30,15/9-F-14,24.0,257.61,37200.36,3494.89
2015-03-30,15/9-F-15 D,24.0,145.23,20972.44,11.16
2015-03-30,15/9-F-4,24.0,,,
2015-03-30,15/9-F-5,24.0,,,
2015-03-31,15/9-F-1 C,24.0,622.85,88513.65,758.52
2015-03-31,15/9-F-11,24.0,1917.89,272552.79,706.81
2015-03-31,15/9-F-12,24.0,708.43,100674.93,705.88
2015-03-31,15/9-F-14,24.0,261.54,37167.27,3462.22
2015-03-31,15/9-F-15 D,24.0,145.11,20621.47,10.88
2015-03-31,15/9-F-4,24.0,,,
2015-03-31,15/9-F-5,24.0,,,
2015-04-01,15/9-F-1 C,6.45833,57.52,8421.71,72.16
2015-04-01,15/9-F-11,24.0,1811.03,265161.74,687.57
2015-04-01,15/9-F-12,24.0,681.4,99765.66,699.44
2015-04-01,15/9-F-14,24.0,251.24,36784.44,3426.24
2015-04-01,15/9-F-15 D,24.0,138.25,20241.53,10.68
2015-04-01,15/9-F-4,24.0,,,
2015-04-01,15/9-F-5,24.0,,,
2015-04-02,15/9-F-1 C,0.0,0.0,0.0,0.0
2015-04-02,15/9-F-11,24.0,1825.33,266034.02,679.87
2015-04-02,15/9-F-12,24.0,696.82,101558.45,701.72
2015-04-02,15/9-F-14,24.0,256.09,37323.39,3426.19
2015-04-02,15/9-F-15 D,24.0,139.48,20327.87,10.57
2015-04-02,15/9-F-4,24.0,,,
2015-04-02,15/9-F-5,24.0,,,
2015-04-03,15/9-F-1 C,0.0,0.0,0.0,0.0
2015-04-03,15/9-F-11,24.0,1826.31,262154.69,681.22
2015-04-03,15/9-F-12,24.0,692.08,99344.03,697.96
2015-04-03,15/9-F-14,24.0,254.14,36480.09,3405.12
2015-04-03,15/9-F-15 D,24.0,140.55,20174.69,10.67
2015-04-03,15/9-F-4,24.0,,,
2015-04-03,15/9-F-5,24.0,,,
2015-04-04,15/9-F-1 C,0.0,0.0,0.0,0.0
2015-04-04,15/9-F-11,24.0,1818.47,264457.71,678.68
2015-04-04,15/9-F-12,24.0,691.59,100578.02,697.87
2015-04-04,15/9-F-14,24.0,253.43,36856.85,3397.62
2015-04-04,15/9-F-15 D,24.0,137.88,20051.66,10.47
2015-04-04,15/9-F-4,24.0,,,
2015-04-04,15/9-F-5,24.0,,,
2015-04-05,15/9-F-1 C,0.0,0.0,0.0,0.0
2015-04-05,15/9-F-11,24.0,1810.13,263972.83,674.09
2015-04-05,15/9-F-12,24.0,687.75,100294.83,692.46
2015-04-05,15/9-F-14,24.0,252.16,36772.07,3373.03
2015-04-05,15/9-F-15 D,24.0,139.07,20281.2,10.54
2015-04-05,15/9-F-4,24.0,,,
2015-04-05,15/9-F-5,24.0,,,
2015-04-06,15/9-F-1 C,0.0,0.0,0.0,0.0
2015-04-06,15/9-F-11,24.0,1807.87,262887.07,682.59
2015-04-06,15/9-F-12,24.0,687.95,100035.75,702.27
2015-04-06,15/9-F-14,24.0,252.07,36654.21,3418.69
2015-04-06,15/9-F-15 D,24.0,139.02,20214.54,10.68
2015-04-06,15/9-F-4,11.66667,,,
2015-04-06,15/9-F-5,11.66667,,,
2015-04-07,15/9-F-1 C,0.0,0.0,0.0,0.0
2015-04-07,15/9-F-11,24.0,1790.6,260148.78,804.2
2015-04-07,15/9-F-12,24.0,680.56,98875.15,649.52
2015-04-07,15/9-F-14,24.0,250.49,36391.81,3176.07
2015-04-07,15/9-F-15 D,24.0,138.45,20114.51,9.95
2015-04-07,15/9-F-4,24.0,,,
2015-04-07,15/9-F-5,24.0,,,
2015-04-08,15/9-F-1 C,0.0,0.0,0.0,0.0
2015-04-08,15/9-F-11,24.0,1764.01,255745.67,791.26
2015-04-08,15/9-F-12,24.0,683.38,99076.16,651.39
2015-04-08,15/9-F-14,24.0,251.63,36481.1,3186.56
2015-04-08,15/9-F-15 D,24.0,136.88,19845.48,9.82
2015-04-08,15/9-F-4,24.0,,,
2015-04-08,15/9-F-5,24.0,,,
2015-04-09,15/9-F-1 C,0.0,0.0,0.0,0.0
2015-04-09,15/9-F-11,24.0,1758.87,255240.99,789.24
2015-04-09,15/9-F-12,24.0,680.74,98786.85,649.11
2015-04-09,15/9-F-14,24.0,250.8,36394.66,3177.18
2015-04-09,15/9-F-15 D,24.0,141.4,20520.18,10.15
2015-04-09,15/9-F-4,24.0,,,
2015-04-09,15/9-F-5,24.0,,,
2015-04-10,15/9-F-1 C,0.0,0.0,0.0,0.0
2015-04-10,15/9-F-11,24.0,1744.19,255251.69,794.08
2015-04-10,15/9-F-12,24.0,673.76,98601.32,651.83
2015-04-10,15/9-F-14,24.0,248.18,36319.35,3189.91
2015-04-10,15/9-F-15 D,24.0,138.03,20199.93,10.05
2015-04-10,15/9-F-4,24.0,,,
2015-04-10,15/9-F-5,24.0,,,
2015-04-11,15/9-F-1 C,0.0,0.0,0.0,0.0
2015-04-11,15/9-F-11,24.0,1750.06,254104.6,790.27
2015-04-11,15/9-F-12,24.0,676.68,98252.02,649.33
2015-04-11,15/9-F-14,24.0,249.16,36177.03,3176.45
2015-04-11,15/9-F-15 D,24.0,139.68,20280.86,10.09
2015-04-11,15/9-F-4,24.0,,,
2015-04-11,15/9-F-5,24.0,,,
2015-04-12,15/9-F-1 C,0.0,0.0,0.0,0.0
2015-04-12,15/9-F-11,24.0,1728.98,252947.51,778.55
2015-04-12,15/9-F-12,24.0,678.43,99254.25,649.18
2015-04-12,15/9-F-14,24.0,249.64,36522.06,3173.63
2015-04-12,15/9-F-15 D,24.0,139.96,20476.34,10.08
2015-04-12,15/9-F-4,24.0,,,
2015-04-12,15/9-F-5,24.0,,,
2015-04-13,15/9-F-1 C,0.0,0.0,0.0,0.0
2015-04-13,15/9-F-11,24.0,1708.77,256239.27,781.48
2015-04-13,15/9-F-12,24.0,677.43,101585.6,658.36
2015-04-13,15/9-F-14,24.0,249.2,37369.45,3217.63
2015-04-13,15/9-F-15 D,24.0,139.74,20955.57,10.22
2015-04-13,15/9-F-4,24.0,,,
2015-04-13,15/9-F-5,24.0,,,
2015-04-14,15/9-F-1 C,0.0,0.0,0.0,0.0
2015-04-14,15/9-F-11,24.0,1714.46,257147.58,809.07
2015-04-14,15/9-F-12,24.0,682.49,102365.51,684.41
2015-04-14,15/9-F-14,24.0,250.23,37532.02,3333.89
2015-04-14,15/9-F-15 D,24.0,138.5,20773.85,10.45
2015-04-14,15/9-F-4,24.0,,,
2015-04-14,15/9-F-5,24.0,,,
2015-04-15,15/9-F-1 C,0.0,0.0,0.0,0.0
2015-04-15,15/9-F-11,24.0,1769.28,262244.08,846.43
2015-04-15,15/9-F-12,24.0,682.37,101142.3,693.71
2015-04-15,15/9-F-14,24.0,249.89,37039.67,3375.2
2015-04-15,15/9-F-15 D,24.0,141.98,21044.95,10.86
2015-04-15,15/9-F-4,24.0,,,
2015-04-15,15/9-F-5,24.0,,,
2015-04-16,15/9-F-1 C,0.0,0.0,0.0,0.0
2015-04-16,15/9-F-11,24.0,1768.7,262541.4,858.74
2015-04-16,15/9-F-12,24.0,688.32,102173.74,710.17
2015-04-16,15/9-F-14,24.0,252.44,37472.55,3460.38
2015-04-16,15/9-F-15 D,24.0,139.79,20750.91,10.86
2015-04-16,15/9-F-4,24.0,,,
2015-04-16,15/9-F-5,24.0,,,
2015-04-17,15/9-F-1 C,0.0,0.0,0.0,0.0
2015-04-17,15/9-F-11,24.0,1780.83,264882.6,863.05
2015-04-17,15/9-F-12,24.0,696.2,103552.83,716.98
2015-04-17,15/9-F-14,24.0,254.67,37879.69,3484.44
2015-04-17,15/9-F-15 D,24.0,144.28,21460.22,11.18
2015-04-17,15/9-F-4,24.0,,,
2015-04-17,15/9-F-5,24.0,,,
2015-04-18,15/9-F-1 C,0.0,0.0,0.0,0.0
2015-04-18,15/9-F-11,24.0,1802.92,268459.54,857.83
2015-04-18,15/9-F-12,24.0,689.54,102675.47,730.26
2015-04-18,15/9-F-14,24.0,252.32,37571.89,3550.23
2015-04-18,15/9-F-15 D,24.0,140.7,20950.78,11.22
2015-04-18,15/9-F-4,24.0,,,
2015-04-18,15/9-F-5,24.0,,,
2015-04-19,15/9-F-1 C,0.0,0.0,0.0,0.0
2015-04-19,15/9-F-11,24.0,1820.19,262914.07,866.34
2015-04-19,15/9-F-12,24.0,695.3,100431.95,736.6
2015-04-19,15/9-F-14,24.0,254.68,36786.2,3584.51
2015-04-19,15/9-F-15 D,24.0,140.39,20277.99,11.19
2015-04-19,15/9-F-4,24.0,,,
2015-04-19,15/9-F-5,24.0,,,
2015-04-20,15/9-F-1 C,16.375,81.91,11892.81,490.87
2015-04-20,15/9-F-11,24.0,1815.28,263559.85,862.47
2015-04-20,15/9-F-12,24.0,696.95,101189.33,737.04
2015-04-20,15/9-F-14,24.0,255.71,37126.86,3592.75
2015-04-20,15/9-F-15 D,24.0,140.77,20437.66,11.2
2015-04-20,15/9-F-4,24.0,,,
2015-04-20,15/9-F-5,24.0,,,
2015-04-21,15/9-F-1 C,24.0,172.87,25443.87,1263.33
2015-04-21,15/9-F-11,24.0,1832.35,269689.97,820.37
2015-04-21,15/9-F-12,24.0,702.6,103411.56,700.17
2015-04-21,15/9-F-14,24.0,257.81,37945.22,3413.32
2015-04-21,15/9-F-15 D,24.0,142.18,20926.98,10.66
2015-04-21,15/9-F-4,24.0,,,
2015-04-21,15/9-F-5,24.0,,,
2015-04-22,15/9-F-1 C,24.0,268.47,39276.35,1093.31
2015-04-22,15/9-F-11,24.0,1832.51,268094.61,838.21
2015-04-22,15/9-F-12,24.0,702.84,102824.3,715.57
2015-04-22,15/9-F-14,24.0,257.92,37733.62,3488.72
2015-04-22,15/9-F-15 D,24.0,142.09,20787.49,10.89
2015-04-22,15/9-F-4,24.0,,,
2015-04-22,15/9-F-5,24.0,,,
2015-04-23,15/9-F-1 C,24.0,320.34,46340.29,879.08
2015-04-23,15/9-F-11,24.0,1918.58,277542.65,831.1
2015-04-23,15/9-F-12,24.0,590.64,85441.99,668.53
2015-04-23,15/9-F-14,24.0,269.39,38970.11,3450.88
2015-04-23,15/9-F-15 D,24.0,149.02,21557.71,10.82
2015-04-23,15/9-F-4,24.0,,,
2015-04-23,15/9-F-5,24.0,,,
2015-04-24,15/9-F-1 C,24.0,318.85,46150.43,877.01
2015-04-24,15/9-F-11,24.0,1908.81,276281.87,828.77
2015-04-24,15/9-F-12,24.0,588.04,85113.7,667.12
2015-04-24,15/9-F-14,24.0,268.14,38810.72,3442.74
2015-04-24,15/9-F-15 D,24.0,146.56,21212.57,10.66
2015-04-24,15/9-F-4,24.0,,,
2015-04-24,15/9-F-5,24.0,,,
2015-04-25,15/9-F-1 C,24.0,340.53,49280.04,822.81
2015-04-25,15/9-F-11,24.0,1900.52,275040.01,842.71
2015-04-25,15/9-F-12,24.0,582.39,84282.58,674.75
2015-04-25,15/9-F-14,24.0,265.67,38446.47,3483.44
2015-04-25,15/9-F-15 D,24.0,146.94,21264.56,10.92
2015-04-25,15/9-F-4,24.0,,,
2015-04-25,15/9-F-5,24.0,,,
2015-04-26,15/9-F-1 C,24.0,339.92,49138.37,770.94
2015-04-26,15/9-F-11,24.0,1898.58,274460.84,829.12
2015-04-26,15/9-F-12,24.0,582.17,84159.26,664.29
2015-04-26,15/9-F-14,24.0,265.19,38335.96,3424.63
2015-04-26,15/9-F-15 D,24.0,146.33,21153.43,10.71
2015-04-26,15/9-F-4,24.0,,,
2015-04-26,15/9-F-5,24.0,,,
2015-04-27,15/9-F-1 C,24.0,396.95,57219.1,899.34
2015-04-27,15/9-F-11,24.0,1916.48,276252.24,836.03
2015-04-27,15/9-F-12,24.0,585.19,84352.35,667.02
2015-04-27,15/9-F-14,24.0,266.54,38420.55,3438.38
2015-04-27,15/9-F-15 D,24.0,147.85,21311.76,10.81
2015-04-27,15/9-F-4,24.0,,,
2015-04-27,15/9-F-5,24.0,,,
2015-04-28,15/9-F-1 C,24.0,443.99,63898.13,911.0
2015-04-28,15/9-F-11,24.0,1913.38,275367.54,830.04
2015-04-28,15/9-F-12,24.0,579.58,83410.89,656.95
2015-04-28,15/9-F-14,24.0,265.58,38221.54,3406.96
2015-04-28,15/9-F-15 D,24.0,148.21,21330.01,10.77
2015-04-28,15/9-F-4,24.0,,,
2015-04-28,15/9-F-5,24.0,,,
2015-04-29,15/9-F-1 C,24.0,574.96,82467.28,814.2
2015-04-29,15/9-F-11,24.0,1907.06,273532.47,808.87
2015-04-29,15/9-F-12,24.0,580.26,83228.16,821.71
2015-04-29,15/9-F-14,24.0,265.86,38132.97,3334.59
2015-04-29,15/9-F-15 D,24.0,147.6,21170.29,10.49
2015-04-29,15/9-F-4,24.0,,,
2015-04-29,15/9-F-5,24.0,,,
2015-04-30,15/9-F-1 C,24.0,607.87,87181.43,921.11
2015-04-30,15/9-F-11,24.0,1911.21,274109.6,797.47
2015-04-30,15/9-F-12,24.0,583.11,83630.95,812.34
2015-04-30,15/9-F-14,24.0,266.93,38283.95,3293.68
2015-04-30,15/9-F-15 D,24.0,148.34,21275.62,10.37
2015-04-30,15/9-F-4,24.0,,,
2015-04-30,15/9-F-5,24.0,,,
2015-05-01,15/9-F-1 C,24.0,664.96,94868.52,926.26
2015-05-01,15/9-F-11,24.0,1905.67,271874.64,795.06
2015-05-01,15/9-F-12,24.0,582.93,83165.67,812.0
2015-05-01,15/9-F-14,24.0,266.77,38059.97,3291.32
2015-05-01,15/9-F-15 D,24.0,147.94,21106.21,10.34
2015-05-01,15/9-F-4,24.0,,,
2015-05-01,15/9-F-5,24.0,,,
2015-05-02,15/9-F-1 C,24.0,621.12,88495.68,868.75
2015-05-02,15/9-F-11,24.0,1892.91,269695.06,792.99
2015-05-02,15/9-F-12,24.0,578.2,82379.4,808.7
2015-05-02,15/9-F-14,24.0,264.65,37706.63,3278.55
2015-05-02,15/9-F-15 D,24.0,147.7,21043.84,10.37
2015-05-02,15/9-F-4,24.0,,,
2015-05-02,15/9-F-5,24.0,,,
2015-05-03,15/9-F-1 C,9.70833,211.5,30482.87,298.81
2015-05-03,15/9-F-11,24.0,1874.02,270092.86,793.0
2015-05-03,15/9-F-12,24.0,570.35,82201.52,805.79
2015-05-03,15/9-F-14,24.0,261.21,37646.76,3268.61
2015-05-03,15/9-F-15 D,24.0,146.68,21139.99,10.4
2015-05-03,15/9-F-4,24.0,,,
2015-05-03,15/9-F-5,24.0,,,
2015-05-04,15/9-F-1 C,0.0,0.0,0.0,0.0
2015-05-04,15/9-F-11,24.0,1851.56,269187.68,804.42
2015-05-04,15/9-F-12,24.0,559.85,81392.88,812.06
2015-05-04,15/9-F-14,24.0,256.3,37262.04,3292.79
2015-05-04,15/9-F-15 D,24.0,142.2,20673.95,10.35
2015-05-04,15/9-F-4,24.0,,,
2015-05-04,15/9-F-5,24.0,,,
2015-05-05,15/9-F-1 C,0.0,0.0,0.0,0.0
2015-05-05,15/9-F-11,24.0,1854.68,271329.2,804.55
2015-05-05,15/9-F-12,24.0,559.22,81809.62,809.91
2015-05-05,15/9-F-14,24.0,256.05,37457.9,3284.53
2015-05-05,15/9-F-15 D,17.16667,89.35,13071.16,6.49
2015-05-05,15/9-F-4,24.0,,,
2015-05-05,15/9-F-5,24.0,,,
2015-05-06,15/9-F-1 C,0.0,0.0,0.0,0.0
2015-05-06,15/9-F-11,24.0,1820.38,265934.19,804.88
2015-05-06,15/9-F-12,24.0,547.96,80050.63,808.91
2015-05-06,15/9-F-14,24.0,251.22,36700.18,3284.73
2015-05-06,15/9-F-15 D,24.0,152.94,22341.92,11.33
2015-05-06,15/9-F-4,24.0,,,
2015-05-06,15/9-F-5,24.0,,,
2015-05-07,15/9-F-1 C,0.0,0.0,0.0,0.0
2015-05-07,15/9-F-11,24.0,1824.93,264849.11,802.02
2015-05-07,15/9-F-12,24.0,549.33,79722.99,806.03
2015-05-07,15/9-F-14,24.0,251.83,36547.25,3272.78
2015-05-07,15/9-F-15 D,24.0,141.8,20578.69,10.44
2015-05-07,15/9-F-4,24.0,,,
2015-05-07,15/9-F-5,24.0,,,
2015-05-08,15/9-F-1 C,0.0,0.0,0.0,0.0
2015-05-08,15/9-F-11,24.0,1798.79,268282.73,799.54
2015-05-08,15/9-F-12,24.0,542.91,80974.09,805.7
2015-05-08,15/9-F-14,24.0,248.81,37109.76,3270.46
2015-05-08,15/9-F-15 D,24.0,139.98,20877.64,10.42
2015-05-08,15/9-F-4,24.0,,,
2015-05-08,15/9-F-5,24.0,,,
2015-05-09,15/9-F-1 C,0.0,0.0,0.0,0.0
2015-05-09,15/9-F-11,24.0,1810.44,263392.96,804.19
2015-05-09,15/9-F-12,24.0,545.05,79297.76,808.34
2015-05-09,15/9-F-14,24.0,249.54,36304.49,3277.83
2015-05-09,15/9-F-15 D,24.0,140.78,20481.08,10.48
2015-05-09,15/9-F-4,24.0,,,
2015-05-09,15/9-F-5,24.0,,,
2015-05-10,15/9-F-1 C,0.0,0.0,0.0,0.0
2015-05-10,15/9-F-11,24.0,1805.42,263355.43,800.2
2015-05-10,15/9-F-12,24.0,546.42,79706.19,808.58
2015-05-10,15/9-F-14,24.0,249.52,36396.68,3270.31
2015-05-10,15/9-F-15 D,24.0,138.95,20268.59,10.32
2015-05-10,15/9-F-4,24.0,,,
2015-05-10,15/9-F-5,24.0,,,
2015-05-11,15/9-F-1 C,0.0,0.0,0.0,0.0
2015-05-11,15/9-F-11,24.0,1802.17,262552.99,795.08
2015-05-11,15/9-F-12,24.0,546.98,79687.36,805.68
2015-05-11,15/9-F-14,24.0,249.57,36359.07,3255.98
2015-05-11,15/9-F-15 D,24.0,138.15,20126.92,10.21
2015-05-11,15/9-F-4,24.0,,,
2015-05-11,15/9-F-5,24.0,,,
2015-05-12,15/9-F-1 C,0.0,0.0,0.0,0.0
2015-05-12,15/9-F-11,24.0,1798.26,261610.15,793.37
2015-05-12,15/9-F-12,24.0,546.48,79501.17,804.96
2015-05-12,15/9-F-14,24.0,249.17,36248.95,3250.77
2015-05-12,15/9-F-15 D,24.0,137.3,19973.68,10.15
2015-05-12,15/9-F-4,24.0,,,
2015-05-12,15/9-F-5,24.0,,,
2015-05-13,15/9-F-1 C,0.0,0.0,0.0,0.0
2015-05-13,15/9-F-11,24.0,1802.0,261696.76,796.93
2015-05-13,15/9-F-12,24.0,540.49,78494.13,798.07
2015-05-13,15/9-F-14,24.0,247.01,35872.74,3230.43
2015-05-13,15/9-F-15 D,24.0,137.2,19924.96,10.17
2015-05-13,15/9-F-4,24.0,,,
2015-05-13,15/9-F-5,24.0,,,
2015-05-14,15/9-F-1 C,0.0,0.0,0.0,0.0
2015-05-14,15/9-F-11,24.0,1816.11,263353.49,771.26
2015-05-14,15/9-F-12,24.0,555.57,80563.12,787.73
2015-05-14,15/9-F-14,24.0,218.91,31744.29,3241.86
2015-05-14,15/9-F-15 D,24.0,128.43,18623.2,9.14
2015-05-14,15/9-F-4,24.0,,,
2015-05-14,15/9-F-5,24.0,,,
2015-05-15,15/9-F-1 C,0.0,0.0,0.0,0.0
2015-05-15,15/9-F-11,24.0,1818.57,263167.11,769.66
2015-05-15,15/9-F-12,24.0,555.33,80361.46,784.68
2015-05-15,15/9-F-14,24.0,218.85,31669.44,3229.75
2015-05-15,15/9-F-15 D,24.0,128.78,18635.22,9.13
2015-05-15,15/9-F-4,24.0,,,
2015-05-15,15/9-F-5,24.0,,,
2015-05-16,15/9-F-1 C,0.0,0.0,0.0,0.0
2015-05-16,15/9-F-11,24.0,1805.8,260503.45,758.75
2015-05-16,15/9-F-12,24.0,558.78,80609.89,783.88
2015-05-16,15/9-F-14,24.0,220.18,31763.16,3226.07
2015-05-16,15/9-F-15 D,24.0,129.38,18663.88,9.11
2015-05-16,15/9-F-4,24.0,,,
2015-05-16,15/9-F-5,24.0,,,
2015-05-17,15/9-F-1 C,0.0,0.0,0.0,0.0
2015-05-17,15/9-F-11,24.0,1784.95,258434.47,750.95
2015-05-17,15/9-F-12,24.0,557.27,80683.63,782.75
2015-05-17,15/9-F-14,24.0,219.57,31790.61,3221.22
2015-05-17,15/9-F-15 D,24.0,129.12,18695.29,9.1
2015-05-17,15/9-F-4,24.0,,,
2015-05-17,15/9-F-5,24.0,,,
2015-05-18,15/9-F-1 C,0.0,0.0,0.0,0.0
2015-05-18,15/9-F-11,24.0,1780.78,259377.42,752.94
2015-05-18,15/9-F-12,24.0,553.86,80671.96,781.86
2015-05-18,15/9-F-14,24.0,218.22,31783.85,3217.35
2015-05-18,15/9-F-15 D,24.0,129.03,18794.24,9.14
2015-05-18,15/9-F-4,24.0,,,
2015-05-18,15/9-F-5,24.0,,,
2015-05-19,15/9-F-1 C,0.0,0.0,0.0,0.0
2015-05-19,15/9-F-11,24.0,1783.91,258024.16,748.66
2015-05-19,15/9-F-12,24.0,557.58,80647.26,781.26
2015-05-19,15/9-F-14,24.0,219.36,31727.63,3210.16
2015-05-19,15/9-F-15 D,24.0,129.09,18671.97,9.08
2015-05-19,15/9-F-4,24.0,,,
2015-05-19,15/9-F-5,24.0,,,
2015-05-20,15/9-F-1 C,0.0,0.0,0.0,0.0
2015-05-20,15/9-F-11,24.0,1774.94,256290.17,744.02
2015-05-20,15/9-F-12,24.0,557.21,80458.05,779.83
2015-05-20,15/9-F-14,24.0,219.12,31639.95,3202.96
2015-05-20,15/9-F-15 D,24.0,127.79,18452.31,8.97
2015-05-20,15/9-F-4,24.0,,,
2015-05-20,15/9-F-5,24.0,,,
2015-05-21,15/9-F-1 C,0.0,0.0,0.0,0.0
2015-05-21,15/9-F-11,24.0,1747.38,255508.11,752.49
2015-05-21,15/9-F-12,24.0,549.51,80350.86,790.07
2015-05-21,15/9-F-14,24.0,216.11,31600.98,3245.34
2015-05-21,15/9-F-15 D,24.0,125.79,18393.85,9.08
2015-05-21,15/9-F-4,24.0,,,
2015-05-21,15/9-F-5,24.0,,,
2015-05-22,15/9-F-1 C,7.375,143.08,20890.14,228.12
2015-05-22,15/9-F-11,24.0,1726.85,252126.91,824.65
2015-05-22,15/9-F-12,24.0,542.28,79173.75,864.59
2015-05-22,15/9-F-14,24.0,213.4,31156.53,3553.58
2015-05-22,15/9-F-15 D,24.0,124.23,18137.44,9.94
2015-05-22,15/9-F-4,24.0,,,
2015-05-22,15/9-F-5,24.0,,,
2015-05-23,15/9-F-1 C,24.0,502.61,76174.53,768.26
2015-05-23,15/9-F-11,24.0,1638.67,248352.22,750.22
2015-05-23,15/9-F-12,24.0,514.19,77929.62,785.97
2015-05-23,15/9-F-14,24.0,202.34,30665.59,3230.27
2015-05-23,15/9-F-15 D,24.0,117.85,17861.29,9.04
2015-05-23,15/9-F-4,24.0,,,
2015-05-23,15/9-F-5,24.0,,,
2015-05-24,15/9-F-1 C,24.0,537.12,78842.94,864.41
2015-05-24,15/9-F-11,24.0,1755.84,257738.6,846.36
2015-05-24,15/9-F-12,24.0,550.41,80793.27,885.79
2015-05-24,15/9-F-14,24.0,216.49,31777.82,3638.85
2015-05-24,15/9-F-15 D,24.0,126.5,18569.11,10.22
2015-05-24,15/9-F-4,24.0,,,
2015-05-24,15/9-F-5,24.0,,,
2015-05-25,15/9-F-1 C,24.0,504.77,74291.45,803.3
2015-05-25,15/9-F-11,24.0,1652.5,243210.88,787.67
2015-05-25,15/9-F-12,24.0,518.83,76359.67,825.66
2015-05-25,15/9-F-14,24.0,204.02,30027.03,3391.07
2015-05-25,15/9-F-15 D,24.0,119.12,17531.97,9.51
2015-05-25,15/9-F-4,24.0,,,
2015-05-25,15/9-F-5,24.0,,,
2015-05-26,15/9-F-1 C,24.0,353.36,51937.64,762.44
2015-05-26,15/9-F-11,24.0,1705.95,250743.86,778.22
2015-05-26,15/9-F-12,24.0,535.65,78730.33,815.82
2015-05-26,15/9-F-14,24.0,210.6,30953.54,3350.03
2015-05-26,15/9-F-15 D,24.0,122.98,18075.24,9.4
2015-05-26,15/9-F-4,24.0,,,
2015-05-26,15/9-F-5,24.0,,,
2015-05-27,15/9-F-1 C,20.0,294.17,43076.57,647.12
2015-05-27,15/9-F-11,24.0,1666.9,244091.13,775.26
2015-05-27,15/9-F-12,24.0,526.44,77088.23,817.45
2015-05-27,15/9-F-14,24.0,205.59,30105.92,3334.37
2015-05-27,15/9-F-15 D,24.0,121.64,17812.76,9.48
2015-05-27,15/9-F-4,24.0,,,
2015-05-27,15/9-F-5,24.0,,,
2015-05-28,15/9-F-1 C,0.0,0.0,0.0,0.0
2015-05-28,15/9-F-11,24.0,1705.52,251408.31,862.5
2015-05-28,15/9-F-12,24.0,536.59,79098.49,906.0
2015-05-28,15/9-F-14,24.0,209.54,30888.27,3695.19
2015-05-28,15/9-F-15 D,24.0,124.55,18359.27,10.55
2015-05-28,15/9-F-4,24.0,,,
2015-05-28,15/9-F-5,24.0,,,
2015-05-29,15/9-F-1 C,0.0,0.0,0.0,0.0
2015-05-29,15/9-F-11,24.0,1680.64,247195.16,791.11
2015-05-29,15/9-F-12,24.0,540.6,79514.83,849.62
2015-05-29,15/9-F-14,24.0,212.97,31325.27,3495.86
2015-05-29,15/9-F-15 D,24.0,124.53,18317.14,9.82
2015-05-29,15/9-F-4,24.0,,,
2015-05-29,15/9-F-5,24.0,,,
2015-05-30,15/9-F-1 C,0.0,0.0,0.0,0.0
2015-05-30,15/9-F-11,24.0,1670.98,246621.39,822.73
2015-05-30,15/9-F-12,24.0,535.15,78982.31,879.7
2015-05-30,15/9-F-14,24.0,211.21,31172.18,3626.25
2015-05-30,15/9-F-15 D,24.0,123.62,18245.14,10.2
2015-05-30,15/9-F-4,24.0,,,
2015-05-30,15/9-F-5,24.0,,,
2015-05-31,15/9-F-1 C,0.0,0.0,0.0,0.0
2015-05-31,15/9-F-11,24.0,1671.7,247509.84,751.85
2015-05-31,15/9-F-12,24.0,535.06,79220.26,803.44
2015-05-31,15/9-F-14,24.0,209.66,31042.34,3288.2
2015-05-31,15/9-F-15 D,24.0,124.56,18442.33,9.39
2015-05-31,15/9-F-4,24.0,,,
2015-05-31,15/9-F-5,24.0,,,
2015-06-01,15/9-F-1 C,0.0,0.0,0.0,0.0
2015-06-01,15/9-F-11,24.0,1682.83,250715.57,813.29
2015-06-01,15/9-F-12,24.0,568.68,84724.23,917.59
2015-06-01,15/9-F-14,24.0,212.13,31604.86,3575.05
2015-06-01,15/9-F-15 D,24.0,124.42,18537.34,10.07
2015-06-01,15/9-F-4,24.0,,,
2015-06-01,15/9-F-5,24.0,,,
2015-06-02,15/9-F-1 C,0.0,0.0,0.0,0.0
2015-06-02,15/9-F-11,24.0,1683.12,251485.94,814.62
2015-06-02,15/9-F-12,24.0,602.67,90049.34,973.87
2015-06-02,15/9-F-14,24.0,211.86,31656.12,3575.71
2015-06-02,15/9-F-15 D,24.0,124.53,18606.84,10.1
2015-06-02,15/9-F-4,24.0,,,
2015-06-02,15/9-F-5,24.0,,,
2015-06-03,15/9-F-1 C,0.0,0.0,0.0,0.0
2015-06-03,15/9-F-11,24.0,1666.9,247522.78,800.31
2015-06-03,15/9-F-12,24.0,598.36,88851.86,959.16
2015-06-03,15/9-F-14,24.0,210.38,31240.33,3522.27
2015-06-03,15/9-F-15 D,24.0,123.45,18330.69,9.93
2015-06-03,15/9-F-4,24.0,,,
2015-06-03,15/9-F-5,24.0,,,
2015-06-04,15/9-F-1 C,0.0,0.0,0.0,0.0
2015-06-04,15/9-F-11,24.0,1659.03,245330.67,772.01
2015-06-04,15/9-F-12,24.0,607.86,89887.7,944.39
2015-06-04,15/9-F-14,24.0,209.98,31051.19,3407.31
2015-06-04,15/9-F-15 D,24.0,123.47,18258.06,9.63
2015-06-04,15/9-F-4,24.0,,,
2015-06-04,15/9-F-5,24.0,,,
2015-06-05,15/9-F-1 C,0.0,0.0,0.0,0.0
2015-06-05,15/9-F-11,24.0,1663.57,242392.34,744.34
2015-06-05,15/9-F-12,24.0,629.6,91736.93,940.54
2015-06-05,15/9-F-14,24.0,209.93,30587.58,3275.37
2015-06-05,15/9-F-15 D,24.0,123.13,17940.46,9.23
2015-06-05,15/9-F-4,24.0,,,
2015-06-05,15/9-F-5,24.0,,,
2015-06-06,15/9-F-1 C,0.0,0.0,0.0,0.0
2015-06-06,15/9-F-11,24.0,1651.21,240468.11,740.89
2015-06-06,15/9-F-12,24.0,627.77,91422.17,940.43
2015-06-06,15/9-F-14,24.0,209.42,30498.59,3276.71
2015-06-06,15/9-F-15 D,24.0,122.63,17858.83,9.22
2015-06-06,15/9-F-4,24.0,,,
2015-06-06,15/9-F-5,24.0,,,
2015-06-07,15/9-F-1 C,0.0,0.0,0.0,0.0
2015-06-07,15/9-F-11,22.81667,1497.33,224020.12,795.66
2015-06-07,15/9-F-12,13.31667,234.46,35078.5,415.97
2015-06-07,15/9-F-14,22.81667,158.34,23689.64,2934.01
2015-06-07,15/9-F-15 D,22.98334,125.2,18731.4,11.15
2015-06-07,15/9-F-4,21.45,,,
2015-06-07,15/9-F-5,21.45,,,
2015-06-08,15/9-F-1 C,0.0,0.0,0.0,0.0
2015-06-08,15/9-F-11,24.0,1673.32,243394.87,760.41
2015-06-08,15/9-F-12,24.0,609.25,88619.25,924.37
2015-06-08,15/9-F-14,24.0,207.56,30190.15,3289.01
2015-06-08,15/9-F-15 D,24.0,129.58,18847.83,9.87
2015-06-08,15/9-F-4,24.0,,,
2015-06-08,15/9-F-5,24.0,,,
2015-06-09,15/9-F-1 C,0.0,0.0,0.0,0.0
2015-06-09,15/9-F-11,24.0,1655.26,240518.59,736.28
2015-06-09,15/9-F-12,24.0,647.22,94044.65,961.19
2015-06-09,15/9-F-14,24.0,208.95,30361.39,3241.03
2015-06-09,15/9-F-15 D,24.0,124.53,18094.64,9.28
2015-06-09,15/9-F-4,24.0,,,
2015-06-09,15/9-F-5,24.0,,,
2015-06-10,15/9-F-1 C,0.0,0.0,0.0,0.0
2015-06-10,15/9-F-11,24.0,1633.02,237106.61,715.94
2015-06-10,15/9-F-12,24.0,692.56,100556.16,1102.64
2015-06-10,15/9-F-14,24.0,207.44,30120.03,3171.39
2015-06-10,15/9-F-15 D,24.0,122.65,17808.74,9.01
2015-06-10,15/9-F-4,24.0,,,
2015-06-10,15/9-F-5,24.0,,,
2015-06-11,15/9-F-1 C,10.44986,83.28,12120.39,435.49
2015-06-11,15/9-F-11,24.0,1616.16,235207.3,777.67
2015-06-11,15/9-F-12,24.0,700.39,101930.78,1223.89
2015-06-11,15/9-F-14,24.0,205.45,29899.7,3447.26
2015-06-11,15/9-F-15 D,24.0,121.14,17629.46,9.77
2015-06-11,15/9-F-4,24.0,,,
2015-06-11,15/9-F-5,24.0,,,
2015-06-12,15/9-F-1 C,24.0,212.85,31054.74,1287.37
2015-06-12,15/9-F-11,24.0,1616.27,235818.42,714.98
2015-06-12,15/9-F-12,24.0,702.03,102427.43,1127.79
2015-06-12,15/9-F-14,24.0,205.93,30045.38,3176.58
2015-06-12,15/9-F-15 D,24.0,122.75,17909.03,9.1
2015-06-12,15/9-F-4,24.0,,,
2015-06-12,15/9-F-5,24.0,,,
2015-06-13,15/9-F-1 C,24.0,256.04,36917.37,1013.18
2015-06-13,15/9-F-11,24.0,1597.64,230357.05,710.08
2015-06-13,15/9-F-12,24.0,693.27,99960.33,1119.0
2015-06-13,15/9-F-14,24.0,203.36,29321.7,3151.83
2015-06-13,15/9-F-15 D,24.0,119.94,17293.95,8.93
2015-06-13,15/9-F-4,24.0,,,
2015-06-13,15/9-F-5,24.0,,,
2015-06-14,15/9-F-1 C,24.0,235.07,34214.48,746.84
2015-06-14,15/9-F-11,24.0,1579.97,229962.62,751.74
2015-06-14,15/9-F-12,24.0,680.44,99038.02,1175.73
2015-06-14,15/9-F-14,24.0,199.6,29051.15,3311.59
2015-06-14,15/9-F-15 D,24.0,118.11,17191.07,9.41
2015-06-14,15/9-F-4,24.0,,,
2015-06-14,15/9-F-5,24.0,,,
2015-06-15,15/9-F-1 C,24.0,240.06,34789.31,703.21
2015-06-15,15/9-F-11,24.0,1583.82,229528.6,732.37
2015-06-15,15/9-F-12,24.0,682.66,98931.2,1146.36
2015-06-15,15/9-F-14,24.0,200.25,29019.82,3228.86
2015-06-15,15/9-F-15 D,24.0,119.23,17279.07,9.24
2015-06-15,15/9-F-4,24.0,,,
2015-06-15,15/9-F-5,24.0,,,
2015-06-16,15/9-F-1 C,24.0,245.4,35542.65,603.86
2015-06-16,15/9-F-11,24.0,1566.01,226813.46,741.97
2015-06-16,15/9-F-12,24.0,675.99,97908.34,1163.15
2015-06-16,15/9-F-14,24.0,198.29,28719.78,3276.15
2015-06-16,15/9-F-15 D,24.0,119.17,17260.52,9.46
2015-06-16,15/9-F-4,24.0,,,
2015-06-16,15/9-F-5,24.0,,,
2015-06-17,15/9-F-1 C,24.0,221.41,32378.43,550.44
2015-06-17,15/9-F-11,24.0,1550.64,226763.9,742.28
2015-06-17,15/9-F-12,24.0,672.57,98356.13,1169.2
2015-06-17,15/9-F-14,24.0,197.29,28851.13,3293.2
2015-06-17,15/9-F-15 D,24.0,117.16,17133.64,9.4
2015-06-17,15/9-F-4,24.0,,,
2015-06-17,15/9-F-5,24.0,,,
2015-06-18,15/9-F-1 C,24.0,223.27,32481.18,544.72
2015-06-18,15/9-F-11,24.0,1553.41,225992.48,729.75
2015-06-18,15/9-F-12,24.0,672.09,97776.56,1146.6
2015-06-18,15/9-F-14,24.0,197.15,28681.12,3229.55
2015-06-18,15/9-F-15 D,24.0,121.92,17736.79,9.6
2015-06-18,15/9-F-4,24.0,,,
2015-06-18,15/9-F-5,24.0,,,
2015-06-19,15/9-F-1 C,24.0,229.63,34081.21,554.54
2015-06-19,15/9-F-11,24.0,1538.14,228282.71,715.2
2015-06-19,15/9-F-12,24.0,661.69,98204.46,1117.33
2015-06-19,15/9-F-14,24.0,194.1,28806.64,3147.1
2015-06-19,15/9-F-15 D,24.0,123.65,18351.98,9.63
2015-06-19,15/9-F-4,24.0,,,
2015-06-19,15/9-F-5,24.0,,,
2015-06-20,15/9-F-1 C,24.0,219.05,32411.65,556.43
2015-06-20,15/9-F-11,24.0,1574.94,233029.77,734.13
2015-06-20,15/9-F-12,24.0,680.31,100659.52,1151.62
2015-06-20,15/9-F-14,24.0,199.56,29526.79,3243.68
2015-06-20,15/9-F-15 D,24.0,116.13,17183.26,9.07
2015-06-20,15/9-F-4,24.0,,,
2015-06-20,15/9-F-5,24.0,,,
2015-06-21,15/9-F-1 C,24.0,204.65,30485.3,535.84
2015-06-21,15/9-F-11,24.0,1568.89,233713.25,753.85
2015-06-21,15/9-F-12,24.0,674.56,100486.59,1177.07
2015-06-21,15/9-F-14,24.0,197.87,29476.07,3315.39
2015-06-21,15/9-F-15 D,24.0,122.9,18307.71,9.89
2015-06-21,15/9-F-4,24.0,,,
2015-06-21,15/9-F-5,24.0,,,
2015-06-22,15/9-F-1 C,24.0,211.31,31255.55,548.94
2015-06-22,15/9-F-11,24.0,1597.79,236337.87,761.69
2015-06-22,15/9-F-12,24.0,688.83,101887.66,1192.52
2015-06-22,15/9-F-14,24.0,202.06,29887.05,3358.87
2015-06-22,15/9-F-15 D,24.0,122.07,18055.35,9.75
2015-06-22,15/9-F-4,24.0,,,
2015-06-22,15/9-F-5,24.0,,,
2015-06-23,15/9-F-1 C,24.0,337.64,49947.53,745.74
2015-06-23,15/9-F-11,24.0,1606.67,237672.39,785.25
2015-06-23,15/9-F-12,24.0,680.55,100673.3,1207.92
2015-06-23,15/9-F-14,24.0,199.63,29530.83,3402.25
2015-06-23,15/9-F-15 D,24.0,119.77,17717.37,9.81
2015-06-23,15/9-F-4,24.0,,,
2015-06-23,15/9-F-5,24.0,,,
2015-06-24,15/9-F-1 C,24.0,422.22,62161.12,822.75
2015-06-24,15/9-F-11,24.0,1622.92,238931.37,799.2
2015-06-24,15/9-F-12,24.0,682.74,100514.91,1220.98
2015-06-24,15/9-F-14,24.0,200.27,29484.37,3439.04
2015-06-24,15/9-F-15 D,24.0,121.13,17833.39,9.99
2015-06-24,15/9-F-4,24.0,,,
2015-06-24,15/9-F-5,24.0,,,
2015-06-25,15/9-F-1 C,24.0,387.93,57124.89,710.71
2015-06-25,15/9-F-11,24.0,1649.49,242900.78,832.15
2015-06-25,15/9-F-12,24.0,680.77,100248.16,1247.23
2015-06-25,15/9-F-14,24.0,199.69,29406.13,3512.97
2015-06-25,15/9-F-15 D,24.0,120.33,17719.04,10.17
2015-06-25,15/9-F-4,24.0,,,
2015-06-25,15/9-F-5,24.0,,,
2015-06-26,15/9-F-1 C,24.0,446.62,65355.84,765.45
2015-06-26,15/9-F-11,24.0,1650.64,241547.04,847.34
2015-06-26,15/9-F-12,24.0,666.48,97528.71,1242.46
2015-06-26,15/9-F-14,24.0,195.5,28608.42,3499.55
2015-06-26,15/9-F-15 D,24.0,118.89,17397.28,10.22
2015-06-26,15/9-F-4,24.0,,,
2015-06-26,15/9-F-5,24.0,,,
2015-06-27,15/9-F-1 C,24.0,435.55,63621.32,747.14
2015-06-27,15/9-F-11,24.0,1662.45,242839.85,854.16
2015-06-27,15/9-F-12,24.0,675.33,98647.14,1260.08
2015-06-27,15/9-F-14,24.0,198.1,28936.49,3549.18
2015-06-27,15/9-F-15 D,24.0,119.11,17398.54,10.25
2015-06-27,15/9-F-4,24.0,,,
2015-06-27,15/9-F-5,24.0,,,
2015-06-28,15/9-F-1 C,24.0,451.91,66072.21,751.35
2015-06-28,15/9-F-11,24.0,1465.02,214196.69,729.55
2015-06-28,15/9-F-12,24.0,714.27,104432.1,1291.73
2015-06-28,15/9-F-14,24.0,209.52,30633.42,3638.32
2015-06-28,15/9-F-15 D,24.0,125.59,18361.9,10.48
2015-06-28,15/9-F-4,24.0,,,
2015-06-28,15/9-F-5,24.0,,,
2015-06-29,15/9-F-1 C,24.0,635.31,91315.49,973.87
2015-06-29,15/9-F-11,24.0,1545.73,222177.3,739.78
2015-06-29,15/9-F-12,24.0,712.93,102472.33,1239.09
2015-06-29,15/9-F-14,24.0,209.13,30058.55,3490.05
2015-06-29,15/9-F-15 D,24.0,125.56,18047.23,10.07
2015-06-29,15/9-F-4,24.0,,,
2015-06-29,15/9-F-5,24.0,,,
2015-06-30,15/9-F-1 C,24.0,645.3,92006.82,950.82
2015-06-30,15/9-F-11,24.0,1618.91,230823.14,744.73
2015-06-30,15/9-F-12,24.0,719.97,102652.64,1202.78
2015-06-30,15/9-F-14,24.0,211.19,30111.44,3387.79
2015-06-30,15/9-F-15 D,24.0,127.66,18201.39,9.84
2015-06-30,15/9-F-4,24.0,,,
2015-06-30,15/9-F-5,24.0,,,
2015-07-01,15/9-F-1 C,3.29167,15.53,2297.31,26.37
2015-07-01,15/9-F-11,24.0,1681.69,248784.6,891.53
2015-07-01,15/9-F-12,24.0,665.36,98432.72,1280.99
2015-07-01,15/9-F-14,24.0,195.17,28873.6,3608.08
2015-07-01,15/9-F-15 D,24.0,113.49,16789.85,10.08
2015-07-01,15/9-F-4,24.0,,,
2015-07-01,15/9-F-5,24.0,,,
2015-07-02,15/9-F-1 C,0.0,0.0,0.0,0.0
2015-07-02,15/9-F-11,24.0,1561.86,230582.15,1200.31
2015-07-02,15/9-F-12,24.0,726.33,107230.62,1262.99
2015-07-02,15/9-F-14,24.0,238.65,35232.92,3357.76
2015-07-02,15/9-F-15 D,24.0,136.88,20207.37,10.08
2015-07-02,15/9-F-4,24.0,,,
2015-07-02,15/9-F-5,24.0,,,
2015-07-03,15/9-F-1 C,0.0,0.0,0.0,0.0
2015-07-03,15/9-F-11,24.0,1554.86,229002.42,1199.77
2015-07-03,15/9-F-12,24.0,723.42,106546.11,1263.02
2015-07-03,15/9-F-14,24.0,237.7,35008.01,3357.83
2015-07-03,15/9-F-15 D,24.0,133.76,19700.44,9.89
2015-07-03,15/9-F-4,19.675,,,
2015-07-03,15/9-F-5,19.675,,,
2015-07-04,15/9-F-1 C,0.0,0.0,0.0,0.0
2015-07-04,15/9-F-11,24.0,1533.34,225351.47,1184.82
2015-07-04,15/9-F-12,24.0,711.93,104631.5,1244.71
2015-07-04,15/9-F-14,24.0,233.92,34378.92,3309.16
2015-07-04,15/9-F-15 D,24.0,132.31,19445.65,9.79
2015-07-04,15/9-F-4,24.0,,,
2015-07-04,15/9-F-5,24.0,,,
2015-07-05,15/9-F-1 C,0.0,0.0,0.0,0.0
2015-07-05,15/9-F-11,24.0,1519.99,223802.63,1146.24
2015-07-05,15/9-F-12,24.0,707.58,104184.38,1207.33
2015-07-05,15/9-F-14,24.0,232.49,34232.01,3209.77
2015-07-05,15/9-F-15 D,24.0,133.69,19685.19,9.66
2015-07-05,15/9-F-4,24.0,,,
2015-07-05,15/9-F-5,24.0,,,
2015-07-06,15/9-F-1 C,0.0,0.0,0.0,0.0
2015-07-06,15/9-F-11,24.0,1506.39,221597.33,1146.44
2015-07-06,15/9-F-12,24.0,701.27,103160.24,1207.57
2015-07-06,15/9-F-14,24.0,230.42,33895.51,3210.42
2015-07-06,15/9-F-15 D,24.0,128.69,18931.16,9.38
2015-07-06,15/9-F-4,24.0,,,
2015-07-06,15/9-F-5,24.0,,,
2015-07-07,15/9-F-1 C,0.0,0.0,0.0,0.0
2015-07-07,15/9-F-11,24.0,1500.72,219821.15,1177.41
2015-07-07,15/9-F-12,24.0,697.71,102198.22,1238.55
2015-07-07,15/9-F-14,24.0,229.25,33579.42,3292.79
2015-07-07,15/9-F-15 D,24.0,130.3,19085.98,9.79
2015-07-07,15/9-F-4,24.0,,,
2015-07-07,15/9-F-5,24.0,,,
2015-07-08,15/9-F-1 C,0.0,0.0,0.0,0.0
2015-07-08,15/9-F-11,24.0,1481.75,218310.47,1097.92
2015-07-08,15/9-F-12,24.0,689.14,101532.33,1155.35
2015-07-08,15/9-F-14,24.0,226.43,33360.62,3071.6
2015-07-08,15/9-F-15 D,24.0,129.77,19119.59,9.21
2015-07-08,15/9-F-4,24.0,,,
2015-07-08,15/9-F-5,24.0,,,
2015-07-09,15/9-F-1 C,0.0,0.0,0.0,0.0
2015-07-09,15/9-F-11,24.0,1473.25,216308.62,1059.39
2015-07-09,15/9-F-12,24.0,684.0,100426.71,1112.87
2015-07-09,15/9-F-14,24.0,224.74,32997.35,2958.66
2015-07-09,15/9-F-15 D,24.0,128.76,18904.52,8.87
2015-07-09,15/9-F-4,24.0,,,
2015-07-09,15/9-F-5,24.0,,,
2015-07-10,15/9-F-1 C,0.0,0.0,0.0,0.0
2015-07-10,15/9-F-11,24.0,1462.23,214393.87,1076.92
2015-07-10,15/9-F-12,24.0,678.74,99516.45,1131.04
2015-07-10,15/9-F-14,24.0,217.63,31908.45,2934.34
2015-07-10,15/9-F-15 D,24.0,126.55,18554.3,8.93
2015-07-10,15/9-F-4,24.0,,,
2015-07-10,15/9-F-5,24.0,,,
2015-07-11,15/9-F-1 C,0.0,0.0,0.0,0.0
2015-07-11,15/9-F-11,24.0,1436.82,213094.79,1061.89
2015-07-11,15/9-F-12,24.0,667.44,98986.89,1116.08
2015-07-11,15/9-F-14,24.0,214.0,31738.65,2895.52
2015-07-11,15/9-F-15 D,24.0,124.12,18407.67,8.79
2015-07-11,15/9-F-4,24.0,,,
2015-07-11,15/9-F-5,24.0,,,
2015-07-12,15/9-F-1 C,0.0,0.0,0.0,0.0
2015-07-12,15/9-F-11,24.0,1426.88,209867.58,1042.14
2015-07-12,15/9-F-12,24.0,663.26,97553.26,1096.06
2015-07-12,15/9-F-14,24.0,217.93,32053.21,2913.97
2015-07-12,15/9-F-15 D,24.0,124.01,18240.19,8.68
2015-07-12,15/9-F-4,24.0,,,
2015-07-12,15/9-F-5,24.0,,,
2015-07-13,15/9-F-1 C,0.0,0.0,0.0,0.0
2015-07-13,15/9-F-11,24.0,1417.43,209010.44,1151.16
2015-07-13,15/9-F-12,24.0,610.09,89963.12,1134.41
2015-07-13,15/9-F-14,24.0,230.04,33920.52,3030.43
2015-07-13,15/9-F-15 D,24.0,132.36,19517.14,13.47
2015-07-13,15/9-F-4,24.0,,,
2015-07-13,15/9-F-5,24.0,,,
2015-07-14,15/9-F-1 C,0.0,0.0,0.0,0.0
2015-07-14,15/9-F-11,24.0,1412.23,208264.61,1152.94
2015-07-14,15/9-F-12,24.0,600.23,88517.76,1121.91
2015-07-14,15/9-F-14,24.0,226.32,33375.55,2997.06
2015-07-14,15/9-F-15 D,24.0,130.14,19192.82,13.31
2015-07-14,15/9-F-4,24.0,,,
2015-07-14,15/9-F-5,24.0,,,
2015-07-15,15/9-F-1 C,0.0,0.0,0.0,0.0
2015-07-15,15/9-F-11,24.0,1394.07,205956.0,1130.91
2015-07-15,15/9-F-12,24.0,592.41,87521.4,1100.29
2015-07-15,15/9-F-14,24.0,223.37,32999.87,2939.28
2015-07-15,15/9-F-15 D,24.0,127.02,18765.99,12.91
2015-07-15,15/9-F-4,24.0,,,
2015-07-15,15/9-F-5,24.0,,,
2015-07-16,15/9-F-1 C,0.0,0.0,0.0,0.0
2015-07-16,15/9-F-11,24.0,1375.3,203175.83,1124.97
2015-07-16,15/9-F-12,24.0,585.18,86448.97,1095.89
2015-07-16,15/9-F-14,24.0,220.64,32595.51,2927.52
2015-07-16,15/9-F-15 D,24.0,126.37,18668.33,12.95
2015-07-16,15/9-F-4,24.0,,,
2015-07-16,15/9-F-5,24.0,,,
2015-07-17,15/9-F-1 C,0.0,0.0,0.0,0.0
2015-07-17,15/9-F-11,24.0,1368.17,202223.08,1126.93
2015-07-17,15/9-F-12,24.0,580.8,85845.65,1095.27
2015-07-17,15/9-F-14,24.0,218.99,32368.03,2925.9
2015-07-17,15/9-F-15 D,24.0,129.01,19069.05,13.31
2015-07-17,15/9-F-4,24.0,,,
2015-07-17,15/9-F-5,24.0,,,
2015-07-18,15/9-F-1 C,0.0,0.0,0.0,0.0
2015-07-18,15/9-F-11,24.0,1364.31,203950.48,1201.19
2015-07-18,15/9-F-12,24.0,579.91,86691.27,1168.96
2015-07-18,15/9-F-14,24.0,218.66,32686.87,3122.75
2015-07-18,15/9-F-15 D,12.18361,51.22,7656.67,5.65
2015-07-18,15/9-F-4,24.0,,,
2015-07-18,15/9-F-5,24.0,,,
2015-07-19,15/9-F-1 C,0.0,0.0,0.0,0.0
2015-07-19,15/9-F-11,24.0,1344.57,201782.32,1214.71
2015-07-19,15/9-F-12,24.0,571.4,85750.82,1181.86
2015-07-19,15/9-F-14,24.0,215.45,32332.28,3157.19
2015-07-19,15/9-F-15 D,0.0,0.0,0.0,0.0
2015-07-19,15/9-F-4,24.0,,,
2015-07-19,15/9-F-5,24.0,,,
2015-07-20,15/9-F-1 C,0.0,0.0,0.0,0.0
2015-07-20,15/9-F-11,24.0,1335.28,199766.76,1206.5
2015-07-20,15/9-F-12,24.0,566.97,84823.66,1172.89
2015-07-20,15/9-F-14,24.0,213.78,31982.69,3133.24
2015-07-20,15/9-F-15 D,0.0,0.0,0.0,0.0
2015-07-20,15/9-F-4,24.0,,,
2015-07-20,15/9-F-5,24.0,,,
2015-07-21,15/9-F-1 C,0.0,0.0,0.0,0.0
2015-07-21,15/9-F-11,24.0,1344.53,201785.1,1211.57
2015-07-21,15/9-F-12,24.0,571.98,85842.08,1180.05
2015-07-21,15/9-F-14,24.0,215.67,32366.68,3152.34
2015-07-21,15/9-F-15 D,0.0,0.0,0.0,0.0
2015-07-21,15/9-F-4,24.0,,,
2015-07-21,15/9-F-5,24.0,,,
2015-07-22,15/9-F-1 C,22.375,110.7,16834.25,1201.2
2015-07-22,15/9-F-11,24.0,1355.39,206116.94,1211.59
2015-07-22,15/9-F-12,24.0,577.12,87765.28,1181.15
2015-07-22,15/9-F-14,24.0,217.6,33091.83,3155.3
2015-07-22,15/9-F-15 D,0.0,0.0,0.0,0.0
2015-07-22,15/9-F-4,24.0,,,
2015-07-22,15/9-F-5,24.0,,,
2015-07-23,15/9-F-1 C,24.0,165.82,25057.07,1349.74
2015-07-23,15/9-F-11,24.0,1356.95,205050.09,1210.61
2015-07-23,15/9-F-12,24.0,577.31,87238.6,1179.21
2015-07-23,15/9-F-14,24.0,217.68,32893.24,3150.12
2015-07-23,15/9-F-15 D,0.0,0.0,0.0,0.0
2015-07-23,15/9-F-4,24.0,,,
2015-07-23,15/9-F-5,24.0,,,
2015-07-24,15/9-F-1 C,24.0,264.65,39858.61,1152.34
2015-07-24,15/9-F-11,24.0,1342.47,202187.98,1215.91
2015-07-24,15/9-F-12,24.0,571.51,86074.59,1185.12
2015-07-24,15/9-F-14,24.0,215.49,32454.35,3165.9
2015-07-24,15/9-F-15 D,0.0,0.0,0.0,0.0
2015-07-24,15/9-F-4,24.0,,,
2015-07-24,15/9-F-5,24.0,,,
2015-07-25,15/9-F-1 C,24.0,204.35,30789.46,744.25
2015-07-25,15/9-F-11,24.0,1345.15,202672.07,1225.35
2015-07-25,15/9-F-12,24.0,565.63,85222.5,1179.67
2015-07-25,15/9-F-14,24.0,213.27,32133.08,3151.35
2015-07-25,15/9-F-15 D,0.0,0.0,0.0,0.0
2015-07-25,15/9-F-4,24.0,,,
2015-07-25,15/9-F-5,24.0,,,
2015-07-26,15/9-F-1 C,24.0,229.61,34487.65,733.71
2015-07-26,15/9-F-11,24.0,1332.97,200210.53,1225.71
2015-07-26,15/9-F-12,24.0,558.57,83897.54,1175.95
2015-07-26,15/9-F-14,24.0,210.61,31633.5,3141.38
2015-07-26,15/9-F-15 D,0.0,0.0,0.0,0.0
2015-07-26,15/9-F-4,24.0,,,
2015-07-26,15/9-F-5,24.0,,,
2015-07-27,15/9-F-1 C,24.0,227.7,34207.25,677.96
2015-07-27,15/9-F-11,24.0,1321.31,198496.44,1225.75
2015-07-27,15/9-F-12,24.0,554.05,83234.12,1176.76
2015-07-27,15/9-F-14,24.0,208.91,31383.36,3143.59
2015-07-27,15/9-F-15 D,0.0,0.0,0.0,0.0
2015-07-27,15/9-F-4,24.0,,,
2015-07-27,15/9-F-5,24.0,,,
2015-07-28,15/9-F-1 C,24.0,223.78,33825.26,670.66
2015-07-28,15/9-F-11,24.0,1299.1,196363.92,1213.08
2015-07-28,15/9-F-12,24.0,544.54,82308.82,1164.16
2015-07-28,15/9-F-14,24.0,205.32,31034.47,3109.92
2015-07-28,15/9-F-15 D,0.0,0.0,0.0,0.0
2015-07-28,15/9-F-4,24.0,,,
2015-07-28,15/9-F-5,24.0,,,
2015-07-29,15/9-F-1 C,24.0,182.64,27538.19,580.04
2015-07-29,15/9-F-11,24.0,1335.51,201360.52,1391.11
2015-07-29,15/9-F-12,24.0,555.11,83697.6,1323.85
2015-07-29,15/9-F-14,21.04194,143.98,21709.0,2432.79
2015-07-29,15/9-F-15 D,0.0,0.0,0.0,0.0
2015-07-29,15/9-F-4,24.0,,,
2015-07-29,15/9-F-5,24.0,,,
2015-07-30,15/9-F-1 C,24.0,201.69,30240.3,609.11
2015-07-30,15/9-F-11,24.0,1310.45,196486.36,1233.13
2015-07-30,15/9-F-12,24.0,544.61,81657.2,1173.3
2015-07-30,15/9-F-14,24.0,205.34,30788.78,3134.32
2015-07-30,15/9-F-15 D,0.0,0.0,0.0,0.0
2015-07-30,15/9-F-4,24.0,,,
2015-07-30,15/9-F-5,24.0,,,
2015-07-31,15/9-F-1 C,24.0,267.48,40043.61,708.88
2015-07-31,15/9-F-11,24.0,1289.69,193076.74,1238.03
2015-07-31,15/9-F-12,24.0,533.85,79920.51,1173.27
2015-07-31,15/9-F-14,24.0,201.29,30133.96,3134.26
2015-07-31,15/9-F-15 D,0.0,0.0,0.0,0.0
2015-07-31,15/9-F-4,24.0,,,
2015-07-31,15/9-F-5,24.0,,,
2015-08-01,15/9-F-1 C,24.0,350.0,52296.95,826.33
2015-08-01,15/9-F-11,24.0,1283.49,191777.37,1235.7
2015-08-01,15/9-F-12,24.0,531.46,79409.41,1171.46
2015-08-01,15/9-F-14,24.0,200.38,29941.25,3129.41
2015-08-01,15/9-F-15 D,0.0,0.0,0.0,0.0
2015-08-01,15/9-F-4,24.0,,,
2015-08-01,15/9-F-5,24.0,,,
2015-08-02,15/9-F-1 C,24.0,322.99,48064.42,713.45
2015-08-02,15/9-F-11,24.0,1277.28,190069.8,1232.28
2015-08-02,15/9-F-12,24.0,531.27,79058.44,1173.51
2015-08-02,15/9-F-14,24.0,200.32,29808.92,3134.87
2015-08-02,15/9-F-15 D,0.0,0.0,0.0,0.0
2015-08-02,15/9-F-4,24.0,,,
2015-08-02,15/9-F-5,24.0,,,
2015-08-03,15/9-F-1 C,24.0,384.65,57758.9,819.92
2015-08-03,15/9-F-11,24.0,1267.78,190370.97,1234.55
2015-08-03,15/9-F-12,24.0,525.84,78960.36,1172.35
2015-08-03,15/9-F-14,24.0,198.27,29771.94,3131.77
2015-08-03,15/9-F-15 D,0.0,0.0,0.0,0.0
2015-08-03,15/9-F-4,24.0,,,
2015-08-03,15/9-F-5,24.0,,,
2015-08-04,15/9-F-1 C,24.0,443.81,66824.44,844.98
2015-08-04,15/9-F-11,24.0,1272.72,191632.56,1235.16
2015-08-04,15/9-F-12,24.0,527.99,79498.58,1173.14
2015-08-04,15/9-F-14,24.0,199.08,29974.88,3133.92
2015-08-04,15/9-F-15 D,0.0,0.0,0.0,0.0
2015-08-04,15/9-F-4,24.0,,,
2015-08-04,15/9-F-5,24.0,,,
2015-08-05,15/9-F-1 C,24.0,732.83,107840.05,1146.74
2015-08-05,15/9-F-11,24.0,1276.71,187873.58,1231.13
2015-08-05,15/9-F-12,24.0,529.55,77925.05,1169.11
2015-08-05,15/9-F-14,24.0,199.66,29381.58,3123.12
2015-08-05,15/9-F-15 D,0.0,0.0,0.0,0.0
2015-08-05,15/9-F-4,24.0,,,
2015-08-05,15/9-F-5,24.0,,,
2015-08-06,15/9-F-1 C,24.0,583.05,86709.92,875.53
2015-08-06,15/9-F-11,24.0,1256.08,186803.55,1236.31
2015-08-06,15/9-F-12,24.0,521.22,77515.83,1174.55
2015-08-06,15/9-F-14,24.0,196.53,29227.28,3137.67
2015-08-06,15/9-F-15 D,0.0,0.0,0.0,0.0
2015-08-06,15/9-F-4,24.0,,,
2015-08-06,15/9-F-5,24.0,,,
2015-08-07,15/9-F-1 C,3.79167,53.69,8197.91,107.08
2015-08-07,15/9-F-11,24.0,1236.69,188841.79,1230.4
2015-08-07,15/9-F-12,24.0,515.53,78720.42,1174.29
2015-08-07,15/9-F-14,24.0,194.38,29681.47,3136.96
2015-08-07,15/9-F-15 D,0.0,0.0,0.0,0.0
2015-08-07,15/9-F-4,24.0,,,
2015-08-07,15/9-F-5,24.0,,,
2015-08-08,15/9-F-1 C,0.0,0.0,0.0,0.0
2015-08-08,15/9-F-11,24.0,1216.54,188670.41,1233.94
2015-08-08,15/9-F-12,24.0,506.25,78512.73,1175.62
2015-08-08,15/9-F-14,24.0,190.88,29603.16,3140.54
2015-08-08,15/9-F-15 D,0.0,0.0,0.0,0.0
2015-08-08,15/9-F-4,24.0,,,
2015-08-08,15/9-F-5,24.0,,,
2015-08-09,15/9-F-1 C,0.0,0.0,0.0,0.0
2015-08-09,15/9-F-11,24.0,1229.59,188412.77,1235.15
2015-08-09,15/9-F-12,24.0,510.38,78206.1,1173.78
2015-08-09,15/9-F-14,24.0,192.44,29487.55,3135.61
2015-08-09,15/9-F-15 D,0.0,0.0,0.0,0.0
2015-08-09,15/9-F-4,24.0,,,
2015-08-09,15/9-F-5,11.99986,,,
2015-08-10,15/9-F-1 C,0.0,0.0,0.0,0.0
2015-08-10,15/9-F-11,24.0,1221.71,187300.89,1234.5
2015-08-10,15/9-F-12,24.0,507.31,77776.38,1173.65
2015-08-10,15/9-F-14,24.0,191.28,29325.52,3135.28
2015-08-10,15/9-F-15 D,0.0,0.0,0.0,0.0
2015-08-10,15/9-F-4,20.12583,,,
2015-08-10,15/9-F-5,24.0,,,
2015-08-11,15/9-F-1 C,0.0,0.0,0.0,0.0
2015-08-11,15/9-F-11,24.0,1201.51,186315.23,1171.73
2015-08-11,15/9-F-12,24.0,499.8,77501.98,1115.91
2015-08-11,15/9-F-14,24.0,188.45,29222.06,2981.01
2015-08-11,15/9-F-15 D,0.0,0.0,0.0,0.0
2015-08-11,15/9-F-4,21.84167,,,
2015-08-11,15/9-F-5,24.0,,,
2015-08-12,15/9-F-1 C,0.0,0.0,0.0,0.0
2015-08-12,15/9-F-11,24.0,1210.98,185325.19,1217.5
2015-08-12,15/9-F-12,24.0,504.14,77151.62,1160.43
2015-08-12,15/9-F-14,24.0,190.09,29089.95,3099.93
2015-08-12,15/9-F-15 D,0.0,0.0,0.0,0.0
2015-08-12,15/9-F-4,24.0,,,
2015-08-12,15/9-F-5,24.0,,,
2015-08-13,15/9-F-1 C,0.0,0.0,0.0,0.0
2015-08-13,15/9-F-11,24.0,1205.33,185749.03,1217.71
2015-08-13,15/9-F-12,24.0,500.32,77101.89,1157.23
2015-08-13,15/9-F-14,24.0,188.64,29071.2,3091.4
2015-08-13,15/9-F-15 D,0.0,0.0,0.0,0.0
2015-08-13,15/9-F-4,24.0,,,
2015-08-13,15/9-F-5,24.0,,,
2015-08-14,15/9-F-1 C,0.0,0.0,0.0,0.0
2015-08-14,15/9-F-11,24.0,1205.98,185405.1,1216.12
2015-08-14,15/9-F-12,24.0,501.26,77063.52,1157.29
2015-08-14,15/9-F-14,24.0,189.0,29056.74,3091.56
2015-08-14,15/9-F-15 D,0.0,0.0,0.0,0.0
2015-08-14,15/9-F-4,24.0,,,
2015-08-14,15/9-F-5,24.0,,,
2015-08-15,15/9-F-1 C,0.0,0.0,0.0,0.0
2015-08-15,15/9-F-11,24.0,1204.85,183252.08,1217.04
2015-08-15,15/9-F-12,24.0,501.1,76215.13,1158.87
2015-08-15,15/9-F-14,24.0,188.94,28736.85,3095.8
2015-08-15,15/9-F-15 D,5.35764,58.0,8821.08,0.0
2015-08-15,15/9-F-4,24.0,,,
2015-08-15,15/9-F-5,24.0,,,
2015-08-16,15/9-F-1 C,0.0,0.0,0.0,0.0
2015-08-16,15/9-F-11,24.0,1199.53,180277.33,1191.24
2015-08-16,15/9-F-12,24.0,499.86,75125.02,1136.53
2015-08-16,15/9-F-14,24.0,188.47,28325.83,3036.11
2015-08-16,15/9-F-15 D,24.0,317.27,47683.09,106.13
2015-08-16,15/9-F-4,24.0,,,
2015-08-16,15/9-F-5,24.0,,,
2015-08-17,15/9-F-1 C,0.0,0.0,0.0,0.0
2015-08-17,15/9-F-11,24.0,1185.78,179634.81,1190.82
2015-08-17,15/9-F-12,24.0,493.68,74788.44,1135.08
2015-08-17,15/9-F-14,24.0,186.14,28198.92,3032.23
2015-08-17,15/9-F-15 D,24.0,286.73,43436.95,174.84
2015-08-17,15/9-F-4,24.0,,,
2015-08-17,15/9-F-5,24.0,,,
2015-08-18,15/9-F-1 C,0.0,0.0,0.0,0.0
2015-08-18,15/9-F-11,24.0,1192.7,179522.18,1148.83
2015-08-18,15/9-F-12,24.0,496.73,74765.95,1095.42
2015-08-18,15/9-F-14,24.0,187.29,28190.44,2926.29
2015-08-18,15/9-F-15 D,24.0,288.96,43493.58,169.0
2015-08-18,15/9-F-4,24.0,,,
2015-08-18,15/9-F-5,24.0,,,
2015-08-19,15/9-F-1 C,0.0,0.0,0.0,0.0
2015-08-19,15/9-F-11,24.0,1191.93,179478.06,1264.88
2015-08-19,15/9-F-12,24.0,502.27,75630.34,1220.32
2015-08-19,15/9-F-14,24.0,184.81,27827.56,3181.17
2015-08-19,15/9-F-15 D,24.0,293.67,44219.71,189.23
2015-08-19,15/9-F-4,24.0,,,
2015-08-19,15/9-F-5,24.0,,,
2015-08-20,15/9-F-1 C,0.0,0.0,0.0,0.0
2015-08-20,15/9-F-11,24.0,1204.72,180887.46,1237.65
2015-08-20,15/9-F-12,24.0,501.07,75235.27,1178.56
2015-08-20,15/9-F-14,24.0,188.93,28367.4,3148.36
2015-08-20,15/9-F-15 D,24.0,295.35,44345.95,184.24
2015-08-20,15/9-F-4,24.0,,,
2015-08-20,15/9-F-5,24.0,,,
2015-08-21,15/9-F-1 C,0.0,0.0,0.0,0.0
2015-08-21,15/9-F-11,24.0,1179.2,177614.52,1191.48
2015-08-21,15/9-F-12,24.0,496.79,74828.02,1149.25
2015-08-21,15/9-F-14,24.0,187.31,28213.84,3070.07
2015-08-21,15/9-F-15 D,24.0,323.83,48776.09,165.77
2015-08-21,15/9-F-4,24.0,,,
2015-08-21,15/9-F-5,24.0,,,
2015-08-22,15/9-F-1 C,0.0,0.0,0.0,0.0
2015-08-22,15/9-F-11,24.0,1176.63,175818.74,1175.47
2015-08-22,15/9-F-12,24.0,496.05,74122.93,1134.58
2015-08-22,15/9-F-14,24.0,187.04,27947.99,3030.9
2015-08-22,15/9-F-15 D,24.0,323.24,48300.46,156.06
2015-08-22,15/9-F-4,24.0,,,
2015-08-22,15/9-F-5,24.0,,,
2015-08-23,15/9-F-1 C,0.0,0.0,0.0,0.0
2015-08-23,15/9-F-11,24.0,1163.24,172903.01,1213.46
2015-08-23,15/9-F-12,24.0,484.62,72033.73,1157.44
2015-08-23,15/9-F-14,24.0,182.72,27160.26,3091.95
2015-08-23,15/9-F-15 D,24.0,323.97,48155.58,151.91
2015-08-23,15/9-F-4,7.34972,,,
2015-08-23,15/9-F-5,7.34972,,,
2015-08-24,15/9-F-1 C,0.0,0.0,0.0,0.0
2015-08-24,15/9-F-11,24.0,1160.11,173584.52,1201.02
2015-08-24,15/9-F-12,24.0,483.49,72342.38,1145.96
2015-08-24,15/9-F-14,24.0,182.3,27276.64,3061.3
2015-08-24,15/9-F-15 D,24.0,323.19,48358.06,150.39
2015-08-24,15/9-F-4,24.0,,,
2015-08-24,15/9-F-5,24.0,,,
2015-08-25,15/9-F-1 C,0.0,0.0,0.0,0.0
2015-08-25,15/9-F-11,24.0,1158.64,172798.34,1196.26
2015-08-25,15/9-F-12,24.0,482.3,71930.24,1140.08
2015-08-25,15/9-F-14,24.0,181.85,27121.24,3045.59
2015-08-25,15/9-F-15 D,24.0,322.41,48084.18,149.62
2015-08-25,15/9-F-4,24.0,,,
2015-08-25,15/9-F-5,24.0,,,
2015-08-26,15/9-F-1 C,0.0,0.0,0.0,0.0
2015-08-26,15/9-F-11,14.27528,671.06,102153.42,777.39
2015-08-26,15/9-F-12,13.60833,323.16,49193.67,857.11
2015-08-26,15/9-F-14,15.15014,83.33,12685.21,1565.89
2015-08-26,15/9-F-15 D,13.525,204.38,31111.47,106.42
2015-08-26,15/9-F-4,16.27514,,,
2015-08-26,15/9-F-5,14.27514,,,
2015-08-27,15/9-F-1 C,0.0,0.0,0.0,0.0
2015-08-27,15/9-F-11,0.0,0.0,0.0,0.0
2015-08-27,15/9-F-12,0.0,0.0,0.0,0.0
2015-08-27,15/9-F-14,0.0,0.0,0.0,0.0
2015-08-27,15/9-F-15 D,0.0,0.0,0.0,0.0
2015-08-27,15/9-F-4,0.0,,,
2015-08-27,15/9-F-5,0.0,,,
2015-08-28,15/9-F-1 C,0.0,0.0,0.0,0.0
2015-08-28,15/9-F-11,0.0,0.0,0.0,0.0
2015-08-28,15/9-F-12,0.0,0.0,0.0,0.0
2015-08-28,15/9-F-14,0.0,0.0,0.0,0.0
2015-08-28,15/9-F-15 D,0.0,0.0,0.0,0.0
2015-08-28,15/9-F-4,0.0,,,
2015-08-28,15/9-F-5,0.0,,,
2015-08-29,15/9-F-1 C,0.0,0.0,0.0,0.0
2015-08-29,15/9-F-11,0.0,0.0,0.0,0.0
2015-08-29,15/9-F-12,0.0,0.0,0.0,0.0
2015-08-29,15/9-F-14,0.0,0.0,0.0,0.0
2015-08-29,15/9-F-15 D,0.0,0.0,0.0,0.0
2015-08-29,15/9-F-4,0.0,,,
2015-08-29,15/9-F-5,0.0,,,
2015-08-30,15/9-F-1 C,0.0,0.0,0.0,0.0
2015-08-30,15/9-F-11,0.0,0.0,0.0,0.0
2015-08-30,15/9-F-12,0.0,0.0,0.0,0.0
2015-08-30,15/9-F-14,0.0,0.0,0.0,0.0
2015-08-30,15/9-F-15 D,0.0,0.0,0.0,0.0
2015-08-30,15/9-F-4,0.0,,,
2015-08-30,15/9-F-5,0.0,,,
2015-08-31,15/9-F-1 C,0.0,0.0,0.0,0.0
2015-08-31,15/9-F-11,17.74153,447.37,77429.47,702.72
2015-08-31,15/9-F-12,23.075,499.83,86507.28,1797.5
2015-08-31,15/9-F-14,14.24167,27.78,4808.85,707.93
2015-08-31,15/9-F-15 D,17.40833,216.67,37499.72,152.97
2015-08-31,15/9-F-4,21.075,,,
2015-08-31,15/9-F-5,20.575,,,
2015-09-01,15/9-F-1 C,0.0,0.0,0.0,0.0
2015-09-01,15/9-F-11,24.0,1154.34,185768.97,1314.62
2015-09-01,15/9-F-12,24.0,469.31,75526.41,1223.67
2015-09-01,15/9-F-14,24.0,157.03,25270.51,2900.8
2015-09-01,15/9-F-15 D,24.0,312.75,50331.01,160.1
2015-09-01,15/9-F-4,24.0,,,
2015-09-01,15/9-F-5,24.0,,,
2015-09-02,15/9-F-1 C,0.0,0.0,0.0,0.0
2015-09-02,15/9-F-11,24.0,1192.8,183061.48,1323.05
2015-09-02,15/9-F-12,24.0,442.93,67977.4,1124.82
2015-09-02,15/9-F-14,24.0,167.01,25630.82,3004.8
2015-09-02,15/9-F-15 D,24.0,295.69,45380.54,147.42
2015-09-02,15/9-F-4,24.0,,,
2015-09-02,15/9-F-5,24.0,,,
2015-09-03,15/9-F-1 C,0.0,0.0,0.0,0.0
2015-09-03,15/9-F-11,24.0,1098.55,173629.79,1270.7
2015-09-03,15/9-F-12,24.0,429.99,67960.86,1138.72
2015-09-03,15/9-F-14,24.0,149.36,23607.11,2802.46
2015-09-03,15/9-F-15 D,24.0,286.99,45359.37,149.21
2015-09-03,15/9-F-4,24.0,,,
2015-09-03,15/9-F-5,24.0,,,
2015-09-04,15/9-F-1 C,16.15833,176.51,27383.9,933.81
2015-09-04,15/9-F-11,24.0,955.69,148269.3,1191.87
2015-09-04,15/9-F-12,24.0,413.54,64158.54,1180.78
2015-09-04,15/9-F-14,24.0,116.5,18074.91,2356.83
2015-09-04,15/9-F-15 D,24.0,275.44,42733.35,154.4
2015-09-04,15/9-F-4,24.0,,,
2015-09-04,15/9-F-5,24.0,,,
2015-09-05,15/9-F-1 C,24.0,291.3,44064.48,1417.15
2015-09-05,15/9-F-11,24.0,1079.01,163219.28,1299.37
2015-09-05,15/9-F-12,24.0,429.77,65011.33,1240.89
2015-09-05,15/9-F-14,24.0,194.21,29378.51,2983.41
2015-09-05,15/9-F-15 D,24.0,281.33,42557.11,147.98
2015-09-05,15/9-F-4,24.0,,,
2015-09-05,15/9-F-5,24.0,,,
2015-09-06,15/9-F-1 C,24.0,344.41,51698.11,1068.6
2015-09-06,15/9-F-11,24.0,1043.55,156646.96,1184.84
2015-09-06,15/9-F-12,24.0,415.64,62391.21,1131.46
2015-09-06,15/9-F-14,24.0,189.75,28482.94,2748.15
2015-09-06,15/9-F-15 D,24.0,272.04,40835.3,134.91
2015-09-06,15/9-F-4,24.0,,,
2015-09-06,15/9-F-5,24.0,,,
2015-09-07,15/9-F-1 C,24.0,360.29,53948.96,983.35
2015-09-07,15/9-F-11,24.0,1036.29,155171.95,1240.34
2015-09-07,15/9-F-12,24.0,412.74,61802.98,1184.45
2015-09-07,15/9-F-14,24.0,188.42,28214.41,2876.86
2015-09-07,15/9-F-15 D,24.0,269.89,40412.99,141.09
2015-09-07,15/9-F-4,24.0,,,
2015-09-07,15/9-F-5,24.0,,,
2015-09-08,15/9-F-1 C,24.0,369.91,55458.25,855.05
2015-09-08,15/9-F-11,24.0,1027.85,154101.3,1260.82
2015-09-08,15/9-F-12,24.0,409.37,61374.57,1203.97
2015-09-08,15/9-F-14,24.0,186.89,28018.82,2924.27
2015-09-08,15/9-F-15 D,24.0,267.64,40126.26,143.4
2015-09-08,15/9-F-4,24.0,,,
2015-09-08,15/9-F-5,24.0,,,
2015-09-09,15/9-F-1 C,24.0,370.14,55321.24,818.86
2015-09-09,15/9-F-11,24.0,1028.02,153648.93,1263.17
2015-09-09,15/9-F-12,24.0,409.62,61222.9,1206.78
2015-09-09,15/9-F-14,24.0,187.0,27949.58,2931.08
2015-09-09,15/9-F-15 D,24.0,267.81,40027.53,143.73
2015-09-09,15/9-F-4,24.0,,,
2015-09-09,15/9-F-5,24.0,,,
2015-09-10,15/9-F-1 C,24.0,355.61,53158.57,754.21
2015-09-10,15/9-F-11,24.0,1024.19,153098.51,1290.16
2015-09-10,15/9-F-12,24.0,408.28,61031.84,1233.14
2015-09-10,15/9-F-14,24.0,186.39,27862.36,2995.11
2015-09-10,15/9-F-15 D,24.0,266.87,39892.36,146.83
2015-09-10,15/9-F-4,24.0,,,
2015-09-10,15/9-F-5,22.26667,,,
2015-09-11,15/9-F-1 C,24.0,334.51,50330.73,706.99
2015-09-11,15/9-F-11,24.0,1027.57,154607.72,1289.94
2015-09-11,15/9-F-12,24.0,409.62,61631.7,1232.89
2015-09-11,15/9-F-14,24.0,187.0,28136.21,2994.49
2015-09-11,15/9-F-15 D,24.0,240.98,36257.24,138.19
2015-09-11,15/9-F-4,24.0,,,
2015-09-11,15/9-F-5,24.0,,,
2015-09-12,15/9-F-1 C,24.0,397.18,58900.62,858.09
2015-09-12,15/9-F-11,24.0,1041.37,154431.79,1278.06
2015-09-12,15/9-F-12,24.0,415.13,61562.68,1221.56
2015-09-12,15/9-F-14,24.0,189.52,28104.7,2966.98
2015-09-12,15/9-F-15 D,24.0,244.15,36205.96,136.88
2015-09-12,15/9-F-4,24.0,,,
2015-09-12,15/9-F-5,21.66667,,,
2015-09-13,15/9-F-1 C,24.0,411.79,60948.22,840.38
2015-09-13,15/9-F-11,24.0,1032.61,152835.56,1279.59
2015-09-13,15/9-F-12,24.0,411.61,60921.6,1222.93
2015-09-13,15/9-F-14,24.0,187.91,27812.03,2970.3
2015-09-13,15/9-F-15 D,24.0,242.11,35834.71,137.06
2015-09-13,15/9-F-4,24.0,,,
2015-09-13,15/9-F-5,24.0,,,
2015-09-14,15/9-F-1 C,24.0,427.44,64121.63,817.92
2015-09-14,15/9-F-11,24.0,1005.36,150815.6,1274.07
2015-09-14,15/9-F-12,24.0,400.78,60120.84,1217.74
2015-09-14,15/9-F-14,24.0,182.96,27446.47,2957.7
2015-09-14,15/9-F-15 D,24.0,235.7,35357.07,136.45
2015-09-14,15/9-F-4,24.0,,,
2015-09-14,15/9-F-5,24.0,,,
2015-09-15,15/9-F-1 C,24.0,434.04,64316.54,890.56
2015-09-15,15/9-F-11,24.0,1040.99,154254.19,1268.62
2015-09-15,15/9-F-12,24.0,414.94,61485.55,1212.41
2015-09-15,15/9-F-14,24.0,189.43,28069.49,2944.75
2015-09-15,15/9-F-15 D,24.0,244.0,36155.83,135.84
2015-09-15,15/9-F-4,24.0,,,
2015-09-15,15/9-F-5,24.0,,,
2015-09-16,15/9-F-1 C,24.0,438.65,64702.0,887.5
2015-09-16,15/9-F-11,24.0,1051.22,155058.71,1263.29
2015-09-16,15/9-F-12,24.0,418.98,61801.05,1207.21
2015-09-16,15/9-F-14,24.0,191.27,28213.52,2932.14
2015-09-16,15/9-F-15 D,24.0,246.35,36337.56,135.24
2015-09-16,15/9-F-4,24.0,,,
2015-09-16,15/9-F-5,24.0,,,
2015-09-17,15/9-F-1 C,24.0,515.22,76528.74,931.11
2015-09-17,15/9-F-11,24.0,1040.85,154606.57,1272.72
2015-09-17,15/9-F-12,24.0,414.92,61630.32,1216.42
2015-09-17,15/9-F-14,24.0,189.42,28135.58,2954.5
2015-09-17,15/9-F-15 D,24.0,243.94,36233.74,136.26
2015-09-17,15/9-F-4,24.0,,,
2015-09-17,15/9-F-5,24.0,,,
2015-09-18,15/9-F-1 C,24.0,614.6,89918.26,1061.29
2015-09-18,15/9-F-11,24.0,1082.77,158412.72,1185.97
2015-09-18,15/9-F-12,24.0,431.6,63144.89,1133.46
2015-09-18,15/9-F-14,24.0,197.04,28827.01,2753.0
2015-09-18,15/9-F-15 D,24.0,253.84,37137.27,127.01
2015-09-18,15/9-F-4,24.0,,,
2015-09-18,15/9-F-5,24.0,,,
2015-09-19,15/9-F-1 C,24.0,509.6,74359.25,765.82
2015-09-19,15/9-F-11,24.0,1051.51,153435.06,1163.41
2015-09-19,15/9-F-12,24.0,419.13,61158.04,1111.84
2015-09-19,15/9-F-14,24.0,191.34,27919.98,2700.5
2015-09-19,15/9-F-15 D,24.0,246.53,35973.83,124.61
2015-09-19,15/9-F-4,24.0,,,
2015-09-19,15/9-F-5,24.0,,,
2015-09-20,15/9-F-1 C,8.30847,109.07,16388.92,176.43
2015-09-20,15/9-F-11,24.0,1006.61,151247.56,1101.64
2015-09-20,15/9-F-12,24.0,401.25,60289.88,1052.88
2015-09-20,15/9-F-14,24.0,183.18,27523.64,2557.29
2015-09-20,15/9-F-15 D,24.0,236.01,35462.31,118.0
2015-09-20,15/9-F-4,24.0,,,
2015-09-20,15/9-F-5,24.0,,,
2015-09-21,15/9-F-1 C,0.0,0.0,0.0,0.0
2015-09-21,15/9-F-11,24.0,1065.57,160596.97,1141.82
2015-09-21,15/9-F-12,24.0,424.75,64015.15,1091.25
2015-09-21,15/9-F-14,24.0,193.91,29224.31,2650.47
2015-09-21,15/9-F-15 D,24.0,250.08,37690.28,122.42
2015-09-21,15/9-F-4,24.0,,,
2015-09-21,15/9-F-5,24.0,,,
2015-09-22,15/9-F-1 C,0.0,0.0,0.0,0.0
2015-09-22,15/9-F-11,22.72458,810.98,126742.7,876.9
2015-09-22,15/9-F-12,23.32486,350.77,54818.62,909.36
2015-09-22,15/9-F-14,23.07486,99.34,15525.09,1370.18
2015-09-22,15/9-F-15 D,23.15805,206.11,32211.93,101.81
2015-09-22,15/9-F-4,19.98376,,,
2015-09-22,15/9-F-5,19.80042,,,
2015-09-23,15/9-F-1 C,0.0,0.0,0.0,0.0
2015-09-23,15/9-F-11,24.0,1070.19,161375.49,1229.15
2015-09-23,15/9-F-12,24.0,426.96,64382.83,1175.76
2015-09-23,15/9-F-14,24.0,190.37,28705.6,2789.04
2015-09-23,15/9-F-15 D,24.0,256.33,38652.82,134.49
2015-09-23,15/9-F-4,24.0,,,
2015-09-23,15/9-F-5,24.0,,,
2015-09-24,15/9-F-1 C,0.0,0.0,0.0,0.0
2015-09-24,15/9-F-11,24.0,1069.42,161188.15,1250.03
2015-09-24,15/9-F-12,24.0,426.3,64254.29,1194.73
2015-09-24,15/9-F-14,24.0,194.61,29333.48,2901.84
2015-09-24,15/9-F-15 D,24.0,222.76,33575.24,118.95
2015-09-24,15/9-F-4,24.0,,,
2015-09-24,15/9-F-5,24.0,,,
2015-09-25,15/9-F-1 C,0.0,0.0,0.0,0.0
2015-09-25,15/9-F-11,24.0,1067.92,162965.69,1348.53
2015-09-25,15/9-F-12,24.0,423.33,64601.7,1195.45
2015-09-25,15/9-F-14,24.0,169.33,25840.68,3001.96
2015-09-25,15/9-F-15 D,24.0,209.22,31927.64,121.91
2015-09-25,15/9-F-4,24.0,,,
2015-09-25,15/9-F-5,24.0,,,
2015-09-26,15/9-F-1 C,0.0,0.0,0.0,0.0
2015-09-26,15/9-F-11,24.0,1070.45,161704.07,1343.26
2015-09-26,15/9-F-12,24.0,424.5,64126.09,1191.23
2015-09-26,15/9-F-14,24.0,169.8,25650.44,2991.38
2015-09-26,15/9-F-15 D,24.0,209.8,31692.48,121.48
2015-09-26,15/9-F-4,24.0,,,
2015-09-26,15/9-F-5,24.0,,,
2015-09-27,15/9-F-1 C,0.0,0.0,0.0,0.0
2015-09-27,15/9-F-11,24.0,1056.78,161682.12,1341.38
2015-09-27,15/9-F-12,24.0,419.13,64125.17,1189.71
2015-09-27,15/9-F-14,24.0,167.65,25650.07,2987.55
2015-09-27,15/9-F-15 D,24.0,207.14,31691.94,121.33
2015-09-27,15/9-F-4,24.0,,,
2015-09-27,15/9-F-5,24.0,,,
2015-09-28,15/9-F-1 C,0.0,0.0,0.0,0.0
2015-09-28,15/9-F-11,24.0,1052.85,160106.5,1334.7
2015-09-28,15/9-F-12,24.0,417.56,63498.91,1183.76
2015-09-28,15/9-F-14,24.0,167.02,25399.56,2972.61
2015-09-28,15/9-F-15 D,24.0,206.37,31382.29,120.72
2015-09-28,15/9-F-4,24.0,,,
2015-09-28,15/9-F-5,24.0,,,
2015-09-29,15/9-F-1 C,0.0,0.0,0.0,0.0
2015-09-29,15/9-F-11,24.0,1050.53,160121.28,1275.78
2015-09-29,15/9-F-12,24.0,416.21,63438.54,1130.32
2015-09-29,15/9-F-14,24.0,165.39,25209.29,2819.84
2015-09-29,15/9-F-15 D,24.0,206.02,31401.89,115.45
2015-09-29,15/9-F-4,24.0,,,
2015-09-29,15/9-F-5,24.0,,,
2015-09-30,15/9-F-1 C,0.0,0.0,0.0,0.0
2015-09-30,15/9-F-11,24.0,1088.75,165304.94,1254.05
2015-09-30,15/9-F-12,24.0,385.85,58582.77,1105.77
2015-09-30,15/9-F-14,24.0,171.36,26017.74,2771.02
2015-09-30,15/9-F-15 D,24.0,213.46,32408.83,113.45
2015-09-30,15/9-F-4,24.0,,,
2015-09-30,15/9-F-5,24.0,,,
2015-10-01,15/9-F-1 C,0.0,0.0,0.0,0.0
2015-10-01,15/9-F-11,24.0,1104.83,168051.94,1294.45
2015-10-01,15/9-F-12,24.0,391.95,59617.51,1142.57
2015-10-01,15/9-F-14,24.0,175.34,26670.99,2884.15
2015-10-01,15/9-F-15 D,24.0,216.65,32953.56,117.13
2015-10-01,15/9-F-4,24.0,,,
2015-10-01,15/9-F-5,24.0,,,
2015-10-02,15/9-F-1 C,0.0,0.0,0.0,0.0
2015-10-02,15/9-F-11,24.0,1117.65,169726.29,1294.11
2015-10-02,15/9-F-12,24.0,408.03,61964.74,1175.53
2015-10-02,15/9-F-14,24.0,191.42,29069.88,3111.74
2015-10-02,15/9-F-15 D,24.0,211.61,32135.83,113.07
2015-10-02,15/9-F-4,24.0,,,
2015-10-02,15/9-F-5,24.0,,,
2015-10-03,15/9-F-1 C,0.0,0.0,0.0,0.0
2015-10-03,15/9-F-11,24.0,1162.37,177027.11,1397.81
2015-10-03,15/9-F-12,24.0,404.51,61605.55,1210.31
2015-10-03,15/9-F-14,24.0,189.77,28901.37,3203.79
2015-10-03,15/9-F-15 D,24.0,209.78,31949.36,116.41
2015-10-03,15/9-F-4,21.5,,,
2015-10-03,15/9-F-5,24.0,,,
2015-10-04,15/9-F-1 C,0.0,0.0,0.0,0.0
2015-10-04,15/9-F-11,24.0,1159.62,175514.08,1384.6
2015-10-04,15/9-F-12,24.0,402.23,60879.64,1194.95
2015-10-04,15/9-F-14,24.0,187.11,28320.49,3136.55
2015-10-04,15/9-F-15 D,24.0,209.12,31651.0,115.22
2015-10-04,15/9-F-4,24.0,,,
2015-10-04,15/9-F-5,21.15,,,
2015-10-05,15/9-F-1 C,0.0,0.0,0.0,0.0
2015-10-05,15/9-F-11,24.0,1151.09,175457.05,1392.57
2015-10-05,15/9-F-12,24.0,399.95,60963.68,1203.89
2015-10-05,15/9-F-14,24.0,187.63,28600.25,3186.81
2015-10-05,15/9-F-15 D,24.0,207.39,31612.12,115.78
2015-10-05,15/9-F-4,24.0,,,
2015-10-05,15/9-F-5,23.0,,,
2015-10-06,15/9-F-1 C,0.0,0.0,0.0,0.0
2015-10-06,15/9-F-11,24.0,1145.05,174900.53,1390.42
2015-10-06,15/9-F-12,24.0,397.87,60771.58,1202.05
2015-10-06,15/9-F-14,24.0,186.65,28510.12,3181.96
2015-10-06,15/9-F-15 D,24.0,206.33,31515.25,115.61
2015-10-06,15/9-F-4,24.0,,,
2015-10-06,15/9-F-5,24.0,,,
2015-10-07,15/9-F-1 C,0.0,0.0,0.0,0.0
2015-10-07,15/9-F-11,24.0,1148.87,174297.18,1382.63
2015-10-07,15/9-F-12,24.0,399.04,60539.93,1194.88
2015-10-07,15/9-F-14,24.0,187.21,28401.45,3162.96
2015-10-07,15/9-F-15 D,24.0,206.94,31395.06,114.92
2015-10-07,15/9-F-4,24.0,,,
2015-10-07,15/9-F-5,24.0,,,
2015-10-08,15/9-F-1 C,0.0,0.0,0.0,0.0
2015-10-08,15/9-F-11,24.0,1133.96,173374.37,1382.74
2015-10-08,15/9-F-12,24.0,393.22,60119.93,1193.0
2015-10-08,15/9-F-14,24.0,184.47,28204.41,3158.0
2015-10-08,15/9-F-15 D,24.0,203.92,31177.02,114.74
2015-10-08,15/9-F-4,24.0,,,
2015-10-08,15/9-F-5,24.0,,,
2015-10-09,15/9-F-1 C,0.0,0.0,0.0,0.0
2015-10-09,15/9-F-11,24.0,1188.88,179684.86,1483.32
2015-10-09,15/9-F-12,24.0,400.26,60494.36,1210.66
2015-10-09,15/9-F-14,24.0,192.53,29098.55,3108.05
2015-10-09,15/9-F-15 D,24.0,212.82,32165.23,112.93
2015-10-09,15/9-F-4,24.0,,,
2015-10-09,15/9-F-5,24.0,,,
2015-10-10,15/9-F-1 C,0.0,0.0,0.0,0.0
2015-10-10,15/9-F-11,24.0,1187.22,179770.13,1495.48
2015-10-10,15/9-F-12,24.0,399.08,60427.91,1218.66
2015-10-10,15/9-F-14,24.0,191.96,29066.59,3128.61
2015-10-10,15/9-F-15 D,24.0,212.21,32132.14,113.68
2015-10-10,15/9-F-4,24.0,,,
2015-10-10,15/9-F-5,24.0,,,
2015-10-11,15/9-F-1 C,0.0,0.0,0.0,0.0
2015-10-11,15/9-F-11,24.0,1190.45,180151.78,1492.89
2015-10-11,15/9-F-12,24.0,400.33,60582.52,1217.09
2015-10-11,15/9-F-14,24.0,192.56,29140.96,3124.55
2015-10-11,15/9-F-15 D,24.0,212.88,32215.62,113.54
2015-10-11,15/9-F-4,24.0,,,
2015-10-11,15/9-F-5,24.0,,,
2015-10-12,15/9-F-1 C,0.0,0.0,0.0,0.0
2015-10-12,15/9-F-11,24.0,1176.43,179312.09,1494.74
2015-10-12,15/9-F-12,24.0,395.79,60327.54,1219.15
2015-10-12,15/9-F-14,24.0,190.38,29018.31,3129.87
2015-10-12,15/9-F-15 D,24.0,210.45,32077.63,113.72
2015-10-12,15/9-F-4,24.0,,,
2015-10-12,15/9-F-5,24.0,,,
2015-10-13,15/9-F-1 C,0.0,0.0,0.0,0.0
2015-10-13,15/9-F-11,23.16667,1037.47,159732.32,1460.37
2015-10-13,15/9-F-12,23.16667,347.6,53518.6,1186.21
2015-10-13,15/9-F-14,23.16667,151.5,23326.06,2759.36
2015-10-13,15/9-F-15 D,23.16667,187.23,28826.5,112.08
2015-10-13,15/9-F-4,16.68279,,,
2015-10-13,15/9-F-5,15.50764,,,
2015-10-14,15/9-F-1 C,6.10819,68.45,10292.08,231.01
2015-10-14,15/9-F-11,24.0,1141.23,171603.71,1500.22
2015-10-14,15/9-F-12,24.0,387.47,58262.34,1234.81
2015-10-14,15/9-F-14,24.0,186.2,27997.95,3167.01
2015-10-14,15/9-F-15 D,24.0,206.01,30976.59,115.17
2015-10-14,15/9-F-4,24.0,,,
2015-10-14,15/9-F-5,24.0,,,
2015-10-15,15/9-F-1 C,24.0,105.62,16146.96,1645.08
2015-10-15,15/9-F-11,24.0,1150.21,175842.07,1495.41
2015-10-15,15/9-F-12,24.0,385.64,58955.08,1215.47
2015-10-15,15/9-F-14,24.0,185.5,28358.14,3120.42
2015-10-15,15/9-F-15 D,24.0,205.07,31349.91,113.39
2015-10-15,15/9-F-4,24.0,,,
2015-10-15,15/9-F-5,24.0,,,
2015-10-16,15/9-F-1 C,24.0,157.84,23819.66,1228.59
2015-10-16,15/9-F-11,24.0,1182.94,178521.98,1571.61
2015-10-16,15/9-F-12,24.0,396.94,59902.76,1278.45
2015-10-16,15/9-F-14,24.0,190.93,28813.99,3282.1
2015-10-16,15/9-F-15 D,24.0,211.08,31855.07,119.27
2015-10-16,15/9-F-4,24.0,,,
2015-10-16,15/9-F-5,24.0,,,
2015-10-17,15/9-F-1 C,24.0,153.95,23111.45,862.14
2015-10-17,15/9-F-11,24.0,1169.51,175572.06,1533.87
2015-10-17,15/9-F-12,24.0,392.73,58958.31,1248.71
2015-10-17,15/9-F-14,24.0,188.91,28359.69,3205.76
2015-10-17,15/9-F-15 D,24.0,208.84,31352.65,116.49
2015-10-17,15/9-F-4,18.41667,,,
2015-10-17,15/9-F-5,18.75,,,
2015-10-18,15/9-F-1 C,24.0,150.21,22354.38,714.55
2015-10-18,15/9-F-11,24.0,1172.3,174462.22,1521.76
2015-10-18,15/9-F-12,24.0,394.25,58672.87,1240.7
2015-10-18,15/9-F-14,24.0,189.64,28222.39,3185.18
2015-10-18,15/9-F-15 D,24.0,209.65,31200.92,115.74
2015-10-18,15/9-F-4,24.0,,,
2015-10-18,15/9-F-5,22.0,,,
2015-10-19,15/9-F-1 C,24.0,225.44,33844.5,861.16
2015-10-19,15/9-F-11,24.0,1135.6,170485.55,1497.62
2015-10-19,15/9-F-12,24.0,382.11,57364.85,1221.64
2015-10-19,15/9-F-14,24.0,183.8,27593.22,3136.26
2015-10-19,15/9-F-15 D,24.0,203.19,30505.28,113.97
2015-10-19,15/9-F-4,24.0,,,
2015-10-19,15/9-F-5,24.0,,,
2015-10-20,15/9-F-1 C,24.0,220.67,33090.49,816.18
2015-10-20,15/9-F-11,24.0,1137.63,170592.93,1452.65
2015-10-20,15/9-F-12,24.0,382.77,57398.32,1184.9
2015-10-20,15/9-F-14,24.0,184.12,27609.32,3041.93
2015-10-20,15/9-F-15 D,24.0,203.54,30522.57,110.54
2015-10-20,15/9-F-4,24.0,,,
2015-10-20,15/9-F-5,24.0,,,
2015-10-21,15/9-F-1 C,24.0,208.22,31224.76,701.65
2015-10-21,15/9-F-11,24.0,1129.59,169400.05,1482.67
2015-10-21,15/9-F-12,24.0,380.09,56999.14,1209.43
2015-10-21,15/9-F-14,24.0,182.83,27417.31,3104.92
2015-10-21,15/9-F-15 D,24.0,202.12,30310.14,112.82
2015-10-21,15/9-F-4,24.0,,,
2015-10-21,15/9-F-5,24.0,,,
2015-10-22,15/9-F-1 C,24.0,217.89,32598.24,698.55
2015-10-22,15/9-F-11,24.0,1129.0,168913.06,1409.85
2015-10-22,15/9-F-12,24.0,379.88,56834.85,1150.03
2015-10-22,15/9-F-14,24.0,182.73,27338.28,2952.42
2015-10-22,15/9-F-15 D,24.0,202.01,30222.59,107.28
2015-10-22,15/9-F-4,24.0,,,
2015-10-22,15/9-F-5,24.0,,,
2015-10-23,15/9-F-1 C,24.0,218.67,32908.07,729.62
2015-10-23,15/9-F-11,24.0,1115.41,167864.4,1449.65
2015-10-23,15/9-F-12,24.0,375.3,56481.09,1182.47
2015-10-23,15/9-F-14,24.0,180.53,27168.12,3035.7
2015-10-23,15/9-F-15 D,24.0,199.61,30039.78,110.33
2015-10-23,15/9-F-4,24.0,,,
2015-10-23,15/9-F-5,24.0,,,
2015-10-24,15/9-F-1 C,24.0,252.89,38310.69,735.2
2015-10-24,15/9-F-11,24.0,1102.06,166952.38,1554.54
2015-10-24,15/9-F-12,24.0,370.78,56169.38,1267.92
2015-10-24,15/9-F-14,24.0,178.36,27020.67,3255.37
2015-10-24,15/9-F-15 D,24.0,197.22,29877.44,118.31
2015-10-24,15/9-F-4,24.0,,,
2015-10-24,15/9-F-5,24.0,,,
2015-10-25,15/9-F-1 C,24.0,284.35,42500.83,786.01
2015-10-25,15/9-F-11,24.0,1164.72,174086.01,1562.12
2015-10-25,15/9-F-12,24.0,391.93,58579.99,1274.34
2015-10-25,15/9-F-14,24.0,188.52,28177.72,3271.54
2015-10-25,15/9-F-15 D,24.0,208.44,31154.88,118.89
2015-10-25,15/9-F-4,24.0,,,
2015-10-25,15/9-F-5,24.0,,,
2015-10-26,15/9-F-1 C,24.0,393.65,64546.06,860.01
2015-10-26,15/9-F-11,1.52514,10.71,1756.77,16.28
2015-10-26,15/9-F-12,24.0,342.9,56227.27,1263.48
2015-10-26,15/9-F-14,24.0,164.94,27046.03,3243.67
2015-10-26,15/9-F-15 D,24.0,182.37,29904.43,117.88
2015-10-26,15/9-F-4,24.0,,,
2015-10-26,15/9-F-5,24.0,,,
2015-10-27,15/9-F-1 C,24.0,418.62,68466.4,846.55
2015-10-27,15/9-F-11,0.0,0.0,0.0,0.0
2015-10-27,15/9-F-12,24.0,342.74,56056.24,1277.12
2015-10-27,15/9-F-14,24.0,164.86,26963.76,3278.68
2015-10-27,15/9-F-15 D,24.0,182.31,29816.7,119.17
2015-10-27,15/9-F-4,24.0,,,
2015-10-27,15/9-F-5,24.0,,,
2015-10-28,15/9-F-1 C,24.0,399.81,64240.2,801.29
2015-10-28,15/9-F-11,0.0,0.0,0.0,0.0
2015-10-28,15/9-F-12,24.0,372.18,59801.33,1344.66
2015-10-28,15/9-F-14,24.0,179.02,28765.2,3452.06
2015-10-28,15/9-F-15 D,24.0,197.99,31812.18,125.49
2015-10-28,15/9-F-4,24.0,,,
2015-10-28,15/9-F-5,24.0,,,
2015-10-29,15/9-F-1 C,24.0,606.2,93397.01,1014.43
2015-10-29,15/9-F-11,9.0,268.69,41398.2,413.96
2015-10-29,15/9-F-12,19.5,316.07,48698.41,1180.53
2015-10-29,15/9-F-14,22.75,151.69,23371.72,3023.88
2015-10-29,15/9-F-15 D,24.0,215.08,33138.46,140.93
2015-10-29,15/9-F-4,24.0,,,
2015-10-29,15/9-F-5,24.0,,,
2015-10-30,15/9-F-1 C,1.69167,3.32,520.78,6.69
2015-10-30,15/9-F-11,17.2,811.29,127118.9,1214.22
2015-10-30,15/9-F-12,24.0,365.26,57232.37,1325.3
2015-10-30,15/9-F-14,24.0,156.28,24487.88,3026.46
2015-10-30,15/9-F-15 D,24.0,197.65,30968.82,125.8
2015-10-30,15/9-F-4,24.0,,,
2015-10-30,15/9-F-5,24.0,,,
2015-10-31,15/9-F-1 C,0.0,0.0,0.0,0.0
2015-10-31,15/9-F-11,0.0,0.0,0.0,0.0
2015-10-31,15/9-F-12,24.0,389.73,66920.06,1482.21
2015-10-31,15/9-F-14,24.0,187.47,32189.46,3805.21
2015-10-31,15/9-F-15 D,24.0,207.32,35598.96,138.32
2015-10-31,15/9-F-4,24.0,,,
2015-10-31,15/9-F-5,24.0,,,
2015-11-01,15/9-F-1 C,0.0,0.0,0.0,0.0
2015-11-01,15/9-F-11,0.0,0.0,0.0,0.0
2015-11-01,15/9-F-12,24.0,393.43,66533.82,1422.59
2015-11-01,15/9-F-14,24.0,189.24,32003.61,3652.15
2015-11-01,15/9-F-15 D,24.0,209.29,35393.41,132.76
2015-11-01,15/9-F-4,24.0,,,
2015-11-01,15/9-F-5,24.0,,,
2015-11-02,15/9-F-1 C,0.0,0.0,0.0,0.0
2015-11-02,15/9-F-11,0.0,0.0,0.0,0.0
2015-11-02,15/9-F-12,23.50001,375.46,63223.6,1186.68
2015-11-02,15/9-F-14,23.50001,166.89,28104.06,2815.36
2015-11-02,15/9-F-15 D,23.16667,198.93,33499.6,110.3
2015-11-02,15/9-F-4,11.025,,,
2015-11-02,15/9-F-5,9.69167,,,
2015-11-03,15/9-F-1 C,0.0,0.0,0.0,0.0
2015-11-03,15/9-F-11,23.3082,863.3,133837.05,757.44
2015-11-03,15/9-F-12,24.0,376.81,58417.98,1199.06
2015-11-03,15/9-F-14,24.0,181.25,28100.08,3078.31
2015-11-03,15/9-F-15 D,24.0,200.5,31084.05,111.93
2015-11-03,15/9-F-4,21.475,,,
2015-11-03,15/9-F-5,0.0,,,
2015-11-04,15/9-F-1 C,0.0,0.0,0.0,0.0
2015-11-04,15/9-F-11,24.0,1481.57,224672.84,1893.07
2015-11-04,15/9-F-12,24.0,390.01,59143.73,1208.11
2015-11-04,15/9-F-14,24.0,187.6,28448.88,3101.53
2015-11-04,15/9-F-15 D,24.0,207.78,31509.55,112.91
2015-11-04,15/9-F-4,24.0,,,
2015-11-04,15/9-F-5,0.0,,,
2015-11-05,15/9-F-1 C,0.0,0.0,0.0,0.0
2015-11-05,15/9-F-11,24.0,1535.69,230418.96,1987.43
2015-11-05,15/9-F-12,24.0,394.87,59246.56,1238.86
2015-11-05,15/9-F-14,24.0,167.76,25171.36,2809.16
2015-11-05,15/9-F-15 D,23.62514,206.85,31036.91,113.85
2015-11-05,15/9-F-4,18.0,,,
2015-11-05,15/9-F-5,9.24167,,,
2015-11-06,15/9-F-1 C,0.0,0.0,0.0,0.0
2015-11-06,15/9-F-11,24.0,1428.62,218409.61,2029.81
2015-11-06,15/9-F-12,24.0,363.73,55607.87,1252.86
2015-11-06,15/9-F-14,24.0,174.96,26748.09,3216.41
2015-11-06,15/9-F-15 D,13.65028,110.12,16835.21,66.54
2015-11-06,15/9-F-4,24.0,,,
2015-11-06,15/9-F-5,24.0,,,
2015-11-07,15/9-F-1 C,0.0,0.0,0.0,0.0
2015-11-07,15/9-F-11,24.0,1413.79,217288.88,2033.61
2015-11-07,15/9-F-12,24.0,357.88,55004.01,1247.99
2015-11-07,15/9-F-14,24.0,172.15,26457.63,3203.88
2015-11-07,15/9-F-15 D,10.225,81.19,12478.34,49.67
2015-11-07,15/9-F-4,24.0,,,
2015-11-07,15/9-F-5,24.0,,,
2015-11-08,15/9-F-1 C,0.0,0.0,0.0,0.0
2015-11-08,15/9-F-11,24.0,1398.35,215024.68,2094.94
2015-11-08,15/9-F-12,24.0,348.14,53532.85,1264.41
2015-11-08,15/9-F-14,24.0,167.46,25749.98,3246.04
2015-11-08,15/9-F-15 D,24.0,185.75,28562.49,118.35
2015-11-08,15/9-F-4,24.0,,,
2015-11-08,15/9-F-5,24.0,,,
2015-11-09,15/9-F-1 C,0.0,0.0,0.0,0.0
2015-11-09,15/9-F-11,24.0,1304.41,200372.36,2098.16
2015-11-09,15/9-F-12,24.0,322.03,49467.95,1255.77
2015-11-09,15/9-F-14,24.0,154.9,23794.71,3223.86
2015-11-09,15/9-F-15 D,24.0,278.28,42747.51,234.72
2015-11-09,15/9-F-4,24.0,,,
2015-11-09,15/9-F-5,24.0,,,
2015-11-10,15/9-F-1 C,0.0,0.0,0.0,0.0
2015-11-10,15/9-F-11,24.0,1292.4,199652.04,2121.49
2015-11-10,15/9-F-12,24.0,319.06,49289.21,1269.71
2015-11-10,15/9-F-14,24.0,153.47,23708.73,3259.65
2015-11-10,15/9-F-15 D,24.0,275.63,42580.23,237.26
2015-11-10,15/9-F-4,24.0,,,
2015-11-10,15/9-F-5,24.0,,,
2015-11-11,15/9-F-1 C,0.0,0.0,0.0,0.0
2015-11-11,15/9-F-11,24.0,1360.35,206518.86,2182.74
2015-11-11,15/9-F-12,24.0,335.83,50984.34,1306.36
2015-11-11,15/9-F-14,24.0,161.54,24524.12,3353.74
2015-11-11,15/9-F-15 D,24.0,290.63,44122.2,244.54
2015-11-11,15/9-F-4,24.0,,,
2015-11-11,15/9-F-5,24.0,,,
2015-11-12,15/9-F-1 C,0.0,0.0,0.0,0.0
2015-11-12,15/9-F-11,24.0,1295.84,197640.37,2213.91
2015-11-12,15/9-F-12,24.0,393.73,60052.27,1322.63
2015-11-12,15/9-F-14,24.0,189.39,28885.9,3395.49
2015-11-12,15/9-F-15 D,24.0,235.07,35852.27,170.8
2015-11-12,15/9-F-4,24.0,,,
2015-11-12,15/9-F-5,24.0,,,
2015-11-13,15/9-F-1 C,0.0,0.0,0.0,0.0
2015-11-13,15/9-F-11,24.0,1286.74,196680.87,2191.41
2015-11-13,15/9-F-12,24.0,390.97,59760.73,1309.18
2015-11-13,15/9-F-14,24.0,188.06,28745.67,3361.0
2015-11-13,15/9-F-15 D,24.0,233.38,35672.73,169.04
2015-11-13,15/9-F-4,24.0,,,
2015-11-13,15/9-F-5,24.0,,,
2015-11-14,15/9-F-1 C,0.0,0.0,0.0,0.0
2015-11-14,15/9-F-11,24.0,1314.3,201199.74,2220.74
2015-11-14,15/9-F-12,24.0,399.34,61133.77,1326.71
2015-11-14,15/9-F-14,24.0,192.09,29406.12,3405.98
2015-11-14,15/9-F-15 D,24.0,238.33,36485.48,171.27
2015-11-14,15/9-F-4,24.0,,,
2015-11-14,15/9-F-5,24.0,,,
2015-11-15,15/9-F-1 C,0.0,0.0,0.0,0.0
2015-11-15,15/9-F-11,24.0,1321.18,199101.2,2352.11
2015-11-15,15/9-F-12,24.0,401.44,60496.13,1405.19
2015-11-15,15/9-F-14,24.0,193.1,29099.41,3607.47
2015-11-15,15/9-F-15 D,24.0,239.42,36080.8,181.28
2015-11-15,15/9-F-4,24.0,,,
2015-11-15,15/9-F-5,24.0,,,
2015-11-16,15/9-F-1 C,0.0,0.0,0.0,0.0
2015-11-16,15/9-F-11,24.0,1321.76,199526.72,2224.22
2015-11-16,15/9-F-12,24.0,400.74,60493.04,1325.88
2015-11-16,15/9-F-14,24.0,191.32,28880.41,3378.43
2015-11-16,15/9-F-15 D,24.0,240.16,36252.53,171.87
2015-11-16,15/9-F-4,24.0,,,
2015-11-16,15/9-F-5,24.0,,,
2015-11-17,15/9-F-1 C,0.0,0.0,0.0,0.0
2015-11-17,15/9-F-11,24.0,1312.14,198029.76,2140.59
2015-11-17,15/9-F-12,24.0,398.69,60170.58,1278.83
2015-11-17,15/9-F-14,24.0,191.78,28942.81,3283.06
2015-11-17,15/9-F-15 D,24.0,238.37,35974.85,165.38
2015-11-17,15/9-F-4,24.0,,,
2015-11-17,15/9-F-5,24.0,,,
2015-11-18,15/9-F-1 C,13.25833,63.09,9772.33,409.68
2015-11-18,15/9-F-11,24.0,1298.28,201093.55,2144.9
2015-11-18,15/9-F-12,24.0,394.48,61101.5,1281.4
2015-11-18,15/9-F-14,24.0,189.75,29390.6,3289.67
2015-11-18,15/9-F-15 D,10.65833,102.58,15889.18,72.08
2015-11-18,15/9-F-4,24.0,,,
2015-11-18,15/9-F-5,24.0,,,
2015-11-19,15/9-F-1 C,24.0,57.47,8877.68,849.97
2015-11-19,15/9-F-11,24.0,1338.18,206714.75,2150.98
2015-11-19,15/9-F-12,24.0,406.6,62809.48,1285.03
2015-11-19,15/9-F-14,24.0,195.58,30212.16,3299.0
2015-11-19,15/9-F-15 D,0.0,0.0,0.0,0.0
2015-11-19,15/9-F-4,24.0,,,
2015-11-19,15/9-F-5,24.0,,,
2015-11-20,15/9-F-1 C,24.0,175.11,27014.97,1130.83
2015-11-20,15/9-F-11,24.0,1281.18,197658.62,2105.1
2015-11-20,15/9-F-12,24.0,389.28,60057.81,1257.62
2015-11-20,15/9-F-14,24.0,187.25,28888.57,3228.62
2015-11-20,15/9-F-15 D,12.49166,95.34,14708.17,66.62
2015-11-20,15/9-F-4,24.0,,,
2015-11-20,15/9-F-5,24.0,,,
2015-11-21,15/9-F-1 C,24.0,252.27,38791.28,1424.88
2015-11-21,15/9-F-11,24.0,1316.69,202461.92,2061.37
2015-11-21,15/9-F-12,24.0,400.07,61517.28,1231.5
2015-11-21,15/9-F-14,24.0,192.44,29590.59,3161.57
2015-11-21,15/9-F-15 D,24.0,43.94,6756.17,29.25
2015-11-21,15/9-F-4,24.0,,,
2015-11-21,15/9-F-5,24.0,,,
2015-11-22,15/9-F-1 C,24.0,303.18,46436.13,1031.61
2015-11-22,15/9-F-11,24.0,1280.9,196190.25,2093.16
2015-11-22,15/9-F-12,24.0,389.2,59611.65,1250.49
2015-11-22,15/9-F-14,24.0,187.21,28673.96,3210.34
2015-11-22,15/9-F-15 D,8.90833,14.47,2215.86,10.05
2015-11-22,15/9-F-4,24.0,,,
2015-11-22,15/9-F-5,24.0,,,
2015-11-23,15/9-F-1 C,24.0,303.74,46216.16,1034.87
2015-11-23,15/9-F-11,24.0,1284.19,195401.51,2101.3
2015-11-23,15/9-F-12,24.0,390.2,59372.0,1255.35
2015-11-23,15/9-F-14,24.0,187.69,28558.68,3222.81
2015-11-23,15/9-F-15 D,0.0,0.0,0.0,0.0
2015-11-23,15/9-F-4,24.0,,,
2015-11-23,15/9-F-5,24.0,,,
2015-11-24,15/9-F-1 C,24.0,301.02,45609.62,910.3
2015-11-24,15/9-F-11,24.0,1272.84,192856.82,2013.31
2015-11-24,15/9-F-12,24.0,386.75,58598.81,1202.79
2015-11-24,15/9-F-14,24.0,186.03,28186.77,3087.85
2015-11-24,15/9-F-15 D,0.0,0.0,0.0,0.0
2015-11-24,15/9-F-4,24.0,,,
2015-11-24,15/9-F-5,24.0,,,
2015-11-25,15/9-F-1 C,24.0,308.88,46935.86,932.64
2015-11-25,15/9-F-11,24.0,1259.01,191310.74,1988.36
2015-11-25,15/9-F-12,24.0,382.54,58129.04,1187.88
2015-11-25,15/9-F-14,24.0,184.01,27960.8,3049.59
2015-11-25,15/9-F-15 D,0.0,0.0,0.0,0.0
2015-11-25,15/9-F-4,24.0,,,
2015-11-25,15/9-F-5,24.0,,,
2015-11-26,15/9-F-1 C,24.0,289.87,44165.41,799.32
2015-11-26,15/9-F-11,24.0,1250.58,190542.17,2009.78
2015-11-26,15/9-F-12,24.0,379.98,57895.5,1200.68
2015-11-26,15/9-F-14,24.0,182.78,27848.47,3082.44
2015-11-26,15/9-F-15 D,0.0,0.0,0.0,0.0
2015-11-26,15/9-F-4,24.0,,,
2015-11-26,15/9-F-5,24.0,,,
2015-11-27,15/9-F-1 C,24.0,311.81,47139.21,853.14
2015-11-27,15/9-F-11,24.0,1240.99,187615.45,1978.92
2015-11-27,15/9-F-12,24.0,377.07,57006.24,1182.24
2015-11-27,15/9-F-14,24.0,181.38,27420.72,3035.12
2015-11-27,15/9-F-15 D,0.0,0.0,0.0,0.0
2015-11-27,15/9-F-4,24.0,,,
2015-11-27,15/9-F-5,24.0,,,
2015-11-28,15/9-F-1 C,24.0,318.61,48869.1,808.83
2015-11-28,15/9-F-11,24.0,1230.7,188763.57,1967.52
2015-11-28,15/9-F-12,24.0,373.94,57355.08,1175.43
2015-11-28,15/9-F-14,24.0,179.87,27588.52,3017.63
2015-11-28,15/9-F-15 D,0.0,0.0,0.0,0.0
2015-11-28,15/9-F-4,24.0,,,
2015-11-28,15/9-F-5,24.0,,,
2015-11-29,15/9-F-1 C,24.0,324.82,49522.64,753.11
2015-11-29,15/9-F-11,24.0,1218.0,185697.71,1963.98
2015-11-29,15/9-F-12,24.0,370.09,56423.53,1173.32
2015-11-29,15/9-F-14,24.0,178.02,27140.43,3012.18
2015-11-29,15/9-F-15 D,0.0,0.0,0.0,0.0
2015-11-29,15/9-F-4,24.0,,,
2015-11-29,15/9-F-5,24.0,,,
2015-11-30,15/9-F-1 C,24.0,322.18,49034.04,743.13
2015-11-30,15/9-F-11,24.0,1208.25,183892.35,1938.26
2015-11-30,15/9-F-12,24.0,367.12,55874.99,1157.95
2015-11-30,15/9-F-14,24.0,176.59,26876.58,2972.74
2015-11-30,15/9-F-15 D,0.0,0.0,0.0,0.0
2015-11-30,15/9-F-4,24.0,,,
2015-11-30,15/9-F-5,24.0,,,
2015-12-01,15/9-F-1 C,24.0,318.37,48722.55,736.98
2015-12-01,15/9-F-11,24.0,1190.89,182248.59,1917.21
2015-12-01,15/9-F-12,24.0,361.85,55375.53,1145.37
2015-12-01,15/9-F-14,24.0,174.05,26636.33,2940.46
2015-12-01,15/9-F-15 D,0.0,0.0,0.0,0.0
2015-12-01,15/9-F-4,24.0,,,
2015-12-01,15/9-F-5,24.0,,,
2015-12-02,15/9-F-1 C,24.0,349.66,53110.24,737.72
2015-12-02,15/9-F-11,24.0,1185.75,180103.73,1913.76
2015-12-02,15/9-F-12,24.0,360.29,54723.82,1143.32
2015-12-02,15/9-F-14,24.0,173.3,26322.85,2935.18
2015-12-02,15/9-F-15 D,0.0,0.0,0.0,0.0
2015-12-02,15/9-F-4,24.0,,,
2015-12-02,15/9-F-5,24.0,,,
2015-12-03,15/9-F-1 C,24.0,352.55,53761.4,745.33
2015-12-03,15/9-F-11,24.0,1189.44,181379.16,1923.61
2015-12-03,15/9-F-12,24.0,361.4,55111.36,1149.2
2015-12-03,15/9-F-14,24.0,173.84,26509.26,2950.26
2015-12-03,15/9-F-15 D,0.0,0.0,0.0,0.0
2015-12-03,15/9-F-4,24.0,,,
2015-12-03,15/9-F-5,24.0,,,
2015-12-04,15/9-F-1 C,24.0,372.09,59284.7,770.98
2015-12-04,15/9-F-11,24.0,1168.78,186220.51,1985.4
2015-12-04,15/9-F-12,24.0,355.13,56582.39,1186.11
2015-12-04,15/9-F-14,24.0,170.82,27216.84,3045.06
2015-12-04,15/9-F-15 D,0.0,0.0,0.0,0.0
2015-12-04,15/9-F-4,24.0,,,
2015-12-04,15/9-F-5,24.0,,,
2015-12-05,15/9-F-1 C,24.0,334.45,51571.83,727.27
2015-12-05,15/9-F-11,24.0,1221.25,188316.12,2031.51
2015-12-05,15/9-F-12,24.0,371.07,57219.13,1213.66
2015-12-05,15/9-F-14,24.0,178.49,27523.12,3115.76
2015-12-05,15/9-F-15 D,0.0,0.0,0.0,0.0
2015-12-05,15/9-F-4,24.0,,,
2015-12-05,15/9-F-5,24.0,,,
2015-12-06,15/9-F-1 C,24.0,356.49,54832.72,748.85
2015-12-06,15/9-F-11,24.0,1204.14,185209.76,2073.66
2015-12-06,15/9-F-12,24.0,365.87,56275.27,1238.84
2015-12-06,15/9-F-14,24.0,175.99,27069.12,3180.42
2015-12-06,15/9-F-15 D,0.0,0.0,0.0,0.0
2015-12-06,15/9-F-4,24.0,,,
2015-12-06,15/9-F-5,24.0,,,
2015-12-07,15/9-F-1 C,24.0,361.71,55786.96,763.98
2015-12-07,15/9-F-11,24.0,1215.25,187427.67,2104.27
2015-12-07,15/9-F-12,24.0,369.25,56949.17,1257.13
2015-12-07,15/9-F-14,24.0,177.61,27393.27,3227.37
2015-12-07,15/9-F-15 D,0.0,0.0,0.0,0.0
2015-12-07,15/9-F-4,24.0,,,
2015-12-07,15/9-F-5,24.0,,,
2015-12-08,15/9-F-1 C,24.0,406.31,62594.94,808.52
2015-12-08,15/9-F-11,24.0,1210.73,186521.44,2113.28
2015-12-08,15/9-F-12,24.0,367.88,56673.83,1262.51
2015-12-08,15/9-F-14,24.0,176.95,27260.83,3241.17
2015-12-08,15/9-F-15 D,0.0,0.0,0.0,0.0
2015-12-08,15/9-F-4,24.0,,,
2015-12-08,15/9-F-5,24.0,,,
2015-12-09,15/9-F-1 C,5.65833,97.79,15245.96,191.92
2015-12-09,15/9-F-11,20.16667,973.0,151701.8,2167.72
2015-12-09,15/9-F-12,11.33334,155.48,24240.13,681.04
2015-12-09,15/9-F-14,20.5,96.23,15003.33,2249.76
2015-12-09,15/9-F-15 D,13.175,212.65,33153.72,201.48
2015-12-09,15/9-F-4,19.24999,,,
2015-12-09,15/9-F-5,19.24999,,,
2015-12-10,15/9-F-1 C,0.0,0.0,0.0,0.0
2015-12-10,15/9-F-11,24.0,1168.18,175853.01,2170.32
2015-12-10,15/9-F-12,24.0,413.59,62259.65,1510.79
2015-12-10,15/9-F-14,24.0,138.11,20790.18,2692.57
2015-12-10,15/9-F-15 D,24.0,310.21,46696.87,352.29
2015-12-10,15/9-F-4,24.0,,,
2015-12-10,15/9-F-5,24.0,,,
2015-12-11,15/9-F-1 C,0.0,0.0,0.0,0.0
2015-12-11,15/9-F-11,24.0,1221.03,185944.44,2137.71
2015-12-11,15/9-F-12,24.0,384.79,58597.71,1324.56
2015-12-11,15/9-F-14,24.0,163.14,24844.6,2997.32
2015-12-11,15/9-F-15 D,24.0,246.08,37474.69,297.03
2015-12-11,15/9-F-4,24.0,,,
2015-12-11,15/9-F-5,24.0,,,
2015-12-12,15/9-F-1 C,0.0,0.0,0.0,0.0
2015-12-12,15/9-F-11,24.0,1220.87,185155.04,2039.22
2015-12-12,15/9-F-12,24.0,377.79,57294.53,1240.7
2015-12-12,15/9-F-14,24.0,181.72,27559.4,3185.18
2015-12-12,15/9-F-15 D,24.0,241.6,36641.33,278.23
2015-12-12,15/9-F-4,24.0,,,
2015-12-12,15/9-F-5,24.0,,,
2015-12-13,15/9-F-1 C,0.0,0.0,0.0,0.0
2015-12-13,15/9-F-11,24.0,1223.58,185179.16,2034.25
2015-12-13,15/9-F-12,24.0,371.78,56265.98,1215.3
2015-12-13,15/9-F-14,24.0,178.83,27064.65,3119.97
2015-12-13,15/9-F-15 D,24.0,238.04,36024.89,272.84
2015-12-13,15/9-F-4,24.0,,,
2015-12-13,15/9-F-5,24.0,,,
2015-12-14,15/9-F-1 C,0.0,0.0,0.0,0.0
2015-12-14,15/9-F-11,24.0,1213.2,184107.82,2036.62
2015-12-14,15/9-F-12,24.0,368.62,55940.46,1216.71
2015-12-14,15/9-F-14,24.0,177.31,26908.07,3123.6
2015-12-14,15/9-F-15 D,24.0,236.18,35841.54,273.35
2015-12-14,15/9-F-4,24.0,,,
2015-12-14,15/9-F-5,24.0,,,
2015-12-15,15/9-F-1 C,0.0,0.0,0.0,0.0
2015-12-15,15/9-F-11,24.0,1206.37,182628.86,2100.73
2015-12-15,15/9-F-12,24.0,366.55,55491.07,1255.01
2015-12-15,15/9-F-14,24.0,176.31,26691.91,3221.92
2015-12-15,15/9-F-15 D,24.0,234.69,35529.85,240.02
2015-12-15,15/9-F-4,24.0,,,
2015-12-15,15/9-F-5,24.0,,,
2015-12-16,15/9-F-1 C,0.0,0.0,0.0,0.0
2015-12-16,15/9-F-11,24.0,1190.22,181285.3,2083.28
2015-12-16,15/9-F-12,24.0,361.65,55082.84,1244.59
2015-12-16,15/9-F-14,24.0,173.96,26495.54,3195.15
2015-12-16,15/9-F-15 D,24.0,231.34,35235.31,237.81
2015-12-16,15/9-F-4,24.0,,,
2015-12-16,15/9-F-5,24.0,,,
2015-12-17,15/9-F-1 C,0.0,0.0,0.0,0.0
2015-12-17,15/9-F-11,24.0,1200.1,181690.23,2082.58
2015-12-17,15/9-F-12,24.0,364.64,55205.88,1244.17
2015-12-17,15/9-F-14,24.0,175.4,26554.73,3194.1
2015-12-17,15/9-F-15 D,24.0,210.03,31798.2,201.59
2015-12-17,15/9-F-4,24.0,,,
2015-12-17,15/9-F-5,24.0,,,
2015-12-18,15/9-F-1 C,0.0,0.0,0.0,0.0
2015-12-18,15/9-F-11,24.0,1181.96,179810.39,2084.61
2015-12-18,15/9-F-12,24.0,359.13,54634.7,1245.38
2015-12-18,15/9-F-14,24.0,172.75,26279.98,3197.19
2015-12-18,15/9-F-15 D,24.0,206.85,31467.93,201.78
2015-12-18,15/9-F-4,24.0,,,
2015-12-18,15/9-F-5,24.0,,,
2015-12-19,15/9-F-1 C,0.0,0.0,0.0,0.0
2015-12-19,15/9-F-11,24.0,1173.04,178160.58,2051.38
2015-12-19,15/9-F-12,24.0,356.43,54133.41,1225.53
2015-12-19,15/9-F-14,24.0,171.45,26038.85,3146.26
2015-12-19,15/9-F-15 D,24.0,205.29,31179.68,198.56
2015-12-19,15/9-F-4,24.0,,,
2015-12-19,15/9-F-5,24.0,,,
2015-12-20,15/9-F-1 C,0.0,0.0,0.0,0.0
2015-12-20,15/9-F-11,24.0,1155.77,176443.51,2039.45
2015-12-20,15/9-F-12,24.0,351.17,53611.68,1218.4
2015-12-20,15/9-F-14,24.0,168.92,25787.9,3127.93
2015-12-20,15/9-F-15 D,24.0,202.27,30878.87,197.41
2015-12-20,15/9-F-4,24.0,,,
2015-12-20,15/9-F-5,24.0,,,
2015-12-21,15/9-F-1 C,0.0,0.0,0.0,0.0
2015-12-21,15/9-F-11,24.0,1149.91,174918.98,2026.56
2015-12-21,15/9-F-12,24.0,349.4,53148.46,1210.7
2015-12-21,15/9-F-14,24.0,168.06,25565.08,3108.17
2015-12-21,15/9-F-15 D,24.0,201.25,30612.65,196.16
2015-12-21,15/9-F-4,24.0,,,
2015-12-21,15/9-F-5,24.0,,,
2015-12-22,15/9-F-1 C,0.0,0.0,0.0,0.0
2015-12-22,15/9-F-11,24.0,1137.37,173305.29,2016.91
2015-12-22,15/9-F-12,24.0,345.58,52658.15,1204.94
2015-12-22,15/9-F-14,24.0,166.23,25329.23,3093.37
2015-12-22,15/9-F-15 D,24.0,199.05,30329.82,195.23
2015-12-22,15/9-F-4,24.0,,,
2015-12-22,15/9-F-5,24.0,,,
2015-12-23,15/9-F-1 C,0.0,0.0,0.0,0.0
2015-12-23,15/9-F-11,24.0,1136.43,174003.72,2038.39
2015-12-23,15/9-F-12,24.0,344.54,52754.91,1215.11
2015-12-23,15/9-F-14,24.0,164.49,25186.09,3096.18
2015-12-23,15/9-F-15 D,24.0,199.05,30478.01,197.47
2015-12-23,15/9-F-4,24.0,,,
2015-12-23,15/9-F-5,24.0,,,
2015-12-24,15/9-F-1 C,0.0,0.0,0.0,0.0
2015-12-24,15/9-F-11,24.0,1124.81,172918.02,2012.2
2015-12-24,15/9-F-12,24.0,341.77,52540.47,1202.13
2015-12-24,15/9-F-14,24.0,164.4,25272.63,3086.15
2015-12-24,15/9-F-15 D,24.0,196.87,30264.95,194.79
2015-12-24,15/9-F-4,24.0,,,
2015-12-24,15/9-F-5,24.0,,,
2015-12-25,15/9-F-1 C,0.0,0.0,0.0,0.0
2015-12-25,15/9-F-11,24.0,1120.24,171000.6,1991.89
2015-12-25,15/9-F-12,24.0,340.83,52027.36,1191.58
2015-12-25,15/9-F-14,24.0,163.95,25025.82,3059.08
2015-12-25,15/9-F-15 D,24.0,196.45,29987.81,193.2
2015-12-25,15/9-F-4,24.0,,,
2015-12-25,15/9-F-5,24.0,,,
2015-12-26,15/9-F-1 C,0.0,0.0,0.0,0.0
2015-12-26,15/9-F-11,24.0,1110.87,170762.39,1998.53
2015-12-26,15/9-F-12,24.0,337.53,51885.5,1193.96
2015-12-26,15/9-F-14,24.0,162.36,24957.58,3065.18
2015-12-26,15/9-F-15 D,24.0,194.64,29919.47,193.67
2015-12-26,15/9-F-4,24.0,,,
2015-12-26,15/9-F-5,24.0,,,
2015-12-27,15/9-F-1 C,0.0,0.0,0.0,0.0
2015-12-27,15/9-F-11,24.0,1085.91,169793.33,1957.64
2015-12-27,15/9-F-12,24.0,329.95,51591.05,1169.53
2015-12-27,15/9-F-14,24.0,158.71,24815.95,3002.45
2015-12-27,15/9-F-15 D,24.0,190.35,29763.39,189.8
2015-12-27,15/9-F-4,24.0,,,
2015-12-27,15/9-F-5,24.0,,,
2015-12-28,15/9-F-1 C,0.0,0.0,0.0,0.0
2015-12-28,15/9-F-11,24.0,1098.33,169318.9,1982.85
2015-12-28,15/9-F-12,24.0,332.55,51266.0,1180.42
2015-12-28,15/9-F-14,24.0,158.77,24475.26,3007.79
2015-12-28,15/9-F-15 D,24.0,192.7,29705.89,192.41
2015-12-28,15/9-F-4,24.0,,,
2015-12-28,15/9-F-5,24.0,,,
2015-12-29,15/9-F-1 C,0.0,0.0,0.0,0.0
2015-12-29,15/9-F-11,24.0,1088.75,168391.28,1961.69
2015-12-29,15/9-F-12,24.0,330.81,51165.05,1171.95
2015-12-29,15/9-F-14,24.0,159.12,24611.04,3008.7
2015-12-29,15/9-F-15 D,24.0,191.39,29601.73,190.73
2015-12-29,15/9-F-4,24.0,,,
2015-12-29,15/9-F-5,24.0,,,
2015-12-30,15/9-F-1 C,0.0,0.0,0.0,0.0
2015-12-30,15/9-F-11,24.0,1088.15,167901.81,1948.82
2015-12-30,15/9-F-12,24.0,330.63,51016.32,1164.26
2015-12-30,15/9-F-14,24.0,159.04,24539.49,2988.94
2015-12-30,15/9-F-15 D,24.0,191.5,29548.88,189.69
2015-12-30,15/9-F-4,24.0,,,
2015-12-30,15/9-F-5,24.0,,,
2015-12-31,15/9-F-1 C,0.0,0.0,0.0,0.0
2015-12-31,15/9-F-11,24.0,1079.58,166964.02,1950.23
2015-12-31,15/9-F-12,24.0,328.02,50731.37,1165.1
2015-12-31,15/9-F-14,24.0,157.78,24402.43,2991.11
2015-12-31,15/9-F-15 D,24.0,190.56,29471.23,190.4
2015-12-31,15/9-F-4,24.0,,,
2015-12-31,15/9-F-5,24.0,,,
2016-01-01,15/9-F-1 C,0.0,0.0,0.0,0.0
2016-01-01,15/9-F-11,24.0,1075.6,165528.79,1943.07
2016-01-01,15/9-F-12,24.0,326.82,50295.29,1160.83
2016-01-01,15/9-F-14,24.0,157.2,24192.67,2980.12
2016-01-01,15/9-F-15 D,24.0,190.03,29243.88,189.87
2016-01-01,15/9-F-4,24.0,,,
2016-01-01,15/9-F-5,24.0,,,
2016-01-02,15/9-F-1 C,0.0,0.0,0.0,0.0
2016-01-02,15/9-F-11,24.0,1052.84,163451.88,1923.06
2016-01-02,15/9-F-12,24.0,319.9,49664.22,1148.87
2016-01-02,15/9-F-14,24.0,153.88,23889.12,2949.44
2016-01-02,15/9-F-15 D,24.0,186.17,28901.78,188.07
2016-01-02,15/9-F-4,24.0,,,
2016-01-02,15/9-F-5,24.0,,,
2016-01-03,15/9-F-1 C,0.0,0.0,0.0,0.0
2016-01-03,15/9-F-11,21.66667,767.34,118644.33,1461.53
2016-01-03,15/9-F-12,21.66667,225.77,34907.52,845.48
2016-01-03,15/9-F-14,21.5,96.03,14848.19,1919.42
2016-01-03,15/9-F-15 D,21.16667,133.75,20680.61,140.9
2016-01-03,15/9-F-4,17.0,,,
2016-01-03,15/9-F-5,17.0,,,
2016-01-04,15/9-F-1 C,14.34167,82.82,13437.44,203.14
2016-01-04,15/9-F-11,24.0,854.55,138644.91,1921.67
2016-01-04,15/9-F-12,24.0,254.52,41294.33,1125.35
2016-01-04,15/9-F-14,24.0,104.68,16982.97,2470.15
2016-01-04,15/9-F-15 D,9.65833,19.15,3106.64,23.82
2016-01-04,15/9-F-4,24.0,,,
2016-01-04,15/9-F-5,23.83333,,,
2016-01-05,15/9-F-1 C,24.0,32.67,5277.18,843.45
2016-01-05,15/9-F-11,24.0,1064.37,171928.47,2102.33
2016-01-05,15/9-F-12,24.0,323.41,52239.81,1255.97
2016-01-05,15/9-F-14,24.0,155.56,25128.01,3224.39
2016-01-05,15/9-F-15 D,0.0,0.0,0.0,0.0
2016-01-05,15/9-F-4,24.0,,,
2016-01-05,15/9-F-5,24.0,,,
2016-01-06,15/9-F-1 C,24.0,93.87,15281.59,1465.71
2016-01-06,15/9-F-11,24.0,1049.77,170901.95,2263.0
2016-01-06,15/9-F-12,24.0,318.97,51927.9,1351.95
2016-01-06,15/9-F-14,24.0,153.43,24977.98,3470.8
2016-01-06,15/9-F-15 D,0.0,0.0,0.0,0.0
2016-01-06,15/9-F-4,24.0,,,
2016-01-06,15/9-F-5,24.0,,,
2016-01-07,15/9-F-1 C,24.0,164.52,26623.23,1413.28
2016-01-07,15/9-F-11,24.0,1054.93,170706.24,2104.04
2016-01-07,15/9-F-12,24.0,320.53,51868.43,1256.99
2016-01-07,15/9-F-14,24.0,154.18,24949.37,3227.0
2016-01-07,15/9-F-15 D,0.0,0.0,0.0,0.0
2016-01-07,15/9-F-4,24.0,,,
2016-01-07,15/9-F-5,24.0,,,
2016-01-08,15/9-F-1 C,24.0,194.43,31122.32,1122.39
2016-01-08,15/9-F-11,24.0,1062.46,170066.17,2138.94
2016-01-08,15/9-F-12,24.0,322.82,51673.95,1277.84
2016-01-08,15/9-F-14,24.0,155.28,24855.82,3280.51
2016-01-08,15/9-F-15 D,0.0,0.0,0.0,0.0
2016-01-08,15/9-F-4,24.0,,,
2016-01-08,15/9-F-5,24.0,,,
2016-01-09,15/9-F-1 C,24.0,205.53,32916.43,969.51
2016-01-09,15/9-F-11,24.0,1066.1,170737.75,2140.66
2016-01-09,15/9-F-12,24.0,323.93,51878.01,1278.87
2016-01-09,15/9-F-14,24.0,155.81,24953.98,3283.17
2016-01-09,15/9-F-15 D,0.0,0.0,0.0,0.0
2016-01-09,15/9-F-4,24.0,,,
2016-01-09,15/9-F-5,24.0,,,
2016-01-10,15/9-F-1 C,24.0,187.41,30048.94,810.95
2016-01-10,15/9-F-11,24.0,1069.38,171460.73,2157.94
2016-01-10,15/9-F-12,24.0,324.93,52097.68,1289.19
2016-01-10,15/9-F-14,24.0,156.29,25059.65,3309.67
2016-01-10,15/9-F-15 D,0.0,0.0,0.0,0.0
2016-01-10,15/9-F-4,24.0,,,
2016-01-10,15/9-F-5,24.0,,,
2016-01-11,15/9-F-1 C,24.0,170.45,27228.48,733.88
2016-01-11,15/9-F-11,24.0,1080.11,172546.27,2168.79
2016-01-11,15/9-F-12,24.0,328.19,52427.52,1295.67
2016-01-11,15/9-F-14,24.0,157.86,25218.3,3326.32
2016-01-11,15/9-F-15 D,0.0,0.0,0.0,0.0
2016-01-11,15/9-F-4,24.0,,,
2016-01-11,15/9-F-5,24.0,,,
2016-01-12,15/9-F-1 C,24.0,156.61,24965.04,684.72
2016-01-12,15/9-F-11,24.0,1085.46,173037.98,2213.24
2016-01-12,15/9-F-12,24.0,329.82,52576.92,1322.23
2016-01-12,15/9-F-14,24.0,158.65,25290.17,3394.47
2016-01-12,15/9-F-15 D,0.0,0.0,0.0,0.0
2016-01-12,15/9-F-4,24.0,,,
2016-01-12,15/9-F-5,24.0,,,
2016-01-13,15/9-F-1 C,23.5,232.69,37108.69,846.22
2016-01-13,15/9-F-11,23.33333,975.22,155523.64,2177.21
2016-01-13,15/9-F-12,23.33333,294.84,47019.55,1294.21
2016-01-13,15/9-F-14,23.33333,132.99,21208.2,3115.61
2016-01-13,15/9-F-15 D,0.0,0.0,0.0,0.0
2016-01-13,15/9-F-4,21.0,,,
2016-01-13,15/9-F-5,21.16667,,,
2016-01-14,15/9-F-1 C,24.0,258.42,39859.18,870.9
2016-01-14,15/9-F-11,24.0,1095.77,169011.9,2267.03
2016-01-14,15/9-F-12,24.0,332.95,51353.61,1354.36
2016-01-14,15/9-F-14,24.0,160.15,24701.74,3476.98
2016-01-14,15/9-F-15 D,0.0,0.0,0.0,0.0
2016-01-14,15/9-F-4,24.0,,,
2016-01-14,15/9-F-5,24.0,,,
2016-01-15,15/9-F-1 C,24.0,199.68,31090.57,726.91
2016-01-15,15/9-F-11,24.0,1095.24,170527.01,2385.19
2016-01-15,15/9-F-12,24.0,332.78,51813.97,1424.95
2016-01-15,15/9-F-14,24.0,160.07,24923.18,3658.21
2016-01-15,15/9-F-15 D,0.0,0.0,0.0,0.0
2016-01-15,15/9-F-4,24.0,,,
2016-01-15,15/9-F-5,24.0,,,
2016-01-16,15/9-F-1 C,24.0,199.16,30911.67,694.91
2016-01-16,15/9-F-11,24.0,1089.1,169034.0,2273.32
2016-01-16,15/9-F-12,24.0,330.91,51360.33,1358.12
2016-01-16,15/9-F-14,24.0,159.17,24704.97,3486.62
2016-01-16,15/9-F-15 D,0.0,0.0,0.0,0.0
2016-01-16,15/9-F-4,24.0,,,
2016-01-16,15/9-F-5,24.0,,,
2016-01-17,15/9-F-1 C,24.0,197.21,30602.33,672.47
2016-01-17,15/9-F-11,24.0,1077.76,167246.54,2198.64
2016-01-17,15/9-F-12,24.0,327.47,50817.22,1313.5
2016-01-17,15/9-F-14,24.0,157.52,24443.73,3372.08
2016-01-17,15/9-F-15 D,0.0,0.0,0.0,0.0
2016-01-17,15/9-F-4,24.0,,,
2016-01-17,15/9-F-5,24.0,,,
2016-01-18,15/9-F-1 C,24.0,197.52,30750.88,703.93
2016-01-18,15/9-F-11,24.0,1069.7,166538.57,2280.68
2016-01-18,15/9-F-12,24.0,325.02,50602.1,1362.52
2016-01-18,15/9-F-14,24.0,156.34,24340.25,3497.91
2016-01-18,15/9-F-15 D,0.0,0.0,0.0,0.0
2016-01-18,15/9-F-4,24.0,,,
2016-01-18,15/9-F-5,24.0,,,
2016-01-19,15/9-F-1 C,24.0,257.83,40019.51,780.82
2016-01-19,15/9-F-11,24.0,1037.73,161070.06,2293.26
2016-01-19,15/9-F-12,24.0,315.31,48940.52,1370.03
2016-01-19,15/9-F-14,24.0,151.67,23541.01,3517.22
2016-01-19,15/9-F-15 D,0.0,0.0,0.0,0.0
2016-01-19,15/9-F-4,24.0,,,
2016-01-19,15/9-F-5,24.0,,,
2016-01-20,15/9-F-1 C,13.84167,150.62,24432.48,493.09
2016-01-20,15/9-F-11,20.83333,884.99,143556.01,2114.17
2016-01-20,15/9-F-12,20.83333,264.18,42853.36,1240.87
2016-01-20,15/9-F-14,20.83333,110.37,17902.89,2766.79
2016-01-20,15/9-F-15 D,9.075,93.34,15140.13,123.32
2016-01-20,15/9-F-4,20.33333,,,
2016-01-20,15/9-F-5,20.33333,,,
2016-01-21,15/9-F-1 C,0.0,0.0,0.0,0.0
2016-01-21,15/9-F-11,24.0,999.89,155302.99,2256.84
2016-01-21,15/9-F-12,24.0,303.82,47188.53,1348.28
2016-01-21,15/9-F-14,24.0,141.28,21943.41,3346.26
2016-01-21,15/9-F-15 D,24.0,273.19,42431.34,341.04
2016-01-21,15/9-F-4,24.0,,,
2016-01-21,15/9-F-5,24.0,,,
2016-01-22,15/9-F-1 C,0.0,0.0,0.0,0.0
2016-01-22,15/9-F-11,24.0,986.66,155543.94,2322.29
2016-01-22,15/9-F-12,24.0,290.2,45749.45,1227.5
2016-01-22,15/9-F-14,24.0,149.94,23637.22,3012.48
2016-01-22,15/9-F-15 D,24.0,194.57,30672.73,308.62
2016-01-22,15/9-F-4,24.0,,,
2016-01-22,15/9-F-5,24.0,,,
2016-01-23,15/9-F-1 C,0.0,0.0,0.0,0.0
2016-01-23,15/9-F-11,24.0,1017.71,158225.65,2395.04
2016-01-23,15/9-F-12,24.0,299.33,46536.96,1265.92
2016-01-23,15/9-F-14,24.0,154.65,24044.1,3106.77
2016-01-23,15/9-F-15 D,24.0,200.79,31217.99,318.45
2016-01-23,15/9-F-4,24.0,,,
2016-01-23,15/9-F-5,24.0,,,
2016-01-24,15/9-F-1 C,0.0,0.0,0.0,0.0
2016-01-24,15/9-F-11,24.0,1029.68,159352.26,2388.96
2016-01-24,15/9-F-12,24.0,302.85,46869.62,1262.74
2016-01-24,15/9-F-14,24.0,156.47,24215.97,3098.97
2016-01-24,15/9-F-15 D,24.0,203.46,31488.05,318.13
2016-01-24,15/9-F-4,24.0,,,
2016-01-24,15/9-F-5,24.0,,,
2016-01-25,15/9-F-1 C,0.0,0.0,0.0,0.0
2016-01-25,15/9-F-11,22.66669,1018.58,135336.38,2062.14
2016-01-25,15/9-F-12,22.66666,303.88,40376.82,1105.63
2016-01-25,15/9-F-14,22.66666,153.24,20360.92,2648.3
2016-01-25,15/9-F-15 D,22.5,216.42,28755.88,295.28
2016-01-25,15/9-F-4,19.25833,,,
2016-01-25,15/9-F-5,19.25833,,,
2016-01-26,15/9-F-1 C,0.0,0.0,0.0,0.0
2016-01-26,15/9-F-11,23.99997,909.7,144413.68,2173.57
2016-01-26,15/9-F-12,24.0,271.65,43123.29,1166.41
2016-01-26,15/9-F-14,24.0,138.82,22037.09,2831.31
2016-01-26,15/9-F-15 D,24.0,191.44,30390.5,308.25
2016-01-26,15/9-F-4,19.74167,,,
2016-01-26,15/9-F-5,19.825,,,
2016-01-27,15/9-F-1 C,0.0,0.0,0.0,0.0
2016-01-27,15/9-F-11,24.0,1047.12,161589.98,2394.98
2016-01-27,15/9-F-12,24.0,307.97,47526.47,1265.89
2016-01-27,15/9-F-14,24.0,159.12,24555.34,3106.7
2016-01-27,15/9-F-15 D,24.0,205.72,31746.36,258.37
2016-01-27,15/9-F-4,24.0,,,
2016-01-27,15/9-F-5,24.0,,,
2016-01-28,15/9-F-1 C,0.0,0.0,0.0,0.0
2016-01-28,15/9-F-11,24.0,999.13,156217.46,2378.91
2016-01-28,15/9-F-12,24.0,293.86,45946.31,1257.4
2016-01-28,15/9-F-14,24.0,151.83,23738.93,3085.85
2016-01-28,15/9-F-15 D,24.0,196.22,30679.05,209.9
2016-01-28,15/9-F-4,24.0,,,
2016-01-28,15/9-F-5,24.0,,,
2016-01-29,15/9-F-1 C,0.0,0.0,0.0,0.0
2016-01-29,15/9-F-11,24.0,1003.85,155978.3,2376.82
2016-01-29,15/9-F-12,24.0,295.25,45875.97,1256.29
2016-01-29,15/9-F-14,24.0,152.55,23702.58,3083.14
2016-01-29,15/9-F-15 D,24.0,197.19,30639.92,209.76
2016-01-29,15/9-F-4,24.0,,,
2016-01-29,15/9-F-5,24.0,,,
2016-01-30,15/9-F-1 C,0.0,0.0,0.0,0.0
2016-01-30,15/9-F-11,24.0,998.54,154966.4,2365.4
2016-01-30,15/9-F-12,24.0,293.69,45578.36,1250.26
2016-01-30,15/9-F-14,24.0,151.74,23548.82,3068.34
2016-01-30,15/9-F-15 D,24.0,196.18,30444.82,208.78
2016-01-30,15/9-F-4,24.0,,,
2016-01-30,15/9-F-5,24.0,,,
2016-01-31,15/9-F-1 C,0.0,0.0,0.0,0.0
2016-01-31,15/9-F-11,24.0,983.98,152850.54,2337.94
2016-01-31,15/9-F-12,24.0,289.41,44956.04,1235.74
2016-01-31,15/9-F-14,24.0,149.53,23227.29,3032.72
2016-01-31,15/9-F-15 D,24.0,193.31,30028.34,206.35
2016-01-31,15/9-F-4,24.0,,,
2016-01-31,15/9-F-5,24.0,,,
2016-02-01,15/9-F-1 C,0.0,0.0,0.0,0.0
2016-02-01,15/9-F-11,24.0,974.41,152246.24,2339.77
2016-02-01,15/9-F-12,24.0,286.59,44778.31,1236.7
2016-02-01,15/9-F-14,24.0,148.07,23135.46,3035.09
2016-02-01,15/9-F-15 D,24.0,191.42,29908.32,206.5
2016-02-01,15/9-F-4,24.0,,,
2016-02-01,15/9-F-5,24.0,,,
2016-02-02,15/9-F-1 C,0.0,0.0,0.0,0.0
2016-02-02,15/9-F-11,24.0,974.86,151368.19,2325.27
2016-02-02,15/9-F-12,24.0,286.73,44520.06,1229.05
2016-02-02,15/9-F-14,24.0,148.14,23002.03,3016.28
2016-02-02,15/9-F-15 D,24.0,191.51,29735.2,205.22
2016-02-02,15/9-F-4,24.0,,,
2016-02-02,15/9-F-5,24.0,,,
2016-02-03,15/9-F-1 C,0.0,0.0,0.0,0.0
2016-02-03,15/9-F-11,24.0,958.24,150272.98,2296.42
2016-02-03,15/9-F-12,24.0,281.83,44197.93,1213.8
2016-02-03,15/9-F-14,24.0,145.61,22835.6,2978.86
2016-02-03,15/9-F-15 D,24.0,188.24,29521.02,202.68
2016-02-03,15/9-F-4,24.0,,,
2016-02-03,15/9-F-5,24.0,,,
2016-02-04,15/9-F-1 C,0.0,0.0,0.0,0.0
2016-02-04,15/9-F-11,23.58333,814.92,128373.99,2013.44
2016-02-04,15/9-F-12,23.58333,243.73,38393.87,1082.17
2016-02-04,15/9-F-14,23.58333,123.99,19531.13,2614.91
2016-02-04,15/9-F-15 D,22.75,164.61,25930.01,182.72
2016-02-04,15/9-F-4,21.41667,,,
2016-02-04,15/9-F-5,21.33334,,,
2016-02-05,15/9-F-1 C,0.0,0.0,0.0,0.0
2016-02-05,15/9-F-11,24.0,959.73,151336.56,2340.13
2016-02-05,15/9-F-12,24.0,288.65,45515.23,1264.81
2016-02-05,15/9-F-14,24.0,143.41,22613.56,2984.92
2016-02-05,15/9-F-15 D,24.0,192.71,30387.71,211.11
2016-02-05,15/9-F-4,24.0,,,
2016-02-05,15/9-F-5,24.0,,,
2016-02-06,15/9-F-1 C,22.075,65.72,10185.48,203.44
2016-02-06,15/9-F-11,24.0,964.7,149512.07,2335.44
2016-02-06,15/9-F-12,24.0,283.74,43974.14,1234.42
2016-02-06,15/9-F-14,24.0,146.6,22719.97,3029.48
2016-02-06,15/9-F-15 D,24.0,189.42,29356.16,206.02
2016-02-06,15/9-F-4,24.0,,,
2016-02-06,15/9-F-5,24.0,,,
2016-02-07,15/9-F-1 C,24.0,52.25,8288.1,991.31
2016-02-07,15/9-F-11,24.0,943.02,149570.25,2317.49
2016-02-07,15/9-F-12,24.0,277.35,43991.25,1224.93
2016-02-07,15/9-F-14,24.0,143.3,22728.81,3006.18
2016-02-07,15/9-F-15 D,24.0,185.2,29374.95,204.49
2016-02-07,15/9-F-4,24.0,,,
2016-02-07,15/9-F-5,24.0,,,
2016-02-08,15/9-F-1 C,24.0,72.77,11560.47,1062.13
2016-02-08,15/9-F-11,24.0,941.1,149517.84,2301.42
2016-02-08,15/9-F-12,24.0,276.8,43975.84,1216.44
2016-02-08,15/9-F-14,24.0,143.01,22720.85,2985.33
2016-02-08,15/9-F-15 D,24.0,184.82,29363.22,203.06
2016-02-08,15/9-F-4,24.0,,,
2016-02-08,15/9-F-5,24.0,,,
2016-02-09,15/9-F-1 C,24.0,118.71,18956.75,1056.77
2016-02-09,15/9-F-11,24.0,945.72,151024.0,2316.08
2016-02-09,15/9-F-12,24.0,278.15,44418.83,1224.18
2016-02-09,15/9-F-14,24.0,143.71,22949.73,3004.35
2016-02-09,15/9-F-15 D,24.0,185.72,29658.84,204.35
2016-02-09,15/9-F-4,24.0,,,
2016-02-09,15/9-F-5,24.0,,,
2016-02-10,15/9-F-1 C,24.0,207.31,32150.46,1108.05
2016-02-10,15/9-F-11,24.0,933.96,144839.64,2275.71
2016-02-10,15/9-F-12,24.0,274.69,42599.89,1202.85
2016-02-10,15/9-F-14,24.0,141.92,22009.95,2951.97
2016-02-10,15/9-F-15 D,24.0,183.41,28444.47,200.79
2016-02-10,15/9-F-4,24.0,,,
2016-02-10,15/9-F-5,24.0,,,
2016-02-11,15/9-F-1 C,24.0,210.23,32735.29,1086.8
2016-02-11,15/9-F-11,24.0,946.58,147398.04,2230.92
2016-02-11,15/9-F-12,24.0,278.41,43352.36,1179.17
2016-02-11,15/9-F-14,24.0,143.84,22398.72,2893.9
2016-02-11,15/9-F-15 D,24.0,185.9,28947.16,196.84
2016-02-11,15/9-F-4,24.0,,,
2016-02-11,15/9-F-5,24.0,,,
2016-02-12,15/9-F-1 C,24.0,308.45,47811.78,937.87
2016-02-12,15/9-F-11,24.0,894.51,138652.15,2239.04
2016-02-12,15/9-F-12,24.0,263.09,40780.04,1183.47
2016-02-12,15/9-F-14,24.0,135.93,21069.69,2904.42
2016-02-12,15/9-F-15 D,24.0,175.68,27231.56,197.57
2016-02-12,15/9-F-4,24.0,,,
2016-02-12,15/9-F-5,24.0,,,
2016-02-13,15/9-F-1 C,24.0,293.21,45604.08,791.15
2016-02-13,15/9-F-11,24.0,868.54,135085.14,2235.48
2016-02-13,15/9-F-12,24.0,255.45,39730.93,1181.58
2016-02-13,15/9-F-14,24.0,131.98,20527.65,2899.81
2016-02-13,15/9-F-15 D,24.0,170.59,26532.13,197.26
2016-02-13,15/9-F-4,24.0,,,
2016-02-13,15/9-F-5,24.0,,,
2016-02-14,15/9-F-1 C,24.0,241.12,37809.55,762.75
2016-02-14,15/9-F-11,24.0,884.88,138758.33,2189.11
2016-02-14,15/9-F-12,24.0,260.26,40811.27,1157.07
2016-02-14,15/9-F-14,24.0,134.47,21085.83,2839.66
2016-02-14,15/9-F-15 D,24.0,173.8,27253.96,193.17
2016-02-14,15/9-F-4,24.0,,,
2016-02-14,15/9-F-5,24.0,,,
2016-02-15,15/9-F-1 C,24.0,239.99,37454.5,758.97
2016-02-15,15/9-F-11,24.0,881.95,137643.12,2181.24
2016-02-15,15/9-F-12,24.0,259.4,40483.27,1152.92
2016-02-15,15/9-F-14,24.0,134.02,20916.36,2829.45
2016-02-15,15/9-F-15 D,24.0,173.22,27034.65,192.48
2016-02-15,15/9-F-4,24.0,,,
2016-02-15,15/9-F-5,24.0,,,
2016-02-16,15/9-F-1 C,24.0,237.43,37227.14,756.16
2016-02-16,15/9-F-11,24.0,872.42,136788.51,2172.85
2016-02-16,15/9-F-12,24.0,256.59,40231.91,1148.48
2016-02-16,15/9-F-14,24.0,132.57,20786.49,2818.56
2016-02-16,15/9-F-15 D,24.0,171.35,26866.73,191.74
2016-02-16,15/9-F-4,24.0,,,
2016-02-16,15/9-F-5,24.0,,,
2016-02-17,15/9-F-1 C,24.0,236.6,36907.86,747.61
2016-02-17,15/9-F-11,24.0,869.87,135689.01,2149.47
2016-02-17,15/9-F-12,24.0,255.84,39908.53,1136.12
2016-02-17,15/9-F-14,24.0,132.18,20619.41,2788.25
2016-02-17,15/9-F-15 D,24.0,170.87,26654.52,189.7
2016-02-17,15/9-F-4,24.0,,,
2016-02-17,15/9-F-5,24.0,,,
2016-02-18,15/9-F-1 C,24.0,232.24,36516.14,743.64
2016-02-18,15/9-F-11,24.0,854.03,134285.8,2138.62
2016-02-18,15/9-F-12,24.0,251.19,39495.82,1130.39
2016-02-18,15/9-F-14,24.0,129.78,20406.18,2774.16
2016-02-18,15/9-F-15 D,24.0,167.79,26382.06,188.77
2016-02-18,15/9-F-4,24.0,,,
2016-02-18,15/9-F-5,24.0,,,
2016-02-19,15/9-F-1 C,24.0,298.12,46879.05,656.99
2016-02-19,15/9-F-11,24.0,825.63,129826.32,2180.65
2016-02-19,15/9-F-12,24.0,242.83,38184.21,1152.6
2016-02-19,15/9-F-14,24.0,125.46,19728.51,2828.69
2016-02-19,15/9-F-15 D,24.0,162.29,25519.91,192.58
2016-02-19,15/9-F-4,24.0,,,
2016-02-19,15/9-F-5,23.58334,,,
2016-02-20,15/9-F-1 C,24.0,307.88,47840.2,668.78
2016-02-20,15/9-F-11,24.0,853.38,132602.66,2221.7
2016-02-20,15/9-F-12,24.0,250.99,39000.78,1174.3
2016-02-20,15/9-F-14,24.0,129.68,20150.4,2881.94
2016-02-20,15/9-F-15 D,24.0,168.55,26189.88,197.14
2016-02-20,15/9-F-4,24.0,,,
2016-02-20,15/9-F-5,24.0,,,
2016-02-21,15/9-F-1 C,24.0,296.78,47176.84,681.94
2016-02-21,15/9-F-11,24.0,812.43,129146.94,2237.4
2016-02-21,15/9-F-12,24.0,238.95,37984.39,1182.6
2016-02-21,15/9-F-14,24.0,123.46,19625.27,2902.28
2016-02-21,15/9-F-15 D,24.0,159.68,25382.73,197.57
2016-02-21,15/9-F-4,24.0,,,
2016-02-21,15/9-F-5,24.0,,,
2016-02-22,15/9-F-1 C,24.0,304.54,48861.31,706.98
2016-02-22,15/9-F-11,24.0,827.96,132841.68,2303.66
2016-02-22,15/9-F-12,24.0,243.52,39071.08,1217.62
2016-02-22,15/9-F-14,24.0,125.82,20186.73,2988.26
2016-02-22,15/9-F-15 D,24.0,162.76,26113.48,203.45
2016-02-22,15/9-F-4,24.0,,,
2016-02-22,15/9-F-5,24.0,,,
2016-02-23,15/9-F-1 C,24.0,303.99,48622.08,713.2
2016-02-23,15/9-F-11,24.0,827.24,132310.96,2326.03
2016-02-23,15/9-F-12,24.0,243.3,38914.99,1229.45
2016-02-23,15/9-F-14,24.0,125.71,20106.08,3017.27
2016-02-23,15/9-F-15 D,24.0,162.65,26015.73,205.48
2016-02-23,15/9-F-4,24.0,,,
2016-02-23,15/9-F-5,24.0,,,
2016-02-24,15/9-F-1 C,24.0,327.03,52069.96,717.19
2016-02-24,15/9-F-11,24.0,824.52,131278.01,2363.68
2016-02-24,15/9-F-12,24.0,242.5,38611.18,1249.35
2016-02-24,15/9-F-14,24.0,125.29,19949.11,3066.1
2016-02-24,15/9-F-15 D,24.0,162.13,25814.92,208.82
2016-02-24,15/9-F-4,24.0,,,
2016-02-24,15/9-F-5,24.0,,,
2016-02-25,15/9-F-1 C,24.0,338.24,53575.88,741.15
2016-02-25,15/9-F-11,24.0,841.92,133358.21,2411.61
2016-02-25,15/9-F-12,24.0,247.63,39223.0,1274.68
2016-02-25,15/9-F-14,24.0,127.94,20265.22,3128.27
2016-02-25,15/9-F-15 D,24.0,165.56,26223.75,213.06
2016-02-25,15/9-F-4,24.0,,,
2016-02-25,15/9-F-5,22.33334,,,
2016-02-26,15/9-F-1 C,5.65833,24.87,4018.22,51.7
2016-02-26,15/9-F-11,24.0,915.13,147874.39,2487.13
2016-02-26,15/9-F-12,24.0,269.16,43492.47,1314.59
2016-02-26,15/9-F-14,24.0,139.07,22471.11,3226.23
2016-02-26,15/9-F-15 D,24.0,179.97,29080.18,219.74
2016-02-26,15/9-F-4,24.0,,,
2016-02-26,15/9-F-5,24.0,,,
2016-02-27,15/9-F-1 C,0.0,0.0,0.0,0.0
2016-02-27,15/9-F-11,24.0,909.45,147291.58,2492.45
2016-02-27,15/9-F-12,24.0,267.49,43321.06,1317.41
2016-02-27,15/9-F-14,24.0,138.2,22382.55,3233.13
2016-02-27,15/9-F-15 D,24.0,178.87,28968.81,220.24
2016-02-27,15/9-F-4,24.0,,,
2016-02-27,15/9-F-5,24.0,,,
2016-02-28,15/9-F-1 C,0.74999,0.55,88.63,1.15
2016-02-28,15/9-F-11,24.0,920.21,147646.34,2499.41
2016-02-28,15/9-F-12,24.0,270.65,43425.4,1321.08
2016-02-28,15/9-F-14,24.0,139.83,22436.45,3242.16
2016-02-28,15/9-F-15 D,24.0,180.97,29036.87,220.84
2016-02-28,15/9-F-4,24.0,,,
2016-02-28,15/9-F-5,24.0,,,
2016-02-29,15/9-F-1 C,0.0,0.0,0.0,0.0
2016-02-29,15/9-F-11,24.0,913.26,146747.61,2688.87
2016-02-29,15/9-F-12,24.0,268.61,43161.06,1421.23
2016-02-29,15/9-F-14,24.0,138.78,22299.88,3487.94
2016-02-29,15/9-F-15 D,24.0,179.64,28865.92,237.63
2016-02-29,15/9-F-4,24.0,,,
2016-02-29,15/9-F-5,24.0,,,
2016-03-01,15/9-F-1 C,0.0,0.0,0.0,0.0
2016-03-01,15/9-F-11,24.0,927.68,146112.36,2574.8
2016-03-01,15/9-F-12,24.0,272.84,42974.23,1360.94
2016-03-01,15/9-F-14,24.0,140.97,22203.35,3339.96
2016-03-01,15/9-F-15 D,24.0,182.78,28788.32,227.92
2016-03-01,15/9-F-4,24.0,,,
2016-03-01,15/9-F-5,24.0,,,
2016-03-02,15/9-F-1 C,0.0,0.0,0.0,0.0
2016-03-02,15/9-F-11,24.0,914.24,144265.01,2569.48
2016-03-02,15/9-F-12,24.0,268.9,42430.89,1358.12
2016-03-02,15/9-F-14,24.0,138.93,21922.63,3333.07
2016-03-02,15/9-F-15 D,24.0,180.29,28449.25,227.65
2016-03-02,15/9-F-4,24.0,,,
2016-03-02,15/9-F-5,24.0,,,
2016-03-03,15/9-F-1 C,0.0,0.0,0.0,0.0
2016-03-03,15/9-F-11,24.0,904.67,143697.44,2556.76
2016-03-03,15/9-F-12,24.0,266.08,42263.96,1351.4
2016-03-03,15/9-F-14,24.0,137.47,21836.38,3316.57
2016-03-03,15/9-F-15 D,24.0,178.3,28320.38,226.39
2016-03-03,15/9-F-4,24.0,,,
2016-03-03,15/9-F-5,24.0,,,
2016-03-04,15/9-F-1 C,0.0,0.0,0.0,0.0
2016-03-04,15/9-F-11,24.0,897.9,142409.43,2535.46
2016-03-04,15/9-F-12,24.0,264.09,41885.13,1340.14
2016-03-04,15/9-F-14,24.0,136.45,21640.65,3288.94
2016-03-04,15/9-F-15 D,24.0,176.92,28059.28,224.44
2016-03-04,15/9-F-4,24.0,,,
2016-03-04,15/9-F-5,24.0,,,
2016-03-05,15/9-F-1 C,0.0,0.0,0.0,0.0
2016-03-05,15/9-F-11,24.0,885.43,140950.27,2539.42
2016-03-05,15/9-F-12,24.0,260.42,41455.96,1342.23
2016-03-05,15/9-F-14,24.0,134.55,21418.91,3294.06
2016-03-05,15/9-F-15 D,24.0,174.4,27763.35,224.73
2016-03-05,15/9-F-4,24.0,,,
2016-03-05,15/9-F-5,24.0,,,
2016-03-06,15/9-F-1 C,0.0,0.0,0.0,0.0
2016-03-06,15/9-F-11,24.0,884.02,140177.35,2533.86
2016-03-06,15/9-F-12,24.0,260.01,41228.63,1339.3
2016-03-06,15/9-F-14,24.0,134.34,21301.46,3286.86
2016-03-06,15/9-F-15 D,24.0,174.11,27608.22,224.21
2016-03-06,15/9-F-4,24.0,,,
2016-03-06,15/9-F-5,24.0,,,
2016-03-07,15/9-F-1 C,0.0,0.0,0.0,0.0
2016-03-07,15/9-F-11,24.0,874.84,139226.99,2516.59
2016-03-07,15/9-F-12,24.0,257.3,40949.12,1330.17
2016-03-07,15/9-F-14,24.0,132.94,21157.04,3264.44
2016-03-07,15/9-F-15 D,24.0,172.3,27420.37,222.68
2016-03-07,15/9-F-4,24.0,,,
2016-03-07,15/9-F-5,24.0,,,
2016-03-08,15/9-F-1 C,0.0,0.0,0.0,0.0
2016-03-08,15/9-F-11,24.0,864.92,138235.3,2498.73
2016-03-08,15/9-F-12,24.0,254.39,40657.44,1320.73
2016-03-08,15/9-F-14,24.0,131.43,21006.34,3241.29
2016-03-08,15/9-F-15 D,24.0,170.3,27218.49,221.04
2016-03-08,15/9-F-4,24.0,,,
2016-03-08,15/9-F-5,24.0,,,
2016-03-09,15/9-F-1 C,0.0,0.0,0.0,0.0
2016-03-09,15/9-F-11,24.0,853.72,136698.23,2484.47
2016-03-09,15/9-F-12,24.0,251.09,40205.36,1313.19
2016-03-09,15/9-F-14,24.0,129.73,20772.77,3222.79
2016-03-09,15/9-F-15 D,24.0,168.07,26911.78,219.75
2016-03-09,15/9-F-4,24.0,,,
2016-03-09,15/9-F-5,24.0,,,
2016-03-10,15/9-F-1 C,0.0,0.0,0.0,0.0
2016-03-10,15/9-F-11,24.0,853.34,135331.7,2475.0
2016-03-10,15/9-F-12,24.0,250.98,39803.44,1308.19
2016-03-10,15/9-F-14,24.0,129.67,20565.11,3210.51
2016-03-10,15/9-F-15 D,24.0,167.99,26642.75,218.91
2016-03-10,15/9-F-4,24.0,,,
2016-03-10,15/9-F-5,24.0,,,
2016-03-11,15/9-F-1 C,0.0,0.0,0.0,0.0
2016-03-11,15/9-F-11,24.0,842.42,134491.69,2459.72
2016-03-11,15/9-F-12,24.0,247.77,39556.38,1300.11
2016-03-11,15/9-F-14,24.0,128.01,20437.46,3190.68
2016-03-11,15/9-F-15 D,24.0,165.85,26477.4,217.56
2016-03-11,15/9-F-4,24.0,,,
2016-03-11,15/9-F-5,24.0,,,
2016-03-12,15/9-F-1 C,0.0,0.0,0.0,0.0
2016-03-12,15/9-F-11,24.0,840.27,134232.4,2604.92
2016-03-12,15/9-F-12,24.0,247.14,39480.12,1376.86
2016-03-12,15/9-F-14,18.66666,78.86,12597.55,2086.84
2016-03-12,15/9-F-15 D,24.0,165.42,26425.78,230.4
2016-03-12,15/9-F-4,24.0,,,
2016-03-12,15/9-F-5,24.0,,,
2016-03-13,15/9-F-1 C,0.0,0.0,0.0,0.0
2016-03-13,15/9-F-11,24.0,810.39,131686.27,2455.91
2016-03-13,15/9-F-12,24.0,238.35,38731.25,1298.09
2016-03-13,15/9-F-14,24.0,123.15,20011.15,3185.74
2016-03-13,15/9-F-15 D,24.0,159.53,25923.85,217.21
2016-03-13,15/9-F-4,24.0,,,
2016-03-13,15/9-F-5,24.0,,,
2016-03-14,15/9-F-1 C,0.0,0.0,0.0,0.0
2016-03-14,15/9-F-11,24.0,833.66,133342.81,2508.97
2016-03-14,15/9-F-12,24.0,245.19,39218.47,1326.14
2016-03-14,15/9-F-14,24.0,126.68,20262.88,3254.58
2016-03-14,15/9-F-15 D,24.0,164.1,26248.43,221.89
2016-03-14,15/9-F-4,24.0,,,
2016-03-14,15/9-F-5,24.0,,,
2016-03-15,15/9-F-1 C,0.0,0.0,0.0,0.0
2016-03-15,15/9-F-11,24.0,826.61,132562.7,2500.68
2016-03-15,15/9-F-12,24.0,243.12,38989.03,1321.76
2016-03-15,15/9-F-14,24.0,125.61,20144.33,3243.8
2016-03-15,15/9-F-15 D,24.0,162.72,26094.6,221.16
2016-03-15,15/9-F-4,24.0,,,
2016-03-15,15/9-F-5,24.0,,,
2016-03-16,15/9-F-1 C,0.0,0.0,0.0,0.0
2016-03-16,15/9-F-11,24.0,836.04,135087.65,2490.25
2016-03-16,15/9-F-12,24.0,245.9,39731.66,1316.25
2016-03-16,15/9-F-14,24.0,127.05,20528.02,3230.29
2016-03-16,15/9-F-15 D,11.16666,54.18,8754.39,72.5
2016-03-16,15/9-F-4,24.0,,,
2016-03-16,15/9-F-5,24.0,,,
2016-03-17,15/9-F-1 C,21.75833,50.3,8086.5,764.44
2016-03-17,15/9-F-11,24.0,793.99,127650.02,2335.58
2016-03-17,15/9-F-12,24.0,233.53,37544.12,1234.49
2016-03-17,15/9-F-14,24.0,120.66,19397.8,3029.64
2016-03-17,15/9-F-15 D,24.0,156.06,25089.32,206.24
2016-03-17,15/9-F-4,24.0,,,
2016-03-17,15/9-F-5,24.0,,,
2016-03-18,15/9-F-1 C,24.0,37.98,6203.4,843.53
2016-03-18,15/9-F-11,24.0,782.53,127825.27,2469.44
2016-03-18,15/9-F-12,24.0,230.16,37595.67,1305.25
2016-03-18,15/9-F-14,24.0,118.92,19424.43,3203.3
2016-03-18,15/9-F-15 D,24.0,153.81,25124.11,218.06
2016-03-18,15/9-F-4,24.0,,,
2016-03-18,15/9-F-5,24.0,,,
2016-03-19,15/9-F-1 C,24.0,63.63,10454.85,930.53
2016-03-19,15/9-F-11,24.0,775.2,127379.57,2495.74
2016-03-19,15/9-F-12,24.0,228.0,37464.58,1319.15
2016-03-19,15/9-F-14,24.0,117.8,19356.7,3237.39
2016-03-19,15/9-F-15 D,24.0,152.37,25037.16,220.39
2016-03-19,15/9-F-4,24.0,,,
2016-03-19,15/9-F-5,24.0,,,
2016-03-20,15/9-F-1 C,24.0,81.67,13263.03,858.15
2016-03-20,15/9-F-11,24.0,780.31,126727.74,2488.73
2016-03-20,15/9-F-12,24.0,229.51,37272.87,1315.44
2016-03-20,15/9-F-14,24.0,118.58,19257.65,3228.33
2016-03-20,15/9-F-15 D,24.0,153.38,24908.8,219.77
2016-03-20,15/9-F-4,24.0,,,
2016-03-20,15/9-F-5,24.0,,,
2016-03-21,15/9-F-1 C,24.0,108.85,17786.79,919.01
2016-03-21,15/9-F-11,24.0,771.82,126124.67,2459.87
2016-03-21,15/9-F-12,24.0,227.01,37095.49,1300.19
2016-03-21,15/9-F-14,24.0,117.29,19166.0,3190.88
2016-03-21,15/9-F-15 D,24.0,151.71,24790.11,217.22
2016-03-21,15/9-F-4,24.0,,,
2016-03-21,15/9-F-5,24.0,,,
2016-03-22,15/9-F-1 C,24.0,189.41,30603.4,985.24
2016-03-22,15/9-F-11,24.0,747.5,120777.01,2441.02
2016-03-22,15/9-F-12,24.0,219.85,35522.65,1290.22
2016-03-22,15/9-F-14,24.0,113.59,18353.37,3166.42
2016-03-22,15/9-F-15 D,24.0,146.92,23738.98,215.56
2016-03-22,15/9-F-4,24.0,,,
2016-03-22,15/9-F-5,24.0,,,
2016-03-23,15/9-F-1 C,24.0,243.92,39159.61,976.46
2016-03-23,15/9-F-11,24.0,742.17,119153.07,2445.95
2016-03-23,15/9-F-12,24.0,218.29,35045.02,1292.83
2016-03-23,15/9-F-14,24.0,112.78,18106.6,3172.83
2016-03-23,15/9-F-15 D,24.0,145.88,23420.7,216.0
2016-03-23,15/9-F-4,24.0,,,
2016-03-23,15/9-F-5,24.0,,,
2016-03-24,15/9-F-1 C,24.0,246.84,40029.36,983.16
2016-03-24,15/9-F-11,24.0,747.21,121174.79,2450.11
2016-03-24,15/9-F-12,24.0,219.77,35639.64,1295.03
2016-03-24,15/9-F-14,24.0,113.55,18413.81,3178.21
2016-03-24,15/9-F-15 D,11.49166,70.16,11378.09,103.36
2016-03-24,15/9-F-4,24.0,,,
2016-03-24,15/9-F-5,24.0,,,
2016-03-25,15/9-F-1 C,24.0,248.04,40439.71,935.67
2016-03-25,15/9-F-11,24.0,751.04,122449.96,2452.38
2016-03-25,15/9-F-12,24.0,220.9,36014.69,1296.23
2016-03-25,15/9-F-14,24.0,114.13,18607.59,3181.15
2016-03-25,15/9-F-15 D,0.0,0.0,0.0,0.0
2016-03-25,15/9-F-4,24.0,,,
2016-03-25,15/9-F-5,24.0,,,
2016-03-26,15/9-F-1 C,24.0,265.31,43614.43,913.22
2016-03-26,15/9-F-11,24.0,736.54,121079.58,2418.39
2016-03-26,15/9-F-12,24.0,216.63,35611.64,1278.26
2016-03-26,15/9-F-14,24.0,111.92,18399.35,3137.07
2016-03-26,15/9-F-15 D,0.0,0.0,0.0,0.0
2016-03-26,15/9-F-4,24.0,,,
2016-03-26,15/9-F-5,24.0,,,
2016-03-27,15/9-F-1 C,23.0,253.28,42107.87,871.58
2016-03-27,15/9-F-11,23.0,700.36,116437.76,2299.06
2016-03-27,15/9-F-12,23.0,205.99,34246.4,1215.19
2016-03-27,15/9-F-14,23.0,106.43,17693.97,2982.27
2016-03-27,15/9-F-15 D,0.0,0.0,0.0,0.0
2016-03-27,15/9-F-4,23.0,,,
2016-03-27,15/9-F-5,23.0,,,
2016-03-28,15/9-F-1 C,24.0,271.68,44972.96,881.85
2016-03-28,15/9-F-11,24.0,719.31,119073.79,2389.83
2016-03-28,15/9-F-12,24.0,211.56,35021.7,1263.17
2016-03-28,15/9-F-14,24.0,109.31,18094.55,3100.02
2016-03-28,15/9-F-15 D,0.0,0.0,0.0,0.0
2016-03-28,15/9-F-4,24.0,,,
2016-03-28,15/9-F-5,24.0,,,
2016-03-29,15/9-F-1 C,24.0,275.74,45175.9,894.32
2016-03-29,15/9-F-11,24.0,724.26,118661.89,2404.39
2016-03-29,15/9-F-12,24.0,213.02,34900.56,1270.86
2016-03-29,15/9-F-14,24.0,110.06,18031.96,3118.92
2016-03-29,15/9-F-15 D,0.0,0.0,0.0,0.0
2016-03-29,15/9-F-4,24.0,,,
2016-03-29,15/9-F-5,24.0,,,
2016-03-30,15/9-F-1 C,24.0,293.43,48066.95,832.66
2016-03-30,15/9-F-11,24.0,707.54,115900.85,2406.31
2016-03-30,15/9-F-12,24.0,208.1,34088.48,1271.88
2016-03-30,15/9-F-14,24.0,107.52,17612.38,3121.41
2016-03-30,15/9-F-15 D,0.0,0.0,0.0,0.0
2016-03-30,15/9-F-4,24.0,,,
2016-03-30,15/9-F-5,24.0,,,
2016-03-31,15/9-F-1 C,24.0,287.42,46865.43,821.07
2016-03-31,15/9-F-11,24.0,693.73,113114.53,2375.14
2016-03-31,15/9-F-12,24.0,204.04,33268.98,1255.4
2016-03-31,15/9-F-14,24.0,105.42,17188.97,3080.98
2016-03-31,15/9-F-15 D,0.0,0.0,0.0,0.0
2016-03-31,15/9-F-4,24.0,,,
2016-03-31,15/9-F-5,24.0,,,
2016-04-01,15/9-F-1 C,24.0,299.49,48700.43,794.2
2016-04-01,15/9-F-11,24.0,681.67,110850.25,2363.1
2016-04-01,15/9-F-12,24.0,200.49,32603.01,1249.04
2016-04-01,15/9-F-14,24.0,103.59,16844.89,3065.33
2016-04-01,15/9-F-15 D,0.0,0.0,0.0,0.0
2016-04-01,15/9-F-4,24.0,,,
2016-04-01,15/9-F-5,23.825,,,
2016-04-02,15/9-F-1 C,24.0,284.72,46880.14,766.23
2016-04-02,15/9-F-11,24.0,671.45,110553.5,2362.07
2016-04-02,15/9-F-12,24.0,197.48,32515.74,1248.49
2016-04-02,15/9-F-14,24.0,102.03,16799.8,3064.01
2016-04-02,15/9-F-15 D,0.0,0.0,0.0,0.0
2016-04-02,15/9-F-4,24.0,,,
2016-04-02,15/9-F-5,6.00834,,,
2016-04-03,15/9-F-1 C,24.0,280.17,45842.82,748.25
2016-04-03,15/9-F-11,24.0,675.8,110577.45,2359.33
2016-04-03,15/9-F-12,24.0,198.76,32522.78,1247.05
2016-04-03,15/9-F-14,24.0,102.69,16803.44,3060.46
2016-04-03,15/9-F-15 D,0.0,0.0,0.0,0.0
2016-04-03,15/9-F-4,24.0,,,
2016-04-03,15/9-F-5,24.0,,,
2016-04-04,15/9-F-1 C,24.0,281.93,45800.83,797.3
2016-04-04,15/9-F-11,24.0,676.6,109918.08,2501.3
2016-04-04,15/9-F-12,24.0,199.0,32328.85,1322.09
2016-04-04,15/9-F-14,24.0,102.82,16703.24,3244.61
2016-04-04,15/9-F-15 D,0.0,0.0,0.0,0.0
2016-04-04,15/9-F-4,24.0,,,
2016-04-04,15/9-F-5,18.58334,,,
2016-04-05,15/9-F-1 C,24.0,317.38,51990.65,792.76
2016-04-05,15/9-F-11,24.0,674.13,110429.09,2396.18
2016-04-05,15/9-F-12,24.0,198.27,32479.15,1266.53
2016-04-05,15/9-F-14,24.0,102.44,16780.89,3108.26
2016-04-05,15/9-F-15 D,0.0,0.0,0.0,0.0
2016-04-05,15/9-F-4,24.0,,,
2016-04-05,15/9-F-5,16.5,,,
2016-04-06,15/9-F-1 C,20.82499,208.0,34998.3,542.39
2016-04-06,15/9-F-11,22.83333,557.55,93813.59,2068.95
2016-04-06,15/9-F-12,22.83333,167.16,28126.12,1114.72
2016-04-06,15/9-F-14,22.83333,76.6,12888.86,2426.4
2016-04-06,15/9-F-15 D,0.50834,0.17,28.86,0.29
2016-04-06,15/9-F-4,15.0,,,
2016-04-06,15/9-F-5,10.65833,,,
2016-04-07,15/9-F-1 C,0.0,0.0,0.0,0.0
2016-04-07,15/9-F-11,24.0,669.68,107918.34,2478.93
2016-04-07,15/9-F-12,24.0,196.96,31740.74,1310.26
2016-04-07,15/9-F-14,24.0,94.06,15158.2,2972.23
2016-04-07,15/9-F-15 D,24.0,262.93,42371.22,291.51
2016-04-07,15/9-F-4,24.0,,,
2016-04-07,15/9-F-5,0.0,,,
2016-04-08,15/9-F-1 C,0.0,0.0,0.0,0.0
2016-04-08,15/9-F-11,24.0,618.92,102120.26,2332.6
2016-04-08,15/9-F-12,24.0,222.82,36763.88,1264.94
2016-04-08,15/9-F-14,24.0,118.84,19607.4,3282.46
2016-04-08,15/9-F-15 D,24.0,159.3,26283.73,283.72
2016-04-08,15/9-F-4,24.0,,,
2016-04-08,15/9-F-5,0.0,,,
2016-04-09,15/9-F-1 C,0.0,0.0,0.0,0.0
2016-04-09,15/9-F-11,24.0,603.35,99457.31,2307.14
2016-04-09,15/9-F-12,24.0,217.22,35805.77,1251.15
2016-04-09,15/9-F-14,24.0,115.85,19096.41,3246.69
2016-04-09,15/9-F-15 D,24.0,155.46,25626.31,280.93
2016-04-09,15/9-F-4,24.0,,,
2016-04-09,15/9-F-5,0.0,,,
2016-04-10,15/9-F-1 C,0.0,0.0,0.0,0.0
2016-04-10,15/9-F-11,24.0,599.95,97910.66,2283.16
2016-04-10,15/9-F-12,24.0,215.98,35248.17,1238.12
2016-04-10,15/9-F-14,24.0,115.19,18799.03,3212.89
2016-04-10,15/9-F-15 D,24.0,154.72,25249.25,278.24
2016-04-10,15/9-F-4,24.0,,,
2016-04-10,15/9-F-5,0.0,,,
2016-04-11,15/9-F-1 C,0.0,0.0,0.0,0.0
2016-04-11,15/9-F-11,24.0,586.37,97677.28,2276.65
2016-04-11,15/9-F-12,24.0,211.09,35164.06,1234.59
2016-04-11,15/9-F-14,24.0,112.58,18754.17,3203.7
2016-04-11,15/9-F-15 D,24.0,151.31,25205.38,277.63
2016-04-11,15/9-F-4,24.0,,,
2016-04-11,15/9-F-5,0.0,0.0,0.0,0.0
2016-04-12,15/9-F-1 C,0.0,0.0,0.0,0.0
2016-04-12,15/9-F-11,24.0,568.36,94517.16,2270.49
2016-04-12,15/9-F-12,24.0,204.61,34026.18,1231.24
2016-04-12,15/9-F-14,24.0,109.13,18147.3,3195.0
2016-04-12,15/9-F-15 D,24.0,192.12,31949.86,276.03
2016-04-12,15/9-F-4,24.0,,,
2016-04-12,15/9-F-5,0.0,0.0,0.0,0.0
2016-04-13,15/9-F-1 C,0.0,0.0,0.0,0.0
2016-04-13,15/9-F-11,24.0,567.41,93994.4,2250.67
2016-04-13,15/9-F-12,24.0,204.27,33838.07,1220.49
2016-04-13,15/9-F-14,24.0,108.94,18046.97,3167.13
2016-04-13,15/9-F-15 D,24.0,191.67,31750.42,273.42
2016-04-13,15/9-F-4,24.0,,,
2016-04-13,15/9-F-5,0.0,0.0,0.0,0.0
2016-04-14,15/9-F-1 C,0.0,0.0,0.0,0.0
2016-04-14,15/9-F-11,24.0,571.11,93259.37,2249.48
2016-04-14,15/9-F-12,24.0,205.6,33573.84,1219.86
2016-04-14,15/9-F-14,24.0,109.65,17906.05,3165.48
2016-04-14,15/9-F-15 D,24.0,197.26,32212.36,223.75
2016-04-14,15/9-F-4,24.0,,,
2016-04-14,15/9-F-5,0.0,0.0,0.0,0.0
2016-04-15,15/9-F-1 C,0.0,0.0,0.0,0.0
2016-04-15,15/9-F-11,24.0,555.12,92355.59,2244.82
2016-04-15,15/9-F-12,24.0,199.84,33249.13,1217.36
2016-04-15,15/9-F-14,24.0,106.58,17732.87,3158.98
2016-04-15,15/9-F-15 D,24.0,191.65,31886.07,223.19
2016-04-15,15/9-F-4,24.0,,,
2016-04-15,15/9-F-5,0.0,0.0,0.0,0.0
2016-04-16,15/9-F-1 C,0.0,0.0,0.0,0.0
2016-04-16,15/9-F-11,1.9918,22.74,4418.23,89.71
2016-04-16,15/9-F-12,24.0,211.33,41066.67,1256.03
2016-04-16,15/9-F-14,24.0,112.71,21902.22,3259.33
2016-04-16,15/9-F-15 D,24.0,202.75,39398.5,230.37
2016-04-16,15/9-F-4,24.0,,,
2016-04-16,15/9-F-5,0.0,0.0,0.0,0.0
2016-04-17,15/9-F-1 C,0.0,0.0,0.0,0.0
2016-04-17,15/9-F-11,0.0,0.0,0.0,0.0
2016-04-17,15/9-F-12,24.0,218.97,40958.99,1265.65
2016-04-17,15/9-F-14,24.0,116.79,21844.79,3284.31
2016-04-17,15/9-F-15 D,24.0,210.09,39295.45,232.13
2016-04-17,15/9-F-4,24.0,,,
2016-04-17,15/9-F-5,0.0,0.0,0.0,0.0
2016-04-18,15/9-F-1 C,0.0,0.0,0.0,0.0
2016-04-18,15/9-F-11,10.59153,162.02,28929.56,748.74
2016-04-18,15/9-F-12,24.0,187.47,33474.49,1305.03
2016-04-18,15/9-F-14,24.0,98.36,17562.02,3331.3
2016-04-18,15/9-F-15 D,24.0,179.86,32114.89,239.36
2016-04-18,15/9-F-4,24.0,,,
2016-04-18,15/9-F-5,0.0,0.0,0.0,0.0
2016-04-19,15/9-F-1 C,0.0,0.0,0.0,0.0
2016-04-19,15/9-F-11,24.0,303.43,49870.59,3001.3
2016-04-19,15/9-F-12,24.0,223.85,36789.77,1240.86
2016-04-19,15/9-F-14,24.0,112.19,18437.93,3025.78
2016-04-19,15/9-F-15 D,24.0,214.77,35296.89,227.6
2016-04-19,15/9-F-4,24.0,,,
2016-04-19,15/9-F-5,0.0,0.0,0.0,0.0
2016-04-20,15/9-F-1 C,0.0,0.0,0.0,0.0
2016-04-20,15/9-F-11,13.4918,150.74,25893.95,1525.38
2016-04-20,15/9-F-12,24.0,216.57,37203.84,1228.28
2016-04-20,15/9-F-14,24.0,115.51,19842.04,3187.32
2016-04-20,15/9-F-15 D,24.0,207.79,35694.87,225.29
2016-04-20,15/9-F-4,24.0,,,
2016-04-20,15/9-F-5,5.84167,17.75,3048.8,71.05
2016-04-21,15/9-F-1 C,0.0,0.0,0.0,0.0
2016-04-21,15/9-F-11,0.0,0.0,0.0,0.0
2016-04-21,15/9-F-12,24.0,209.75,32906.03,1223.06
2016-04-21,15/9-F-14,24.0,111.87,17549.88,3173.77
2016-04-21,15/9-F-15 D,24.0,201.24,31571.52,224.34
2016-04-21,15/9-F-4,24.0,,,
2016-04-21,15/9-F-5,24.0,396.8,62250.56,334.07
2016-04-22,15/9-F-11,0.0,0.0,0.0,0.0
2016-04-22,15/9-F-12,24.0,198.75,29910.74,1260.72
2016-04-22,15/9-F-14,21.0,77.77,11703.47,2400.14
2016-04-22,15/9-F-15 D,24.0,190.69,28698.15,231.25
2016-04-22,15/9-F-4,14.83333,,,
2016-04-22,15/9-F-5,24.0,358.12,53895.45,327.99
2016-04-23,15/9-F-11,2.17486,65.06,10464.82,57.36
2016-04-23,15/9-F-12,24.0,207.28,33341.26,1265.61
2016-04-23,15/9-F-14,24.0,110.55,17782.0,3284.21
2016-04-23,15/9-F-15 D,24.0,198.88,31989.62,232.15
2016-04-23,15/9-F-4,24.0,,,
2016-04-23,15/9-F-5,24.0,327.46,52669.63,288.67
2016-04-24,15/9-F-11,24.0,461.16,74468.18,2705.54
2016-04-24,15/9-F-12,24.0,202.13,32639.51,1279.96
2016-04-24,15/9-F-14,24.0,99.04,15991.93,3051.28
2016-04-24,15/9-F-15 D,24.0,193.93,31314.78,234.77
2016-04-24,15/9-F-4,24.0,,,
2016-04-24,15/9-F-5,24.0,319.31,51560.99,214.09
2016-04-25,15/9-F-11,24.0,478.79,76829.78,2617.15
2016-04-25,15/9-F-12,24.0,207.17,33244.2,1222.31
2016-04-25,15/9-F-14,24.0,96.43,15474.1,3037.19
2016-04-25,15/9-F-15 D,24.0,198.76,31894.57,224.19
2016-04-25,15/9-F-4,24.0,,,
2016-04-25,15/9-F-5,24.0,327.28,52516.78,204.45
2016-04-26,15/9-F-11,24.0,488.94,78275.58,2592.85
2016-04-26,15/9-F-12,24.0,211.56,33869.79,1210.97
2016-04-26,15/9-F-14,24.0,93.76,15009.64,2864.74
2016-04-26,15/9-F-15 D,24.0,202.97,32494.58,222.11
2016-04-26,15/9-F-4,24.0,,,
2016-04-26,15/9-F-5,24.0,334.2,53504.04,202.55
2016-04-27,15/9-F-11,24.0,482.1,77719.9,2550.99
2016-04-27,15/9-F-12,24.0,208.61,33629.38,1191.41
2016-04-27,15/9-F-14,24.0,92.3,14879.97,2814.12
2016-04-27,15/9-F-15 D,24.0,200.13,32263.88,218.52
2016-04-27,15/9-F-4,24.0,,,
2016-04-27,15/9-F-5,24.0,329.53,53123.38,199.28
2016-04-28,15/9-F-11,24.0,487.26,76632.71,2524.35
2016-04-28,15/9-F-12,24.0,210.84,33158.38,1178.96
2016-04-28,15/9-F-14,24.0,93.42,14692.89,2788.75
2016-04-28,15/9-F-15 D,24.0,202.28,31812.23,216.24
2016-04-28,15/9-F-4,24.0,,,
2016-04-28,15/9-F-5,24.0,333.07,52382.59,197.2
2016-04-29,15/9-F-11,24.0,524.84,82933.65,2396.44
2016-04-29,15/9-F-12,24.0,199.25,31484.07,1185.44
2016-04-29,15/9-F-14,24.0,100.39,15863.53,2941.33
2016-04-29,15/9-F-15 D,24.0,141.77,22402.07,161.19
2016-04-29,15/9-F-4,24.0,,,
2016-04-29,15/9-F-5,24.0,328.68,51937.64,171.42
2016-04-30,15/9-F-11,24.0,524.45,82637.77,2376.98
2016-04-30,15/9-F-12,24.0,199.09,31371.75,1175.82
2016-04-30,15/9-F-14,24.0,100.33,15808.49,2917.75
2016-04-30,15/9-F-15 D,24.0,141.66,22322.03,159.88
2016-04-30,15/9-F-4,24.0,,,
2016-04-30,15/9-F-5,24.0,328.41,51748.7,170.01
2016-05-01,15/9-F-11,24.0,510.73,82378.24,2352.06
2016-05-01,15/9-F-12,24.0,193.89,31273.22,1163.49
2016-05-01,15/9-F-14,24.0,97.69,15756.73,2886.76
2016-05-01,15/9-F-15 D,15.15833,87.09,14047.17,99.87
2016-05-01,15/9-F-4,24.0,,,
2016-05-01,15/9-F-5,24.0,319.83,51587.69,168.24
2016-05-02,15/9-F-11,24.0,529.84,85446.74,2359.56
2016-05-02,15/9-F-12,24.0,201.14,32438.11,1167.2
2016-05-02,15/9-F-14,24.0,101.32,16340.09,2895.34
2016-05-02,15/9-F-15 D,0.0,0.0,0.0,0.0
2016-05-02,15/9-F-4,24.0,,,
2016-05-02,15/9-F-5,24.0,331.79,53506.66,168.76
2016-05-03,15/9-F-11,24.0,529.53,84818.97,2378.83
2016-05-03,15/9-F-12,24.0,201.03,32199.8,1176.73
2016-05-03,15/9-F-14,24.0,111.05,17787.13,2917.56
2016-05-03,15/9-F-15 D,0.0,0.0,0.0,0.0
2016-05-03,15/9-F-4,24.0,,,
2016-05-03,15/9-F-5,24.0,331.57,53110.46,170.13
2016-05-04,15/9-F-11,24.0,524.89,83657.29,2391.17
2016-05-04,15/9-F-12,24.0,199.27,31758.79,1182.84
2016-05-04,15/9-F-14,24.0,110.1,17547.9,2933.41
2016-05-04,15/9-F-15 D,14.00834,108.01,17214.59,108.63
2016-05-04,15/9-F-4,24.0,,,
2016-05-04,15/9-F-5,12.0,328.7,52387.43,136.13
2016-05-05,15/9-F-11,24.0,528.12,83381.2,2402.22
2016-05-05,15/9-F-12,24.0,200.49,31653.97,1188.3
2016-05-05,15/9-F-14,24.0,110.78,17489.5,2946.91
2016-05-05,15/9-F-15 D,24.0,148.14,23388.72,265.45
2016-05-05,15/9-F-4,24.0,,,
2016-05-05,15/9-F-5,24.0,330.72,52214.33,136.75
2016-05-06,15/9-F-11,24.0,530.3,83285.54,2385.79
2016-05-06,15/9-F-12,24.0,201.32,31617.66,1180.18
2016-05-06,15/9-F-14,24.0,111.23,17468.21,2926.54
2016-05-06,15/9-F-15 D,24.0,177.49,27874.94,233.91
2016-05-06,15/9-F-4,24.0,,,
2016-05-06,15/9-F-5,24.0,332.08,52153.65,135.82
2016-05-07,15/9-F-11,24.0,527.97,83621.53,2381.43
2016-05-07,15/9-F-12,24.0,200.43,31745.21,1178.02
2016-05-07,15/9-F-14,24.0,110.71,17535.68,2920.69
2016-05-07,15/9-F-15 D,24.0,176.84,28009.25,233.66
2016-05-07,15/9-F-4,24.0,,,
2016-05-07,15/9-F-5,24.0,330.6,52362.47,135.57
2016-05-08,15/9-F-11,24.0,526.22,82965.53,2372.06
2016-05-08,15/9-F-12,24.0,199.77,31496.17,1173.38
2016-05-08,15/9-F-14,24.0,110.4,17405.18,2910.37
2016-05-08,15/9-F-15 D,24.0,176.4,27810.92,232.92
2016-05-08,15/9-F-4,24.0,,,
2016-05-08,15/9-F-5,24.0,329.51,51951.07,135.03
2016-05-09,15/9-F-11,24.0,519.43,82122.31,2388.78
2016-05-09,15/9-F-12,24.0,197.2,31176.06,1181.65
2016-05-09,15/9-F-14,24.0,108.96,17226.41,2930.57
2016-05-09,15/9-F-15 D,24.0,174.12,27527.57,234.56
2016-05-09,15/9-F-4,24.0,,,
2016-05-09,15/9-F-5,24.0,325.25,51420.65,135.98
2016-05-10,15/9-F-11,24.0,513.3,81198.15,3165.87
2016-05-10,15/9-F-12,24.0,194.87,30825.23,1566.06
2016-05-10,15/9-F-14,24.0,107.66,17029.67,3883.25
2016-05-10,15/9-F-15 D,24.0,172.06,27217.63,310.86
2016-05-10,15/9-F-4,24.0,,,
2016-05-10,15/9-F-5,24.0,321.42,50843.32,180.21
2016-05-11,15/9-F-11,24.0,511.56,81119.11,2330.39
2016-05-11,15/9-F-12,24.0,194.21,30795.22,1152.77
2016-05-11,15/9-F-14,24.0,107.36,17023.43,2860.2
2016-05-11,15/9-F-15 D,24.0,171.49,27192.43,202.53
2016-05-11,15/9-F-4,24.0,,,
2016-05-11,15/9-F-5,24.0,320.36,50799.7,132.67
2016-05-12,15/9-F-11,24.0,507.33,80619.57,2330.14
2016-05-12,15/9-F-12,24.0,192.59,30605.57,1152.65
2016-05-12,15/9-F-14,24.0,106.46,16917.58,2859.72
2016-05-12,15/9-F-15 D,24.0,170.06,27024.75,202.51
2016-05-12,15/9-F-4,24.0,,,
2016-05-12,15/9-F-5,24.0,317.68,50483.88,132.65
2016-05-13,15/9-F-11,24.0,503.72,80010.16,2330.99
2016-05-13,15/9-F-12,24.0,191.23,30374.23,1153.07
2016-05-13,15/9-F-14,24.0,105.69,16786.98,2860.3
2016-05-13,15/9-F-15 D,24.0,168.86,26821.6,202.59
2016-05-13,15/9-F-4,24.0,,,
2016-05-13,15/9-F-5,24.0,315.47,50107.7,132.71
2016-05-14,15/9-F-11,24.0,499.28,79433.91,2318.74
2016-05-14,15/9-F-12,24.0,189.54,30155.46,1147.01
2016-05-14,15/9-F-14,24.0,104.75,16664.88,2845.05
2016-05-14,15/9-F-15 D,24.0,167.37,26628.85,201.53
2016-05-14,15/9-F-4,24.0,,,
2016-05-14,15/9-F-5,24.0,312.67,49744.99,132.01
2016-05-15,15/9-F-11,24.0,464.72,74962.07,2174.42
2016-05-15,15/9-F-12,20.5,146.36,23608.34,892.33
2016-05-15,15/9-F-14,18.0,71.02,11456.18,1943.51
2016-05-15,15/9-F-15 D,24.0,155.79,25129.74,188.98
2016-05-15,15/9-F-4,24.0,,,
2016-05-15,15/9-F-5,24.0,291.03,46945.67,123.8
2016-05-16,15/9-F-11,24.0,503.05,57998.38,2348.29
2016-05-16,15/9-F-12,24.0,190.97,22017.68,1161.61
2016-05-16,15/9-F-14,24.0,106.52,12281.25,2908.18
2016-05-16,15/9-F-15 D,24.0,168.64,19442.52,204.09
2016-05-16,15/9-F-4,24.0,,,
2016-05-16,15/9-F-5,24.0,315.03,36320.27,133.69
2016-05-17,15/9-F-11,24.0,494.92,79259.37,2308.3
2016-05-17,15/9-F-12,24.0,187.88,30089.2,1141.85
2016-05-17,15/9-F-14,24.0,103.84,16629.88,2832.53
2016-05-17,15/9-F-15 D,24.0,165.91,26569.95,200.62
2016-05-17,15/9-F-4,24.0,,,
2016-05-17,15/9-F-5,24.0,309.94,49635.6,131.41
2016-05-18,15/9-F-11,24.0,492.22,79096.02,2298.65
2016-05-18,15/9-F-12,24.0,186.86,30027.19,1137.07
2016-05-18,15/9-F-14,24.0,103.26,16593.06,2820.25
2016-05-18,15/9-F-15 D,24.0,165.01,26516.28,199.79
2016-05-18,15/9-F-4,24.0,,,
2016-05-18,15/9-F-5,24.0,308.27,49536.71,130.87
2016-05-19,15/9-F-11,24.0,487.62,78564.37,2290.73
2016-05-19,15/9-F-12,24.0,185.12,29825.36,1133.15
2016-05-19,15/9-F-14,24.0,102.32,16485.58,2811.24
2016-05-19,15/9-F-15 D,24.0,163.48,26339.57,199.11
2016-05-19,15/9-F-4,24.0,,,
2016-05-19,15/9-F-5,24.0,305.4,49204.82,130.43
2016-05-20,15/9-F-11,24.0,486.94,77433.25,2287.37
2016-05-20,15/9-F-12,24.0,184.86,29395.95,1131.49
2016-05-20,15/9-F-14,24.0,102.15,16243.09,2806.22
2016-05-20,15/9-F-15 D,24.0,163.26,25960.96,198.82
2016-05-20,15/9-F-4,24.0,,,
2016-05-20,15/9-F-5,24.0,304.95,48491.82,130.22
2016-05-21,15/9-F-11,24.0,480.05,76171.25,2314.9
2016-05-21,15/9-F-12,24.0,182.24,28916.86,1145.11
2016-05-21,15/9-F-14,24.0,100.7,15979.29,2840.15
2016-05-21,15/9-F-15 D,24.0,160.94,25537.95,201.22
2016-05-21,15/9-F-4,24.0,,,
2016-05-21,15/9-F-5,24.0,300.64,47704.09,131.8
2016-05-22,15/9-F-11,24.0,482.26,76804.03,2357.18
2016-05-22,15/9-F-12,24.0,183.08,29157.08,1166.02
2016-05-22,15/9-F-14,24.0,101.14,16108.07,2891.32
2016-05-22,15/9-F-15 D,24.0,161.68,25750.14,204.89
2016-05-22,15/9-F-4,24.0,,,
2016-05-22,15/9-F-5,24.0,301.99,48095.74,134.19
2016-05-23,15/9-F-11,24.0,484.2,77185.25,2362.24
2016-05-23,15/9-F-12,24.0,183.82,29301.81,1168.53
2016-05-23,15/9-F-14,24.0,101.57,16190.44,2897.94
2016-05-23,15/9-F-15 D,24.0,162.49,25901.31,205.52
2016-05-23,15/9-F-4,24.0,,,
2016-05-23,15/9-F-5,24.0,303.22,48334.6,134.48
2016-05-24,15/9-F-11,24.0,487.5,77674.63,2357.13
2016-05-24,15/9-F-12,24.0,185.07,29487.59,1166.0
2016-05-24,15/9-F-14,24.0,102.31,16300.54,2893.01
2016-05-24,15/9-F-15 D,24.0,163.66,26076.45,205.16
2016-05-24,15/9-F-4,24.0,,,
2016-05-24,15/9-F-5,24.0,305.3,48643.59,134.2
2016-05-25,15/9-F-11,24.0,489.56,77696.57,2345.26
2016-05-25,15/9-F-12,24.0,185.85,29495.92,1160.13
2016-05-25,15/9-F-14,24.0,102.71,16301.58,2877.82
2016-05-25,15/9-F-15 D,24.0,164.35,26083.86,204.12
2016-05-25,15/9-F-4,24.0,,,
2016-05-25,15/9-F-5,24.0,306.56,48653.68,133.51
2016-05-26,15/9-F-11,24.0,489.67,77736.5,2348.37
2016-05-26,15/9-F-12,24.0,185.89,29511.08,1161.67
2016-05-26,15/9-F-14,24.0,102.73,16309.03,2881.48
2016-05-26,15/9-F-15 D,24.0,164.39,26097.05,204.39
2016-05-26,15/9-F-4,24.0,,,
2016-05-26,15/9-F-5,24.0,306.63,48677.75,77.98
2016-05-27,15/9-F-11,24.0,485.01,77208.12,2345.08
2016-05-27,15/9-F-12,24.0,184.12,29310.49,1160.04
2016-05-27,15/9-F-14,24.0,101.76,16199.04,2877.57
2016-05-27,15/9-F-15 D,24.0,162.82,25919.77,204.11
2016-05-27,15/9-F-4,24.0,,,
2016-05-27,15/9-F-5,24.0,303.71,48347.28,77.87
2016-05-28,15/9-F-11,24.0,486.67,77524.47,2360.87
2016-05-28,15/9-F-12,24.0,184.75,29430.59,1167.85
2016-05-28,15/9-F-14,24.0,102.13,16268.23,2897.44
2016-05-28,15/9-F-15 D,24.0,163.38,26026.62,205.49
2016-05-28,15/9-F-4,24.0,,,
2016-05-28,15/9-F-5,24.0,304.75,48546.34,78.4
2016-05-29,15/9-F-11,24.0,482.01,77244.75,2365.04
2016-05-29,15/9-F-12,24.0,182.98,29324.39,1169.91
2016-05-29,15/9-F-14,24.0,101.12,16205.62,2901.88
2016-05-29,15/9-F-15 D,24.0,161.83,25934.14,205.86
2016-05-29,15/9-F-4,24.0,,,
2016-05-29,15/9-F-5,24.0,301.83,48371.32,78.54
2016-05-30,15/9-F-11,24.0,480.45,76199.17,2349.6
2016-05-30,15/9-F-12,24.0,182.4,28927.47,1162.28
2016-05-30,15/9-F-14,24.0,100.78,15984.09,2882.54
2016-05-30,15/9-F-15 D,24.0,161.31,25583.62,204.52
2016-05-30,15/9-F-4,24.0,,,
2016-05-30,15/9-F-5,24.0,300.85,47713.29,78.02
2016-05-31,15/9-F-11,24.0,489.68,77897.32,2343.77
2016-05-31,15/9-F-12,24.0,185.9,29572.14,1159.39
2016-05-31,15/9-F-14,24.0,102.74,16342.69,2875.8
2016-05-31,15/9-F-15 D,24.0,192.14,30564.26,238.42
2016-05-31,15/9-F-4,24.0,,,
2016-05-31,15/9-F-5,24.0,306.65,48780.59,77.83
2016-06-01,15/9-F-11,24.0,489.27,76878.71,2330.61
2016-06-01,15/9-F-12,24.0,185.75,29185.44,1152.88
2016-06-01,15/9-F-14,24.0,102.65,16128.54,2859.57
2016-06-01,15/9-F-15 D,24.0,192.48,30243.26,237.7
2016-06-01,15/9-F-4,24.0,,,
2016-06-01,15/9-F-5,24.0,306.39,48141.2,77.39
2016-06-02,15/9-F-11,24.0,485.42,77442.24,2349.51
2016-06-02,15/9-F-12,24.0,184.28,29399.37,1162.23
2016-06-02,15/9-F-14,24.0,101.83,16245.66,2882.58
2016-06-02,15/9-F-15 D,24.0,190.97,30467.27,239.64
2016-06-02,15/9-F-4,24.0,,,
2016-06-02,15/9-F-5,24.0,303.97,48493.55,78.02
2016-06-03,15/9-F-11,24.0,463.16,74343.51,2314.58
2016-06-03,15/9-F-12,24.0,175.83,28223.0,1144.95
2016-06-03,15/9-F-14,24.0,97.14,15591.82,2839.02
2016-06-03,15/9-F-15 D,17.675,135.1,21684.68,175.03
2016-06-03,15/9-F-4,24.0,,,
2016-06-03,15/9-F-5,24.0,290.02,46550.61,76.86
2016-06-04,15/9-F-11,24.0,489.13,80371.59,2352.64
2016-06-04,15/9-F-12,24.0,185.69,30511.44,1163.78
2016-06-04,15/9-F-14,24.0,102.59,16857.01,2885.87
2016-06-04,15/9-F-15 D,0.0,0.0,0.0,0.0
2016-06-04,15/9-F-4,24.0,,,
2016-06-04,15/9-F-5,24.0,306.28,50327.26,78.12
2016-06-05,15/9-F-11,24.0,491.8,80234.77,2360.02
2016-06-05,15/9-F-12,24.0,186.7,30459.49,1167.43
2016-06-05,15/9-F-14,24.0,103.15,16827.74,2894.82
2016-06-05,15/9-F-15 D,0.0,0.0,0.0,0.0
2016-06-05,15/9-F-4,24.0,,,
2016-06-05,15/9-F-5,24.0,307.96,50241.85,78.37
2016-06-06,15/9-F-11,24.0,492.54,79982.42,2368.16
2016-06-06,15/9-F-12,24.0,186.99,30363.7,1171.46
2016-06-06,15/9-F-14,24.0,103.3,16775.03,2904.85
2016-06-06,15/9-F-15 D,0.0,0.0,0.0,0.0
2016-06-06,15/9-F-4,24.0,,,
2016-06-06,15/9-F-5,24.0,308.43,50084.38,78.64
2016-06-07,15/9-F-11,24.0,494.17,80486.75,2380.55
2016-06-07,15/9-F-12,24.0,187.6,30555.15,1177.59
2016-06-07,15/9-F-14,24.0,103.68,16887.0,2921.12
2016-06-07,15/9-F-15 D,0.0,0.0,0.0,0.0
2016-06-07,15/9-F-4,24.0,,,
2016-06-07,15/9-F-5,24.0,309.44,50400.04,79.05
2016-06-08,15/9-F-11,22.41667,426.92,69683.88,2036.31
2016-06-08,15/9-F-12,16.25833,116.93,19085.67,726.73
2016-06-08,15/9-F-14,22.41666,91.57,14945.84,2554.32
2016-06-08,15/9-F-15 D,11.24166,65.83,10745.62,81.41
2016-06-08,15/9-F-4,21.08333,,,
2016-06-08,15/9-F-5,22.41667,273.03,44565.35,69.06
2016-06-09,15/9-F-11,24.0,479.12,77818.32,2485.64
2016-06-09,15/9-F-12,15.0,96.32,15644.36,651.13
2016-06-09,15/9-F-14,24.0,102.38,16629.16,3106.49
2016-06-09,15/9-F-15 D,24.0,107.03,17383.62,200.55
2016-06-09,15/9-F-4,24.0,,,
2016-06-09,15/9-F-5,24.0,294.42,47819.27,81.0
2016-06-10,15/9-F-11,24.0,493.94,81192.07,2446.06
2016-06-10,15/9-F-12,24.0,187.51,30822.66,1209.98
2016-06-10,15/9-F-14,24.0,105.78,17387.3,3063.59
2016-06-10,15/9-F-15 D,24.0,83.58,13739.45,182.36
2016-06-10,15/9-F-4,24.0,,,
2016-06-10,15/9-F-5,24.0,303.56,49899.52,79.72
2016-06-11,15/9-F-11,24.0,495.73,80192.98,2404.75
2016-06-11,15/9-F-12,24.0,188.19,30443.63,1189.55
2016-06-11,15/9-F-14,23.98519,109.05,17640.76,3093.81
2016-06-11,15/9-F-15 D,24.0,83.98,13585.56,179.48
2016-06-11,15/9-F-4,24.0,,,
2016-06-11,15/9-F-5,24.0,304.66,49284.63,78.37
2016-06-12,15/9-F-11,24.0,472.0,76026.54,2272.02
2016-06-12,15/9-F-12,24.0,179.18,28861.93,1123.9
2016-06-12,15/9-F-14,21.68148,91.46,14732.22,2574.89
2016-06-12,15/9-F-15 D,24.0,80.03,12890.26,169.71
2016-06-12,15/9-F-4,15.5,,,
2016-06-12,15/9-F-5,24.0,290.07,46722.36,74.05
2016-06-13,15/9-F-11,24.0,494.25,80182.85,2409.77
2016-06-13,15/9-F-12,24.0,187.63,30439.78,1192.04
2016-06-13,15/9-F-14,24.0,107.23,17395.7,3057.6
2016-06-13,15/9-F-15 D,24.0,83.81,13595.76,180.01
2016-06-13,15/9-F-4,24.0,,,
2016-06-13,15/9-F-5,24.0,306.71,49756.95,79.3
2016-06-14,15/9-F-11,24.0,495.97,79860.67,2409.0
2016-06-14,15/9-F-12,24.0,188.28,30317.48,1191.66
2016-06-14,15/9-F-14,24.0,104.48,16824.06,2968.09
2016-06-14,15/9-F-15 D,24.0,84.23,13562.34,180.24
2016-06-14,15/9-F-4,24.0,,,
2016-06-14,15/9-F-5,24.0,310.88,50057.55,80.08
2016-06-15,15/9-F-11,24.0,492.73,79493.02,2422.7
2016-06-15,15/9-F-12,24.0,187.06,30177.91,1198.43
2016-06-15,15/9-F-14,24.0,103.8,16745.98,2984.87
2016-06-15,15/9-F-15 D,24.0,128.62,20749.72,260.39
2016-06-15,15/9-F-4,24.0,,,
2016-06-15,15/9-F-5,24.0,308.85,49826.07,80.53
2016-06-16,15/9-F-11,24.0,496.68,79918.69,2438.6
2016-06-16,15/9-F-12,24.0,188.56,30339.5,1206.3
2016-06-16,15/9-F-14,24.0,104.63,16836.0,3004.53
2016-06-16,15/9-F-15 D,24.0,129.65,20860.91,262.1
2016-06-16,15/9-F-4,24.0,,,
2016-06-16,15/9-F-5,24.0,311.32,50093.0,81.06
2016-06-17,15/9-F-11,24.0,490.41,78134.85,2418.86
2016-06-17,15/9-F-12,24.0,186.17,29662.3,1196.54
2016-06-17,15/9-F-14,24.0,103.29,16456.74,2979.58
2016-06-17,15/9-F-15 D,24.0,159.82,25464.08,235.71
2016-06-17,15/9-F-4,24.0,,,
2016-06-17,15/9-F-5,24.0,307.36,48970.74,80.39
2016-06-18,15/9-F-11,24.0,491.08,78573.17,2413.03
2016-06-18,15/9-F-12,24.0,186.43,29828.71,1193.65
2016-06-18,15/9-F-14,24.0,103.44,16551.02,2972.75
2016-06-18,15/9-F-15 D,24.0,160.05,25607.5,235.15
2016-06-18,15/9-F-4,24.0,,,
2016-06-18,15/9-F-5,24.0,307.78,49244.21,80.2
2016-06-19,15/9-F-11,24.0,491.55,78442.19,2422.69
2016-06-19,15/9-F-12,24.0,186.61,29778.97,1198.43
2016-06-19,15/9-F-14,24.0,103.55,16524.52,2984.83
2016-06-19,15/9-F-15 D,24.0,160.21,25565.37,236.1
2016-06-19,15/9-F-4,24.0,,,
2016-06-19,15/9-F-5,24.0,308.09,49164.75,80.52
2016-06-20,15/9-F-11,24.0,492.63,78467.31,2418.12
2016-06-20,15/9-F-12,24.0,187.02,29788.52,1196.17
2016-06-20,15/9-F-14,24.0,103.75,16525.42,2978.42
2016-06-20,15/9-F-15 D,24.0,160.56,25573.69,235.65
2016-06-20,15/9-F-4,24.0,,,
2016-06-20,15/9-F-5,24.0,308.76,49180.12,80.37
2016-06-21,15/9-F-11,24.0,491.13,78381.17,2429.53
2016-06-21,15/9-F-12,24.0,186.45,29755.82,1201.82
2016-06-21,15/9-F-14,24.0,103.44,16508.09,2992.62
2016-06-21,15/9-F-15 D,24.0,160.07,25545.26,236.76
2016-06-21,15/9-F-4,24.0,,,
2016-06-21,15/9-F-5,24.0,307.81,49124.66,80.75
2016-06-22,15/9-F-11,24.0,490.04,78391.38,2430.07
2016-06-22,15/9-F-12,24.0,186.03,29759.69,1202.08
2016-06-22,15/9-F-14,24.0,103.21,16511.03,2993.41
2016-06-22,15/9-F-15 D,24.0,159.71,25549.22,236.82
2016-06-22,15/9-F-4,24.0,,,
2016-06-22,15/9-F-5,24.0,307.13,49132.02,80.77
2016-06-23,15/9-F-11,24.0,490.31,78656.21,2454.09
2016-06-23,15/9-F-12,24.0,186.14,29860.23,1213.96
2016-06-23,15/9-F-14,24.0,103.27,16566.18,3022.9
2016-06-23,15/9-F-15 D,24.0,123.52,19815.8,205.12
2016-06-23,15/9-F-4,24.0,,,
2016-06-23,15/9-F-5,24.0,307.3,49297.96,81.57
2016-06-24,15/9-F-11,24.0,490.94,78364.01,2419.99
2016-06-24,15/9-F-12,24.0,186.37,29749.3,1197.09
2016-06-24,15/9-F-14,24.0,103.37,16499.88,2980.02
2016-06-24,15/9-F-15 D,24.0,146.47,23380.46,203.02
2016-06-24,15/9-F-4,24.0,,,
2016-06-24,15/9-F-5,24.0,307.67,49111.88,80.43
2016-06-25,15/9-F-11,24.0,487.12,78052.04,2420.74
2016-06-25,15/9-F-12,24.0,184.92,29630.87,1197.46
2016-06-25,15/9-F-14,24.0,102.57,16434.67,2981.04
2016-06-25,15/9-F-15 D,24.0,145.33,23287.31,203.08
2016-06-25,15/9-F-4,24.0,,,
2016-06-25,15/9-F-5,24.0,305.29,48917.47,80.45
2016-06-26,15/9-F-11,24.0,488.4,78362.91,2422.46
2016-06-26,15/9-F-12,24.0,185.41,29748.89,1198.32
2016-06-26,15/9-F-14,24.0,102.85,16501.91,2983.48
2016-06-26,15/9-F-15 D,24.0,145.73,23381.3,203.24
2016-06-26,15/9-F-4,24.0,,,
2016-06-26,15/9-F-5,24.0,306.09,49111.11,80.51
2016-06-27,15/9-F-11,24.0,481.51,77240.09,2415.41
2016-06-27,15/9-F-12,24.0,182.8,29322.63,1194.83
2016-06-27,15/9-F-14,24.0,101.46,16274.31,2976.42
2016-06-27,15/9-F-15 D,24.0,143.68,23046.92,202.65
2016-06-27,15/9-F-4,24.0,,,
2016-06-27,15/9-F-5,24.0,301.79,48409.85,80.28
2016-06-28,15/9-F-11,24.0,485.3,78043.95,2413.07
2016-06-28,15/9-F-12,24.0,184.23,29627.8,1193.67
2016-06-28,15/9-F-14,24.0,102.26,16444.37,2973.66
2016-06-28,15/9-F-15 D,24.0,144.8,23286.39,202.45
2016-06-28,15/9-F-4,24.0,,,
2016-06-28,15/9-F-5,24.0,304.15,48911.87,80.2
2016-06-29,15/9-F-11,24.0,485.8,78097.95,2417.89
2016-06-29,15/9-F-12,24.0,184.42,29648.29,1196.06
2016-06-29,15/9-F-14,24.0,102.38,16458.56,2980.12
2016-06-29,15/9-F-15 D,24.0,144.95,23303.2,202.86
2016-06-29,15/9-F-4,24.0,,,
2016-06-29,15/9-F-5,24.0,304.48,48948.96,80.36
2016-06-30,15/9-F-11,24.0,481.56,77814.98,2422.48
2016-06-30,15/9-F-12,24.0,182.81,29540.87,1198.33
2016-06-30,15/9-F-14,24.0,101.47,16397.18,2985.45
2016-06-30,15/9-F-15 D,24.0,143.7,23221.02,203.27
2016-06-30,15/9-F-4,24.0,,,
2016-06-30,15/9-F-5,24.0,301.79,48767.93,80.51
2016-07-01,15/9-F-11,24.0,488.27,77684.41,2417.32
2016-07-01,15/9-F-12,24.0,185.36,29491.31,1195.77
2016-07-01,15/9-F-14,24.0,102.89,16369.86,2979.13
2016-07-01,15/9-F-15 D,24.0,145.84,23203.68,203.02
2016-07-01,15/9-F-4,24.0,,,
2016-07-01,15/9-F-5,24.0,306.02,48687.36,80.34
2016-07-02,15/9-F-11,24.0,482.07,77663.2,2427.68
2016-07-02,15/9-F-12,24.0,183.0,29483.26,1200.9
2016-07-02,15/9-F-14,24.0,101.58,16365.91,2992.0
2016-07-02,15/9-F-15 D,24.0,144.01,23201.35,203.93
2016-07-02,15/9-F-4,24.0,,,
2016-07-02,15/9-F-5,24.0,302.11,48672.77,80.68
2016-07-03,15/9-F-11,24.0,486.12,77217.98,2415.77
2016-07-03,15/9-F-12,24.0,184.55,29314.23,1195.0
2016-07-03,15/9-F-14,24.0,102.43,16269.74,2976.87
2016-07-03,15/9-F-15 D,24.0,145.22,23068.07,202.93
2016-07-03,15/9-F-4,24.0,,,
2016-07-03,15/9-F-5,24.0,304.65,48392.03,80.28
2016-07-04,15/9-F-11,24.0,477.82,77190.38,2426.64
2016-07-04,15/9-F-12,24.0,181.4,29303.76,1200.38
2016-07-04,15/9-F-14,24.0,100.67,16263.02,2990.1
2016-07-04,15/9-F-15 D,24.0,142.74,23059.68,203.84
2016-07-04,15/9-F-4,24.0,,,
2016-07-04,15/9-F-5,24.0,299.45,48374.44,80.65
2016-07-05,15/9-F-11,24.0,483.57,77293.43,2413.85
2016-07-05,15/9-F-12,24.0,183.58,29342.87,1194.06
2016-07-05,15/9-F-14,24.0,101.88,16284.48,2974.3
2016-07-05,15/9-F-15 D,24.0,144.46,23090.47,202.76
2016-07-05,15/9-F-4,24.0,,,
2016-07-05,15/9-F-5,24.0,303.04,48438.35,80.22
2016-07-06,15/9-F-11,24.0,465.8,76843.54,2426.35
2016-07-06,15/9-F-12,24.0,176.83,29172.08,1200.24
2016-07-06,15/9-F-14,24.0,98.3,16217.43,2994.84
2016-07-06,15/9-F-15 D,18.375,106.3,17537.08,155.7
2016-07-06,15/9-F-4,24.0,,,
2016-07-06,15/9-F-5,24.0,291.91,48158.11,80.64
2016-07-07,15/9-F-11,24.0,480.48,78857.14,2454.82
2016-07-07,15/9-F-12,24.0,182.4,29936.51,1214.33
2016-07-07,15/9-F-14,24.0,106.19,17427.78,3172.96
2016-07-07,15/9-F-15 D,0.0,0.0,0.0,0.0
2016-07-07,15/9-F-4,24.0,,,
2016-07-07,15/9-F-5,24.0,301.12,49420.57,81.59
2016-07-08,15/9-F-11,24.0,478.35,78935.39,2452.9
2016-07-08,15/9-F-12,24.0,181.6,29966.21,1213.38
2016-07-08,15/9-F-14,24.0,106.3,17541.2,3187.95
2016-07-08,15/9-F-15 D,0.0,0.0,0.0,0.0
2016-07-08,15/9-F-4,24.0,,,
2016-07-08,15/9-F-5,24.0,299.78,49468.27,81.52
2016-07-09,15/9-F-11,23.49999,444.4,72610.92,1858.53
2016-07-09,15/9-F-12,23.5,176.04,28764.65,893.71
2016-07-09,15/9-F-14,22.66666,102.09,16681.29,2326.24
2016-07-09,15/9-F-15 D,0.0,0.0,0.0,0.0
2016-07-09,15/9-F-4,20.16666,,,
2016-07-09,15/9-F-5,23.5,332.84,54384.28,60.38
2016-07-10,15/9-F-11,24.0,472.4,78137.98,2436.16
2016-07-10,15/9-F-12,24.0,188.96,31255.2,1182.86
2016-07-10,15/9-F-14,24.0,113.38,18753.12,3185.47
2016-07-10,15/9-F-15 D,0.0,0.0,0.0,0.0
2016-07-10,15/9-F-4,24.0,,,
2016-07-10,15/9-F-5,24.0,352.18,58253.41,78.78
2016-07-11,15/9-F-11,23.66666,453.73,74947.78,2338.43
2016-07-11,15/9-F-12,23.66667,180.55,29824.06,1129.54
2016-07-11,15/9-F-14,23.66667,108.84,17979.28,3056.29
2016-07-11,15/9-F-15 D,0.0,0.0,0.0,0.0
2016-07-11,15/9-F-4,22.0,,,
2016-07-11,15/9-F-5,23.66667,340.31,56214.05,76.08
2016-07-12,15/9-F-11,24.0,474.35,77265.65,2408.2
2016-07-12,15/9-F-12,24.0,189.74,30906.26,1169.29
2016-07-12,15/9-F-14,24.0,113.84,18543.76,3148.91
2016-07-12,15/9-F-15 D,0.0,0.0,0.0,0.0
2016-07-12,15/9-F-4,24.0,,,
2016-07-12,15/9-F-5,24.0,353.77,57623.99,77.91
2016-07-13,15/9-F-11,24.0,470.58,72789.07,2406.02
2016-07-13,15/9-F-12,14.89167,106.49,16471.68,660.91
2016-07-13,15/9-F-14,14.89167,68.47,10591.65,1907.46
2016-07-13,15/9-F-15 D,0.0,0.0,0.0,0.0
2016-07-13,15/9-F-4,24.0,,,
2016-07-13,15/9-F-5,24.0,354.56,54844.72,78.64
2016-07-14,15/9-F-11,24.0,488.01,78089.89,2410.89
2016-07-14,15/9-F-12,6.5,47.82,7652.04,286.76
2016-07-14,15/9-F-14,0.0,0.0,0.0,0.0
2016-07-14,15/9-F-15 D,0.0,0.0,0.0,0.0
2016-07-14,15/9-F-4,18.05833,,,
2016-07-14,15/9-F-5,24.0,194.53,31127.28,41.68
2016-07-15,15/9-F-11,24.0,464.35,74336.4,2703.47
2016-07-15,15/9-F-12,14.44167,38.42,6150.89,271.54
2016-07-15,15/9-F-14,0.0,0.0,0.0,0.0
2016-07-15,15/9-F-15 D,0.0,0.0,0.0,0.0
2016-07-15,15/9-F-4,0.0,,,
2016-07-15,15/9-F-5,24.0,348.25,55749.49,87.95
2016-07-16,15/9-F-11,24.0,502.17,80344.62,2243.62
2016-07-16,15/9-F-12,24.0,184.02,29442.57,998.02
2016-07-16,15/9-F-14,0.0,0.0,0.0,0.0
2016-07-16,15/9-F-15 D,0.0,0.0,0.0,0.0
2016-07-16,15/9-F-4,12.775,,,
2016-07-16,15/9-F-5,24.0,200.85,32134.05,38.92
2016-07-17,15/9-F-11,20.83436,374.6,59977.03,1525.03
2016-07-17,15/9-F-12,20.72592,80.78,12933.52,399.19
2016-07-17,15/9-F-14,0.0,0.0,0.0,0.0
2016-07-17,15/9-F-15 D,0.0,0.0,0.0,0.0
2016-07-17,15/9-F-4,14.05833,,,
2016-07-17,15/9-F-5,21.47501,299.64,47975.23,52.91
2016-07-18,15/9-F-11,24.0,446.26,71429.0,2372.96
2016-07-18,15/9-F-12,24.0,125.94,20158.23,812.9
2016-07-18,15/9-F-14,0.0,0.0,0.0,0.0
2016-07-18,15/9-F-15 D,0.0,0.0,0.0,0.0
2016-07-18,15/9-F-4,6.60833,,,
2016-07-18,15/9-F-5,24.0,336.84,53915.73,77.69
2016-07-19,15/9-F-11,24.0,470.63,75306.65,2999.25
2016-07-19,15/9-F-12,24.0,143.87,23020.36,1112.91
2016-07-19,15/9-F-14,0.0,0.0,0.0,0.0
2016-07-19,15/9-F-15 D,0.0,0.0,0.0,0.0
2016-07-19,15/9-F-4,24.0,,,
2016-07-19,15/9-F-5,24.0,352.97,56478.95,97.57
2016-07-20,15/9-F-11,24.0,475.86,76109.0,2776.83
2016-07-20,15/9-F-12,24.0,145.49,23270.27,1030.59
2016-07-20,15/9-F-14,0.0,0.0,0.0,0.0
2016-07-20,15/9-F-15 D,0.0,0.0,0.0,0.0
2016-07-20,15/9-F-4,24.0,,,
2016-07-20,15/9-F-5,24.0,356.89,57081.75,90.34
2016-07-21,15/9-F-11,24.0,467.17,74752.7,2637.56
2016-07-21,15/9-F-12,24.0,142.5,22801.67,976.58
2016-07-21,15/9-F-14,0.0,0.0,0.0,0.0
2016-07-21,15/9-F-15 D,0.0,0.0,0.0,0.0
2016-07-21,15/9-F-4,24.0,,,
2016-07-21,15/9-F-5,24.0,350.38,56064.53,85.81
2016-07-22,15/9-F-11,24.0,445.26,71244.2,2634.52
2016-07-22,15/9-F-12,24.0,134.8,21569.02,968.17
2016-07-22,15/9-F-14,0.0,0.0,0.0,0.0
2016-07-22,15/9-F-15 D,0.0,0.0,0.0,0.0
2016-07-22,15/9-F-4,0.0,,,
2016-07-22,15/9-F-5,24.0,333.94,53433.15,85.71
2016-07-23,15/9-F-11,24.0,445.0,71195.81,2660.37
2016-07-23,15/9-F-12,24.0,136.3,21807.05,989.13
2016-07-23,15/9-F-14,0.0,0.0,0.0,0.0
2016-07-23,15/9-F-15 D,0.0,0.0,0.0,0.0
2016-07-23,15/9-F-4,24.0,,,
2016-07-23,15/9-F-5,24.0,333.75,53396.87,86.55
2016-07-24,15/9-F-11,24.0,458.61,73375.7,2691.88
2016-07-24,15/9-F-12,24.0,139.91,22385.53,996.87
2016-07-24,15/9-F-14,0.0,0.0,0.0,0.0
2016-07-24,15/9-F-15 D,0.0,0.0,0.0,0.0
2016-07-24,15/9-F-4,24.0,,,
2016-07-24,15/9-F-5,24.0,343.96,55031.77,87.57
2016-07-25,15/9-F-11,24.0,458.62,73372.47,2482.95
2016-07-25,15/9-F-12,24.0,133.66,21383.6,878.39
2016-07-25,15/9-F-14,0.0,0.0,0.0,0.0
2016-07-25,15/9-F-15 D,0.0,0.0,0.0,0.0
2016-07-25,15/9-F-4,24.0,,,
2016-07-25,15/9-F-5,24.0,343.75,54995.38,80.73
2016-07-26,15/9-F-11,24.0,454.03,72624.96,2418.12
2016-07-26,15/9-F-12,24.0,129.53,20719.18,837.4
2016-07-26,15/9-F-14,0.0,0.0,0.0,0.0
2016-07-26,15/9-F-15 D,0.0,0.0,0.0,0.0
2016-07-26,15/9-F-4,20.15,,,
2016-07-26,15/9-F-5,12.0,340.52,54468.73,78.67
2016-07-27,15/9-F-11,24.0,445.56,71291.08,2619.7
2016-07-27,15/9-F-12,24.0,126.9,20303.61,905.64
2016-07-27,15/9-F-14,0.0,0.0,0.0,0.0
2016-07-27,15/9-F-15 D,0.0,0.0,0.0,0.0
2016-07-27,15/9-F-4,14.33333,,,
2016-07-27,15/9-F-5,12.0,334.18,53468.31,85.23
2016-07-28,15/9-F-11,24.0,451.59,72253.6,2723.75
2016-07-28,15/9-F-12,24.0,128.63,20581.42,941.79
2016-07-28,15/9-F-14,0.0,0.0,0.0,0.0
2016-07-28,15/9-F-15 D,0.0,0.0,0.0,0.0
2016-07-28,15/9-F-4,24.0,,,
2016-07-28,15/9-F-5,12.0,338.69,54190.2,88.61
2016-07-29,15/9-F-11,24.0,457.03,71716.05,2757.36
2016-07-29,15/9-F-12,24.0,130.18,20427.41,953.36
2016-07-29,15/9-F-14,0.0,0.0,0.0,0.0
2016-07-29,15/9-F-15 D,0.0,0.0,0.0,0.0
2016-07-29,15/9-F-4,12.0,,,
2016-07-29,15/9-F-5,12.0,342.77,53787.03,89.7
2016-07-30,15/9-F-11,24.0,465.67,73786.24,2821.64
2016-07-30,15/9-F-12,24.0,132.63,21016.34,975.55
2016-07-30,15/9-F-14,0.0,0.0,0.0,0.0
2016-07-30,15/9-F-15 D,0.0,0.0,0.0,0.0
2016-07-30,15/9-F-4,12.5,,,
2016-07-30,15/9-F-5,12.0,349.25,55339.69,91.8
2016-07-31,15/9-F-11,24.0,456.52,70805.2,2722.15
2016-07-31,15/9-F-12,24.0,131.94,20464.37,955.02
2016-07-31,15/9-F-14,0.0,0.0,0.0,0.0
2016-07-31,15/9-F-15 D,0.0,0.0,0.0,0.0
2016-07-31,15/9-F-4,24.0,,,
2016-07-31,15/9-F-5,12.0,342.39,53103.9,88.56
2016-08-01,15/9-F-11,24.0,468.5,71208.09,2639.79
2016-08-01,15/9-F-12,24.0,136.17,20696.74,931.34
2016-08-01,15/9-F-14,0.0,0.0,0.0,0.0
2016-08-01,15/9-F-15 D,0.0,0.0,0.0,0.0
2016-08-01,15/9-F-4,24.0,,,
2016-08-01,15/9-F-5,12.0,351.38,53406.08,85.88
2016-08-02,15/9-F-11,24.0,457.4,74712.27,2580.69
2016-08-02,15/9-F-12,24.0,129.85,21210.16,889.32
2016-08-02,15/9-F-14,0.0,0.0,0.0,0.0
2016-08-02,15/9-F-15 D,0.0,0.0,0.0,0.0
2016-08-02,15/9-F-4,21.725,,,
2016-08-02,15/9-F-5,24.0,343.05,56034.2,83.96
2016-08-03,15/9-F-11,24.0,442.04,67086.49,3559.67
2016-08-03,15/9-F-12,24.0,123.16,18692.57,1203.96
2016-08-03,15/9-F-14,0.0,0.0,0.0,0.0
2016-08-03,15/9-F-15 D,0.0,0.0,0.0,0.0
2016-08-03,15/9-F-4,0.0,,,
2016-08-03,15/9-F-5,24.0,331.52,50314.86,115.8
2016-08-04,15/9-F-11,24.0,423.06,75025.53,2951.43
2016-08-04,15/9-F-12,24.0,118.81,21069.49,1006.11
2016-08-04,15/9-F-14,0.0,0.0,0.0,0.0
2016-08-04,15/9-F-15 D,0.0,0.0,0.0,0.0
2016-08-04,15/9-F-4,13.85833,,,
2016-08-04,15/9-F-5,24.0,317.3,56269.14,96.02
2016-08-05,15/9-F-11,24.0,433.87,69581.08,2688.72
2016-08-05,15/9-F-12,24.0,121.77,19527.95,915.96
2016-08-05,15/9-F-14,0.0,0.0,0.0,0.0
2016-08-05,15/9-F-15 D,0.0,0.0,0.0,0.0
2016-08-05,15/9-F-4,24.0,,,
2016-08-05,15/9-F-5,24.0,325.41,52185.81,87.47
2016-08-06,15/9-F-11,24.0,422.88,67390.63,2525.48
2016-08-06,15/9-F-12,24.0,118.7,18916.66,860.51
2016-08-06,15/9-F-14,0.0,0.0,0.0,0.0
2016-08-06,15/9-F-15 D,0.0,0.0,0.0,0.0
2016-08-06,15/9-F-4,24.0,,,
2016-08-06,15/9-F-5,24.0,317.16,50542.98,82.16
2016-08-07,15/9-F-11,24.0,427.39,72263.05,2534.29
2016-08-07,15/9-F-12,24.0,119.96,20282.28,863.42
2016-08-07,15/9-F-14,0.0,0.0,0.0,0.0
2016-08-07,15/9-F-15 D,0.0,0.0,0.0,0.0
2016-08-07,15/9-F-4,24.0,,,
2016-08-07,15/9-F-5,24.0,320.54,54197.29,82.45
2016-08-08,15/9-F-11,24.0,426.3,68311.3,2535.61
2016-08-08,15/9-F-12,24.0,119.63,19170.05,863.73
2016-08-08,15/9-F-14,0.0,0.0,0.0,0.0
2016-08-08,15/9-F-15 D,0.0,0.0,0.0,0.0
2016-08-08,15/9-F-4,24.0,,,
2016-08-08,15/9-F-5,24.0,319.73,51233.47,82.49
2016-08-09,15/9-F-11,23.66667,398.32,65038.61,2424.53
2016-08-09,15/9-F-12,23.75,110.61,18060.66,817.25
2016-08-09,15/9-F-14,0.0,0.0,0.0,0.0
2016-08-09,15/9-F-15 D,0.0,0.0,0.0,0.0
2016-08-09,15/9-F-4,21.0,,,
2016-08-09,15/9-F-5,23.83333,302.45,49384.0,79.85
2016-08-10,15/9-F-11,24.0,420.34,68545.35,2494.13
2016-08-10,15/9-F-12,24.0,118.12,19262.51,850.79
2016-08-10,15/9-F-14,0.0,0.0,0.0,0.0
2016-08-10,15/9-F-15 D,0.0,0.0,0.0,0.0
2016-08-10,15/9-F-4,24.0,,,
2016-08-10,15/9-F-5,24.0,315.74,51488.04,81.27
2016-08-11,15/9-F-11,24.0,428.54,67865.38,2504.01
2016-08-11,15/9-F-12,24.0,120.41,19069.01,854.05
2016-08-11,15/9-F-14,0.0,0.0,0.0,0.0
2016-08-11,15/9-F-15 D,0.0,0.0,0.0,0.0
2016-08-11,15/9-F-4,24.0,,,
2016-08-11,15/9-F-5,24.0,321.91,50979.02,81.59
2016-08-12,15/9-F-11,24.0,439.14,69533.14,3039.16
2016-08-12,15/9-F-12,22.14167,104.84,16599.63,880.7
2016-08-12,15/9-F-14,0.0,0.0,0.0,0.0
2016-08-12,15/9-F-15 D,0.0,0.0,0.0,0.0
2016-08-12,15/9-F-4,24.0,,,
2016-08-12,15/9-F-5,24.0,329.87,52230.71,99.02
2016-08-13,15/9-F-11,24.0,440.09,70005.95,3162.58
2016-08-13,15/9-F-12,0.0,0.0,0.0,0.0
2016-08-13,15/9-F-14,0.0,0.0,0.0,0.0
2016-08-13,15/9-F-15 D,0.0,0.0,0.0,0.0
2016-08-13,15/9-F-4,24.0,,,
2016-08-13,15/9-F-5,24.0,330.59,52586.52,103.05
2016-08-14,15/9-F-11,24.0,455.37,71126.47,3394.96
2016-08-14,15/9-F-12,0.0,0.0,0.0,0.0
2016-08-14,15/9-F-14,0.0,0.0,0.0,0.0
2016-08-14,15/9-F-15 D,0.0,0.0,0.0,0.0
2016-08-14,15/9-F-4,24.0,,,
2016-08-14,15/9-F-5,24.0,342.05,53427.87,110.62
2016-08-15,15/9-F-11,24.0,468.16,73364.98,3359.15
2016-08-15,15/9-F-12,0.0,0.0,0.0,0.0
2016-08-15,15/9-F-14,0.0,0.0,0.0,0.0
2016-08-15,15/9-F-15 D,0.0,0.0,0.0,0.0
2016-08-15,15/9-F-4,24.0,,,
2016-08-15,15/9-F-5,24.0,351.68,55110.1,109.45
2016-08-16,15/9-F-11,24.0,480.21,75792.9,2930.39
2016-08-16,15/9-F-12,0.0,0.0,0.0,0.0
2016-08-16,15/9-F-14,0.0,0.0,0.0,0.0
2016-08-16,15/9-F-15 D,0.0,0.0,0.0,0.0
2016-08-16,15/9-F-4,24.0,,,
2016-08-16,15/9-F-5,24.0,360.71,56933.6,95.48
2016-08-17,15/9-F-11,24.0,475.69,73499.9,2803.55
2016-08-17,15/9-F-12,0.0,0.0,0.0,0.0
2016-08-17,15/9-F-14,0.0,0.0,0.0,0.0
2016-08-17,15/9-F-15 D,0.0,0.0,0.0,0.0
2016-08-17,15/9-F-4,24.0,,,
2016-08-17,15/9-F-5,24.0,357.32,55210.6,91.35
2016-08-18,15/9-F-11,24.0,485.66,75529.18,2787.65
2016-08-18,15/9-F-12,0.0,0.0,0.0,0.0
2016-08-18,15/9-F-14,0.0,0.0,0.0,0.0
2016-08-18,15/9-F-15 D,0.0,0.0,0.0,0.0
2016-08-18,15/9-F-4,24.0,,,
2016-08-18,15/9-F-5,24.0,364.8,56734.62,90.83
2016-08-19,15/9-F-11,24.0,490.46,76645.14,2764.5
2016-08-19,15/9-F-12,0.0,0.0,0.0,0.0
2016-08-19,15/9-F-14,0.0,0.0,0.0,0.0
2016-08-19,15/9-F-15 D,0.0,0.0,0.0,0.0
2016-08-19,15/9-F-4,24.0,,,
2016-08-19,15/9-F-5,24.0,368.41,57573.19,90.08
2016-08-20,15/9-F-11,24.0,473.86,74998.8,2787.36
2016-08-20,15/9-F-12,0.0,0.0,0.0,0.0
2016-08-20,15/9-F-14,0.0,0.0,0.0,0.0
2016-08-20,15/9-F-15 D,0.0,0.0,0.0,0.0
2016-08-20,15/9-F-4,24.0,,,
2016-08-20,15/9-F-5,24.0,355.95,56336.02,90.82
2016-08-21,15/9-F-11,24.0,492.55,77036.34,2801.62
2016-08-21,15/9-F-12,0.0,0.0,0.0,0.0
2016-08-21,15/9-F-14,0.0,0.0,0.0,0.0
2016-08-21,15/9-F-15 D,0.0,0.0,0.0,0.0
2016-08-21,15/9-F-4,24.0,,,
2016-08-21,15/9-F-5,24.0,369.99,57866.64,91.28
2016-08-22,15/9-F-11,24.0,494.34,77127.24,2780.78
2016-08-22,15/9-F-12,0.0,0.0,0.0,0.0
2016-08-22,15/9-F-14,0.0,0.0,0.0,0.0
2016-08-22,15/9-F-15 D,0.0,0.0,0.0,0.0
2016-08-22,15/9-F-4,24.0,,,
2016-08-22,15/9-F-5,24.0,371.33,57934.84,90.61
2016-08-23,15/9-F-11,24.0,504.33,78762.46,2767.49
2016-08-23,15/9-F-12,0.0,0.0,0.0,0.0
2016-08-23,15/9-F-14,0.0,0.0,0.0,0.0
2016-08-23,15/9-F-15 D,0.0,0.0,0.0,0.0
2016-08-23,15/9-F-4,24.0,,,
2016-08-23,15/9-F-5,24.0,378.55,59119.57,90.11
2016-08-24,15/9-F-11,24.0,502.48,78176.41,2807.14
2016-08-24,15/9-F-12,0.0,0.0,0.0,0.0
2016-08-24,15/9-F-14,0.0,0.0,0.0,0.0
2016-08-24,15/9-F-15 D,0.0,0.0,0.0,0.0
2016-08-24,15/9-F-4,24.0,,,
2016-08-24,15/9-F-5,24.0,376.86,58632.31,91.32
2016-08-25,15/9-F-11,24.0,503.26,79116.57,2808.78
2016-08-25,15/9-F-12,0.0,0.0,0.0,0.0
2016-08-25,15/9-F-14,0.0,0.0,0.0,0.0
2016-08-25,15/9-F-15 D,0.0,0.0,0.0,0.0
2016-08-25,15/9-F-4,24.0,,,
2016-08-25,15/9-F-5,24.0,377.44,59337.43,91.38
2016-08-26,15/9-F-11,24.0,510.85,81524.56,2790.59
2016-08-26,15/9-F-12,0.0,0.0,0.0,0.0
2016-08-26,15/9-F-14,0.0,0.0,0.0,0.0
2016-08-26,15/9-F-15 D,0.0,0.0,0.0,0.0
2016-08-26,15/9-F-4,24.0,,,
2016-08-26,15/9-F-5,20.59167,327.16,52209.6,77.52
2016-08-27,15/9-F-11,24.0,539.67,92616.6,2792.56
2016-08-27,15/9-F-12,0.0,0.0,0.0,0.0
2016-08-27,15/9-F-14,0.0,0.0,0.0,0.0
2016-08-27,15/9-F-15 D,0.0,0.0,0.0,0.0
2016-08-27,15/9-F-4,24.0,,,
2016-08-27,15/9-F-5,0.0,0.0,0.0,0.0
2016-08-28,15/9-F-11,24.0,529.67,90425.91,2816.09
2016-08-28,15/9-F-12,0.0,0.0,0.0,0.0
2016-08-28,15/9-F-14,0.0,0.0,0.0,0.0
2016-08-28,15/9-F-15 D,0.0,0.0,0.0,0.0
2016-08-28,15/9-F-4,24.0,,,
2016-08-28,15/9-F-5,0.0,0.0,0.0,0.0
2016-08-29,15/9-F-11,24.0,500.07,89285.55,2955.18
2016-08-29,15/9-F-12,0.0,0.0,0.0,0.0
2016-08-29,15/9-F-14,0.0,0.0,0.0,0.0
2016-08-29,15/9-F-15 D,0.0,0.0,0.0,0.0
2016-08-29,15/9-F-4,24.0,,,
2016-08-29,15/9-F-5,0.0,0.0,0.0,0.0
2016-08-30,15/9-F-11,24.0,507.33,84910.09,3002.12
2016-08-30,15/9-F-12,0.0,0.0,0.0,0.0
2016-08-30,15/9-F-14,0.0,0.0,0.0,0.0
2016-08-30,15/9-F-15 D,0.0,0.0,0.0,0.0
2016-08-30,15/9-F-4,0.0,,,
2016-08-30,15/9-F-5,0.0,0.0,0.0,0.0
2016-08-31,15/9-F-11,24.0,541.9,84865.58,2972.19
2016-08-31,15/9-F-12,0.0,0.0,0.0,0.0
2016-08-31,15/9-F-14,0.0,0.0,0.0,0.0
2016-08-31,15/9-F-15 D,0.0,0.0,0.0,0.0
2016-08-31,15/9-F-4,0.0,,,
2016-08-31,15/9-F-5,0.0,0.0,0.0,0.0
2016-09-01,15/9-F-11,24.0,525.86,87749.66,2904.69
2016-09-01,15/9-F-12,0.0,0.0,0.0,0.0
2016-09-01,15/9-F-14,0.0,0.0,0.0,0.0
2016-09-01,15/9-F-15 D,0.0,0.0,0.0,0.0
2016-09-01,15/9-F-4,24.0,,,
2016-09-01,15/9-F-5,0.0,0.0,0.0,0.0
2016-09-02,15/9-F-11,24.0,498.15,86616.0,2880.41
2016-09-02,15/9-F-12,0.0,0.0,0.0,0.0
2016-09-02,15/9-F-14,0.0,0.0,0.0,0.0
2016-09-02,15/9-F-15 D,0.0,0.0,0.0,0.0
2016-09-02,15/9-F-4,24.0,,,
2016-09-02,15/9-F-5,0.0,0.0,0.0,0.0
2016-09-03,15/9-F-11,24.0,518.27,87383.85,2842.34
2016-09-03,15/9-F-12,0.0,0.0,0.0,0.0
2016-09-03,15/9-F-14,0.0,0.0,0.0,0.0
2016-09-03,15/9-F-15 D,0.0,0.0,0.0,0.0
2016-09-03,15/9-F-4,24.0,,,
2016-09-03,15/9-F-5,0.0,0.0,0.0,0.0
2016-09-04,15/9-F-11,24.0,523.42,87504.87,2874.58
2016-09-04,15/9-F-12,0.0,0.0,0.0,0.0
2016-09-04,15/9-F-14,0.0,0.0,0.0,0.0
2016-09-04,15/9-F-15 D,0.0,0.0,0.0,0.0
2016-09-04,15/9-F-4,24.0,,,
2016-09-04,15/9-F-5,0.0,0.0,0.0,0.0
2016-09-05,15/9-F-11,24.0,514.41,87798.79,2818.44
2016-09-05,15/9-F-12,0.0,0.0,0.0,0.0
2016-09-05,15/9-F-14,0.0,0.0,0.0,0.0
2016-09-05,15/9-F-15 D,0.0,0.0,0.0,0.0
2016-09-05,15/9-F-4,24.0,,,
2016-09-05,15/9-F-5,0.0,0.0,0.0,0.0
2016-09-06,15/9-F-11,24.0,518.66,88650.38,2807.45
2016-09-06,15/9-F-12,0.0,0.0,0.0,0.0
2016-09-06,15/9-F-14,0.0,0.0,0.0,0.0
2016-09-06,15/9-F-15 D,0.0,0.0,0.0,0.0
2016-09-06,15/9-F-4,24.0,,,
2016-09-06,15/9-F-5,0.0,0.0,0.0,0.0
2016-09-07,15/9-F-11,24.0,523.9,88563.48,2803.28
2016-09-07,15/9-F-12,0.0,0.0,0.0,0.0
2016-09-07,15/9-F-14,0.0,0.0,0.0,0.0
2016-09-07,15/9-F-15 D,0.0,0.0,0.0,0.0
2016-09-07,15/9-F-4,24.0,,,
2016-09-07,15/9-F-5,0.0,0.0,0.0,0.0
2016-09-08,15/9-F-11,24.0,526.56,89379.12,2805.26
2016-09-08,15/9-F-12,0.0,0.0,0.0,0.0
2016-09-08,15/9-F-14,0.0,0.0,0.0,0.0
2016-09-08,15/9-F-15 D,0.0,0.0,0.0,0.0
2016-09-08,15/9-F-4,24.0,,,
2016-09-08,15/9-F-5,0.0,0.0,0.0,0.0
2016-09-09,15/9-F-11,24.0,528.35,89482.0,2806.79
2016-09-09,15/9-F-12,0.0,0.0,0.0,0.0
2016-09-09,15/9-F-14,0.0,0.0,0.0,0.0
2016-09-09,15/9-F-15 D,0.0,0.0,0.0,0.0
2016-09-09,15/9-F-4,24.0,,,
2016-09-09,15/9-F-5,0.0,0.0,0.0,0.0
2016-09-10,15/9-F-11,24.0,530.82,90470.31,2732.78
2016-09-10,15/9-F-12,0.0,0.0,0.0,0.0
2016-09-10,15/9-F-14,0.0,0.0,0.0,0.0
2016-09-10,15/9-F-15 D,0.0,0.0,0.0,0.0
2016-09-10,15/9-F-4,24.0,,,
2016-09-10,15/9-F-5,0.0,0.0,0.0,0.0
2016-09-11,15/9-F-11,24.0,533.14,90540.97,3001.22
2016-09-11,15/9-F-12,0.0,0.0,0.0,0.0
2016-09-11,15/9-F-14,0.0,0.0,0.0,0.0
2016-09-11,15/9-F-15 D,0.0,0.0,0.0,0.0
2016-09-11,15/9-F-4,24.0,,,
2016-09-11,15/9-F-5,0.0,0.0,0.0,0.0
2016-09-12,15/9-F-11,24.0,536.77,90810.01,2963.62
2016-09-12,15/9-F-12,0.0,0.0,0.0,0.0
2016-09-12,15/9-F-14,0.0,0.0,0.0,0.0
2016-09-12,15/9-F-15 D,0.0,0.0,0.0,0.0
2016-09-12,15/9-F-4,10.94167,,,
2016-09-12,15/9-F-5,0.0,0.0,0.0,0.0
2016-09-13,15/9-F-11,24.0,543.81,88042.16,3036.83
2016-09-13,15/9-F-12,0.0,0.0,0.0,0.0
2016-09-13,15/9-F-14,0.0,0.0,0.0,0.0
2016-09-13,15/9-F-15 D,0.0,0.0,0.0,0.0
2016-09-13,15/9-F-4,0.0,,,
2016-09-13,15/9-F-5,0.0,0.0,0.0,0.0
2016-09-14,15/9-F-11,24.0,541.88,90188.97,2963.49
2016-09-14,15/9-F-12,0.0,0.0,0.0,0.0
2016-09-14,15/9-F-14,0.0,0.0,0.0,0.0
2016-09-14,15/9-F-15 D,0.0,0.0,0.0,0.0
2016-09-14,15/9-F-4,9.55833,,,
2016-09-14,15/9-F-5,0.0,0.0,0.0,0.0
2016-09-15,15/9-F-11,24.0,534.87,91890.07,2838.87
2016-09-15,15/9-F-12,0.0,0.0,0.0,0.0
2016-09-15,15/9-F-14,0.0,0.0,0.0,0.0
2016-09-15,15/9-F-15 D,0.0,0.0,0.0,0.0
2016-09-15,15/9-F-4,24.0,,,
2016-09-15,15/9-F-5,0.0,0.0,0.0,0.0
2016-09-16,15/9-F-11,24.0,530.27,91579.73,2802.75
2016-09-16,15/9-F-12,0.0,0.0,0.0,0.0
2016-09-16,15/9-F-14,0.0,0.0,0.0,0.0
2016-09-16,15/9-F-15 D,0.0,0.0,0.0,0.0
2016-09-16,15/9-F-4,24.0,,,
2016-09-16,15/9-F-5,0.0,0.0,0.0,0.0
2016-09-17,15/9-F-11,8.27514,180.04,32165.98,896.59
2016-09-17,15/9-F-12,0.0,0.0,0.0,0.0
2016-09-17,15/9-F-14,0.0,0.0,0.0,0.0
2016-09-17,15/9-F-15 D,0.0,0.0,0.0,0.0
2016-09-17,15/9-F-4,7.60833,,,
2016-09-17,15/9-F-5,0.0,0.0,0.0,0.0
2016-09-18,15/9-F-4,0.0,,,
2016-09-18,15/9-F-5,0.0,,,
2016-09-19,15/9-F-4,0.0,,,
2016-09-20,15/9-F-4,,,,
2016-09-21,15/9-F-4,,,,
2016-09-22,15/9-F-4,,,,
2016-09-23,15/9-F-4,,,,
2016-09-24,15/9-F-4,,,,
2016-09-25,15/9-F-4,,,,
2016-09-26,15/9-F-4,,,,
2016-09-27,15/9-F-4,,,,
2016-09-28,15/9-F-4,,,,
2016-09-29,15/9-F-4,,,,
2016-09-30,15/9-F-4,,,,
2016-10-01,15/9-F-4,,,,
2016-10-02,15/9-F-4,,,,
2016-10-03,15/9-F-4,,,,
2016-10-04,15/9-F-4,,,,
2016-10-05,15/9-F-4,,,,
2016-10-06,15/9-F-4,,,,
2016-10-07,15/9-F-4,,,,
2016-11-01,15/9-F-4,,,,
2016-12-01,15/9-F-4,,,,
