PROF,GR,DEN,NEU,RDEP,AC
3550.21,55.76,2.1705,51.24,1.071,54.59
3550.36,55.07,2.1705,51.24,1.027,54.59
3550.51,56.09,2.1705,51.24,1.014,54.59
3550.66,58.83,2.1705,51.24,1.035,54.59
3550.82,60.39,2.1705,51.24,0.961,54.59
3550.97,59.15,2.1705,51.24,0.852,54.59
3551.12,55.49,2.1705,51.24,0.866,54.59
3551.27,52.2,2.1705,51.24,1.082,54.59
3551.43,51.33,2.1705,51.24,1.191,54.59
3551.58,50.77,2.1705,51.24,1.045,54.59
3551.73,49.16,2.1705,51.24,1.09,54.59
3551.88,48.81,2.1705,51.24,1.106,54.59
3552.04,49.24,2.1705,51.24,1.09,54.59
3552.19,48.2,2.1705,51.24,0.965,54.59
3552.34,46.01,2.1705,51.24,0.915,54.59
3552.49,45.48,2.1705,51.24,0.981,54.59
3552.65,47.62,2.1705,51.24,1.095,54.59
3552.8,49.9,2.1605,60.25,1.067,54.48
3552.95,32.92,2.1237,66.54,1.052,54.18
3553.25,27.88,2.1583,73.95,1.016,54.32
3553.41,23.14,2.1758,82.93,1.084,54.28
3553.56,22.31,2.1915,72.35,1.025,55.0
3553.71,21.79,2.342,81.81,0.964,53.88
3553.86,18.87,2.4348,78.53,0.928,55.83
3554.02,18.41,2.0894,82.22,0.949,58.43
3554.17,19.64,1.943,67.26,0.993,56.52
3554.32,24.58,2.1599,71.21,1.071,55.75
3554.47,22.41,2.1147,61.0,1.095,53.68
3554.63,20.18,2.0145,80.66,0.989,51.95
3554.78,22.46,2.0027,90.91,0.895,54.7
3554.93,25.08,2.0299,66.47,0.85,54.69
3555.08,27.62,2.0633,93.94,0.906,54.66
3555.24,26.1,2.0872,78.51,0.993,54.54
3555.39,30.23,2.1109,99.31,1.053,54.88
3555.54,28.31,2.1112,74.08,1.032,54.47
3555.69,28.35,2.0834,73.21,0.996,54.68
3555.85,24.85,2.0789,61.82,0.958,54.84
3556.0,25.23,2.0857,62.04,0.96,54.77
3556.15,29.58,2.1106,78.32,1.003,54.7
3556.3,32.25,2.1577,80.42,1.042,54.46
3556.46,32.25,2.1479,70.76,1.026,55.09
3556.61,28.45,2.1412,79.14,0.992,55.03
3556.76,24.83,2.1848,66.18,0.988,54.38
3556.91,31.35,2.1982,61.17,1.037,53.49
3557.06,31.35,2.2003,66.48,1.111,53.62
3557.22,32.01,2.1876,63.33,1.154,54.12
3557.37,37.66,2.1552,70.51,1.188,53.68
3557.52,38.23,2.1703,61.72,1.244,54.11
3557.67,35.16,2.1959,57.64,1.209,54.13
3557.83,36.42,2.2165,63.13,1.186,53.8
3557.98,39.13,2.2059,62.49,1.167,53.88
3558.13,33.14,2.1812,68.26,1.074,54.99
3558.28,37.05,2.1871,51.39,1.129,55.33
3558.44,33.29,2.1907,55.84,1.006,54.53
3558.59,34.13,2.1759,50.51,1.01,54.54
3558.74,34.04,2.1648,49.37,1.13,53.95
3558.89,34.04,2.1482,61.84,1.246,55.42
3559.05,32.74,2.1566,70.0,1.087,53.97
3559.2,35.7,2.1773,87.55,0.871,54.84
3559.35,35.36,2.1951,53.82,0.744,53.37
3559.5,30.49,2.2043,81.65,0.798,53.56
3568.19,50.16,2.324,47.47,0.904,94.27
3568.34,47.04,2.3142,44.84,1.26,111.08
3568.49,52.52,2.2867,50.14,1.404,121.8
3568.65,55.89,2.2732,64.07,1.445,137.68
3568.8,53.68,2.2753,52.82,1.796,135.35
3568.95,62.74,2.2937,42.1,1.184,132.24
3569.1,53.84,2.303,74.27,0.883,123.92
3569.26,52.85,2.2769,45.98,0.952,115.06
3569.41,58.23,2.2808,49.91,0.868,121.88
3569.56,57.34,2.3272,60.09,0.83,125.35
3569.71,57.32,2.3638,46.25,0.917,119.55
3569.87,60.95,2.3816,57.89,0.823,117.57
3570.02,63.67,2.3776,50.54,0.83,114.54
3570.17,54.55,2.3585,30.26,0.934,107.86
3570.32,54.38,2.325,39.45,1.005,106.94
3570.48,47.78,2.3105,38.81,0.887,102.3
3570.63,39.07,2.32,38.9,1.036,99.1
3570.78,42.9,2.3266,27.83,1.034,98.61
3570.93,40.98,2.3296,33.61,1.118,98.33
3571.09,47.73,2.3291,39.59,1.063,98.38
3571.24,51.04,2.3399,81.32,1.164,97.51
3571.39,60.36,2.3372,40.85,1.026,98.62
3571.54,68.14,2.3284,55.48,1.133,98.04
3571.7,68.98,2.3292,57.53,1.124,101.15
3571.85,66.4,2.2934,44.26,1.006,109.8
3572.0,65.24,2.2803,75.77,0.944,118.41
3572.15,56.44,2.2913,60.35,1.068,129.29
3572.3,52.58,2.2846,48.37,0.97,133.08
3572.46,63.21,2.3077,50.66,0.894,129.13
3572.61,63.97,2.3758,70.61,1.038,124.73
3572.76,59.81,2.3995,52.5,0.799,121.16
3572.91,52.66,2.3393,47.22,0.765,117.0
3573.07,44.79,2.3424,46.28,0.93,112.96
3573.22,48.37,2.3985,44.97,0.814,115.42
3573.37,51.49,2.3599,32.89,0.856,114.05
3573.52,49.68,2.2917,38.54,0.975,111.11
3573.68,45.86,2.2834,47.82,0.924,111.63
3573.83,46.58,2.3259,38.09,1.022,105.39
3573.98,42.41,2.3597,34.39,1.356,99.72
3574.13,48.17,2.3675,38.0,1.079,100.85
3574.29,47.41,2.3632,43.78,1.194,101.08
3574.44,46.88,2.3668,40.11,1.496,100.69
3574.59,45.73,2.3955,30.35,0.821,103.06
3574.74,44.35,2.3905,31.34,1.106,107.46
3574.9,49.23,2.366,39.18,1.019,110.02
3575.05,50.84,2.3156,37.32,1.163,106.83
3575.2,51.01,2.3094,31.68,0.697,102.47
3575.35,52.19,2.3289,34.14,1.383,96.87
3575.51,55.9,2.3321,49.03,1.35,95.04
3575.66,57.88,2.3315,35.3,1.016,93.46
3575.81,51.66,2.3275,50.36,1.323,93.01
3575.96,58.68,2.3234,41.22,1.09,97.02
3576.11,53.75,2.3238,36.93,0.984,98.24
3576.27,51.98,2.3148,45.44,1.127,101.61
3576.42,51.06,2.3028,34.31,1.135,100.61
3576.57,47.98,2.2988,30.82,1.079,103.0
3576.72,52.48,2.3045,40.78,1.002,103.16
3576.88,53.26,2.3021,39.66,1.033,103.16
3577.03,55.54,2.2913,38.08,0.997,104.54
3577.18,50.85,2.2875,31.93,1.15,102.86
3577.33,52.52,2.2778,35.62,1.035,101.96
3577.49,43.79,2.2581,34.32,0.964,104.07
3577.64,43.0,2.2555,30.35,1.149,99.46
3577.79,40.1,2.2699,35.71,0.978,98.46
3577.94,42.02,2.2917,40.91,1.026,114.55
3578.1,53.49,2.3347,38.16,1.096,113.83
3578.25,60.91,2.3764,42.27,0.999,114.55
3578.4,56.24,2.3889,54.42,0.932,116.32
3578.55,55.54,2.3363,33.53,1.035,116.34
3578.71,49.1,2.2609,58.66,1.016,115.79
3578.86,46.36,2.2636,59.66,0.963,110.01
3579.01,46.45,2.2995,38.87,1.012,108.55
3579.16,49.47,2.3265,32.72,1.088,109.45
3579.32,43.18,2.3586,38.87,1.206,95.72
3579.47,50.21,2.3784,45.52,1.451,127.84
3579.62,46.61,2.4186,41.5,1.683,117.96
3579.77,41.63,2.3934,34.35,1.734,121.2
3579.92,46.37,2.3077,44.62,1.716,123.85
3580.53,51.67,2.3246,60.4,1.509,117.85
3580.69,53.17,2.3243,58.9,1.272,114.58
3580.84,57.43,2.3324,48.57,1.201,110.13
3580.99,53.3,2.3399,53.28,1.12,112.07
3581.14,56.3,2.3542,38.39,1.027,115.21
3581.3,57.39,2.3874,67.21,0.952,143.16
3581.45,53.62,2.3973,51.96,0.943,138.06
3581.6,56.72,2.373,64.29,0.964,131.25
3581.75,51.06,2.3333,51.77,1.004,140.53
3581.91,54.27,2.3087,44.29,1.007,149.26
3582.06,44.59,2.3168,38.63,1.006,140.77
3582.21,51.51,2.3331,58.29,1.072,101.28
3582.36,46.82,2.3808,79.92,1.017,106.31
3582.52,54.44,2.4057,54.07,1.084,102.05
3582.67,52.41,2.4039,47.27,1.122,100.71
3582.82,62.19,2.4023,46.14,1.131,102.87
3582.97,62.79,2.3977,61.15,1.234,100.08
3583.13,49.08,2.3967,52.89,1.142,101.69
3583.28,55.54,2.4037,39.9,1.154,101.07
3583.43,50.88,2.3844,30.06,1.156,93.41
3583.58,51.12,2.3459,38.17,1.151,94.75
3583.73,53.93,2.3262,55.65,1.095,103.37
3583.89,53.69,2.3322,42.14,1.125,105.32
3584.04,54.39,2.3605,53.08,1.169,114.6
3584.19,60.8,2.3712,46.19,0.996,115.09
3584.34,63.71,2.373,41.21,1.012,117.0
3584.5,64.59,2.373,42.92,1.024,116.73
3584.65,65.36,2.3651,49.71,0.999,116.64
3584.8,60.49,2.3654,45.36,0.928,113.24
3584.95,57.28,2.3638,42.97,0.956,112.69
3585.11,57.04,2.3485,52.03,0.981,112.65
3585.26,67.14,2.33,50.56,0.98,107.57
3585.41,57.19,2.3226,34.57,0.975,104.64
3585.56,49.34,2.3208,34.64,1.064,105.92
3585.72,51.23,2.3119,39.57,1.034,105.52
3585.87,49.06,2.3084,55.64,0.964,106.96
3586.02,52.96,2.3124,40.17,1.111,106.45
3586.17,56.18,2.3163,44.66,1.062,107.26
3586.33,54.06,2.3162,52.44,0.984,111.93
3586.48,62.55,2.3325,53.97,0.918,110.94
3586.63,61.81,2.3605,47.56,0.864,111.98
3586.78,56.79,2.3611,42.48,0.935,109.89
3586.94,55.66,2.3532,37.68,0.91,112.88
3587.09,56.23,2.3599,46.58,0.97,112.93
3587.24,58.88,2.3804,36.28,0.983,112.9
3587.39,56.63,2.3985,44.4,0.857,111.57
3587.54,56.73,2.4091,38.02,0.893,111.63
3587.7,50.83,2.4105,48.04,0.855,108.13
3587.85,57.53,2.4023,40.44,0.884,112.1
3588.0,54.0,2.3747,34.65,0.921,110.01
3588.15,48.19,2.3334,35.4,1.018,106.57
3588.31,45.1,2.2794,35.01,0.989,104.74
3588.46,41.03,2.2373,34.27,1.102,102.32
3588.61,42.79,2.2341,29.87,1.163,103.36
3588.76,43.09,2.2456,27.28,1.175,103.54
3588.92,36.88,2.259,22.58,1.213,99.87
3589.07,39.98,2.2693,28.29,1.246,101.7
3589.22,40.71,2.2818,37.05,1.34,102.13
3589.37,46.35,2.2625,36.03,1.566,105.48
3589.53,44.61,2.2494,33.03,1.548,104.45
3589.68,45.61,2.2991,30.39,1.455,105.04
3589.83,40.31,2.3927,18.55,1.328,101.89
3589.98,41.08,2.4587,10.24,1.411,102.35
3590.14,33.56,2.5076,17.26,1.549,97.9
3590.29,34.98,2.5442,11.06,1.727,98.74
3590.44,39.36,2.53,12.37,1.777,101.34
3590.59,30.95,2.502,30.32,1.746,96.35
3590.75,42.58,2.4734,35.45,1.693,103.24
3590.9,49.85,2.4495,33.32,1.552,107.55
3591.05,60.79,2.3888,43.35,1.514,114.03
3591.2,56.19,2.3285,38.7,1.513,111.31
3591.35,58.16,2.3284,45.95,1.493,112.48
3591.51,58.54,2.3613,41.67,1.452,112.7
3591.66,58.37,2.373,48.88,1.3,112.6
3591.81,60.74,2.3734,43.53,1.202,114.0
3591.96,63.22,2.3759,54.84,1.238,115.47
3592.12,59.47,2.3734,34.72,1.218,113.25
3592.27,59.31,2.3517,34.81,1.191,113.16
3592.42,59.32,2.3133,50.06,1.293,113.16
3592.57,58.02,2.282,44.58,1.277,112.4
3592.73,50.74,2.2816,57.43,1.225,108.08
3592.88,50.58,2.3014,40.12,1.164,107.99
3593.03,51.21,2.3027,56.59,1.198,108.36
3593.18,64.36,2.2613,35.45,1.201,116.15
3593.34,61.09,2.2234,41.02,1.182,114.21
3593.49,60.31,2.2454,35.2,1.225,113.75
3593.64,63.52,2.3056,50.69,1.084,115.65
3593.79,64.68,2.3166,50.88,1.095,116.34
3593.95,64.87,2.295,50.63,1.026,116.45
3594.1,72.03,2.2975,52.84,0.966,120.7
3594.25,66.1,2.3515,56.73,0.962,117.18
3594.4,55.89,2.4137,43.34,0.966,111.13
3594.56,54.12,2.4464,44.93,1.021,110.08
3594.71,49.35,2.4481,33.27,1.09,107.26
3594.86,48.83,2.4276,31.57,1.025,106.95
3595.01,59.94,2.414,52.49,1.065,113.53
3595.16,53.16,2.409,35.9,1.163,109.51
3595.32,47.39,2.4152,44.83,1.084,106.09
3595.47,52.23,2.4051,47.78,1.07,108.96
3595.62,57.33,2.3656,49.64,0.931,111.98
3595.77,55.74,2.3276,53.77,0.97,111.04
3595.93,61.49,2.3263,68.05,0.97,114.45
3596.08,64.06,2.3459,67.68,0.971,115.97
3596.23,60.6,2.3594,50.11,0.966,113.92
3596.38,62.85,2.3451,53.21,0.908,115.26
3596.54,64.92,2.3209,61.7,0.787,116.49
3596.69,56.81,2.3235,64.37,0.791,111.67
3596.84,55.01,2.3169,86.3,0.803,110.61
3596.99,55.41,2.2933,68.25,0.831,110.85
3597.15,56.69,2.2528,71.8,0.839,111.61
3597.3,61.6,2.1595,74.73,0.889,114.52
3597.45,57.79,2.1434,77.93,0.993,112.26
3597.6,50.8,2.2297,45.01,1.158,108.12
3597.76,45.03,2.2875,57.16,1.234,104.69
3597.91,44.09,2.2634,51.28,1.272,104.14
3598.06,46.73,2.2351,31.44,1.295,105.7
3598.21,44.65,2.278,28.49,1.331,104.47
3598.37,51.91,2.3111,36.17,1.44,108.77
3598.52,48.62,2.3196,44.85,1.552,106.82
3598.67,48.12,2.3153,60.4,1.597,106.53
3598.82,44.79,2.3174,94.56,1.559,104.55
3598.97,44.91,2.3379,53.68,1.539,104.62
3599.13,44.52,2.3615,47.67,1.466,104.39
3599.28,40.42,2.3503,82.48,1.359,101.96
3599.43,41.98,2.3269,68.47,1.287,102.89
3599.58,43.05,2.3269,95.66,1.228,103.52
3599.74,42.1,2.343,81.16,1.16,102.96
3599.89,50.61,2.3186,61.45,1.085,108.0
3600.04,44.78,2.2911,56.81,0.958,104.54
3600.19,46.75,2.3245,70.99,0.951,105.71
3600.35,51.14,2.3698,58.8,0.948,108.32
3600.5,54.86,2.3365,60.95,0.943,110.52
3600.65,67.6,2.2785,44.64,0.967,118.07
3600.8,61.81,2.2993,45.75,0.966,114.64
3600.96,53.29,2.3291,27.64,0.997,109.59
3601.11,56.7,2.3447,41.76,1.052,111.61
3601.26,55.42,2.3007,31.33,1.153,110.85
3601.41,48.22,2.1519,22.49,1.249,106.58
3601.57,52.7,2.0629,19.47,1.239,109.24
3601.72,59.49,2.1426,21.08,1.344,113.26
3601.87,63.25,2.2255,46.44,1.371,115.49
3602.02,63.72,2.2527,61.21,1.264,115.77
3602.18,71.34,2.2764,51.94,1.281,120.28
3602.33,73.17,2.3382,91.66,1.265,121.37
3602.48,75.71,2.4188,42.26,1.21,122.88
3602.63,72.88,2.4745,45.27,1.193,121.2
3602.78,68.2,2.4896,60.31,1.194,118.43
3602.94,76.36,2.4868,48.79,1.189,123.26
3603.09,73.41,2.4708,96.77,1.162,121.52
3603.24,75.25,2.4373,65.12,1.175,122.6
3603.39,74.62,2.3874,66.99,1.213,122.23
3603.55,74.23,2.3503,53.6,1.257,122.0
3603.7,68.83,2.3451,52.1,1.264,118.8
3603.85,63.51,2.3456,47.24,1.252,115.64
3604.0,66.7,2.3512,51.33,1.264,117.54
3604.16,75.67,2.3926,63.03,1.298,122.85
3604.31,71.6,2.4499,37.33,1.338,120.44
3604.46,77.49,2.4635,38.19,1.36,123.93
3604.61,78.46,2.4446,44.74,1.325,124.51
3604.77,78.8,2.4343,36.31,1.292,124.71
3604.92,77.04,2.4395,54.39,1.292,123.66
3605.07,81.56,2.451,54.07,1.275,126.34
3605.22,81.36,2.4666,50.54,1.286,126.22
3605.38,92.76,2.4699,57.41,1.303,132.98
3605.53,81.69,2.4627,55.07,1.299,126.42
3605.68,75.52,2.449,40.06,1.288,122.76
3605.83,74.6,2.4444,59.28,1.277,122.22
3605.99,80.85,2.4541,47.53,1.273,125.93
3606.14,77.47,2.4593,49.97,1.276,123.92
3606.29,85.27,2.4468,66.07,1.256,128.54
3606.44,77.12,2.4363,64.79,1.239,123.71
3606.59,74.64,2.4322,56.39,1.223,122.25
3606.75,82.66,2.4213,53.13,1.225,127.0
3606.9,86.38,2.4075,49.95,1.195,129.2
3607.05,75.52,2.4106,61.14,1.174,122.77
3607.2,79.52,2.41,55.18,1.178,125.14
3607.36,77.5,2.4091,52.0,1.186,123.94
3607.51,85.72,2.4125,51.07,1.164,128.81
3607.66,76.96,2.4096,47.19,1.16,123.62
3607.81,78.7,2.3866,35.55,1.166,124.65
3607.97,73.27,2.3415,39.56,1.17,121.43
3608.12,70.33,2.288,58.89,1.087,119.69
3608.27,68.08,2.2408,78.35,1.044,118.35
3608.42,59.78,2.138,75.58,1.07,113.44
3608.58,59.61,2.0504,81.5,1.092,113.34
3608.73,60.89,2.0241,51.46,1.107,114.1
3608.88,52.44,2.0205,74.97,1.108,109.08
3609.19,48.37,2.0416,55.38,1.186,106.68
3609.34,50.72,2.1053,67.92,1.21,108.06
3609.49,49.1,2.1804,98.93,1.202,107.11
3609.64,54.64,2.2663,83.98,1.169,110.39
3609.8,57.29,2.3539,88.41,1.156,111.96
3609.95,58.23,2.3833,60.48,1.142,112.52
3610.1,57.49,2.3754,44.8,1.136,112.08
3610.25,68.5,2.3809,52.45,1.138,118.61
3610.4,66.03,2.3943,56.38,1.126,117.14
3610.56,74.71,2.4209,61.81,1.12,122.29
3610.71,77.96,2.4354,37.44,1.118,124.21
3610.86,71.94,2.4322,57.13,1.078,120.64
3611.01,73.08,2.4235,79.78,1.078,121.32
3611.17,72.65,2.4254,46.87,1.092,121.06
3611.32,71.13,2.417,49.59,1.103,120.16
3611.47,69.96,2.3812,36.15,1.101,119.47
3611.62,82.29,2.3597,49.23,1.107,126.78
3611.78,68.08,2.3788,51.06,1.144,118.36
3611.93,76.49,2.3963,54.83,1.176,123.34
3612.08,72.21,2.4132,44.57,1.185,120.8
3612.23,77.93,2.4184,38.88,1.176,124.2
3612.39,75.94,2.4213,51.11,1.176,123.02
3612.54,78.12,2.4164,47.18,1.13,124.31
3612.69,67.24,2.4196,46.27,1.061,117.86
3612.84,70.38,2.4261,65.79,1.046,119.72
3613.0,66.64,2.4153,54.87,1.055,117.5
3613.15,66.29,2.3603,61.69,1.084,117.29
3613.3,64.05,2.2568,36.15,1.054,115.97
3613.45,56.43,2.1758,43.19,1.145,111.45
3613.61,60.29,2.1927,76.68,1.123,113.74
3613.76,55.79,2.2586,77.4,1.139,111.07
3613.91,53.21,2.2346,55.06,1.129,109.54
3614.06,52.69,2.1562,75.41,1.119,109.23
3614.21,44.66,2.139,64.45,1.124,104.48
3614.37,48.82,2.1312,86.88,1.141,106.94
3614.52,47.73,2.112,55.73,1.155,106.3
3614.67,48.26,2.1027,59.74,1.156,106.61
3614.82,51.04,2.0911,75.8,1.169,108.26
3614.98,47.94,2.0942,71.57,1.187,106.42
3615.13,59.97,2.143,65.23,1.162,102.8
3615.28,52.18,2.2551,63.82,1.062,101.2
3615.43,54.88,2.3429,44.57,0.894,95.8
3615.59,53.52,2.3528,62.11,0.737,94.23
3615.74,48.98,2.317,71.91,0.642,101.33
3615.89,36.68,2.2585,44.9,0.657,99.57
3616.04,40.46,2.2108,49.57,0.744,100.6
3616.2,34.59,2.2043,33.75,0.746,101.36
3616.35,30.22,2.2558,25.1,0.758,101.77
3616.5,32.74,2.3477,15.94,0.93,93.59
3616.65,30.31,2.4238,14.3,1.188,86.79
3616.81,32.6,2.4514,12.77,1.252,113.57
3616.96,29.19,2.4613,14.53,1.194,114.89
3617.11,27.54,2.4681,13.99,1.164,111.0
3617.26,32.05,2.4664,17.02,1.177,118.49
3617.42,30.03,2.4565,22.04,1.188,117.72
3617.57,32.02,2.4434,27.61,1.18,71.32
3617.72,33.42,2.419,28.01,1.146,72.06
3617.87,28.67,2.3954,34.01,1.045,79.63
3618.02,29.38,2.3691,33.33,0.969,87.13
3618.18,34.04,2.3254,26.47,0.916,93.27
3618.33,34.04,2.2694,37.7,0.883,84.5
3618.48,39.48,2.2434,30.5,0.805,85.34
3618.63,40.68,2.2239,54.46,0.749,90.76
3618.79,35.61,2.1321,95.41,0.748,95.08
3618.94,41.52,2.0919,86.72,0.748,114.71
3619.09,46.05,2.2382,97.59,0.751,149.22
3619.24,40.8,2.3535,90.02,0.734,149.22
3619.4,45.8,2.3766,61.93,0.732,145.2
3619.55,54.17,2.3795,62.02,0.756,141.73
3619.7,55.06,2.3793,67.06,0.766,137.59
3619.85,61.83,2.3736,80.51,0.757,129.08
3620.01,59.6,2.3329,97.17,0.773,117.45
3620.31,57.71,2.1872,63.43,0.803,110.57
3620.46,51.92,2.2344,60.18,0.831,110.46
3620.62,49.06,2.3124,88.34,0.852,112.24
3620.77,49.4,2.3756,90.13,0.857,117.89
3620.92,49.48,2.359,82.53,0.859,102.63
3621.07,47.04,2.2906,66.2,0.853,101.65
3621.23,46.63,2.2293,88.8,0.85,105.96
3621.38,46.1,2.2031,52.53,0.842,114.82
3621.53,41.26,2.1838,98.6,0.845,125.3
3621.83,44.53,2.1483,69.64,0.913,133.09
3621.99,43.58,2.1475,60.42,0.904,130.18
3622.14,36.61,2.1735,81.54,0.884,105.67
3622.29,41.11,2.1934,73.45,0.875,110.77
3622.44,34.63,2.184,67.9,0.863,108.48
3622.6,40.55,2.159,65.64,0.822,100.12
3622.75,41.83,2.1406,45.46,0.758,102.74
3622.9,34.55,2.1465,33.62,0.727,102.83
3623.05,32.97,2.1506,34.1,0.711,102.6
3623.21,33.38,2.1528,26.57,0.645,102.61
3623.36,31.37,2.1615,27.81,0.583,102.65
3623.51,29.0,2.1604,28.35,0.544,102.73
3623.66,30.58,2.1618,25.46,0.532,102.95
3623.82,25.87,2.1673,26.64,0.516,103.79
3623.97,28.67,2.1647,24.4,0.508,103.0
3624.12,26.34,2.1638,25.3,0.503,100.7
3624.27,29.35,2.1639,24.59,0.508,100.39
3624.43,25.86,2.1681,21.15,0.509,100.32
3624.58,26.87,2.1737,26.95,0.514,100.35
3624.73,25.21,2.1712,24.97,0.516,101.04
3624.88,30.32,2.1648,26.13,0.48,100.7
3625.04,27.33,2.1693,27.3,0.46,100.69
3625.19,25.99,2.1766,27.96,0.455,100.6
3625.34,24.99,2.1838,25.0,0.455,98.89
3625.49,33.0,2.1942,28.59,0.455,97.19
3625.64,28.07,2.1951,25.23,0.452,96.73
3625.8,27.71,2.1887,22.62,0.448,96.7
3625.95,26.87,2.1813,24.09,0.443,96.24
3626.1,23.47,2.1759,21.54,0.444,96.4
3626.25,24.53,2.1797,30.04,0.441,96.39
3626.41,28.9,2.1852,28.4,0.438,96.58
3626.56,30.46,2.1884,24.84,0.436,97.11
3626.71,27.94,2.1947,26.33,0.435,97.39
3626.86,29.65,2.2008,26.59,0.436,97.45
3627.02,27.25,2.2053,25.0,0.436,97.09
3627.17,25.72,2.2033,26.43,0.433,97.65
3627.32,25.98,2.2074,26.15,0.432,98.02
3627.47,30.6,2.2098,23.53,0.429,95.28
3627.63,31.57,2.2127,23.22,0.429,96.4
3627.78,30.25,2.2157,25.66,0.43,95.81
3627.93,26.87,2.2157,28.44,0.434,96.05
3628.08,27.59,2.2119,25.35,0.44,96.06
3628.24,31.69,2.2091,26.25,0.446,96.2
3628.39,30.46,2.2051,29.44,0.452,96.23
3628.54,27.82,2.2081,29.88,0.463,97.51
3628.69,29.81,2.2153,36.4,0.473,97.64
3628.85,35.05,2.2242,24.22,0.482,96.7
3629.0,33.84,2.2291,23.9,0.49,95.91
3629.15,32.29,2.2228,23.69,0.507,95.72
3629.3,36.8,2.2085,24.28,0.524,96.73
3629.45,29.17,2.1984,31.57,0.53,98.79
3629.61,30.37,2.1885,25.07,0.532,99.72
3629.76,30.39,2.1875,25.41,0.52,101.6
3629.91,31.35,2.1916,24.93,0.52,100.65
3630.06,29.09,2.1883,29.54,0.519,101.63
3630.22,30.44,2.1887,26.7,0.517,101.61
3630.37,28.19,2.199,27.56,0.514,99.4
3630.52,28.74,2.2077,28.37,0.506,95.88
3630.67,29.96,2.2136,24.79,0.494,95.74
3630.83,31.35,2.2134,26.55,0.496,95.24
3630.98,30.3,2.2029,28.45,0.482,95.15
3631.13,29.29,2.2003,22.97,0.478,94.68
3631.28,29.63,2.2087,27.3,0.468,95.24
3631.44,32.56,2.2125,41.92,0.463,100.31
3631.59,32.72,2.2176,29.03,0.461,97.88
3631.74,36.7,2.2188,33.25,0.465,97.15
3631.89,42.42,2.2138,37.84,0.472,97.04
3632.05,38.73,2.1721,33.52,0.474,96.87
3632.2,37.1,2.1299,31.32,0.506,98.14
3632.35,34.34,2.1452,30.87,0.514,98.7
3632.5,35.55,2.1645,34.01,0.515,99.71
3632.66,36.29,2.1762,27.3,0.512,101.63
3632.81,41.0,2.1869,26.02,0.514,108.69
3632.96,39.02,2.2042,33.58,0.509,105.25
3633.11,43.88,2.2258,36.7,0.501,103.19
3633.26,44.85,2.2396,38.32,0.509,103.46
3633.42,43.0,2.2679,34.4,0.517,95.36
3633.57,48.63,2.2997,33.34,0.54,94.85
3633.72,49.53,2.306,27.49,0.581,90.5
3633.87,63.59,2.291,35.59,0.639,91.12
3634.03,65.69,2.268,56.7,0.702,99.0
3634.18,69.51,2.2557,52.98,0.717,117.97
3634.33,64.04,2.2567,91.19,0.745,122.89
3634.48,61.54,2.2555,49.2,0.77,117.79
3634.64,64.27,2.2543,58.81,0.774,114.07
3634.79,60.56,2.2491,32.76,0.777,109.86
3634.94,47.72,2.2381,35.69,0.78,98.88
3635.09,39.41,2.2262,31.74,0.789,89.99
3635.25,42.95,2.2189,28.04,0.805,87.27
3635.4,37.15,2.2218,27.31,0.817,91.16
3635.55,31.35,2.2228,27.34,0.801,92.66
3635.7,31.85,2.216,27.13,0.787,93.83
3635.86,31.54,2.2125,33.59,0.774,95.45
3636.01,32.47,2.2169,24.65,0.764,95.22
3636.16,32.34,2.2246,31.63,0.753,95.9
3636.31,32.04,2.2277,28.41,0.724,95.53
3636.47,31.67,2.2314,29.78,0.7,94.97
3636.62,28.93,2.2387,26.3,0.671,95.73
3636.77,23.72,2.242,27.96,0.651,95.74
3636.92,27.79,2.2377,28.83,0.638,95.65
3637.07,27.64,2.2332,21.58,0.625,96.39
3637.23,28.98,2.2267,25.93,0.606,96.81
3637.38,28.16,2.2166,29.44,0.591,97.11
3637.53,30.88,2.2218,31.34,0.585,97.28
3637.68,27.77,2.229,24.76,0.575,96.79
3637.84,27.03,2.2248,30.07,0.573,96.83
3637.99,25.98,2.2221,28.53,0.574,96.75
3638.14,25.98,2.218,28.24,0.58,96.97
3638.29,28.33,2.2153,31.73,0.613,96.97
3638.45,26.6,2.2155,27.05,0.639,96.94
3638.6,30.22,2.2132,26.35,0.656,96.71
3638.75,32.63,2.2121,23.38,0.669,96.05
3638.9,30.35,2.2084,24.94,0.678,96.4
3639.06,30.25,2.2036,23.3,0.689,95.84
3639.21,28.85,2.2093,24.52,0.709,95.81
3639.36,29.64,2.2202,25.16,0.723,95.96
3639.51,29.03,2.2198,24.0,0.739,95.54
3639.67,30.22,2.2204,26.66,0.758,96.02
3639.82,30.39,2.2276,24.29,0.789,96.02
3639.97,34.86,2.2347,22.62,0.812,98.66
3640.12,42.96,2.2404,25.69,0.839,103.47
3640.28,50.22,2.2469,30.93,0.872,107.77
3640.43,55.46,2.2685,35.69,0.903,110.87
3640.58,53.71,2.3034,35.75,0.932,109.84
3640.73,56.82,2.3293,48.63,1.031,111.68
3640.88,68.24,2.3252,76.61,1.102,118.45
3641.04,63.98,2.3257,55.39,1.135,115.92
3641.19,63.7,2.3486,42.39,1.151,115.76
3641.34,59.18,2.3677,30.56,1.13,113.08
3641.49,63.25,2.3752,32.43,1.123,115.5
3641.65,60.91,2.3764,24.58,1.159,114.11
3641.8,58.23,2.3776,48.42,1.216,112.52
3641.95,50.37,2.3834,46.52,1.297,107.86
3642.1,48.71,2.427,39.31,1.366,106.88
3642.26,50.16,2.4748,44.22,1.373,107.74
3642.41,55.43,2.4895,44.58,1.31,110.86
3642.56,54.28,2.4657,35.66,1.243,110.17
3642.71,54.2,2.4197,61.55,1.201,110.13
3642.87,51.53,2.3424,53.1,1.151,108.55
3643.02,58.87,2.2793,52.53,1.069,112.9
3643.17,55.38,2.2804,53.29,1.003,110.83
3643.32,64.0,2.3153,59.59,0.945,115.94
3643.48,56.48,2.3092,59.17,0.907,111.48
3643.63,47.17,2.2926,54.9,0.851,105.96
3643.78,44.28,2.3218,59.18,0.814,104.25
3643.93,46.98,2.3819,54.67,0.765,105.85
3644.09,55.33,2.375,61.8,0.762,110.8
3644.24,58.93,2.2895,42.3,0.735,112.94
3644.39,52.18,2.215,39.61,0.804,108.93
3644.54,58.77,2.2112,51.52,0.813,112.84
3644.69,56.07,2.2413,61.25,0.893,111.24
3644.85,55.54,2.2616,47.05,0.867,110.92
3645.0,62.54,2.2698,48.14,0.892,115.07
3645.15,52.88,2.3138,79.12,0.834,109.35
3645.3,54.57,2.3722,36.28,0.792,110.35
3645.46,47.17,2.3755,25.94,0.769,105.96
3645.61,49.24,2.3547,38.35,0.789,107.19
3645.76,52.33,2.3403,30.7,0.916,109.02
3645.91,53.99,2.3273,30.53,1.022,110.0
3646.07,58.9,2.3121,30.96,0.951,112.91
3646.22,52.13,2.2781,29.99,0.968,108.9
3646.37,58.14,2.2591,42.27,0.979,112.46
3646.52,60.91,2.2744,55.76,0.951,114.11
3646.68,59.19,2.3075,49.76,0.933,113.08
3646.83,52.48,2.3428,43.57,0.9,109.11
3646.98,59.41,2.3558,53.09,0.889,113.22
3647.13,53.75,2.3483,67.44,0.89,109.86
3647.29,61.31,2.3501,46.76,0.902,114.34
3647.44,58.2,2.3584,51.58,0.907,112.5
3647.59,68.44,2.3588,40.74,0.879,118.57
3647.74,67.85,2.3538,56.71,0.869,118.22
3647.9,67.13,2.3528,45.81,0.826,117.79
3648.05,67.58,2.3411,51.76,0.822,118.06
3648.2,70.56,2.2972,77.22,0.87,119.82
3648.35,58.93,2.2184,69.64,0.871,112.93
3648.5,54.89,2.2425,57.04,0.857,110.54
3648.66,47.76,2.2932,60.99,0.801,106.32
3648.81,47.35,2.3223,46.85,0.767,106.07
3648.96,48.14,2.3174,44.82,0.774,106.54
3649.11,49.27,2.3009,37.62,0.756,107.21
3649.27,49.8,2.2922,41.1,0.765,107.52
3649.42,49.63,2.2778,32.99,0.762,107.42
3649.57,55.92,2.2679,31.72,0.764,111.15
3649.72,53.05,2.2761,38.78,0.764,109.45
3649.88,53.26,2.2931,43.28,0.769,109.57
3650.03,49.38,2.3091,37.14,0.765,107.27
3650.18,52.4,2.3208,51.87,0.764,109.06
3650.33,50.18,2.3099,58.67,0.766,107.74
3650.49,54.29,2.2953,42.81,0.762,110.18
3650.64,56.43,2.3029,49.94,0.756,111.45
3650.79,57.42,2.326,51.65,0.748,112.04
3650.94,58.11,2.3408,31.24,0.75,112.44
3651.1,54.87,2.3027,34.88,0.744,110.53
3651.25,47.91,2.2604,32.95,0.731,106.4
3651.4,49.76,2.2569,29.91,0.721,107.5
3651.55,47.48,2.2649,33.92,0.72,106.14
3651.71,49.2,2.2621,32.95,0.726,107.17
3651.86,41.96,2.248,40.3,0.735,102.88
3652.01,42.41,2.2417,41.02,0.747,103.14
3652.16,55.37,2.2647,40.14,0.766,110.82
3652.31,66.29,2.2913,53.57,0.777,117.29
3652.47,68.08,2.2828,54.96,0.779,118.36
3652.62,68.08,2.2804,47.84,0.764,118.36
3652.77,65.39,2.2967,65.13,0.74,116.76
3652.92,72.91,2.3085,50.28,0.726,121.22
3653.08,67.49,2.3022,68.49,0.727,118.0
3653.23,77.38,2.2865,74.35,0.725,123.87
3653.38,75.73,2.2644,65.88,0.73,122.89
3653.53,71.45,2.25,62.82,0.734,120.35
3653.69,65.42,2.2475,57.62,0.742,116.78
3653.84,72.8,2.2543,40.22,0.75,121.15
3653.99,69.5,2.2689,49.1,0.751,119.2
3654.14,70.29,2.273,48.97,0.758,119.66
3654.3,73.63,2.2713,49.53,0.765,121.65
3654.45,79.34,2.2681,54.68,0.764,125.03
3654.6,79.34,2.2727,64.35,0.756,125.03
3654.75,75.44,2.287,63.04,0.738,122.72
3654.91,77.52,2.2872,51.04,0.718,123.95
3655.06,65.69,2.2845,62.24,0.7,123.84
3655.21,65.39,2.2774,64.66,0.686,124.12
3655.36,66.32,2.2696,47.92,0.676,124.4
3655.52,70.66,2.269,55.45,0.656,124.68
3655.67,62.58,2.2557,53.17,0.632,124.95
3655.82,56.16,2.2026,43.64,0.609,125.23
3655.97,44.92,2.1643,50.35,0.6,125.51
3656.12,36.12,2.158,44.13,0.569,125.79
3656.28,35.57,2.1595,36.73,0.534,126.07
3656.43,32.05,2.1592,34.05,0.457,126.34
3656.58,31.91,2.1539,31.43,0.409,126.62
3656.73,26.12,2.1531,31.87,0.406,120.6
3656.89,31.69,2.1538,34.43,0.406,112.71
3657.04,30.47,2.1469,34.43,0.402,112.91
3657.19,29.0,2.146,34.8,0.398,115.36
3657.34,31.09,2.1457,25.98,0.386,117.38
3657.5,28.86,2.1492,30.78,0.378,102.74
3657.65,28.25,2.1528,34.04,0.374,102.25
3657.8,33.14,2.1463,29.33,0.366,102.46
3657.95,29.73,2.1416,32.14,0.365,102.05
3658.11,26.72,2.1453,31.2,0.365,102.51
3658.26,29.38,2.1515,25.4,0.372,101.75
3658.41,25.5,2.1517,30.55,0.384,100.97
3658.56,28.29,2.1503,31.13,0.401,101.41
3658.72,26.27,2.1515,29.62,0.411,100.88
3658.87,26.61,2.1573,30.06,0.413,100.81
3659.02,26.21,2.1599,34.98,0.445,100.91
3659.17,25.08,2.154,29.36,0.466,100.68
3659.33,25.99,2.1582,29.73,0.473,100.37
3659.48,29.84,2.1652,28.04,0.486,99.7
3659.63,23.93,2.1707,23.89,0.49,99.2
3659.78,30.0,2.1792,26.01,0.496,98.42
3659.93,26.46,2.182,27.46,0.494,98.7
3660.09,25.11,2.1777,25.62,0.494,98.18
3660.24,25.1,2.1765,25.79,0.495,98.34
3660.39,27.77,2.1854,22.62,0.489,98.7
3660.54,25.94,2.1847,29.05,0.499,98.22
3660.7,26.07,2.1829,23.92,0.505,98.15
3660.85,27.68,2.1838,26.86,0.512,97.19
3661.0,24.36,2.1945,29.85,0.523,93.47
3661.15,29.99,2.2156,31.61,0.55,90.5
3661.31,29.17,2.2435,36.52,0.576,95.86
3661.46,41.69,2.2712,53.5,0.62,95.98
3661.61,57.11,2.2881,45.92,0.656,96.33
3661.76,64.68,2.2925,66.96,0.642,97.47
3661.92,72.0,2.2888,54.07,0.643,97.4
3662.07,65.37,2.2828,50.47,0.664,95.75
3662.22,70.44,2.2813,58.44,0.721,95.96
3662.37,69.6,2.2904,57.19,0.727,95.86
3662.53,63.41,2.2998,49.42,0.736,97.51
3662.68,67.29,2.3212,61.8,0.754,99.56
3662.83,67.4,2.3436,80.3,0.756,100.25
3662.98,63.99,2.3407,56.76,0.756,106.07
3663.14,75.52,2.3345,61.96,0.751,113.87
3663.29,68.75,2.3385,51.09,0.744,115.95
3663.44,60.97,2.3212,46.81,0.728,113.77
3663.59,63.5,2.27,60.86,0.742,113.75
3663.74,66.29,2.2484,52.38,0.771,108.73
3663.9,63.24,2.2677,67.37,0.8,100.78
3664.05,58.65,2.3283,44.76,0.818,97.93
3664.2,57.75,2.3907,42.33,0.855,109.7
3664.35,57.67,2.4256,39.42,0.958,112.19
3664.51,52.74,2.4449,31.09,1.094,109.26
3664.66,55.41,2.4575,34.11,1.16,110.85
3664.81,53.06,2.4555,33.19,1.24,109.45
3664.96,50.42,2.4367,32.28,1.306,107.89
3665.12,51.98,2.3969,31.68,1.323,108.81
3665.27,53.68,2.3613,35.53,1.272,109.82
3665.42,52.84,2.4284,37.58,1.247,109.33
3665.57,52.95,2.4461,41.73,1.227,109.39
3665.73,50.88,2.4101,45.79,1.148,108.16
3665.88,49.62,2.3716,57.13,1.029,107.41
3666.03,48.54,2.3389,89.85,0.963,107.17
3666.18,50.02,2.2976,58.31,0.996,109.62
3666.34,52.85,2.2679,45.14,1.043,108.62
3666.49,53.4,2.2881,32.81,0.974,112.38
3666.64,56.21,2.3159,28.4,0.924,122.97
3666.79,60.37,2.3238,44.92,0.908,124.52
3666.95,61.26,2.3254,56.45,0.904,121.07
3667.1,60.03,2.333,56.01,0.926,116.89
3667.25,60.11,2.3367,59.91,0.94,115.09
3667.4,61.99,2.3308,32.79,0.877,114.78
3667.55,60.21,2.318,51.6,0.808,114.64
3667.71,62.88,2.2975,62.86,0.859,116.16
3667.86,62.72,2.2917,48.76,0.809,115.62
3668.01,50.49,2.2969,60.13,0.729,115.08
3668.16,55.14,2.2969,53.37,0.722,114.55
3668.32,62.1,2.2873,51.54,0.702,114.01
3668.47,61.88,2.2793,55.76,0.694,113.47
3668.62,65.16,2.2798,35.19,0.685,112.93
3668.77,48.03,2.2874,56.88,0.676,112.39
3668.93,33.68,2.2756,92.78,0.662,111.85
3669.08,34.67,2.2216,51.82,0.636,111.31
3669.23,37.45,2.1701,30.88,0.608,110.77
3669.38,31.52,2.1534,28.62,0.597,109.11
3669.54,29.88,2.1565,29.66,0.576,106.18
3669.69,35.32,2.1601,27.54,0.521,105.17
3669.84,36.67,2.1599,29.56,0.484,103.63
3669.99,31.2,2.1636,28.02,0.456,101.95
3670.15,30.53,2.1637,26.69,0.427,102.78
3670.3,34.94,2.1661,26.86,0.408,102.0
3670.45,34.93,2.1728,29.92,0.395,101.4
3670.6,30.46,2.1711,25.75,0.394,102.66
3670.76,30.51,2.1732,34.34,0.384,100.47
3670.91,31.76,2.1789,22.43,0.376,99.57
3671.06,33.2,2.1774,21.63,0.389,99.52
3671.21,31.45,2.1724,28.82,0.406,100.94
3671.36,32.25,2.1762,24.06,0.42,100.94
3671.52,32.25,2.1831,22.26,0.426,98.76
3671.67,31.34,2.1868,21.57,0.432,97.22
3671.82,35.91,2.1918,25.61,0.451,96.13
3671.97,33.28,2.1992,25.57,0.464,94.42
3672.13,31.65,2.2022,26.56,0.484,95.56
3672.28,31.28,2.2022,27.65,0.512,94.41
3672.43,36.81,2.2035,22.02,0.56,92.62
3672.58,34.3,2.2065,30.47,0.582,92.84
3672.74,37.15,2.21,36.57,0.615,92.7
3672.89,34.48,2.2334,37.03,0.685,92.82
3673.04,50.79,2.2816,41.68,0.812,94.55
3673.19,55.87,2.3379,47.4,0.912,96.11
3673.35,63.36,2.4314,49.56,1.031,97.9
3673.5,64.3,2.5257,36.66,1.19,106.38
3673.65,60.34,2.5522,29.23,1.308,113.77
3673.8,50.76,2.5544,26.28,1.496,108.09
3673.96,38.48,2.5496,19.23,1.579,100.81
3674.11,34.44,2.5218,16.73,1.687,98.42
3674.26,35.19,2.4739,17.52,1.881,92.34
3674.41,40.33,2.4468,21.74,1.948,90.05
3674.57,39.25,2.4432,28.59,1.798,87.08
3674.72,51.29,2.457,39.19,1.519,81.29
3674.87,70.76,2.4503,37.74,1.285,107.79
3675.02,66.7,2.3878,51.46,1.221,111.72
3675.17,67.18,2.2951,63.31,1.154,118.36
3675.33,72.53,2.2469,51.73,1.07,117.4
3675.48,63.61,2.2256,42.4,0.967,117.03
3675.63,65.74,2.214,44.08,0.964,116.35
3675.78,55.51,2.1982,32.11,0.972,115.36
3675.94,52.69,2.1816,34.12,0.912,115.24
3676.09,47.37,2.1811,42.34,0.869,115.7
3676.24,46.72,2.1918,41.74,0.874,115.5
3676.39,50.4,2.1954,34.02,0.841,111.86
3676.55,47.7,2.199,38.39,0.786,106.94
3676.7,41.97,2.2006,42.35,0.777,109.55
3676.85,45.19,2.1943,32.71,0.745,108.54
3677.0,50.16,2.193,38.05,0.724,106.47
3677.16,48.37,2.2082,40.84,0.712,107.12
3677.31,47.56,2.2058,27.07,0.686,117.03
3677.46,45.14,2.1798,33.1,0.659,113.49
3677.61,38.33,2.1756,35.48,0.603,109.97
3677.77,38.28,2.1949,30.24,0.534,101.86
3677.92,41.67,2.2345,31.57,0.515,101.35
3678.07,49.14,2.2622,30.97,0.513,100.91
3678.22,66.86,2.2662,38.65,0.501,101.43
3678.38,65.72,2.2282,41.73,0.478,101.94
3678.53,64.9,2.1672,68.81,0.465,102.45
3678.68,46.01,2.1342,41.5,0.46,102.96
3678.83,35.83,2.1335,31.3,0.455,103.48
3678.98,28.77,2.1445,29.43,0.452,103.99
3679.14,30.37,2.1525,35.12,0.448,104.5
3679.29,29.45,2.151,22.71,0.438,104.44
3679.44,33.31,2.154,31.38,0.428,104.17
3679.59,28.42,2.1575,26.14,0.42,104.22
3679.75,31.73,2.1585,23.44,0.418,102.84
3679.9,25.52,2.1599,26.86,0.416,101.48
3680.05,25.73,2.1662,28.22,0.411,101.16
3680.2,31.11,2.1755,26.3,0.404,101.2
3680.36,31.71,2.1812,27.81,0.4,100.99
3680.51,27.77,2.1832,29.65,0.395,99.28
3680.66,31.76,2.1839,23.59,0.395,98.77
3680.81,26.9,2.1844,23.14,0.396,98.21
3680.97,31.68,2.184,23.52,0.396,97.84
3681.12,29.78,2.1859,21.96,0.397,97.69
3681.27,31.08,2.189,27.09,0.401,97.67
3681.42,32.9,2.1877,27.94,0.402,97.43
3681.58,32.09,2.1866,24.92,0.405,97.25
3681.73,32.03,2.1906,25.59,0.409,97.56
3681.88,33.31,2.1935,24.21,0.41,96.94
3682.03,32.06,2.1945,23.8,0.411,96.85
3682.19,27.77,2.1936,29.87,0.412,96.86
3682.34,33.88,2.1957,24.96,0.417,96.78
3682.49,32.52,2.1956,25.71,0.418,96.85
3682.64,32.63,2.1938,24.87,0.422,96.75
3682.79,29.48,2.1905,25.14,0.422,96.94
3682.95,30.21,2.1905,25.06,0.422,97.04
3683.1,32.25,2.1918,27.9,0.423,96.84
3683.25,28.09,2.1965,26.94,0.423,96.91
3683.4,32.76,2.1947,28.56,0.424,97.02
3683.56,29.75,2.1922,28.77,0.427,97.05
3683.71,32.98,2.192,23.81,0.427,97.31
3683.86,29.86,2.1927,21.35,0.419,97.42
3684.01,32.25,2.2011,26.6,0.41,97.34
3684.17,31.6,2.2074,25.69,0.405,96.93
3684.32,28.88,2.2094,25.04,0.395,97.21
3684.47,32.12,2.203,25.35,0.388,98.48
3684.62,30.21,2.1973,25.94,0.385,99.46
3684.78,30.97,2.1889,24.1,0.384,98.24
3684.93,29.62,2.1787,24.41,0.381,98.75
3685.08,29.55,2.1704,27.35,0.385,98.7
3685.23,34.07,2.1677,25.56,0.385,98.66
3685.39,32.68,2.1673,29.11,0.382,98.52
3685.54,26.88,2.1687,30.4,0.378,98.19
3685.69,34.86,2.1702,28.31,0.378,97.57
3685.84,39.39,2.1722,26.16,0.381,97.9
3686.0,34.62,2.1698,26.96,0.387,100.22
3686.15,29.83,2.164,26.86,0.393,100.81
3686.3,32.5,2.1646,31.35,0.39,99.74
3686.45,33.96,2.1776,30.36,0.386,99.47
3686.6,33.69,2.1916,21.92,0.388,96.28
3686.76,29.56,2.2014,20.18,0.392,93.21
3686.91,28.42,2.2107,19.08,0.392,91.42
3687.06,35.16,2.2208,13.8,0.398,90.63
3687.21,33.14,2.2422,7.71,0.42,87.33
3687.37,29.31,2.3067,6.09,0.452,79.0
3687.52,28.51,2.4277,5.84,0.489,69.13
3687.67,24.7,2.5357,6.21,0.54,59.42
3687.82,26.54,2.5788,5.79,0.598,54.15
3687.98,26.66,2.5836,6.68,0.647,53.3
3688.13,27.33,2.5873,7.88,0.705,53.52
3688.28,28.42,2.5817,9.2,0.643,55.26
3688.43,23.54,2.5625,12.49,0.522,57.65
3688.59,28.4,2.5181,11.68,0.428,57.38
3688.74,23.38,2.4271,23.4,0.369,62.46
3688.89,28.66,2.3142,24.33,0.362,81.11
3689.04,32.73,2.2259,25.43,0.361,84.92
3689.2,35.68,2.1922,23.01,0.36,94.24
3689.35,25.96,2.1792,27.92,0.358,101.52
3689.5,26.91,2.1741,27.76,0.361,101.61
3689.65,34.75,2.1773,25.29,0.363,101.62
3689.81,35.55,2.1857,27.13,0.362,99.31
3689.96,37.62,2.1977,26.21,0.364,98.82
3690.11,33.89,2.2045,24.95,0.363,98.67
3690.26,39.99,2.1998,22.32,0.363,98.64
3690.41,35.37,2.1868,29.0,0.369,99.7
3690.57,36.73,2.1764,23.07,0.377,102.43
3690.72,32.71,2.1697,27.43,0.381,102.83
3690.87,30.41,2.1651,26.79,0.38,103.01
3691.02,30.13,2.1668,25.68,0.379,103.73
3691.18,29.46,2.1724,31.17,0.38,104.0
3691.33,28.28,2.175,26.85,0.383,103.0
3691.48,27.93,2.1749,32.97,0.381,102.36
3691.63,27.94,2.1722,31.03,0.385,101.78
3691.79,33.51,2.1726,26.0,0.386,101.76
3691.94,32.4,2.174,27.48,0.385,101.47
3692.09,27.77,2.1766,26.07,0.387,101.53
3692.24,28.96,2.1777,26.24,0.389,101.31
3692.4,31.1,2.1768,32.0,0.391,101.4
3692.55,31.55,2.176,23.71,0.396,101.09
3692.7,27.39,2.1769,22.37,0.398,100.88
3692.85,28.58,2.1806,25.69,0.401,100.47
3693.01,32.93,2.181,27.47,0.407,99.66
3693.16,30.22,2.1787,25.79,0.418,100.03
3693.31,31.18,2.1792,28.51,0.423,100.35
3693.46,31.03,2.1773,28.49,0.422,99.95
3693.62,30.9,2.1797,27.46,0.416,100.14
3693.77,29.96,2.1846,22.64,0.405,99.51
3693.92,31.66,2.1832,23.92,0.398,99.79
3694.07,32.45,2.1803,31.84,0.392,99.14
3694.22,28.74,2.1861,24.93,0.387,99.01
3694.38,28.89,2.1915,32.29,0.383,98.23
3694.53,31.12,2.1885,25.88,0.38,97.91
3694.68,32.5,2.1879,29.53,0.379,97.73
3694.83,30.69,2.1955,27.86,0.378,97.57
3694.99,25.54,2.1935,23.57,0.379,97.56
3695.14,26.87,2.191,25.2,0.379,97.65
3695.29,25.14,2.1886,25.62,0.38,97.41
3695.44,29.13,2.1849,23.48,0.383,97.34
3695.6,29.56,2.1865,26.14,0.383,97.7
3695.75,29.01,2.183,28.03,0.382,97.54
3695.9,26.08,2.1813,25.41,0.382,97.68
3696.05,28.59,2.1842,29.9,0.381,98.27
3696.21,31.25,2.1819,27.32,0.381,99.1
3696.36,30.07,2.1736,21.9,0.385,100.07
3696.51,26.29,2.1659,22.7,0.388,100.74
3696.66,30.64,2.1645,26.08,0.384,100.66
3696.82,32.77,2.1656,25.33,0.383,100.76
3696.97,31.23,2.1726,25.95,0.382,100.44
3697.12,24.05,2.1735,28.53,0.382,100.46
3697.27,23.29,2.1683,28.41,0.386,100.43
3697.43,24.57,2.1642,26.21,0.381,100.35
3697.58,28.59,2.165,22.32,0.382,100.62
3697.73,30.46,2.1664,26.5,0.381,100.61
3697.88,29.81,2.1635,27.67,0.38,100.7
3698.03,27.34,2.1603,26.85,0.381,100.37
3698.19,28.68,2.1609,25.03,0.384,100.0
3698.34,30.87,2.162,29.53,0.389,99.56
3698.49,30.97,2.1658,29.63,0.394,99.78
3698.64,28.4,2.1671,26.38,0.399,99.76
3698.8,28.5,2.1626,23.84,0.401,100.27
3698.95,23.87,2.1565,38.82,0.404,100.93
3699.1,26.12,2.1549,42.35,0.403,101.78
3699.25,24.97,2.1568,28.76,0.399,101.49
3699.41,21.72,2.1613,29.16,0.394,100.46
3699.56,26.13,2.164,24.21,0.391,99.79
3699.71,31.82,2.1666,22.7,0.392,98.4
3699.86,27.68,2.1749,27.32,0.398,96.97
3700.02,30.95,2.1792,23.03,0.4,96.73
3700.17,27.81,2.1802,25.94,0.402,96.54
3700.32,31.05,2.1703,27.48,0.405,96.94
3700.47,31.35,2.1662,32.62,0.414,96.97
3700.63,26.89,2.1754,33.78,0.442,94.87
3700.78,30.89,2.1898,29.0,0.469,91.57
3700.93,33.24,2.2119,41.87,0.478,102.19
3701.08,41.58,2.2331,54.8,0.507,113.79
3701.24,50.22,2.2418,61.45,0.552,121.8
3701.39,52.08,2.2577,50.0,0.612,131.46
3701.54,53.16,2.2852,67.16,0.67,130.92
3701.69,52.66,2.3071,42.72,0.751,123.64
3701.84,50.16,2.3084,41.88,0.776,123.46
3702.0,51.3,2.2867,59.81,0.787,123.04
3702.15,48.9,2.2744,64.52,0.803,121.43
3702.3,53.74,2.2931,67.77,0.776,118.89
3702.45,49.43,2.3041,43.2,0.773,117.64
3702.61,47.68,2.3027,53.37,0.776,117.85
3702.76,54.31,2.3003,44.38,0.78,113.71
3702.91,59.67,2.2964,50.17,0.76,114.04
3703.06,53.19,2.2881,59.02,0.771,115.42
3703.22,62.72,2.292,60.58,0.794,115.62
3703.37,60.02,2.3131,41.77,0.784,118.17
3703.52,57.21,2.3218,58.35,0.789,118.11
3703.67,61.54,2.3086,61.32,0.78,117.52
3703.83,57.27,2.2871,43.39,0.791,117.05
3703.98,62.15,2.2716,47.2,0.813,117.19
3704.13,54.78,2.2784,44.57,0.811,117.94
3704.28,42.86,2.2954,28.92,0.844,114.51
3704.44,48.81,2.3014,31.87,0.83,107.97
3704.59,53.75,2.3029,43.84,0.82,105.6
3704.74,56.99,2.3,29.05,0.81,105.53
3704.89,61.95,2.2934,40.52,0.808,105.52
3705.05,68.45,2.2836,49.24,0.776,113.07
3705.2,61.05,2.2633,51.42,0.764,122.67
3705.35,58.45,2.2515,40.45,0.766,127.08
3705.5,46.15,2.2427,36.64,0.75,119.51
3705.65,38.55,2.2358,31.63,0.731,108.71
3705.81,40.31,2.2318,33.21,0.778,101.06
3705.96,39.3,2.2321,26.04,0.775,98.64
3706.11,40.75,2.2275,26.17,0.817,97.86
3706.26,37.92,2.2274,26.11,0.786,95.93
3706.42,42.49,2.242,32.91,0.795,93.07
3706.57,50.32,2.2748,32.05,0.758,90.13
3706.72,53.03,2.319,33.74,0.758,89.96
3706.87,60.02,2.3551,54.1,0.736,95.37
3707.03,60.02,2.3558,48.09,0.678,104.55
3707.18,48.66,2.3308,47.69,0.644,108.94
3707.33,43.1,2.2866,31.81,0.571,111.6
3707.48,33.14,2.2317,36.24,0.506,112.39
3707.64,33.14,2.1753,31.95,0.445,111.0
3707.79,33.67,2.1265,24.83,0.394,113.12
3707.94,34.19,2.1051,30.92,0.356,112.82
3708.09,36.09,2.1063,33.96,0.345,110.91
3708.25,34.71,2.1147,23.85,0.33,109.08
3708.4,30.22,2.1226,29.64,0.318,108.23
3708.55,31.66,2.1274,25.4,0.312,107.42
3708.7,33.68,2.1302,26.85,0.31,106.96
3708.86,29.84,2.1328,28.62,0.311,105.13
3709.01,32.85,2.1363,30.04,0.313,103.86
3709.16,34.51,2.1433,27.78,0.321,103.86
3709.31,35.83,2.1516,29.6,0.336,103.65
3709.46,35.05,2.1574,30.23,0.347,103.61
3709.62,31.85,2.1579,29.65,0.372,102.96
3709.77,36.47,2.1613,33.03,0.404,95.89
3709.92,42.04,2.1634,25.92,0.435,93.98
3710.07,42.34,2.1628,28.65,0.463,102.9
3710.23,43.18,2.1622,34.93,0.498,109.85
3710.38,36.89,2.1641,37.89,0.524,111.58
3710.53,27.96,2.1682,30.05,0.55,113.46
3710.68,36.65,2.1757,36.48,0.56,114.03
3710.84,28.67,2.1968,34.72,0.558,113.05
3710.99,30.41,2.216,34.88,0.542,111.14
3711.14,31.08,2.2078,34.26,0.497,109.99
3711.29,31.06,2.1102,29.37,0.457,108.58
3711.45,28.53,2.0864,37.8,0.416,108.84
3711.6,23.67,2.0808,32.3,0.377,109.31
3711.75,27.23,2.0742,37.37,0.336,109.51
3711.9,24.01,2.0755,29.13,0.303,109.45
3712.06,31.25,2.0763,34.93,0.292,105.22
3712.21,29.17,2.0802,35.22,0.287,104.12
3712.36,29.83,2.0967,27.51,0.297,103.62
3712.51,28.93,2.117,32.71,0.308,103.94
3712.67,27.83,2.1287,26.8,0.315,105.36
3712.82,29.19,2.1272,38.78,0.322,106.93
3712.97,28.42,2.1178,29.45,0.33,107.33
3713.12,29.77,2.1166,31.22,0.345,107.2
3713.27,26.42,2.1176,35.16,0.353,106.43
3713.43,27.05,2.1233,31.63,0.363,98.23
3713.58,31.38,2.1405,30.72,0.373,94.88
3713.73,30.09,2.144,25.62,0.385,94.21
3713.88,26.26,2.1292,29.15,0.4,97.77
3714.04,26.87,2.1394,25.3,0.409,103.85
3714.19,32.15,2.1975,32.57,0.417,100.54
3714.34,29.82,2.2259,30.09,0.419,99.98
3714.49,27.1,2.205,38.64,0.414,99.64
3714.65,23.73,2.1705,33.95,0.404,100.35
3714.8,31.9,2.1329,31.06,0.395,103.05
3714.95,28.22,2.1184,27.35,0.385,106.07
3715.1,30.52,2.1208,30.27,0.377,107.52
3715.26,28.45,2.1283,25.47,0.37,107.82
3715.41,23.39,2.1304,28.29,0.366,108.05
3715.56,30.46,2.1321,33.53,0.364,107.89
3715.71,23.34,2.1355,30.35,0.36,107.14
3715.87,29.12,2.1306,35.26,0.355,107.58
3716.02,30.39,2.122,26.94,0.351,108.28
3716.17,27.77,2.1245,29.26,0.346,108.88
3716.32,27.72,2.1297,28.05,0.347,109.15
3716.48,29.42,2.1335,31.79,0.345,108.66
3716.63,34.64,2.1372,34.46,0.341,108.08
3716.78,30.82,2.1396,24.8,0.344,107.85
3716.93,29.66,2.1343,30.28,0.349,107.52
3717.08,29.89,2.1267,34.87,0.35,107.6
3717.24,30.07,2.1198,27.01,0.352,108.06
3717.39,30.13,2.1147,29.37,0.352,108.2
3717.54,27.66,2.1182,31.26,0.351,108.27
3717.69,27.03,2.1233,25.38,0.349,108.47
3717.85,27.95,2.1214,32.49,0.346,108.88
3718.0,31.89,2.1236,36.67,0.345,108.91
3718.15,27.29,2.1305,33.81,0.344,108.72
3718.3,24.63,2.1276,27.41,0.344,108.73
3718.46,30.46,2.1227,34.18,0.342,108.47
3718.61,30.46,2.1211,25.43,0.339,107.74
3718.76,29.66,2.1207,27.03,0.338,107.45
3718.91,28.5,2.1162,31.79,0.339,107.68
3719.07,29.87,2.113,31.84,0.339,108.07
3719.22,27.91,2.1134,29.23,0.339,108.62
3719.37,26.62,2.1153,30.78,0.338,108.57
3719.52,27.77,2.1158,31.21,0.336,108.61
3719.68,27.08,2.1075,37.7,0.334,108.3
3719.83,27.59,2.1041,29.08,0.331,108.29
3719.98,31.35,2.0995,28.34,0.324,108.12
3720.13,31.35,2.0996,30.73,0.313,108.02
3720.29,29.07,2.0988,29.35,0.307,107.87
3720.44,27.84,2.0946,30.01,0.308,108.19
3720.59,29.05,2.0971,32.66,0.311,108.92
3720.74,27.79,2.1028,37.36,0.312,109.59
3720.89,30.03,2.0999,29.9,0.31,110.02
3721.05,28.67,2.0955,34.22,0.307,110.45
3721.2,29.15,2.0969,30.53,0.305,110.21
3721.35,28.81,2.1041,40.63,0.306,110.13
3721.5,26.27,2.1072,31.59,0.306,110.0
3721.66,27.39,2.1128,32.0,0.306,109.8
3721.81,33.68,2.1187,36.43,0.306,109.07
3721.96,31.94,2.1136,32.26,0.305,108.64
3722.11,28.44,2.112,34.0,0.305,108.25
3722.27,20.48,2.1076,29.72,0.306,107.93
3722.42,27.44,2.107,26.64,0.307,108.64
3722.57,24.38,2.1132,29.91,0.31,108.86
3722.72,31.41,2.1138,30.5,0.312,108.82
3722.88,25.83,2.118,22.77,0.317,109.12
3723.03,30.32,2.1204,28.83,0.322,109.16
3723.18,27.35,2.1151,31.83,0.327,109.08
3723.33,32.69,2.1053,33.35,0.329,109.31
3723.49,33.28,2.1029,33.59,0.328,109.03
3723.64,31.46,2.1018,30.38,0.327,108.87
3723.79,30.82,2.1052,29.58,0.326,108.28
3723.94,27.39,2.1075,35.86,0.325,108.76
3724.1,29.9,2.1151,27.89,0.326,109.17
3724.25,31.39,2.1175,30.77,0.326,108.86
3724.4,31.24,2.1108,32.21,0.326,109.45
3724.55,27.77,2.1068,31.35,0.327,109.92
3724.7,29.56,2.1161,27.55,0.328,108.98
3724.86,26.33,2.1179,32.27,0.328,109.19
3725.01,29.26,2.1109,30.63,0.328,109.41
3725.16,26.35,2.1042,33.35,0.329,109.15
3725.31,26.38,2.1014,32.88,0.328,109.47
3725.47,31.18,2.1019,35.93,0.327,109.97
3725.62,29.13,2.0959,28.74,0.325,109.86
3725.77,30.44,2.092,28.68,0.321,110.32
3725.92,27.32,2.0972,32.48,0.317,110.05
3726.08,28.67,2.1003,30.6,0.315,109.44
3726.23,30.59,2.1023,35.78,0.312,108.86
3726.38,29.51,2.1006,32.83,0.31,108.75
3726.53,27.65,2.0945,30.16,0.306,108.81
3726.69,28.21,2.0984,25.82,0.303,109.54
3726.84,33.14,2.1036,26.52,0.3,109.37
3726.99,32.54,2.1059,28.17,0.296,109.12
3727.14,31.14,2.1061,27.23,0.293,108.61
3727.3,30.46,2.1079,29.89,0.29,108.48
3727.45,29.79,2.1059,30.34,0.291,109.06
3727.6,29.56,2.1039,37.05,0.293,109.5
3727.75,28.33,2.1054,33.98,0.294,109.58
3727.91,27.07,2.1054,35.36,0.296,109.81
3728.06,30.07,2.0973,31.8,0.299,110.38
3728.21,27.02,2.0887,34.45,0.302,111.01
3728.36,29.12,2.087,30.9,0.304,110.79
3728.51,29.84,2.0873,29.49,0.305,109.3
3728.67,32.45,2.0927,28.86,0.305,109.1
3728.82,33.41,2.0925,32.74,0.305,109.89
3728.97,28.97,2.0841,28.66,0.305,110.51
3729.12,35.83,2.076,32.14,0.309,111.1
3729.28,35.83,2.0756,33.44,0.314,111.32
3729.43,27.88,2.0817,31.73,0.317,110.74
3729.58,28.24,2.0852,29.7,0.32,109.76
3729.73,30.25,2.0871,30.03,0.323,109.41
3729.89,28.13,2.0929,35.43,0.325,109.26
3730.04,28.6,2.098,30.79,0.326,109.39
3730.19,28.48,2.1051,32.29,0.325,109.4
3730.34,29.86,2.1121,24.67,0.322,108.76
3730.5,27.91,2.1179,30.03,0.315,107.81
3730.65,26.87,2.1158,31.05,0.308,107.23
3730.8,28.65,2.107,28.36,0.303,107.56
3730.95,26.39,2.1045,28.0,0.298,107.92
3731.11,30.38,2.1113,27.32,0.291,108.38
3731.26,27.35,2.1151,36.5,0.289,108.59
3731.41,26.83,2.1079,27.84,0.287,108.56
3731.56,29.53,2.1022,30.93,0.289,108.21
3731.72,31.14,2.1017,28.24,0.293,108.94
3731.87,31.33,2.1034,31.97,0.299,109.57
3732.02,29.56,2.1044,30.45,0.302,109.47
3732.17,29.56,2.1018,25.5,0.305,109.21
3732.32,29.43,2.1001,30.63,0.307,108.27
3732.48,30.43,2.1,28.29,0.309,108.66
3732.63,27.92,2.0954,36.75,0.312,108.99
3732.78,29.28,2.0921,31.5,0.314,109.47
3732.93,32.96,2.0908,31.05,0.312,110.21
3733.09,29.04,2.0886,32.74,0.312,110.41
3733.24,30.46,2.086,28.18,0.308,110.53
3733.39,27.78,2.0805,33.24,0.302,111.07
3733.54,32.95,2.0788,30.27,0.298,111.47
3733.7,29.36,2.0754,28.98,0.295,112.77
3733.85,31.88,2.0706,28.04,0.291,113.15
3734.0,28.8,2.074,28.04,0.289,111.94
3734.15,27.13,2.0825,32.85,0.288,111.36
3734.31,28.06,2.0841,28.37,0.288,111.04
3734.46,32.14,2.0834,36.87,0.287,112.19
3734.61,32.55,2.0767,34.27,0.287,114.13
3734.76,34.65,2.0622,35.48,0.286,115.0
3734.92,30.47,2.0537,48.57,0.285,115.93
3735.07,29.25,2.0541,33.35,0.283,116.11
3735.22,28.86,2.0581,42.23,0.28,115.53
3735.37,27.07,2.0567,29.98,0.279,114.88
3735.53,36.43,2.0536,34.74,0.278,114.03
3735.68,30.83,2.0547,34.71,0.276,114.0
3735.83,28.7,2.0558,28.71,0.274,114.36
3735.98,26.87,2.058,40.62,0.272,114.64
3736.13,26.98,2.0629,35.06,0.268,114.33
3736.29,34.64,2.0634,35.04,0.265,114.28
3736.44,30.05,2.0643,32.29,0.262,114.08
3736.59,31.32,2.0708,36.17,0.26,113.76
3736.74,30.85,2.0764,31.38,0.257,113.26
3736.9,29.88,2.0808,35.48,0.254,112.4
3737.05,33.14,2.08,38.51,0.25,111.68
3737.2,30.9,2.0736,33.72,0.251,111.47
3737.35,32.64,2.0684,34.28,0.254,111.53
3737.51,31.32,2.0703,35.66,0.258,111.67
3737.66,30.46,2.0759,40.34,0.264,112.06
3737.81,33.53,2.0815,43.15,0.269,111.36
3737.96,29.74,2.0819,34.83,0.276,111.55
3738.12,30.72,2.0822,25.95,0.283,111.2
3738.27,34.11,2.0916,29.16,0.292,109.89
3738.42,33.63,2.1088,32.26,0.304,108.48
3738.57,38.33,2.1188,38.16,0.314,107.76
3738.73,33.35,2.109,30.8,0.326,107.83
3738.88,29.56,2.0941,31.57,0.34,109.02
3739.03,33.9,2.0866,32.46,0.356,111.63
3739.18,31.96,2.1015,36.79,0.367,112.54
3739.34,36.6,2.1377,34.71,0.373,111.95
3739.49,35.57,2.1693,35.57,0.38,111.27
3739.64,38.28,2.2101,35.15,0.391,110.87
3739.79,43.76,2.2632,43.32,0.419,106.85
3739.94,46.12,2.2883,52.2,0.471,105.01
3740.1,62.39,2.2804,47.57,0.532,107.48
3740.25,60.34,2.2693,53.79,0.586,110.71
3740.4,64.98,2.2801,43.06,0.633,114.24
3740.55,63.83,2.3008,53.67,0.664,115.58
3740.71,59.79,2.3148,35.41,0.682,115.27
3740.86,58.19,2.3135,40.58,0.706,110.78
3741.01,58.23,2.3145,37.17,0.709,105.88
3741.16,55.56,2.321,41.91,0.719,104.42
3741.32,62.17,2.3191,52.71,0.747,107.23
3741.47,70.51,2.3133,66.78,0.764,111.91
3741.62,61.35,2.2967,51.61,0.773,113.95
3741.77,56.43,2.3019,36.53,0.776,111.4
3741.93,58.03,2.3154,46.43,0.796,108.41
3742.08,58.62,2.314,41.86,0.814,106.59
3742.23,55.66,2.2973,40.89,0.824,102.52
3742.38,51.96,2.2831,34.43,0.831,104.22
3742.54,49.61,2.282,42.96,0.827,104.21
3742.69,59.11,2.301,34.58,0.828,103.6
3742.84,55.87,2.3281,37.44,0.823,103.89
3742.99,57.87,2.3555,35.24,0.835,103.56
3743.15,59.64,2.3505,50.6,0.843,104.69
3743.3,58.77,2.3096,46.62,0.847,104.6
3743.45,57.59,2.2884,55.12,0.847,104.45
3743.6,52.93,2.2881,57.2,0.835,103.5
3743.75,49.2,2.2817,47.45,0.837,102.13
3743.91,52.85,2.2291,43.82,0.85,102.27
3744.06,53.57,2.1561,66.62,0.856,112.34
3744.21,51.5,2.1464,66.87,0.829,107.63
3744.36,54.78,2.1835,32.62,0.813,113.3
3744.52,53.26,2.2235,33.9,0.813,112.22
3744.67,58.88,2.2558,26.34,0.803,100.75
3744.82,50.21,2.2621,33.81,0.82,101.34
3744.97,42.6,2.2328,28.53,0.801,103.88
3745.13,42.1,2.1946,45.31,0.789,102.82
3745.28,42.1,2.1701,34.19,0.784,99.65
3745.43,46.08,2.1712,44.78,0.768,102.59
3745.58,54.3,2.2046,38.74,0.759,105.32
3745.74,56.58,2.231,41.84,0.782,107.3
3745.89,52.86,2.2335,34.66,0.796,112.28
3746.04,45.71,2.2306,36.77,0.802,108.63
3746.19,54.55,2.2292,46.49,0.798,107.01
3746.35,49.75,2.2339,44.23,0.792,106.5
3746.5,54.13,2.2489,40.75,0.809,105.77
3746.65,57.78,2.2575,50.59,0.814,106.96
3746.8,66.08,2.2652,18.68,0.815,109.03
3746.96,58.29,2.2821,56.63,0.83,108.83
3747.11,40.92,2.3064,60.23,0.853,109.3
3747.26,32.38,2.3557,35.46,0.867,113.26
3747.41,28.42,2.4167,17.13,0.861,103.3
3747.56,25.12,2.4571,18.85,0.828,89.24
3747.72,34.34,2.4547,26.92,0.78,79.23
3747.87,30.32,2.3623,25.17,0.732,88.01
3748.02,27.06,2.2425,26.77,0.671,86.11
3748.17,19.96,2.181,31.17,0.606,96.37
3748.33,24.24,2.1671,24.55,0.564,104.12
3748.48,27.79,2.1677,21.57,0.523,106.42
3748.63,30.39,2.1669,21.79,0.49,107.19
3748.78,25.08,2.1617,28.09,0.466,107.4
3748.94,24.94,2.1634,31.3,0.454,106.98
3749.09,28.88,2.1672,26.48,0.447,107.14
3749.24,23.75,2.1669,32.32,0.444,105.32
3749.39,28.96,2.1679,28.78,0.446,104.87
3749.55,29.96,2.1678,29.0,0.453,104.7
3749.7,31.71,2.1657,23.8,0.46,104.9
3749.85,26.87,2.1609,34.1,0.468,103.97
3750.0,26.87,2.1571,24.89,0.474,103.61
3750.16,28.41,2.1616,23.64,0.48,102.68
3750.31,29.16,2.1713,27.09,0.485,102.85
3750.46,26.19,2.1756,24.56,0.492,103.15
3750.61,29.32,2.1798,39.05,0.504,102.13
3750.77,28.14,2.1891,40.28,0.518,105.39
3750.92,33.98,2.1976,31.1,0.542,108.72
3751.07,34.93,2.1974,31.39,0.57,107.26
3751.22,43.94,2.2036,37.12,0.616,105.75
3751.37,46.1,2.2489,32.46,0.693,104.46
3751.53,43.25,2.3009,50.35,0.724,104.79
3751.68,49.88,2.325,39.93,0.768,103.74
3751.83,42.45,2.3199,30.46,0.822,97.38
3751.98,56.8,2.3197,30.78,0.853,107.17
3752.14,50.16,2.3257,28.66,0.887,107.74
3752.29,47.93,2.339,24.57,0.884,106.42
3752.44,52.61,2.3459,32.48,0.892,109.18
3752.59,53.4,2.3583,34.73,0.912,109.65
3752.75,66.73,2.3768,33.1,0.94,117.55
3752.9,57.57,2.4019,58.64,0.963,112.13
3753.05,61.82,2.4167,40.15,0.967,114.64
3753.2,60.78,2.4236,54.48,0.971,114.03
3753.36,61.32,2.4205,45.32,0.994,114.35
3753.51,59.38,2.4052,37.39,1.06,113.2
3753.66,61.98,2.3994,71.98,1.091,114.74
3753.81,59.41,2.3943,44.43,1.11,113.22
3753.97,50.16,2.3837,33.47,1.11,107.74
3754.12,50.16,2.3612,35.0,1.069,107.74
3754.27,45.52,2.3307,30.03,0.972,104.98
3754.42,43.15,2.3091,29.99,0.836,100.12
3754.58,37.35,2.2963,25.4,0.714,95.57
3754.73,35.42,2.2925,29.55,0.643,94.32
3754.88,33.54,2.2588,24.85,0.594,105.08
3755.03,29.28,2.2221,26.12,0.554,102.26
3755.18,31.43,2.1848,23.73,0.529,101.6
3755.34,30.88,2.1698,27.53,0.502,101.34
3755.49,32.53,2.1631,23.44,0.491,100.0
3755.64,32.33,2.1669,27.45,0.479,99.21
3755.79,30.4,2.1859,21.78,0.474,98.53
3755.95,35.77,2.2021,32.44,0.481,97.14
3756.1,37.17,2.2007,26.03,0.475,96.42
3756.25,43.96,2.2104,23.29,0.465,96.4
3756.4,45.05,2.2725,39.14,0.461,98.71
3756.56,52.28,2.2972,39.29,0.464,100.88
3756.71,39.81,2.2313,27.03,0.462,100.7
3756.86,31.56,2.2031,28.21,0.454,102.71
3757.01,34.57,2.1945,21.86,0.453,100.52
3757.17,32.15,2.1923,29.02,0.434,100.79
3757.32,34.69,2.1838,26.72,0.424,101.06
3757.47,31.64,2.1747,28.76,0.41,100.5
3757.62,28.94,2.166,25.48,0.4,99.61
3757.78,32.1,2.1577,26.34,0.39,101.0
3757.93,31.15,2.1487,24.74,0.39,102.8
3758.08,31.35,2.1339,28.52,0.383,106.47
3758.23,26.25,2.1301,29.57,0.374,108.32
3758.39,28.87,2.1351,28.83,0.363,107.47
3758.54,28.23,2.1321,31.43,0.348,107.81
3758.69,35.11,2.1296,27.86,0.334,107.64
3758.84,31.15,2.1255,27.03,0.322,107.46
3758.99,29.82,2.1275,26.01,0.311,106.82
3759.15,28.3,2.1262,30.16,0.304,107.0
3759.3,29.19,2.1209,33.23,0.3,111.51
3759.45,31.5,2.1204,30.23,0.295,107.3
3759.6,32.56,2.1213,26.91,0.288,107.07
3759.76,31.6,2.1249,29.88,0.283,107.57
3759.91,31.23,2.1379,27.1,0.284,106.12
3760.06,27.96,2.1547,31.81,0.291,111.06
3760.21,30.66,2.1731,29.25,0.307,111.64
3760.37,28.11,2.1943,20.32,0.333,104.23
3760.52,30.35,2.2584,15.93,0.378,102.9
3760.67,21.95,2.3605,12.35,0.454,101.15
3760.82,26.87,2.4503,8.75,0.574,94.72
3760.98,22.47,2.504,9.13,0.751,92.47
3761.13,24.64,2.5356,9.94,1.13,90.77
3761.28,21.52,2.5559,10.68,1.529,88.73
3761.43,23.76,2.5553,15.29,1.716,64.67
3761.59,33.34,2.5405,18.84,1.731,68.16
3761.74,40.63,2.5282,18.35,1.604,70.66
3761.89,45.06,2.5154,19.89,1.476,78.94
3762.04,49.43,2.4951,25.94,1.363,89.16
3762.2,59.74,2.4445,31.65,1.248,104.6
3762.35,56.77,2.3978,32.02,1.102,111.66
3762.5,57.62,2.3807,30.23,0.988,112.16
3762.65,51.42,2.4047,26.82,0.912,108.48
3762.8,51.96,2.4366,28.73,0.854,108.8
3762.96,51.96,2.4448,27.77,0.806,108.8
3763.11,54.64,2.3908,48.31,0.738,110.39
3763.26,51.46,2.2714,34.18,0.695,108.5
3763.41,43.81,2.1643,29.56,0.659,103.97
3763.57,45.25,2.1259,27.18,0.623,104.83
3763.72,33.37,2.1249,26.95,0.595,97.79
3763.87,36.8,2.1281,28.4,0.578,99.82
3764.02,38.77,2.1288,27.95,0.565,100.98
3764.18,35.65,2.1314,27.56,0.524,99.14
3764.33,32.2,2.1376,32.82,0.482,96.6
3764.48,35.53,2.1433,30.05,0.44,96.64
3764.63,33.46,2.1447,28.34,0.407,99.36
3764.79,36.36,2.1365,24.86,0.379,103.79
3764.94,33.04,2.1299,27.85,0.364,103.94
3765.09,35.03,2.1274,25.88,0.356,101.94
3765.24,31.39,2.1302,27.44,0.352,101.14
3765.4,34.04,2.1365,34.62,0.349,100.17
3765.55,33.98,2.1419,23.79,0.343,100.29
3765.7,36.43,2.1394,32.49,0.339,100.16
3765.85,29.73,2.137,28.25,0.334,100.16
3766.01,39.2,2.1363,33.1,0.33,100.32
3766.16,33.59,2.1412,23.97,0.325,99.97
3766.31,35.82,2.145,28.67,0.319,99.02
3766.46,36.83,2.144,29.1,0.314,99.39
3766.61,27.07,2.1357,25.1,0.31,99.47
3766.77,33.35,2.1273,26.57,0.311,99.2
3766.92,35.13,2.1249,23.08,0.318,89.07
3767.07,34.98,2.1286,28.37,0.331,96.93
3767.22,31.54,2.1313,28.5,0.344,94.78
3767.38,35.36,2.1338,27.81,0.367,93.99
3767.53,35.83,2.1434,20.85,0.398,94.0
3767.68,36.41,2.1462,26.64,0.442,92.09
3767.83,33.61,2.1659,24.25,0.481,93.01
3767.99,26.87,2.2806,22.08,0.501,84.34
3768.14,28.27,2.3902,16.41,0.555,67.44
3768.29,32.13,2.3588,17.92,0.661,61.07
3768.44,33.06,2.2692,17.61,0.739,61.52
3768.6,34.51,2.2141,15.79,0.709,60.47
3768.75,32.25,2.1694,18.52,0.652,60.36
3768.9,29.49,2.1545,20.34,0.618,60.34
3769.05,30.71,2.148,25.67,0.6,75.87
3769.21,32.61,2.1488,29.35,0.575,78.26
3769.36,32.58,2.15,27.65,0.561,83.98
3769.51,31.35,2.1475,30.9,0.546,93.13
3769.66,27.77,2.1405,28.63,0.526,98.25
3769.82,31.63,2.1315,25.12,0.51,101.75
3769.97,31.35,2.1227,29.97,0.484,106.54
3770.12,31.35,2.1148,36.53,0.457,106.8
3770.27,29.93,2.1056,35.87,0.446,107.58
3770.42,32.11,2.1067,31.69,0.434,105.62
3770.58,29.06,2.1222,29.12,0.418,103.39
3770.73,28.71,2.1324,26.58,0.41,101.56
3770.88,34.34,2.1392,31.52,0.414,99.93
3771.03,33.08,2.1415,29.09,0.416,98.19
3771.19,29.12,2.1403,28.12,0.422,97.62
3771.34,28.69,2.1385,29.81,0.436,98.41
3771.49,31.87,2.141,26.43,0.448,98.87
3771.64,34.71,2.1498,32.24,0.472,90.31
3771.8,31.56,2.1575,22.19,0.499,98.22
3771.95,29.63,2.163,30.06,0.518,97.36
3772.1,27.82,2.1673,29.62,0.534,96.99
3772.25,29.53,2.1693,26.27,0.536,97.3
3772.41,24.27,2.1632,27.6,0.536,97.72
3772.56,29.02,2.1573,25.07,0.534,98.22
3772.71,28.45,2.1593,27.19,0.53,98.84
3772.86,34.04,2.1626,23.79,0.531,99.42
3773.02,29.78,2.1578,24.28,0.522,99.81
3773.17,24.91,2.1509,23.94,0.515,100.7
3773.32,31.17,2.1444,29.55,0.503,101.14
3773.47,30.64,2.1453,29.95,0.487,101.39
3773.63,27.07,2.149,27.37,0.47,101.61
3773.78,26.66,2.1499,32.81,0.454,101.92
3773.93,23.15,2.1497,26.19,0.435,101.91
3774.08,29.44,2.1515,29.9,0.421,102.0
3774.23,28.31,2.1474,27.14,0.413,100.97
3774.39,22.06,2.1428,27.87,0.411,100.54
3774.54,26.26,2.1449,25.35,0.408,100.19
3774.69,29.01,2.1481,27.63,0.398,100.29
3774.84,25.19,2.1527,31.01,0.386,100.75
3775.0,26.65,2.151,24.97,0.38,101.36
3775.15,29.36,2.1542,37.43,0.373,101.69
3775.3,30.8,2.1559,28.21,0.369,101.55
3775.45,24.54,2.1521,22.12,0.369,101.46
3775.61,30.85,2.1527,32.2,0.369,100.75
3775.76,24.54,2.1586,20.58,0.369,100.34
3775.91,24.19,2.1522,26.63,0.368,100.13
3776.06,25.94,2.1477,30.05,0.362,99.73
3776.22,33.16,2.1476,23.68,0.353,99.89
3776.37,29.56,2.1484,24.44,0.342,99.51
3776.52,26.73,2.1604,35.59,0.332,98.74
3776.67,25.87,2.1722,27.33,0.325,98.22
3776.83,32.27,2.1674,29.88,0.324,98.07
3776.98,27.64,2.1619,33.1,0.324,98.92
3777.13,31.76,2.1632,30.94,0.323,99.46
3777.28,28.41,2.1655,30.43,0.324,99.45
3777.44,34.59,2.1667,27.31,0.324,98.98
3777.59,31.66,2.1689,27.96,0.324,98.42
3777.74,25.45,2.1751,23.2,0.324,97.94
3777.89,24.19,2.1779,24.53,0.324,98.05
3778.04,28.44,2.1755,27.7,0.324,98.14
3778.2,30.08,2.1709,27.23,0.326,98.31
3778.35,30.98,2.1723,28.51,0.33,98.59
3778.5,25.68,2.1729,24.39,0.336,98.91
3778.65,29.09,2.169,31.26,0.341,99.21
3778.81,30.24,2.1654,24.85,0.344,99.75
3778.96,27.43,2.1651,23.53,0.346,99.79
3779.11,27.53,2.1661,43.03,0.349,99.96
3779.26,28.12,2.1689,26.47,0.351,99.87
3779.42,24.52,2.1638,23.14,0.355,99.72
3779.57,28.49,2.1572,25.66,0.356,99.67
3779.72,32.13,2.1554,29.77,0.352,99.84
3779.87,27.39,2.1538,25.68,0.344,100.32
3780.03,30.34,2.1553,23.36,0.338,100.73
3780.18,23.58,2.1527,24.22,0.336,101.05
3780.33,24.21,2.1598,34.14,0.336,101.14
3780.48,25.23,2.162,22.81,0.336,101.13
3780.64,28.94,2.1555,26.51,0.339,101.42
3780.79,27.9,2.15,29.54,0.343,101.53
3780.94,27.71,2.1495,28.75,0.345,101.25
3781.09,29.54,2.1395,32.39,0.345,101.17
3781.25,30.0,2.1379,27.62,0.345,100.88
3781.4,22.49,2.1415,24.89,0.346,100.79
3781.55,28.06,2.144,28.41,0.347,101.41
3781.7,26.98,2.1484,23.17,0.348,102.07
3781.85,26.57,2.1528,25.13,0.348,102.24
3782.01,31.55,2.1578,24.47,0.346,102.08
3782.16,26.6,2.1591,28.02,0.341,101.63
3782.31,28.04,2.1554,26.34,0.337,101.25
3782.46,28.8,2.1523,28.15,0.335,101.02
3782.62,31.35,2.152,25.52,0.334,101.2
3782.77,30.77,2.1566,22.03,0.334,101.48
3782.92,34.67,2.1585,20.78,0.334,101.42
3783.07,29.27,2.1613,30.33,0.333,101.27
3783.23,29.01,2.1617,24.46,0.331,100.64
3783.38,26.66,2.1602,26.0,0.328,100.42
3783.53,30.36,2.1612,25.92,0.327,100.41
3783.68,27.2,2.1609,23.42,0.327,100.31
3783.84,27.11,2.1593,28.31,0.329,100.05
3783.99,28.39,2.1606,23.03,0.332,99.95
3784.14,27.77,2.1657,27.91,0.334,100.19
3784.29,31.34,2.1696,24.94,0.336,99.93
3784.45,29.95,2.168,24.59,0.338,100.03
3784.6,26.87,2.1636,24.56,0.338,99.93
3784.75,27.74,2.165,27.34,0.34,99.51
3784.9,25.98,2.1559,27.54,0.342,99.27
3785.06,23.62,2.1496,21.58,0.343,99.32
3785.21,24.98,2.1465,24.64,0.343,99.14
3785.36,29.4,2.1529,27.55,0.344,98.95
3785.51,29.85,2.1595,28.26,0.343,98.84
3785.66,28.55,2.1573,26.32,0.343,98.73
3785.82,28.71,2.1609,26.14,0.344,99.11
3785.97,28.99,2.1652,24.05,0.344,99.22
3786.12,24.19,2.1604,21.22,0.345,99.58
3786.27,27.33,2.1541,26.03,0.346,99.48
3786.43,33.96,2.1539,25.66,0.347,99.27
3786.58,25.98,2.1544,23.57,0.347,99.37
3786.73,25.3,2.1577,22.99,0.347,99.48
3786.88,31.45,2.1593,29.16,0.347,99.23
3787.04,30.21,2.1631,28.89,0.347,99.24
3787.19,27.4,2.1721,27.74,0.348,99.12
3787.34,29.02,2.1779,23.65,0.348,99.36
3787.49,27.84,2.1742,29.02,0.344,99.27
3787.65,25.98,2.1704,27.13,0.341,99.33
3787.8,27.71,2.1728,25.18,0.339,99.29
3787.95,28.67,2.1745,27.12,0.338,99.47
3788.1,26.85,2.1717,25.67,0.34,99.13
3788.26,24.32,2.1705,24.63,0.342,98.7
3788.41,29.3,2.1716,26.29,0.342,98.39
3788.56,27.56,2.1747,26.7,0.341,98.18
3788.71,26.55,2.1742,27.75,0.341,97.82
3788.87,28.89,2.1724,28.35,0.344,97.73
3789.02,28.25,2.1789,24.27,0.347,97.75
3789.17,27.63,2.1798,22.69,0.352,98.12
3789.32,26.71,2.1744,26.36,0.359,98.7
3789.47,29.28,2.1727,23.59,0.363,98.65
3789.63,28.67,2.1761,22.91,0.365,98.5
3789.78,27.13,2.1705,24.23,0.366,98.31
3789.93,23.42,2.1679,24.04,0.365,98.28
3790.08,29.33,2.1726,24.03,0.363,98.28
3790.24,26.48,2.1806,19.0,0.36,98.68
3790.39,30.11,2.1825,21.62,0.356,98.6
3790.54,27.32,2.1815,25.93,0.352,98.34
3790.69,27.38,2.1836,23.3,0.35,98.26
3790.85,21.78,2.1814,23.35,0.35,98.47
3791.0,26.46,2.1823,27.01,0.351,98.5
3791.15,27.73,2.1852,28.53,0.353,98.78
3791.3,29.1,2.1878,23.56,0.356,98.7
3791.46,33.97,2.1925,22.43,0.361,98.17
3791.61,27.85,2.1975,21.31,0.362,97.89
3791.76,27.7,2.1972,31.3,0.362,97.59
3791.91,25.48,2.1949,25.16,0.364,96.84
3792.07,29.56,2.1964,21.39,0.364,95.68
3792.22,29.56,2.2005,23.31,0.364,94.52
3792.37,30.81,2.2082,28.78,0.364,94.19
3792.52,34.04,2.2068,28.79,0.365,94.63
3792.68,25.98,2.1978,25.71,0.365,95.69
3792.83,31.75,2.1956,25.92,0.364,96.44
3792.98,29.7,2.1972,25.01,0.364,96.89
3793.13,30.46,2.1973,19.75,0.364,96.69
3793.28,25.08,2.1935,22.57,0.367,96.39
3793.44,26.35,2.1978,23.48,0.371,96.27
3793.59,29.56,2.2002,25.57,0.376,95.38
3793.74,29.56,2.1948,24.93,0.381,95.27
3793.89,30.23,2.1969,24.56,0.386,95.17
3794.05,32.93,2.2002,22.84,0.39,95.19
3794.2,24.83,2.192,22.82,0.394,95.39
3794.35,30.6,2.188,26.67,0.397,95.43
3794.5,30.8,2.1892,24.03,0.398,96.25
3794.66,25.86,2.196,24.35,0.398,96.78
3794.81,32.51,2.197,20.46,0.397,96.73
3794.96,28.79,2.1921,25.71,0.394,96.38
3795.11,28.56,2.1804,20.95,0.392,95.98
3795.27,31.64,2.1705,23.54,0.391,95.98
3795.42,30.81,2.1702,24.51,0.388,95.46
3795.57,23.74,2.1752,22.84,0.385,95.57
3795.72,30.46,2.182,25.5,0.382,96.02
3795.88,30.46,2.1848,24.35,0.38,97.08
3796.03,26.32,2.1866,24.24,0.379,97.6
3796.18,33.9,2.1869,24.36,0.38,97.79
3796.33,30.9,2.1877,25.22,0.383,96.97
3796.49,29.59,2.192,24.95,0.385,95.61
3796.64,32.68,2.1927,22.19,0.389,95.01
3796.79,33.14,2.1923,21.1,0.394,94.69
3796.94,33.64,2.1867,20.6,0.396,94.77
3797.09,33.02,2.184,25.4,0.399,95.04
3797.25,32.92,2.1848,20.99,0.401,95.62
3797.4,34.04,2.1862,26.03,0.401,96.26
3797.55,33.49,2.1851,25.21,0.4,96.59
3797.7,35.26,2.1854,24.99,0.398,96.29
3797.86,30.78,2.1839,22.36,0.396,96.38
3798.01,31.92,2.1823,24.48,0.393,96.53
3798.16,32.52,2.1826,28.52,0.392,96.33
3798.31,26.99,2.1817,25.27,0.392,96.23
3798.47,33.88,2.1824,23.2,0.392,95.95
3798.62,25.7,2.1859,23.67,0.393,95.77
3798.77,26.76,2.1943,25.99,0.395,95.41
3798.92,29.78,2.2012,25.5,0.398,94.67
3799.08,27.03,2.2016,19.66,0.4,94.42
3799.23,30.71,2.2014,19.84,0.403,93.74
3799.38,29.93,2.2019,23.06,0.407,93.2
3799.53,28.26,2.203,21.5,0.411,93.04
3799.69,33.57,2.208,23.12,0.415,93.08
3799.84,31.64,2.2118,24.0,0.419,92.69
3799.99,33.52,2.2096,25.77,0.423,92.36
3800.14,29.79,2.2126,23.09,0.427,92.13
3800.3,31.04,2.2161,25.97,0.431,91.88
3800.45,32.96,2.2202,21.82,0.435,91.37
3800.6,32.17,2.223,28.32,0.438,90.54
3800.75,32.51,2.2277,25.69,0.444,89.99
3800.9,30.65,2.2342,24.12,0.449,89.24
3801.06,34.52,2.2409,20.66,0.452,88.91
3801.21,34.04,2.2447,24.78,0.454,88.58
3801.36,39.73,2.2468,23.64,0.454,88.42
3801.51,35.82,2.2517,18.73,0.453,88.03
3801.67,34.51,2.2578,20.28,0.456,88.23
3801.82,36.76,2.2601,18.42,0.458,88.53
3801.97,35.65,2.2595,21.25,0.459,87.96
3802.12,36.43,2.2601,22.92,0.459,87.89
3802.28,33.29,2.2635,21.65,0.459,87.21
3802.43,36.18,2.2732,19.02,0.459,87.47
3802.58,39.41,2.2862,21.66,0.463,86.4
3802.73,35.85,2.2902,20.11,0.486,87.09
3802.89,39.22,2.2886,21.25,0.513,86.93
3803.04,37.86,2.2863,17.35,0.553,86.83
3803.19,31.37,2.2885,17.0,0.598,84.15
3803.34,34.09,2.3021,16.88,0.657,87.55
3803.5,29.2,2.3283,8.8,0.732,87.7
3803.65,29.76,2.3772,7.22,0.819,83.24
3803.8,28.49,2.4486,7.01,0.93,75.7
3803.95,28.21,2.5102,9.1,1.086,67.69
3804.11,27.46,2.534,8.54,1.249,57.04
3804.26,31.6,2.5302,12.54,1.39,54.84
3804.41,37.23,2.5028,15.09,1.525,55.67
3804.56,49.06,2.4264,25.26,1.584,55.85
3804.71,51.75,2.3419,43.48,1.546,64.62
3804.87,58.77,2.3039,46.71,1.509,77.04
3805.02,58.97,2.2838,38.51,1.451,99.45
3805.17,54.55,2.2716,56.5,1.395,102.82
3805.32,55.23,2.2641,45.01,1.287,102.22
3805.48,52.49,2.2582,49.79,1.206,91.09
3805.63,46.22,2.2704,54.18,1.157,90.5
3805.78,56.93,2.2891,41.69,1.112,90.23
3805.93,45.88,2.3026,42.13,1.136,88.87
3806.09,51.13,2.3135,32.59,1.25,99.06
3806.24,49.29,2.3318,25.96,1.406,102.49
3806.39,50.25,2.3559,25.69,1.523,79.44
3806.54,40.34,2.3817,16.75,1.559,68.11
3806.7,42.42,2.4269,14.97,1.524,68.11
3806.85,29.72,2.4586,15.21,1.46,67.85
3807.0,30.09,2.3694,20.46,1.383,70.18
3807.15,29.62,2.2246,27.28,1.301,67.03
3807.31,31.5,2.136,29.27,1.187,70.9
3807.46,33.87,2.1106,33.92,1.051,102.52
3807.61,33.34,2.1113,32.59,0.918,111.89
3807.76,33.26,2.1196,28.68,0.769,115.26
3807.92,30.02,2.1312,28.91,0.596,115.56
3808.07,31.02,2.1394,26.17,0.478,115.82
3808.22,34.04,2.1297,30.78,0.394,116.67
3808.37,29.9,2.1178,26.64,0.344,115.89
3808.52,29.47,2.1176,29.03,0.323,115.92
3808.68,27.69,2.1206,30.13,0.312,118.57
3808.83,26.15,2.1244,36.47,0.307,116.25
3808.98,30.46,2.124,29.93,0.3,114.29
3809.13,30.46,2.1236,23.88,0.294,110.93
3809.29,31.45,2.1238,34.74,0.29,109.78
3809.44,33.33,2.1266,24.46,0.29,109.16
3809.59,31.42,2.1279,25.14,0.29,107.8
3809.74,28.82,2.128,25.59,0.294,105.48
3809.9,30.47,2.1283,29.79,0.3,110.34
3810.05,31.48,2.1293,27.21,0.308,110.53
3810.2,26.17,2.1349,26.43,0.319,110.46
3810.35,31.14,2.1428,30.2,0.329,109.7
3810.51,28.84,2.1495,27.74,0.335,109.0
3810.66,27.18,2.1522,26.42,0.341,108.45
3810.81,31.1,2.1578,23.48,0.348,108.9
3810.96,32.1,2.1724,23.48,0.355,107.5
3811.12,26.46,2.1758,27.52,0.363,104.65
3811.27,28.6,2.1701,24.52,0.371,104.88
3811.42,29.1,2.1576,24.3,0.373,103.11
3811.57,31.34,2.1513,26.69,0.377,104.79
3811.73,28.23,2.1508,32.73,0.382,107.53
3811.88,26.01,2.1499,34.21,0.383,108.28
3812.03,28.84,2.1547,26.93,0.383,109.19
3812.18,28.67,2.163,25.65,0.381,108.33
3812.33,30.22,2.1717,30.48,0.38,106.11
3812.49,23.29,2.1769,33.2,0.378,105.01
3812.64,24.93,2.1749,27.81,0.377,104.27
3812.79,28.11,2.1647,28.62,0.376,104.0
3812.94,26.44,2.1668,29.59,0.376,104.39
3813.1,30.71,2.1748,24.94,0.377,104.22
3813.25,23.0,2.1753,35.13,0.378,103.94
3813.4,33.6,2.1725,25.35,0.378,103.98
3813.55,29.03,2.1782,27.98,0.378,102.72
3813.71,30.26,2.1746,27.46,0.376,102.19
3813.86,29.56,2.1631,30.06,0.372,103.03
3814.01,30.69,2.1518,29.55,0.366,103.5
3814.16,30.03,2.1514,28.03,0.36,104.13
3814.32,27.56,2.1564,33.12,0.358,105.54
3814.47,34.04,2.1616,29.18,0.353,106.01
3814.62,30.59,2.1652,26.92,0.348,106.13
3814.77,30.52,2.1605,28.67,0.345,106.79
3814.93,35.21,2.1501,31.45,0.343,107.24
3815.08,29.69,2.149,29.95,0.342,107.72
3815.23,26.73,2.1506,26.92,0.341,108.43
3815.38,27.98,2.1555,30.37,0.341,108.2
3815.54,31.01,2.1599,27.45,0.339,107.78
3815.69,25.32,2.1612,34.9,0.337,107.56
3815.84,27.0,2.1565,26.88,0.337,107.72
3815.99,28.72,2.151,28.56,0.336,107.71
3816.14,26.95,2.1464,26.47,0.335,107.88
3816.3,30.34,2.1458,30.4,0.334,107.86
3816.45,30.46,2.1416,26.96,0.334,107.61
3816.6,32.26,2.1436,25.13,0.335,107.37
3816.75,31.68,2.1525,29.04,0.334,107.39
3816.91,27.89,2.1554,32.3,0.334,106.97
3817.06,31.35,2.1579,31.04,0.334,106.83
3817.21,29.33,2.1604,29.31,0.335,106.25
3817.36,31.17,2.1558,30.4,0.334,105.97
3817.52,33.92,2.1539,32.93,0.338,106.13
3817.67,27.46,2.155,27.58,0.34,106.44
3817.82,27.09,2.1521,31.08,0.343,106.43
3817.97,30.92,2.1513,32.28,0.344,106.51
3818.13,32.25,2.1531,32.47,0.351,106.35
3818.28,32.25,2.1469,25.29,0.343,106.28
3818.43,27.37,2.1419,28.6,0.341,106.56
3818.58,32.07,2.141,34.49,0.335,106.41
3818.74,30.39,2.1471,25.34,0.329,106.26
3818.89,24.91,2.1494,23.39,0.323,105.78
3819.04,30.9,2.1446,26.76,0.318,105.68
3819.19,27.48,2.1428,32.39,0.31,105.4
3819.35,32.74,2.1479,28.51,0.305,104.79
3819.5,31.21,2.1525,30.09,0.3,104.06
3819.65,29.49,2.1571,31.44,0.296,103.28
3819.8,29.88,2.161,18.72,0.292,103.25
3819.95,27.76,2.1552,58.95,0.288,103.77
3820.11,26.74,2.148,26.04,0.29,104.1
3820.26,29.56,2.1462,29.68,0.299,104.41
3820.41,29.56,2.1468,35.0,0.319,104.09
3820.56,28.67,2.1536,30.19,0.346,104.01
3820.72,25.4,2.1814,24.8,0.377,101.57
3820.87,27.27,2.2688,30.69,0.425,93.94
3821.02,27.56,2.3962,26.81,0.497,84.9
3821.17,27.59,2.4861,31.51,0.608,76.63
3821.33,31.15,2.5287,28.91,0.731,67.21
3821.48,45.64,2.5287,27.89,1.022,59.61
3821.63,44.78,2.4954,34.96,1.292,59.92
3821.78,47.2,2.4887,28.94,1.446,73.16
3821.94,39.56,2.4944,29.95,1.69,86.29
3822.09,42.42,2.5051,28.38,1.737,96.62
3822.24,50.89,2.5156,26.18,1.527,100.41
3822.39,49.93,2.517,26.76,1.376,97.3
3822.55,48.62,2.5106,27.13,1.327,98.09
3822.7,47.79,2.5025,30.39,1.307,96.5
3822.85,40.31,2.4892,29.18,1.316,95.21
3823.0,43.74,2.4869,32.02,1.319,96.24
3823.16,52.78,2.4858,29.95,1.311,96.66
3823.31,55.27,2.4739,25.78,1.234,97.62
3823.46,52.59,2.4595,11.63,1.105,99.13
3823.61,41.84,2.4447,13.29,1.02,99.14
3823.76,29.24,2.4302,11.41,0.96,103.84
3823.92,31.35,2.4132,10.88,0.905,107.77
3824.07,28.71,2.4066,11.27,0.896,108.35
3824.22,27.37,2.4187,15.45,0.988,109.11
3824.37,29.32,2.4356,15.85,1.107,105.91
3824.53,27.96,2.4653,16.8,1.196,95.57
3824.68,25.28,2.5153,16.3,1.294,85.21
3824.83,26.3,2.5579,15.47,1.402,71.26
3824.98,25.69,2.5368,16.98,1.51,64.21
3825.14,30.19,2.4571,18.22,1.579,67.29
3825.29,30.46,2.3957,18.11,1.59,72.15
3825.44,32.03,2.3975,19.43,1.563,77.91
3825.59,31.71,2.4178,17.56,1.493,85.21
3825.75,29.8,2.4295,18.52,1.401,89.9
3825.9,30.97,2.4288,16.28,1.348,89.57
3826.05,30.46,2.4331,17.41,1.303,87.64
3826.2,30.69,2.4398,13.91,1.268,86.05
3826.36,33.86,2.4402,19.91,1.255,85.22
3826.51,34.38,2.455,17.8,1.231,85.54
3826.66,38.52,2.4524,24.55,1.229,86.67
3826.81,38.03,2.4463,20.42,1.237,86.13
3826.97,23.06,2.4497,18.79,1.257,92.76
3827.12,14.65,2.4516,18.98,1.292,91.14
3827.27,12.32,2.4548,21.23,1.37,88.91
3827.42,11.03,2.4623,23.78,1.399,87.76
3827.57,12.54,2.4691,17.85,1.377,79.39
3827.73,16.35,2.4652,20.28,1.332,79.56
3827.88,14.77,2.4468,19.02,1.314,79.02
3828.03,18.49,2.4336,20.93,1.311,79.97
3828.18,17.02,2.4447,20.51,1.301,79.6
3828.34,15.22,2.4582,20.34,1.283,78.86
3828.49,13.27,2.4568,19.82,1.271,79.09
3828.64,13.17,2.446,24.36,1.235,79.0
3828.79,13.25,2.4499,19.53,1.236,79.5
3828.95,12.54,2.4574,17.61,1.254,80.33
3829.1,13.87,2.4554,21.13,1.251,80.27
3829.25,13.19,2.4442,17.96,1.238,79.13
3829.4,9.69,2.4482,17.71,1.266,78.85
3829.56,14.47,2.4784,19.34,1.315,79.73
3829.71,12.43,2.4882,15.41,1.339,80.44
3829.86,12.46,2.4834,18.95,1.363,80.41
3830.01,10.75,2.471,17.22,1.399,78.86
3830.17,14.06,2.4615,15.74,1.444,77.71
3830.32,12.87,2.4517,15.97,1.467,77.15
3830.47,10.28,2.4283,20.04,1.463,78.43
3830.62,10.91,2.4113,19.34,1.52,77.13
3830.78,8.47,2.4274,21.75,1.562,75.5
3830.93,12.92,2.4727,19.4,1.573,75.64
3831.08,12.59,2.5143,19.04,1.572,75.63
3831.23,12.13,2.5417,14.1,1.575,75.58
3831.38,9.04,2.5426,18.82,1.59,78.21
3831.54,11.24,2.5407,18.32,1.568,78.58
3831.69,9.86,2.5407,17.92,1.577,78.38
3831.84,10.23,2.5352,22.82,1.622,76.81
3831.99,9.85,2.5143,18.06,1.658,74.19
3832.15,11.81,2.4842,18.96,1.688,70.58
3832.3,9.12,2.4458,18.91,1.698,69.65
3832.45,12.68,2.4229,17.92,1.726,69.47
3832.6,17.75,2.4253,18.06,1.746,69.2
3832.76,17.21,2.4388,17.14,1.748,71.22
3832.91,12.98,2.4571,19.64,1.743,73.24
3833.06,16.12,2.462,20.43,1.717,74.09
3833.21,14.96,2.4513,22.02,1.684,73.93
3833.37,19.41,2.4328,20.98,1.638,73.61
3833.52,15.15,2.399,19.27,1.582,74.87
3833.67,14.44,2.381,19.31,1.515,75.01
3833.82,17.97,2.3769,18.51,1.478,78.65
3833.98,19.54,2.3854,16.37,1.456,80.17
3834.13,14.09,2.393,19.34,1.423,77.5
3834.28,14.77,2.3945,16.66,1.408,77.14
3834.43,15.88,2.4148,21.18,1.381,77.09
3834.59,13.82,2.4384,14.91,1.35,77.11
3834.74,13.44,2.4425,16.61,1.312,77.09
3834.89,11.97,2.44,20.85,1.31,77.01
3835.04,12.24,2.4316,18.06,1.311,77.08
3835.19,11.92,2.4158,21.11,1.307,77.09
3835.35,11.4,2.4116,20.43,1.311,77.01
3835.5,8.61,2.4083,17.16,1.309,77.03
3835.65,13.63,2.3934,17.64,1.31,77.07
3835.8,12.54,2.3938,16.5,1.299,77.15
3835.96,11.78,2.4018,16.52,1.292,77.01
3836.11,12.43,2.4162,16.64,1.276,77.0
3836.26,12.54,2.4254,16.38,1.259,76.89
3836.41,9.07,2.4237,15.5,1.247,76.38
3836.57,8.96,2.428,15.47,1.249,76.34
3836.72,12.54,2.4223,14.99,1.25,76.22
3836.87,10.7,2.4042,19.4,1.241,76.39
3837.02,10.94,2.4133,20.3,1.221,76.39
3837.18,15.07,2.4327,19.31,1.25,78.63
3837.33,14.66,2.4405,14.65,1.271,78.55
3837.48,14.55,2.4437,12.91,1.278,77.56
3837.63,13.76,2.4438,15.41,1.278,76.45
3837.79,17.56,2.4439,14.89,1.259,76.21
3837.94,16.48,2.436,15.06,1.268,75.35
3838.09,15.96,2.4302,14.91,1.323,75.37
3838.24,16.21,2.4298,16.01,1.353,76.59
3838.4,12.84,2.4378,16.87,1.368,77.21
3838.55,13.6,2.4414,16.81,1.38,77.81
3838.7,14.33,2.446,16.16,1.414,77.68
3838.85,14.9,2.4668,17.4,1.441,77.53
3839.0,17.67,2.4984,14.7,1.476,76.38
3839.16,13.44,2.5151,14.19,1.497,75.8
3839.31,13.44,2.523,19.7,1.516,76.56
3839.46,17.59,2.5123,16.8,1.539,74.84
3839.61,16.45,2.474,17.11,1.566,74.18
3839.77,18.27,2.4411,19.04,1.573,74.4
3839.92,18.48,2.4271,16.09,1.598,74.56
3840.07,19.71,2.4237,15.43,1.637,74.53
3840.22,16.12,2.4314,14.34,1.62,74.77
3840.38,13.27,2.4328,17.9,1.643,74.91
3840.53,14.55,2.4227,20.2,1.568,74.98
3840.68,17.56,2.4159,25.64,1.387,75.23
3840.83,15.39,2.4171,25.6,1.539,77.61
3840.99,15.85,2.4136,18.15,1.55,78.05
3841.14,15.4,2.4116,20.59,1.545,80.26
3841.29,17.68,2.416,17.82,1.54,81.07
3841.44,13.49,2.4134,21.68,1.537,81.23
3841.6,16.96,2.4033,21.55,1.542,81.34
3841.75,18.81,2.389,22.36,1.541,81.36
3841.9,16.54,2.3848,22.37,1.544,81.08
3842.05,15.2,2.387,15.52,1.536,80.71
3842.21,14.82,2.3916,17.07,1.534,79.61
3842.36,22.13,2.4013,16.56,1.53,79.66
3842.51,18.43,2.4318,16.83,1.535,79.67
3842.66,20.52,2.473,17.4,1.55,79.48
3842.81,24.04,2.4989,17.52,1.533,78.14
3842.97,16.02,2.5139,16.74,1.568,77.3
3843.12,15.23,2.5141,16.22,1.635,77.38
3843.27,16.57,2.5056,17.27,1.697,77.67
3843.42,22.4,2.5039,19.25,1.713,77.5
3843.58,19.71,2.5042,14.84,1.726,77.28
3843.73,19.08,2.5037,17.25,1.731,76.01
3843.88,15.09,2.501,16.17,1.761,74.89
3844.03,15.32,2.4943,17.06,1.865,74.89
3844.19,18.13,2.4945,16.42,1.911,74.35
3844.34,18.81,2.4902,14.29,1.967,74.09
3844.49,18.08,2.4823,15.5,1.973,74.6
3844.64,14.72,2.4755,16.25,1.982,74.71
3844.8,17.65,2.4765,16.36,2.046,74.77
3844.95,14.1,2.4753,17.45,2.075,74.82
3845.1,16.42,2.4798,17.25,2.11,69.03
3845.25,15.5,2.4841,14.49,2.146,57.74
3845.41,20.83,2.4786,15.23,2.153,58.15
3845.56,22.84,2.4669,18.26,2.159,65.19
3845.71,20.06,2.4632,19.56,2.195,75.62
3845.86,18.17,2.4816,16.76,2.323,76.06
3846.02,21.97,2.5364,17.28,2.329,76.05
3846.17,22.56,2.5859,17.47,2.356,76.07
3846.32,18.06,2.5902,15.99,2.358,76.1
3846.47,22.37,2.5679,13.26,2.348,76.05
3846.62,22.06,2.556,13.57,2.344,76.14
3846.78,19.71,2.5541,16.11,2.335,75.94
3846.93,19.71,2.5548,11.66,2.322,76.05
3847.08,19.66,2.5578,13.91,2.313,76.06
3847.23,17.92,2.5702,8.72,2.306,76.13
3847.39,23.03,2.581,13.59,2.303,75.9
3847.54,19.84,2.5765,14.19,2.291,75.89
3847.69,18.89,2.5753,15.65,2.266,76.38
3847.84,20.79,2.6086,14.6,2.403,76.51
3848.0,14.5,2.6366,15.42,2.856,76.41
3848.15,20.12,2.6299,16.6,3.39,69.64
3848.3,17.42,2.6282,14.23,3.367,65.97
3848.45,19.71,2.6419,16.13,3.336,65.97
3848.61,19.71,2.6667,15.81,3.27,66.28
3848.76,19.71,2.6993,15.74,3.371,66.24
3848.91,14.52,2.6727,15.77,3.583,66.51
3849.06,16.53,2.5955,16.85,3.659,66.54
3849.22,22.43,2.5411,18.45,3.684,66.55
3849.37,22.41,2.5593,14.22,3.669,66.63
3849.52,20.43,2.5804,16.31,3.198,66.65
3849.67,22.39,2.5645,13.84,2.562,66.67
3849.83,25.17,2.5491,13.19,2.636,66.82
3849.98,26.21,2.5383,13.87,2.714,66.84
3850.13,19.09,2.5287,11.63,2.716,66.86
3850.28,24.81,2.5173,7.54,2.793,66.81
3850.43,22.97,2.5096,9.67,3.058,67.69
3850.59,13.77,2.5107,9.5,3.627,67.58
3850.74,12.74,2.5122,11.01,3.06,67.67
3850.89,15.7,2.5076,9.64,2.569,66.5
3851.04,12.4,2.5052,9.73,2.413,66.67
3851.2,12.6,2.4867,8.42,2.258,66.43
3851.35,11.56,2.4797,10.06,2.208,66.25
3851.5,9.08,2.5217,8.35,2.216,66.02
3851.65,9.36,2.6071,9.69,2.241,65.83
3851.81,8.07,2.6484,9.01,2.235,65.22
3851.96,8.06,2.5937,9.68,2.147,66.91
3852.11,7.17,2.5491,11.34,2.021,68.5
3852.26,7.17,2.51,10.57,1.758,68.41
3852.42,7.06,2.4807,10.31,1.643,68.59
3852.57,6.4,2.481,11.47,1.666,68.37
3852.72,7.32,2.4697,9.32,1.673,70.11
3852.87,6.26,2.4595,10.91,1.685,72.89
3853.03,7.17,2.4622,11.51,1.694,73.07
3853.18,7.17,2.4617,11.05,1.73,73.18
3853.33,5.77,2.4627,13.8,1.74,72.97
3853.48,5.09,2.4643,13.44,1.741,72.83
3853.64,6.43,2.4713,12.14,1.743,73.0
3853.79,7.17,2.4666,14.49,1.746,72.72
3853.94,6.27,2.4675,13.53,1.754,72.54
3854.09,6.27,2.4808,14.79,1.767,71.92
3854.24,7.38,2.4847,12.65,1.82,71.54
3854.4,6.04,2.4822,13.0,1.825,70.81
3854.55,6.27,2.4829,13.06,1.827,70.0
3854.7,6.97,2.4781,11.13,1.835,69.67
3854.85,8.33,2.4798,12.68,1.875,71.44
3855.01,7.5,2.4808,11.94,1.599,67.84
3855.16,6.27,2.4816,13.11,1.368,62.29
3855.31,8.54,2.485,12.33,1.368,62.45
3855.46,7.49,2.491,11.37,1.366,62.88
3855.62,6.5,2.4945,10.32,1.366,62.81
3855.77,6.47,2.4916,12.43,1.37,63.35
3855.92,7.0,2.4993,13.56,1.375,63.93
3856.07,5.75,2.5054,10.18,1.381,64.95
3856.23,4.6,2.4794,10.94,1.377,70.37
3856.38,7.17,2.4409,11.5,1.376,71.5
3856.53,8.03,2.4389,16.64,1.375,70.91
3856.68,4.98,2.4488,15.57,1.369,70.88
3856.84,4.47,2.4517,10.8,1.362,70.74
3856.99,6.73,2.4521,12.81,1.35,70.77
3857.14,6.25,2.4487,13.93,1.349,67.97
3857.29,5.37,2.4551,12.4,1.328,67.32
3857.45,7.17,2.4772,11.33,1.319,67.95
3857.6,8.19,2.4995,15.71,1.272,70.5
3857.75,7.98,2.4791,15.66,1.219,74.71
3857.9,8.24,2.4323,17.65,1.17,72.39
3858.05,4.69,2.3941,15.55,1.127,71.88
3858.21,7.4,2.3721,20.48,1.124,69.08
3858.36,6.27,2.3587,18.44,1.123,69.18
3858.51,6.27,2.3683,20.47,1.132,69.28
3858.66,6.43,2.3976,13.46,1.172,69.31
3858.82,6.55,2.4219,17.42,1.25,69.1
3858.97,8.06,2.4365,18.03,1.268,69.13
3859.12,7.42,2.4519,20.04,1.348,68.99
3859.27,7.89,2.4459,16.43,1.576,69.07
3859.43,7.18,2.4228,14.66,1.791,68.87
3859.58,8.72,2.4056,15.99,1.819,68.89
3859.73,8.76,2.4003,17.13,1.836,68.95
3859.88,8.96,2.4118,14.28,1.85,72.0
3860.04,4.59,2.4434,14.47,1.862,74.75
3860.19,6.28,2.4812,14.89,1.865,73.97
3860.34,6.75,2.5078,13.52,1.867,69.7
3860.49,6.27,2.5111,10.96,1.869,66.88
3860.65,4.71,2.5037,8.85,1.875,64.59
3860.8,7.71,2.5021,9.47,1.873,67.24
3860.95,7.17,2.4976,7.23,1.882,67.04
3861.1,7.31,2.4908,10.81,1.88,61.62
3861.26,3.76,2.4936,19.41,1.847,59.9
3861.41,6.76,2.5003,16.06,1.798,74.63
3861.56,7.13,2.5202,14.13,1.753,75.33
3861.71,6.74,2.5397,13.05,1.671,75.23
3861.86,7.16,2.5605,14.17,1.57,75.28
3862.02,6.73,2.5715,16.06,1.552,75.34
3862.17,5.44,2.5421,14.65,1.541,75.35
3862.32,7.09,2.4954,14.54,1.534,75.23
3862.47,6.32,2.4601,15.9,1.532,75.4
3862.63,6.66,2.4474,14.7,1.522,75.35
3862.78,5.53,2.4383,14.1,1.522,75.37
3862.93,5.55,2.4325,14.72,1.484,75.3
3863.08,6.58,2.4335,15.62,1.397,75.34
3863.24,6.7,2.4226,15.49,1.378,75.58
3863.39,8.7,2.4052,13.12,1.381,75.38
3863.54,7.17,2.4028,13.7,1.377,75.42
3863.69,6.43,2.4072,16.19,1.373,74.76
3863.85,7.79,2.4056,13.66,1.36,75.16
3864.0,5.03,2.4052,14.06,1.347,75.1
3864.15,7.81,2.4088,13.89,1.338,74.47
3864.3,4.9,2.4204,14.57,1.34,73.7
3864.46,4.92,2.4337,13.05,1.349,73.92
3864.61,6.27,2.4413,14.77,1.382,73.05
3864.76,6.97,2.4426,13.18,1.383,74.06
3864.91,5.28,2.4359,15.95,1.379,75.64
3865.07,8.62,2.4257,15.12,1.385,75.32
3865.22,4.19,2.4196,13.81,1.383,75.27
3865.37,6.6,2.4223,13.85,1.378,75.27
3865.52,7.17,2.4283,13.93,1.382,75.2
3865.67,7.17,2.4389,13.08,1.376,75.17
3865.83,6.97,2.4536,13.54,1.38,75.18
3865.98,8.06,2.4564,13.63,1.388,75.1
3866.13,7.02,2.4485,13.68,1.376,74.88
3866.28,7.23,2.4392,8.92,1.366,74.1
3866.44,8.56,2.4381,8.23,1.371,74.18
3866.59,5.47,2.4565,8.01,1.389,74.16
3866.74,7.67,2.4796,8.5,1.421,73.52
3866.89,7.16,2.4896,9.12,1.468,73.27
3867.05,6.27,2.5089,8.27,1.531,73.13
3867.2,6.33,2.5273,9.1,1.615,72.19
3867.35,7.99,2.5314,7.99,1.689,70.93
3867.5,5.67,2.5337,9.01,1.76,68.4
3867.66,8.71,2.5321,8.17,1.797,66.05
3867.81,7.24,2.537,8.16,1.784,62.92
3867.96,9.67,2.5266,8.71,1.709,64.37
3868.11,15.92,2.5139,10.01,1.982,68.6
3868.27,13.77,2.5195,14.54,2.116,73.31
3868.42,11.26,2.5305,18.08,2.115,78.13
3868.57,10.73,2.5329,18.13,2.107,78.92
3868.72,7.79,2.5421,16.07,2.098,78.13
3868.88,11.99,2.5618,15.35,2.086,77.51
3869.03,13.07,2.5422,14.72,2.068,77.16
3869.18,12.94,2.4668,16.93,2.051,76.47
3869.33,14.54,2.427,12.32,2.038,75.41
3869.48,16.57,2.4242,13.95,2.03,75.34
3869.64,15.05,2.4211,15.44,2.033,74.66
3869.79,12.82,2.4197,17.07,2.03,73.99
3869.94,12.28,2.4293,15.16,2.037,74.33
3870.09,13.1,2.4319,16.65,2.021,75.26
3870.25,10.48,2.4319,19.34,2.01,76.79
3870.4,11.08,2.4347,16.99,2.039,76.22
3870.55,13.69,2.4959,12.68,2.142,72.67
3870.7,10.98,2.5747,8.39,2.229,70.79
3870.86,12.74,2.5967,7.3,2.318,68.75
3871.01,8.41,2.6085,7.22,2.512,65.88
3871.16,12.69,2.61,7.79,2.747,64.64
3871.31,10.81,2.583,10.39,2.855,64.53
3871.47,12.85,2.5919,10.99,2.854,67.94
3871.62,13.47,2.6192,11.81,2.742,65.91
3871.77,15.19,2.5827,8.49,2.884,66.32
3871.92,9.9,2.5285,8.12,2.892,65.02
3872.08,8.03,2.5202,10.61,2.895,62.81
3872.23,6.35,2.5237,9.39,2.894,61.2
3872.38,6.96,2.5218,9.16,2.884,60.82
3872.53,8.01,2.5226,11.97,2.867,59.94
3872.69,7.17,2.5159,9.83,2.877,60.79
3872.84,7.17,2.5071,11.08,2.931,62.68
3872.99,6.09,2.5061,10.33,2.915,64.4
3873.14,7.17,2.511,12.27,2.885,64.16
3873.29,8.86,2.5194,11.9,2.849,64.49
3873.45,8.96,2.515,9.36,2.828,64.22
3873.6,6.01,2.5069,11.03,2.834,63.64
3873.75,9.7,2.5229,11.64,2.807,62.86
3873.9,6.49,2.5397,9.34,2.764,62.27
3874.06,7.17,2.5509,8.29,2.734,61.79
3874.21,7.17,2.5616,9.85,2.737,61.57
3874.36,6.27,2.5673,9.43,2.768,61.5
3874.51,6.27,2.5677,10.35,2.835,62.01
3874.67,7.3,2.5703,9.01,2.9,61.87
3874.82,5.48,2.5721,8.15,2.953,61.67
3874.97,9.49,2.5768,8.49,3.038,62.87
3875.12,9.3,2.5859,9.5,3.136,63.48
3875.28,6.27,2.5963,7.82,3.248,64.67
3875.43,4.76,2.6072,8.09,3.366,64.67
3875.58,6.85,2.6057,4.48,3.481,64.81
3875.73,8.61,2.5946,6.0,3.597,64.89
3875.89,6.27,2.586,6.09,3.721,64.85
3876.04,8.69,2.5889,6.22,3.867,65.08
3876.19,7.84,2.5933,6.11,4.013,65.04
3876.34,7.1,2.6053,5.58,4.166,65.21
3876.5,7.17,2.6082,7.0,4.359,65.4
3876.65,2.86,2.596,7.58,4.478,65.32
3876.8,7.17,2.5742,7.36,4.674,65.34
3876.95,6.28,2.553,7.65,4.632,65.38
3877.1,7.17,2.5276,7.84,4.261,65.39
3877.26,2.77,2.5015,11.72,3.753,65.52
3877.41,6.27,2.4968,10.21,3.2,67.46
3877.56,6.18,2.4996,11.04,2.874,70.31
3877.71,6.0,2.4994,11.0,2.644,69.41
3877.87,7.31,2.4999,14.0,2.379,69.76
3878.02,7.35,2.5114,9.68,2.234,69.92
3878.17,8.45,2.5092,12.82,2.164,69.89
3878.32,4.48,2.4753,14.5,2.123,69.85
3878.48,4.99,2.4547,12.05,2.027,69.9
3878.63,5.7,2.4542,9.79,1.969,69.84
3878.78,6.89,2.4528,11.45,1.943,69.81
3878.93,7.39,2.4661,10.13,1.923,69.78
3879.09,7.7,2.4873,11.61,1.902,69.49
3879.24,9.49,2.4773,13.16,1.877,69.67
3879.39,5.43,2.456,12.29,1.853,69.67
3879.54,5.37,2.4383,13.79,1.823,70.0
3879.7,4.48,2.4469,12.78,1.797,71.03
3879.85,7.27,2.4486,13.96,1.774,71.92
3880.0,5.22,2.4359,17.83,1.79,73.93
3880.15,5.59,2.43,18.44,1.825,74.87
3880.31,4.48,2.4287,13.94,1.844,72.37
3880.46,6.73,2.4355,15.32,1.868,69.55
3880.61,8.32,2.4542,9.69,1.894,69.45
3880.76,7.95,2.4728,9.93,1.932,69.49
3880.91,7.37,2.4964,10.54,2.018,69.47
3881.07,7.88,2.5291,9.54,2.182,69.44
3881.22,7.01,2.534,10.0,2.431,69.3
3881.37,6.4,2.536,9.51,2.666,69.24
3881.52,5.47,2.5311,8.24,2.801,69.23
3881.68,7.06,2.5201,8.45,2.939,68.49
3881.83,6.7,2.5179,8.0,3.35,68.42
3881.98,8.05,2.5181,7.91,3.012,68.38
3882.13,5.84,2.527,8.14,2.372,68.38
3882.29,4.52,2.5511,8.53,2.319,67.9
3882.44,5.79,2.5601,9.21,2.308,67.46
3882.59,4.57,2.5518,7.9,2.305,66.02
3882.74,6.78,2.5426,8.69,2.302,64.27
3882.9,7.17,2.5397,8.01,2.293,63.2
3883.05,6.63,2.5435,9.48,2.283,62.77
3883.2,6.97,2.5252,9.78,2.266,63.22
3883.35,6.5,2.5077,9.5,2.251,63.69
3883.51,5.63,2.4945,10.03,2.243,64.16
3883.66,5.99,2.4976,10.32,2.237,64.81
3883.81,4.17,2.5156,9.33,2.22,66.01
3883.96,5.77,2.5502,8.99,2.223,67.4
3884.12,5.92,2.5777,9.19,2.27,67.75
3884.27,7.42,2.5939,8.16,2.221,67.35
3884.42,6.06,2.598,10.39,2.313,66.61
3884.57,7.38,2.5881,9.99,2.346,65.83
3884.72,4.05,2.5702,9.26,2.35,63.16
3884.88,6.07,2.5443,9.24,2.347,64.57
3885.03,5.53,2.52,8.14,2.349,65.57
3885.18,5.17,2.5054,11.04,2.349,66.52
3885.33,4.74,2.5036,10.28,2.349,67.51
3885.49,7.92,2.4947,11.56,2.351,67.96
3885.64,7.48,2.4917,10.59,2.363,68.14
3885.79,6.51,2.4954,9.38,2.428,68.55
3885.94,7.17,2.5031,9.57,2.45,68.74
3886.1,7.17,2.5102,11.94,2.004,69.44
3886.25,5.59,2.5079,11.77,2.456,68.86
3886.4,8.0,2.5045,10.92,2.448,68.46
3886.55,7.86,2.5133,10.52,2.438,67.74
3886.71,3.66,2.5176,10.18,2.427,67.62
3886.86,5.75,2.5207,8.52,2.449,66.96
3887.01,6.28,2.5264,8.57,2.469,66.61
3887.16,7.17,2.5269,8.58,2.462,66.56
3887.32,7.17,2.5425,8.54,2.468,66.59
3887.47,7.65,2.5586,8.64,2.468,66.1
3887.62,8.06,2.5671,8.32,2.474,65.54
3887.77,6.54,2.5532,10.44,2.475,63.48
3887.93,5.3,2.5267,8.67,2.478,63.77
3888.08,6.61,2.5079,10.08,2.508,64.82
3888.23,4.78,2.4949,11.78,2.486,65.93
3888.38,7.17,2.4897,9.32,2.497,66.15
3888.53,7.29,2.4869,9.55,2.509,66.64
3888.69,8.06,2.5038,9.95,2.517,67.77
3888.84,4.79,2.508,8.4,2.522,67.93
3888.99,7.5,2.5102,9.0,2.52,67.61
3889.14,5.92,2.5219,9.7,2.516,65.86
3889.3,8.06,2.5439,8.97,2.507,65.37
3889.45,7.17,2.5666,8.34,2.483,66.97
3889.6,7.17,2.5622,9.31,2.409,68.37
3889.75,7.17,2.5298,9.63,2.338,69.65
3889.91,5.08,2.5059,9.61,2.285,69.67
3890.06,4.74,2.4905,13.68,2.253,69.69
3890.21,8.27,2.4801,11.91,2.229,69.66
3890.36,6.01,2.4763,13.08,2.192,69.78
3890.52,4.33,2.4718,14.81,2.136,69.87
3890.67,7.17,2.4724,12.48,2.103,70.04
3890.82,7.17,2.4691,12.07,2.087,70.08
3890.97,6.61,2.4653,12.0,2.072,69.55
3891.13,6.36,2.4668,12.09,2.047,69.35
3891.28,7.01,2.4804,13.04,2.004,69.37
3891.43,6.4,2.494,12.38,1.897,69.3
3891.58,6.07,2.4851,13.71,1.848,69.18
3891.74,4.63,2.4686,13.08,1.845,70.06
3891.89,5.75,2.4513,13.43,1.834,71.45
3892.04,6.28,2.4412,14.05,1.823,72.93
3892.19,5.81,2.4291,12.97,1.815,73.5
3892.34,6.27,2.4292,15.58,1.803,73.39
3892.5,4.84,2.4358,14.39,1.793,72.46
3892.65,5.51,2.442,12.28,1.774,70.93
3892.8,6.04,2.4678,13.49,1.746,70.05
3892.95,7.45,2.4894,15.55,1.713,69.86
3893.11,8.62,2.4942,13.19,1.71,69.15
3893.26,4.17,2.4891,12.9,1.696,68.47
3893.41,7.28,2.5002,13.09,1.673,68.1
3893.56,10.89,2.4933,13.7,1.675,68.58
3893.72,8.62,2.4768,12.48,1.671,71.12
3893.87,7.01,2.4774,12.52,1.665,71.3
3894.02,6.88,2.4818,16.37,1.659,71.85
3894.17,6.27,2.478,12.89,1.662,71.77
3894.33,6.27,2.4713,14.57,1.689,70.56
3894.48,6.27,2.4642,14.08,1.792,69.68
3894.63,6.27,2.4642,14.27,1.958,69.84
3894.78,6.5,2.4656,12.59,2.126,70.5
3894.94,7.86,2.4628,14.92,2.201,70.03
3895.09,6.76,2.4553,14.7,2.238,70.07
3895.24,6.47,2.4496,15.5,2.302,70.15
3895.39,5.63,2.4531,11.32,2.438,69.99
3895.55,7.31,2.4966,10.0,2.637,68.94
3895.7,6.27,2.5802,9.55,2.872,58.94
3895.85,5.49,2.6267,8.32,3.152,57.61
3896.0,6.95,2.6519,6.88,3.624,54.28
3896.15,8.06,2.6587,5.54,4.386,54.1
3896.31,6.43,2.6619,4.57,5.155,54.6
3896.46,7.04,2.6625,3.42,5.26,55.42
3896.61,7.56,2.6672,3.36,5.153,55.78
3896.76,3.77,2.673,3.23,5.09,55.43
3896.92,8.49,2.6701,3.29,5.086,57.07
3897.07,10.73,2.6714,3.74,5.12,58.82
3897.22,10.31,2.6764,3.49,5.102,50.98
3897.37,8.09,2.6712,4.26,5.076,57.06
3897.53,10.33,2.6655,4.06,4.886,55.01
3897.68,8.02,2.6669,3.49,4.712,54.18
3897.83,6.66,2.6845,3.13,4.653,54.77
3897.98,8.96,2.6901,3.67,4.618,54.97
3898.14,8.43,2.6707,3.55,4.591,55.11
3898.29,8.16,2.6642,3.79,4.627,54.22
3898.44,8.4,2.6788,4.83,4.772,52.55
3898.59,7.81,2.6781,5.88,4.751,58.24
3898.75,8.03,2.6336,6.73,4.594,62.36
3898.9,7.77,2.5532,6.91,4.321,63.12
3899.05,7.68,2.5032,8.4,3.947,63.26
3899.2,9.32,2.493,9.6,3.474,63.83
3899.36,11.39,2.4991,10.86,3.192,62.61
3899.51,8.68,2.4995,13.14,3.062,60.75
3899.66,8.08,2.4997,13.52,3.05,66.39
3899.81,10.32,2.5109,11.56,2.982,69.98
3899.96,10.95,2.5263,12.22,2.788,73.16
3900.12,9.45,2.5264,13.09,2.633,66.63
3900.27,9.16,2.5249,12.16,2.496,66.53
3900.42,6.84,2.5142,10.56,2.392,70.56
3900.57,8.06,2.5029,9.62,2.343,75.44
3900.73,7.43,2.5111,17.7,2.286,68.68
3900.88,8.6,2.5106,14.28,2.237,67.74
3901.03,7.64,2.489,15.29,2.194,71.73
3901.18,10.66,2.4638,15.27,2.104,72.24
3901.34,8.8,2.4455,14.01,1.96,74.93
3901.49,8.19,2.446,14.05,1.856,75.89
3901.64,9.85,2.4499,17.19,1.774,73.84
3901.79,14.14,2.4569,15.68,1.719,73.23
3901.95,9.23,2.4453,12.75,1.707,73.1
3902.1,9.89,2.4172,14.36,1.681,73.61
3902.25,11.64,2.3942,15.63,1.632,71.23
3902.4,10.75,2.392,18.82,1.596,75.59
3902.56,10.27,2.3943,21.32,1.608,68.94
3902.71,8.15,2.3978,18.3,1.622,68.89
3902.86,9.85,2.3985,17.97,1.683,72.61
3903.01,9.72,2.3961,16.51,1.785,68.64
3903.17,10.19,2.3986,18.97,1.886,77.07
3903.32,8.06,2.4096,17.53,1.957,80.05
3903.47,9.74,2.408,12.33,2.034,81.14
3903.62,8.06,2.3934,9.72,2.099,71.41
3903.77,4.55,2.3838,10.62,2.196,67.84
3903.93,5.97,2.4045,8.01,2.309,67.09
3904.08,4.48,2.4589,7.28,2.399,68.34
3904.23,7.71,2.5064,8.77,2.457,65.96
3904.38,8.83,2.5235,11.3,2.57,63.56
3904.54,4.89,2.5277,7.92,2.644,65.15
3904.69,7.6,2.5156,11.92,2.668,59.28
3904.84,6.73,2.4844,10.12,2.657,57.81
3904.99,6.68,2.4488,11.64,2.63,57.79
3905.15,6.79,2.431,10.24,2.613,57.76
3905.3,8.06,2.4388,12.73,2.64,57.81
3905.45,5.91,2.4565,16.46,2.673,58.01
3905.6,13.44,2.4684,15.09,2.682,58.45
3905.76,14.06,2.5033,17.44,2.685,59.3
3905.91,13.68,2.5176,15.48,2.701,59.56
3906.06,15.23,2.5173,17.03,2.752,60.62
3906.21,14.43,2.5378,15.51,2.824,62.14
3906.37,12.01,2.5788,14.71,2.983,65.23
3906.52,10.05,2.5978,16.03,3.206,71.77
3906.67,6.77,2.6084,10.14,3.478,69.68
3906.82,9.69,2.6171,5.68,3.691,67.2
3906.98,6.27,2.6148,4.03,4.087,61.66
3907.13,8.92,2.6106,5.42,4.486,57.13
3907.28,4.03,2.6097,6.93,4.699,56.94
3907.43,12.47,2.606,6.57,5.064,55.38
3907.58,7.59,2.6069,8.25,5.398,55.86
3907.74,9.12,2.6204,9.94,5.528,65.98
3907.89,10.53,2.6245,9.49,5.035,65.5
3908.04,7.93,2.6215,9.69,4.688,65.18
3908.19,9.98,2.6311,6.61,4.629,63.71
3908.35,9.05,2.6401,5.26,4.562,61.82
3908.5,8.74,2.6223,5.8,4.411,59.7
3908.65,9.85,2.6056,5.54,4.367,56.23
3908.8,9.27,2.6093,5.22,4.341,56.29
3908.96,8.36,2.614,7.99,4.176,56.83
3909.11,7.41,2.5847,10.37,4.001,56.25
3909.26,11.29,2.5537,6.79,3.951,55.49
3909.41,8.58,2.5467,9.18,3.923,56.02
3909.57,11.03,2.5489,8.57,3.825,61.35
3909.72,10.29,2.5512,8.33,3.66,63.0
3909.87,10.75,2.5664,8.08,3.538,65.75
3910.02,8.67,2.5843,8.02,3.499,66.62
3910.18,9.22,2.5905,8.16,3.49,66.29
3910.33,8.41,2.5904,9.02,3.491,64.61
3910.48,10.46,2.5957,7.11,3.529,63.48
3910.63,9.85,2.6111,7.8,3.552,61.41
3910.79,7.75,2.6111,8.56,3.574,57.81
3910.94,7.94,2.6014,7.94,3.668,56.48
3911.09,6.83,2.6074,8.0,3.992,57.18
3911.24,7.87,2.6119,9.28,4.485,56.84
3911.39,6.31,2.6125,9.78,4.675,57.61
3911.55,6.47,2.6329,9.45,4.674,57.69
3911.7,13.72,2.6423,9.47,4.685,58.58
3911.85,10.1,2.6285,9.4,4.692,59.83
3912.0,13.18,2.6187,9.65,4.696,65.49
3912.16,12.5,2.6057,10.75,4.692,68.41
3912.31,12.99,2.5941,9.27,4.688,67.87
3912.46,12.55,2.6051,7.51,4.698,64.83
3912.61,12.96,2.6419,8.36,4.687,63.51
3912.77,14.29,2.6805,8.87,4.686,64.77
3912.92,12.43,2.6753,6.98,4.688,64.8
3913.07,11.51,2.6355,6.37,4.828,64.27
3913.22,9.85,2.6183,5.05,5.14,62.87
3913.38,9.05,2.6172,4.88,5.32,61.95
3913.53,7.63,2.6076,3.72,5.416,57.56
3913.68,9.32,2.601,4.66,5.618,58.62
3913.83,9.31,2.5911,4.55,5.9,59.09
3913.99,5.52,2.5894,3.75,6.089,59.21
3914.14,6.27,2.6018,4.74,6.127,60.18
3914.29,6.27,2.6122,3.58,6.289,61.29
3914.44,8.18,2.608,4.58,6.273,62.4
3914.6,8.06,2.6038,4.45,6.285,63.5
3914.75,8.06,2.5979,6.32,6.341,64.61
3914.9,10.54,2.5924,4.86,6.363,64.8
3915.05,13.92,2.5973,5.01,6.405,64.8
3915.2,15.87,2.5967,6.09,6.392,64.77
3915.36,15.23,2.5891,9.7,6.192,64.59
3915.51,14.33,2.5863,10.12,6.027,64.55
3915.66,15.82,2.5812,9.37,5.706,64.67
3915.81,15.31,2.5834,8.74,5.191,78.79
3915.97,15.72,2.5898,10.22,5.102,78.6
3916.12,15.91,2.5884,10.83,5.032,79.2
3916.27,16.22,2.5876,10.6,4.759,69.67
3916.42,15.1,2.5934,9.99,4.484,67.55
3916.58,13.85,2.5999,9.86,4.17,67.94
3916.73,19.93,2.6091,9.8,4.035,68.75
3916.88,20.48,2.6168,9.54,4.004,68.01
3917.03,19.76,2.6233,10.47,3.963,63.22
3917.19,17.05,2.6284,10.22,3.953,60.26
3917.34,9.85,2.6218,9.07,4.104,61.05
3917.49,12.54,2.6166,6.38,4.122,61.94
3917.64,13.96,2.6146,6.56,4.204,62.27
3917.8,13.56,2.6125,6.5,4.242,62.19
3917.95,14.62,2.6158,6.64,4.264,60.83
3918.1,13.24,2.6224,7.6,4.273,58.76
3918.25,10.22,2.6258,6.41,4.301,58.78
3918.41,9.85,2.6281,6.62,4.321,59.03
3918.56,8.74,2.6185,6.36,4.374,59.67
3918.71,9.08,2.6104,6.37,4.461,43.71
3918.86,7.52,2.6057,8.52,4.459,43.0
3919.01,8.06,2.5914,7.98,4.387,44.64
3919.17,8.06,2.5896,8.35,4.31,47.58
3919.32,6.07,2.5854,7.19,4.276,60.77
3919.47,8.96,2.5753,6.89,4.204,62.89
3919.62,5.87,2.565,7.88,4.134,60.4
3919.78,5.81,2.5631,7.67,4.115,57.19
3919.93,5.6,2.5639,7.4,4.054,57.04
3920.08,4.89,2.5755,6.67,3.962,57.0
3920.23,6.27,2.5969,6.22,3.856,56.54
3920.39,6.27,2.6212,5.24,3.8,56.27
3920.54,6.27,2.6364,6.21,3.759,55.86
3920.69,7.76,2.6267,10.93,3.718,55.74
3920.84,11.13,2.6061,10.73,3.682,57.78
3921.0,16.77,2.5909,11.68,3.652,66.95
3921.15,13.33,2.5782,9.84,3.658,67.75
3921.3,13.73,2.5708,9.11,3.606,68.31
3921.45,14.17,2.5676,8.46,3.546,67.64
3921.61,16.05,2.57,9.44,3.439,65.67
3921.76,11.25,2.5773,7.94,3.316,65.55
3921.91,11.6,2.5709,7.65,3.31,65.23
3922.06,8.96,2.5689,8.42,3.309,65.2
3922.22,10.72,2.578,7.73,3.313,65.4
3922.37,11.64,2.586,8.36,3.305,65.33
3922.52,9.89,2.5862,11.57,3.302,64.7
3922.67,13.01,2.5932,11.95,3.303,64.62
3922.82,13.24,2.6135,11.83,3.283,64.55
3922.98,10.46,2.5866,10.08,3.241,64.79
3923.13,12.48,2.5733,10.23,3.214,64.89
3923.28,10.06,2.5718,11.0,3.246,64.89
3923.43,12.45,2.5759,10.89,3.27,64.89
3923.59,11.09,2.5849,11.56,3.303,64.87
3923.74,9.73,2.5689,11.45,3.352,64.9
3923.89,11.28,2.5609,10.17,3.377,64.84
3924.04,7.46,2.5667,10.41,3.412,64.88
3924.2,8.35,2.5695,8.47,3.526,64.83
3924.35,14.88,2.5666,8.82,3.621,64.84
3924.5,13.44,2.5701,9.64,3.694,64.8
3924.65,10.95,2.5786,10.41,3.758,64.85
3924.81,12.31,2.5887,8.4,3.802,64.81
3924.96,10.29,2.6128,8.33,3.899,64.77
3925.11,11.72,2.6229,6.77,3.991,64.78
3925.26,10.75,2.6114,6.34,4.046,64.14
3925.42,10.21,2.6183,5.08,4.092,60.14
3925.57,7.73,2.6412,4.38,4.128,58.97
3925.72,11.19,2.6532,4.36,4.203,58.64
3925.87,9.51,2.6434,4.93,4.424,59.26
3926.03,8.71,2.6281,6.21,4.621,60.29
3926.18,11.09,2.6232,6.11,4.593,61.63
3926.33,11.65,2.6196,6.48,4.78,61.67
3926.48,11.65,2.6294,6.69,4.809,61.7
3926.63,13.3,2.6385,7.19,4.811,61.66
3926.79,11.65,2.6302,6.54,4.836,61.64
3926.94,12.5,2.6189,6.68,4.872,62.52
3927.09,14.57,2.6193,5.66,4.873,65.09
3927.24,8.99,2.6149,4.13,4.875,64.92
3927.4,9.41,2.5993,5.87,4.88,56.67
3927.55,8.03,2.5796,6.11,4.96,57.62
3927.7,6.79,2.5857,5.77,5.321,58.72
3927.85,4.52,2.6044,6.41,5.394,59.09
3928.01,6.37,2.6197,5.97,5.177,59.05
3928.16,7.04,2.6266,5.76,5.029,59.03
3928.31,5.37,2.6162,6.02,4.928,59.06
3928.46,10.57,2.6082,5.63,4.851,59.15
3928.62,7.85,2.6136,6.47,4.813,59.43
3928.77,5.37,2.6163,7.31,4.769,59.87
3928.92,6.54,2.6073,6.49,4.694,60.08
3929.07,7.6,2.5995,6.87,4.611,59.88
3929.23,9.25,2.5994,6.18,4.561,59.67
3929.38,6.07,2.6076,4.8,4.548,59.36
3929.53,6.42,2.5891,6.02,4.528,59.63
3929.68,7.46,2.5713,5.23,4.502,61.01
3929.84,6.04,2.5725,6.65,4.463,61.24
3929.99,7.82,2.5691,7.61,4.744,61.43
3930.14,5.17,2.5589,6.42,5.25,61.52
3930.29,5.5,2.5626,6.88,5.16,61.23
3930.44,5.91,2.5672,6.91,5.164,61.09
3930.6,7.5,2.5627,7.19,5.161,61.19
3930.75,8.5,2.5691,6.36,5.159,61.16
3930.9,8.06,2.573,7.77,5.163,61.17
3931.05,8.83,2.5677,6.87,5.156,61.11
3931.21,8.85,2.5715,6.97,5.159,61.21
3931.36,6.37,2.5775,7.11,5.166,61.07
3931.51,7.87,2.5775,6.06,5.157,62.82
3931.66,8.74,2.5825,6.69,5.15,62.72
3931.82,7.4,2.5874,6.87,5.14,60.97
3931.97,6.23,2.5861,8.36,5.146,61.2
3932.12,9.73,2.582,7.07,4.988,61.27
3932.27,6.37,2.591,9.41,4.962,61.25
3932.43,6.74,2.5852,7.56,5.038,61.34
3932.58,5.4,2.5762,6.17,5.132,61.3
3932.73,6.65,2.583,6.78,5.174,61.39
3932.88,8.1,2.5943,6.43,5.193,63.03
3933.04,8.96,2.6096,5.44,5.175,64.53
3933.19,9.73,2.6158,6.72,5.246,64.52
3933.34,7.01,2.61,5.6,5.263,64.09
3933.49,8.87,2.5996,6.2,5.31,63.63
3933.65,8.06,2.6014,6.89,5.371,62.49
3933.8,8.06,2.6105,6.32,5.43,62.19
3933.95,10.96,2.6159,6.49,5.434,61.66
3934.1,14.04,2.6099,5.61,5.448,61.17
3934.25,10.11,2.6008,5.51,5.481,61.27
3934.41,8.79,2.6085,5.68,5.134,61.7
3934.56,8.06,2.6352,6.06,5.005,62.08
3934.71,7.37,2.6455,6.86,5.006,60.69
3934.86,8.06,2.6298,4.72,5.013,61.4
3935.02,8.29,2.6194,5.48,5.01,62.44
3935.17,8.96,2.6146,5.44,5.011,62.36
3935.32,7.55,2.6102,7.31,4.977,61.94
3935.47,4.84,2.5915,8.6,4.81,61.82
3935.63,7.11,2.5735,8.09,4.526,61.59
3935.78,5.99,2.5623,7.86,4.377,61.63
3935.93,8.62,2.5596,8.18,4.249,62.19
3936.08,8.58,2.5631,7.44,4.148,62.55
3936.24,6.27,2.5661,8.25,4.001,62.43
3936.39,6.27,2.5567,7.64,3.879,62.41
3936.54,8.41,2.536,8.71,3.829,64.17
3936.69,8.74,2.5287,10.82,3.792,65.78
3936.85,5.76,2.5258,10.73,3.721,65.47
3937.0,5.42,2.5182,8.08,3.667,65.62
3937.15,5.79,2.4991,9.44,3.65,65.59
3937.3,8.03,2.492,10.7,3.628,65.55
3937.46,5.82,2.5049,9.24,3.58,65.59
3937.61,6.27,2.5103,8.86,3.55,65.72
3937.76,6.27,2.5219,8.92,3.515,65.82
3937.91,6.23,2.5374,10.46,3.488,72.25
3938.06,5.37,2.5482,8.7,3.409,65.6
3938.22,5.37,2.5492,7.37,3.192,64.36
3938.37,6.42,2.531,9.48,3.098,64.34
3938.52,6.99,2.5219,10.21,3.08,64.44
3938.67,5.37,2.5277,11.68,3.078,64.49
3938.83,8.06,2.5312,10.53,3.074,64.43
3938.98,8.06,2.5282,9.07,3.07,65.19
3939.13,7.77,2.5219,9.53,3.066,65.52
3939.28,5.66,2.5288,8.46,3.058,65.9
3939.44,5.37,2.5369,9.23,3.051,66.26
3939.59,6.01,2.5403,10.3,3.101,66.02
3939.74,7.17,2.5364,9.94,3.23,65.33
3939.89,7.17,2.5436,10.61,3.315,65.42
3940.05,5.37,2.5464,8.07,3.388,65.16
3940.2,6.06,2.5282,5.45,3.563,64.89
3940.35,5.12,2.5321,5.4,3.797,64.17
3940.5,7.34,2.5491,5.7,3.97,63.81
3940.66,6.83,2.5718,5.49,4.169,62.77
3940.81,6.58,2.6058,5.0,4.282,61.18
3940.96,8.34,2.6184,5.4,4.473,60.89
3941.11,7.17,2.6234,5.99,4.716,61.09
3941.27,6.38,2.6328,4.27,5.041,60.32
3941.42,6.47,2.6312,4.4,5.45,60.08
3941.57,7.35,2.6249,4.65,5.844,60.15
3941.72,8.14,2.6219,4.34,6.057,60.11
3941.87,5.37,2.6145,5.12,6.08,60.23
3942.03,9.62,2.6038,5.17,6.1,60.37
3942.18,7.71,2.597,4.65,6.095,60.32
3942.33,6.27,2.6044,5.89,6.081,60.58
3942.48,6.7,2.602,5.38,6.084,60.45
3942.64,6.27,2.5991,5.05,6.235,60.68
3942.79,5.33,2.6075,5.98,6.288,59.45
3942.94,4.62,2.6095,4.57,6.275,59.88
3943.09,7.07,2.619,4.23,6.323,59.07
3943.25,8.77,2.6405,4.6,6.789,59.17
3943.4,6.27,2.6499,4.49,7.198,58.62
3943.55,8.69,2.6618,4.83,7.184,58.43
3943.7,5.72,2.6675,4.96,7.156,58.71
3943.86,7.05,2.6513,5.62,7.162,57.67
3944.01,8.0,2.6384,5.27,7.171,58.96
3944.16,8.06,2.6235,5.42,7.207,59.28
3944.31,8.06,2.623,5.81,7.19,58.44
3944.47,6.78,2.6252,5.84,7.351,58.35
3944.62,8.96,2.6284,4.45,7.44,58.34
3944.77,8.96,2.6391,5.36,7.382,58.91
3944.92,5.66,2.6297,4.59,7.376,58.14
3945.08,5.6,2.6175,4.7,7.352,58.09
3945.23,8.33,2.6152,5.18,7.328,58.2
3945.38,5.63,2.6215,4.23,7.307,58.11
3945.53,5.56,2.6206,4.13,7.372,57.72
3945.68,6.27,2.631,4.76,7.501,57.6
3945.84,4.79,2.6506,4.18,7.677,57.53
3945.99,5.42,2.6612,3.8,7.856,59.35
3946.14,7.42,2.6673,3.66,8.073,65.73
3946.29,6.17,2.6658,3.13,8.28,58.97
3946.45,8.45,2.671,3.64,8.358,52.19
3946.6,6.82,2.6813,3.54,8.327,59.45
3946.75,8.14,2.6887,4.03,8.344,57.35
3946.9,8.45,2.6886,3.18,8.324,57.34
3947.06,6.41,2.6727,4.2,8.26,57.33
3947.21,9.44,2.6573,4.2,8.132,57.38
3947.36,7.21,2.6562,4.1,7.977,57.34
3947.51,6.28,2.6429,3.94,7.556,56.39
3947.67,6.28,2.6259,4.47,6.948,56.71
3947.82,5.76,2.6264,5.51,6.305,56.85
3947.97,5.48,2.6309,4.54,6.24,59.58
3948.12,9.05,2.6263,5.47,6.202,60.5
3948.28,8.12,2.6302,6.35,6.209,61.4
3948.43,8.96,2.6345,6.85,6.282,62.88
3948.58,7.17,2.6395,6.35,6.472,62.69
3948.73,8.27,2.6441,4.43,6.846,60.61
3948.89,9.94,2.643,4.82,7.062,60.26
3949.04,5.06,2.6409,5.39,7.16,59.88
3949.19,8.82,2.643,5.32,7.178,58.31
3949.34,9.27,2.6516,4.77,7.182,57.85
3949.49,9.34,2.6603,5.14,7.361,58.3
3949.65,8.43,2.6482,4.81,7.53,64.77
3949.8,7.97,2.6362,5.34,7.542,57.22
3949.95,7.77,2.6415,5.43,7.48,57.16
3950.1,5.6,2.6413,5.03,7.327,57.25
3950.26,6.27,2.6251,5.97,7.058,58.01
3950.41,6.77,2.6225,5.41,6.89,57.84
3950.56,6.64,2.6329,5.51,6.595,58.13
3950.71,8.06,2.6405,6.4,6.028,59.66
3950.87,8.8,2.6485,5.95,5.86,60.02
3951.02,8.65,2.6409,5.88,5.983,60.66
3951.17,9.6,2.6324,5.19,6.052,61.54
3951.32,7.6,2.633,5.08,6.119,60.02
3951.48,9.06,2.6399,5.21,6.126,59.96
3951.63,9.49,2.6491,4.84,6.452,59.58
3951.78,8.14,2.6556,4.67,6.581,58.29
3951.93,7.94,2.6513,4.6,6.6,57.57
3952.09,6.41,2.6465,4.5,6.617,57.82
3952.24,7.72,2.637,4.82,6.626,57.23
3952.39,4.52,2.6291,4.06,6.61,57.53
3952.54,5.39,2.6374,4.45,6.569,57.59
3952.7,9.85,2.638,5.45,6.542,59.18
3952.85,8.02,2.6402,5.52,6.431,60.27
3953.0,6.27,2.6424,5.68,5.994,61.43
3953.15,6.27,2.6169,6.65,5.596,61.83
3953.3,6.21,2.5953,6.6,5.399,61.67
3953.46,5.37,2.5986,6.47,5.379,61.49
3953.61,5.46,2.6151,5.51,5.371,61.98
3953.76,6.82,2.6198,6.68,5.352,61.83
3953.91,8.73,2.6113,6.42,5.35,61.55
3954.07,8.89,2.6054,7.11,5.388,61.63
3954.22,9.57,2.612,6.73,5.518,59.61
3954.37,9.27,2.6166,6.45,5.637,59.53
3954.52,5.49,2.6172,6.85,5.693,59.65
3954.68,9.85,2.6107,7.05,5.7,59.73
3954.83,7.47,2.6039,6.76,5.649,59.59
3954.98,6.69,2.6087,6.59,5.678,60.51
3955.13,7.62,2.6144,7.12,5.786,60.25
3955.29,6.96,2.6169,5.97,5.987,60.38
3955.44,10.9,2.6229,6.07,6.178,60.27
3955.59,7.54,2.6321,5.37,6.208,60.25
3955.74,9.36,2.6279,4.59,6.259,59.48
3955.9,7.75,2.6185,5.19,6.32,58.6
3956.05,7.17,2.623,5.48,6.083,58.06
3956.2,9.46,2.6331,4.59,5.587,58.82
3956.35,9.62,2.6412,5.48,4.868,59.23
3956.51,6.79,2.6189,6.89,4.419,60.69
3956.66,7.35,2.5927,6.57,4.407,60.64
3956.81,7.09,2.5725,6.43,4.405,60.95
3956.96,6.15,2.5593,6.55,4.275,63.21
3957.11,8.01,2.5423,7.39,4.06,64.57
3957.27,8.13,2.5402,8.92,3.857,65.25
3957.42,6.29,2.5385,8.81,3.751,65.28
3957.57,8.06,2.5336,7.59,3.709,65.04
3957.72,6.28,2.5369,9.93,3.608,65.07
3957.88,7.63,2.5481,9.36,3.519,64.58
3958.03,5.47,2.5502,9.45,3.524,64.88
3958.18,7.07,2.5601,7.93,3.551,64.56
3958.33,6.39,2.5777,7.76,3.598,64.56
3958.49,8.06,2.5811,7.55,3.629,64.59
3958.64,9.59,2.5719,8.74,3.661,64.02
3958.79,8.26,2.5545,7.75,3.689,63.71
3958.94,7.95,2.5495,6.7,3.707,63.73
3959.1,7.74,2.5589,7.9,3.703,64.26
3959.25,5.8,2.5624,8.43,3.715,63.97
3959.4,6.86,2.5653,7.14,3.71,63.37
3959.55,6.77,2.5679,7.24,3.625,63.03
3959.71,8.33,2.5709,7.69,3.56,63.26
3959.86,8.18,2.5573,7.77,3.562,63.41
3960.01,7.34,2.541,8.68,3.562,63.54
3960.16,8.51,2.5493,8.57,3.559,63.74
3960.32,7.85,2.5662,8.73,3.564,63.01
3960.47,5.62,2.5722,9.3,3.578,62.33
3960.62,5.56,2.5717,7.79,3.574,62.46
3960.77,6.34,2.5674,8.36,3.609,62.53
3960.92,6.69,2.5698,7.47,3.734,62.57
3961.08,5.98,2.5813,8.79,3.972,62.28
3961.23,7.17,2.592,7.1,4.068,62.16
3961.38,7.17,2.6057,6.81,4.074,62.99
3961.53,7.17,2.6091,7.23,4.122,62.59
3961.69,9.14,2.6178,6.45,4.159,62.63
3961.84,8.06,2.6159,7.27,4.17,62.12
3961.99,8.96,2.5998,6.07,4.177,62.11
3962.14,8.96,2.5927,6.59,4.201,61.65
3962.3,8.47,2.6009,6.34,4.222,61.86
3962.45,7.21,2.5982,6.09,4.251,61.95
3962.6,6.75,2.5986,5.53,4.296,60.6
3962.75,8.96,2.6129,5.87,4.363,59.59
3962.91,8.96,2.6125,5.15,4.402,58.53
3963.06,7.2,2.6059,5.44,4.461,58.28
3963.21,8.56,2.6153,5.08,4.533,57.93
3963.36,4.54,2.6219,4.7,4.577,57.55
3963.52,6.93,2.6275,4.58,4.522,57.83
3963.67,8.06,2.6156,4.82,4.414,58.09
3963.82,9.16,2.5867,5.85,4.324,59.8
3963.97,7.5,2.5817,6.42,4.28,60.53
3964.13,9.85,2.5836,6.88,4.261,62.41
3964.28,8.2,2.5784,8.36,4.248,63.84
3964.43,9.56,2.5808,7.32,4.238,63.74
3964.58,8.46,2.5889,7.87,4.196,63.8
3964.73,8.78,2.6008,7.05,4.036,63.25
3964.89,7.17,2.6123,8.97,3.862,63.93
3965.04,7.17,2.6075,8.38,3.726,62.95
3965.19,7.84,2.5957,8.24,3.683,61.66
3965.34,9.21,2.5843,7.15,3.641,60.71
3965.5,7.26,2.5838,7.15,3.593,60.17
3965.65,9.14,2.5912,6.87,3.553,60.0
3965.8,9.58,2.5957,5.52,3.534,60.04
3965.95,6.75,2.6016,8.64,3.533,59.59
3966.11,11.65,2.6117,8.94,3.562,59.27
3966.26,11.65,2.6249,8.55,3.633,58.97
3966.41,8.87,2.6139,8.27,3.713,58.64
3966.56,8.75,2.5964,7.8,3.732,58.54
3966.72,6.81,2.5954,7.33,3.779,59.94
3966.87,8.72,2.5988,8.25,3.849,60.66
3967.02,9.47,2.5902,8.71,3.899,61.27
3967.17,8.11,2.5847,8.58,3.906,62.63
3967.33,6.76,2.591,8.05,3.883,64.29
3967.48,8.01,2.5921,8.56,3.844,66.5
3967.63,7.15,2.5917,9.17,3.78,66.73
3967.78,6.28,2.59,5.12,3.725,66.61
3967.94,7.99,2.5926,6.04,3.637,66.09
3968.09,7.23,2.5931,3.62,3.532,65.42
3968.24,9.45,2.5802,4.89,3.478,65.91
3968.39,10.69,2.5739,4.28,3.493,66.11
3968.54,7.26,2.5732,5.54,3.593,66.49
3968.7,8.23,2.5628,4.25,3.731,66.91
3968.85,7.12,2.5621,5.05,3.804,66.43
3969.0,9.85,2.5824,4.7,3.834,65.64
3969.15,9.28,2.6018,5.26,3.85,63.17
3969.31,8.54,2.6032,4.83,3.909,59.81
3969.46,8.67,2.6008,5.45,4.082,58.84
3969.61,8.96,2.6034,4.59,4.286,59.27
3969.76,8.96,2.5959,4.89,4.326,60.68
3969.92,9.47,2.5874,4.82,4.36,61.48
3970.07,8.72,2.5966,5.2,4.419,62.48
3970.22,6.48,2.6082,4.59,4.503,62.7
3970.37,9.85,2.6102,5.21,4.6,62.27
3970.53,10.5,2.6067,5.1,4.667,60.47
3970.68,11.98,2.6173,5.57,4.754,60.86
3970.83,12.27,2.6261,5.02,4.819,60.26
3970.98,10.91,2.6267,4.94,4.934,59.39
3971.14,12.54,2.6292,4.78,5.128,60.23
3971.29,11.78,2.6263,5.91,5.234,60.08
3971.44,11.97,2.6195,6.58,5.282,58.79
3971.59,8.59,2.6138,8.05,5.368,57.46
3971.75,12.53,2.603,6.79,5.212,57.45
3971.9,9.51,2.601,6.64,5.069,57.42
3972.05,11.0,2.6098,7.79,4.959,60.03
3972.2,10.01,2.6158,8.04,4.896,63.09
3972.35,10.34,2.6169,8.99,4.818,63.09
3972.51,11.6,2.6129,8.91,4.751,62.53
3972.66,9.88,2.6043,7.36,4.59,62.57
3972.81,8.95,2.6028,9.25,4.36,62.64
3972.96,9.95,2.605,8.82,4.146,62.67
3973.12,9.85,2.6092,7.82,4.04,62.67
3973.27,10.84,2.62,8.73,3.95,63.56
3973.42,13.32,2.6258,9.04,3.873,63.49
3973.57,13.72,2.6182,8.86,3.835,63.67
3973.73,11.09,2.5993,9.0,3.806,64.6
3973.88,13.24,2.5993,9.48,3.744,64.93
3974.03,12.99,2.6119,10.04,3.618,64.38
3974.18,11.0,2.6114,9.52,3.422,64.3
3974.34,11.51,2.6131,7.52,3.361,64.28
3974.49,13.15,2.6211,8.29,3.348,64.31
3974.64,10.68,2.6147,7.94,3.348,64.08
3974.79,10.57,2.6081,8.32,3.347,64.14
3974.95,8.06,2.6113,9.91,3.34,63.83
3975.1,11.33,2.6119,10.19,3.315,63.88
3975.25,9.4,2.6129,9.73,3.276,64.06
3975.4,12.11,2.614,9.9,3.253,64.34
3975.56,10.1,2.6143,8.85,3.251,66.33
3975.71,10.75,2.6105,9.25,3.257,69.28
3975.86,12.34,2.613,9.26,3.182,66.52
3976.01,14.27,2.6114,9.69,3.151,65.92
3976.16,11.05,2.6046,9.89,3.04,67.32
3976.32,12.41,2.5951,9.03,2.971,68.28
3976.47,12.78,2.5932,9.38,2.887,68.05
3976.62,11.65,2.593,9.74,2.788,67.65
3976.77,14.89,2.5978,10.22,2.762,67.55
3976.93,14.09,2.5882,8.66,2.761,67.96
3977.08,12.67,2.5691,9.06,2.773,67.69
3977.23,11.65,2.5555,8.44,2.755,67.42
3977.38,13.36,2.5498,8.76,2.698,66.52
3977.54,12.59,2.538,18.1,2.636,66.39
3977.69,10.27,2.5331,5.97,2.589,68.27
3977.84,14.32,2.5355,5.39,2.523,70.05
3977.99,11.74,2.5331,4.93,2.423,73.22
3978.15,9.85,2.5267,5.45,2.281,75.21
3978.3,13.78,2.5303,4.79,2.222,76.48
3978.45,14.05,2.534,5.3,2.165,76.76
3978.6,10.37,2.5302,5.15,2.067,77.62
3978.76,12.37,2.5216,5.71,2.025,77.61
3978.91,12.38,2.5065,5.03,1.991,77.29
3979.06,10.18,2.5097,4.23,1.909,77.11
3979.21,11.4,2.5052,5.01,1.886,74.44
3979.37,11.51,2.4986,5.19,1.889,72.36
3979.52,12.55,2.4958,5.3,1.89,71.72
3979.67,12.54,2.4844,4.69,1.844,71.5
3979.82,12.54,2.4767,5.36,1.839,72.79
3979.97,12.73,2.4782,5.32,1.842,78.19
3980.13,12.78,2.4831,4.39,1.849,79.0
3980.28,13.44,2.4864,4.62,1.845,79.21
3980.43,14.8,2.4824,5.18,1.748,79.29
3980.58,10.19,2.4793,5.73,1.705,79.19
3980.74,13.44,2.485,5.59,1.706,79.25
3980.89,12.35,2.4897,5.86,1.708,79.17
3981.04,14.99,2.5022,5.55,1.712,79.22
3981.19,13.43,2.5162,5.27,1.712,79.23
3981.35,14.42,2.5226,5.47,1.706,79.33
3981.5,12.46,2.5173,5.61,1.702,79.22
3981.65,10.75,2.5207,4.51,1.709,79.35
3981.8,14.85,2.5236,4.89,1.714,79.36
3981.96,14.57,2.5266,5.06,1.718,70.09
3982.11,13.46,2.5227,5.4,1.717,69.16
3982.26,13.22,2.5156,5.46,1.743,70.38
3982.41,12.13,2.5149,4.64,1.8,70.32
3982.57,14.25,2.515,5.07,1.823,70.3
3982.72,14.79,2.5216,5.12,1.814,70.26
3982.87,16.12,2.5251,4.72,1.806,70.14
3983.02,16.12,2.5212,4.2,1.798,70.16
3983.18,10.83,2.5488,6.05,1.796,70.12
3983.33,13.44,2.5869,4.39,1.801,70.09
3983.48,11.7,2.5852,5.43,1.828,70.09
3983.63,12.02,2.5791,5.22,1.841,69.95
3983.78,12.38,2.5712,5.71,1.845,70.17
3983.94,12.38,2.5872,4.98,1.844,69.98
3984.09,14.57,2.5984,5.45,1.854,69.94
3984.24,9.85,2.5843,5.19,1.874,69.89
3984.39,10.26,2.5752,4.89,1.918,69.93
3984.55,11.35,2.5874,5.41,1.983,69.93
3984.7,10.75,2.5953,5.54,2.081,69.84
3984.85,12.0,2.5981,5.54,2.23,69.73
3985.0,13.44,2.6006,5.15,2.374,68.89
3985.16,11.48,2.6045,5.51,2.463,67.58
3985.31,13.65,2.5999,5.92,2.537,64.03
3985.46,12.97,2.5993,5.3,2.597,61.75
3985.61,8.64,2.6044,5.06,2.693,60.9
3985.77,10.42,2.605,4.7,2.938,60.76
3985.92,8.41,2.6069,4.72,3.432,60.37
3986.07,6.43,2.6037,5.22,3.894,60.34
3986.22,7.76,2.5951,5.29,4.044,52.29
3986.38,10.21,2.5966,4.17,4.092,61.13
3986.53,7.49,2.6052,4.5,4.189,63.75
3986.68,7.27,2.6012,4.82,4.47,64.59
3986.83,8.96,2.5857,4.58,4.374,64.26
3986.99,11.4,2.5767,6.29,4.194,64.29
3987.14,7.55,2.5884,5.93,4.174,64.38
3987.29,5.54,2.5928,6.88,4.158,65.63
3987.44,7.33,2.5839,6.92,4.149,68.15
3987.59,9.72,2.578,6.85,4.131,65.77
3987.75,9.39,2.5828,7.04,4.103,66.08
3987.9,13.44,2.5863,7.05,4.05,66.09
3988.05,13.06,2.5914,5.67,4.013,64.05
3988.2,6.46,2.6006,5.35,3.998,62.17
3988.36,13.52,2.587,5.33,3.991,62.2
3988.51,11.75,2.5735,4.66,3.981,62.18
3988.66,12.92,2.5822,5.47,3.976,62.26
3988.81,13.84,2.5912,4.93,3.844,62.25
3988.97,10.04,2.5929,4.93,3.28,62.15
3989.12,15.69,2.5906,5.75,3.277,62.33
3989.27,11.97,2.5922,4.68,3.276,61.98
3989.42,13.17,2.5918,7.08,3.274,61.67
3989.58,12.24,2.594,7.78,3.278,63.3
3989.73,12.05,2.5936,7.28,3.274,64.21
3989.88,9.85,2.5885,6.37,3.276,64.22
3990.03,11.46,2.5897,7.21,3.275,64.13
3990.19,10.1,2.5876,6.48,3.27,64.27
3990.34,10.75,2.589,7.06,3.256,64.39
3990.49,11.43,2.6012,6.43,3.247,64.65
3990.64,10.99,2.6022,6.92,3.244,65.0
3990.8,13.06,2.6003,6.18,3.246,65.14
3990.95,11.65,2.5928,7.83,3.281,64.94
3991.1,12.38,2.6,7.35,3.275,65.0
3991.25,10.75,2.6028,6.15,3.281,65.03
3991.4,15.58,2.5933,6.88,3.286,65.07
3991.56,13.6,2.576,6.29,3.291,66.18
3991.71,10.75,2.577,6.09,3.309,65.9
3991.86,12.38,2.5731,7.08,3.315,65.59
3992.01,9.94,2.5792,6.65,3.335,65.62
3992.17,11.89,2.5837,6.31,3.469,65.55
3992.32,13.44,2.5812,6.23,3.742,65.52
3992.47,9.85,2.5969,6.82,3.84,65.44
3992.62,13.32,2.6177,6.81,3.857,65.48
3992.78,10.32,2.6146,6.1,3.882,65.53
3992.93,14.33,2.61,7.57,3.982,65.45
3993.08,12.08,2.6117,7.09,3.967,65.4
3993.23,11.65,2.6236,6.45,3.872,65.47
3993.39,12.13,2.6337,7.51,3.817,65.48
3993.54,10.8,2.635,7.85,3.802,65.49
3993.69,12.16,2.6304,6.47,3.805,65.5
3993.84,11.73,2.6165,6.98,3.798,65.46
3994.0,10.37,2.6158,8.39,3.674,65.48
3994.15,12.43,2.6222,7.09,3.644,65.46
3994.3,11.65,2.6246,6.15,3.636,65.48
3994.45,11.78,2.6286,7.91,3.632,65.42
3994.61,11.35,2.6244,7.35,3.634,65.46
3994.76,10.75,2.6112,7.2,3.666,65.44
3994.91,9.5,2.6077,6.96,3.766,65.42
3995.06,11.32,2.6016,6.67,3.77,65.47
3995.21,11.49,2.565,7.43,3.773,65.5
3995.37,11.65,2.5443,6.42,3.782,65.46
3995.52,10.97,2.5428,6.65,3.78,65.5
3995.67,12.37,2.5422,7.18,3.787,65.48
3995.82,10.11,2.5438,6.54,3.799,65.54
3995.98,10.12,2.5495,6.86,3.815,65.45
3996.13,11.48,2.5476,7.34,3.814,65.49
3996.28,9.56,2.5428,7.23,3.743,65.42
3996.43,11.72,2.5442,7.28,3.706,65.44
3996.59,16.37,2.542,8.2,3.678,65.36
3996.74,12.09,2.5395,7.48,3.67,65.35
3996.89,15.07,2.5376,7.75,3.654,65.36
3997.04,14.25,2.5455,8.77,3.65,65.41
3997.2,18.19,2.5594,8.05,3.63,65.45
3997.35,13.6,2.5581,7.97,3.622,65.4
3997.5,13.44,2.5487,8.79,3.62,65.39
3997.65,13.44,2.5421,8.57,3.622,65.35
3997.81,11.15,2.5484,8.29,3.618,65.34
3997.96,10.75,2.55,6.75,3.616,65.39
3998.11,12.03,2.5587,6.56,3.616,65.35
3998.26,10.85,2.5679,7.27,3.624,65.47
3998.42,10.92,2.5599,7.74,3.3,65.38
3998.57,8.11,2.5556,6.88,3.368,65.29
3998.72,10.5,2.5628,8.21,3.372,65.38
3998.87,11.41,2.5649,7.19,3.372,65.28
3999.02,8.96,2.5585,6.98,3.373,65.32
3999.18,9.96,2.5491,6.25,3.374,65.29
3999.33,11.32,2.5536,7.14,3.374,65.31
3999.48,7.93,2.5626,8.06,3.374,65.33
3999.63,8.95,2.5738,7.27,3.373,65.34
3999.79,9.12,2.5739,7.12,3.378,65.08
3999.94,12.34,2.5689,8.29,3.375,65.19
4000.09,9.85,2.5685,7.92,3.377,65.23
4000.24,12.45,2.566,8.09,3.371,65.36
4000.4,11.21,2.5651,9.0,3.389,65.76
4000.55,11.21,2.5578,8.38,3.402,66.29
4000.7,11.23,2.5599,9.63,3.395,66.01
4000.85,9.73,2.5734,9.63,3.395,65.88
4001.01,13.35,2.5757,9.97,3.392,66.1
4001.16,9.69,2.5736,11.48,3.391,68.16
4001.31,9.85,2.5688,11.31,3.395,69.17
4001.46,9.85,2.5667,14.89,3.391,69.83
4001.62,9.6,2.568,12.93,3.393,71.16
4001.77,11.53,2.5721,11.94,3.398,70.88
4001.92,10.75,2.5756,12.06,3.396,69.34
4002.07,10.75,2.5819,10.38,3.399,69.37
4002.23,11.22,2.5886,10.78,3.397,67.35
4002.38,11.82,2.5915,10.69,3.394,67.11
4002.53,11.24,2.5892,7.83,3.392,66.95
4002.68,10.75,2.596,9.52,3.394,66.92
4002.83,11.15,2.6006,8.45,3.398,66.93
4002.99,12.54,2.6103,8.96,3.395,66.95
4003.14,11.67,2.6136,8.78,3.396,67.04
4003.29,10.72,2.6168,8.48,3.398,66.95
4003.44,11.31,2.6086,8.0,3.398,66.83
4003.6,12.39,2.597,9.45,3.402,71.65
4003.75,10.88,2.591,9.83,3.398,56.7
4003.9,11.65,2.5941,8.48,3.402,65.04
4004.05,11.11,2.5923,9.88,3.398,65.09
4004.21,9.28,2.5884,8.36,3.398,65.07
4004.36,11.08,2.5945,9.23,3.402,65.08
4004.51,12.14,2.5939,8.34,3.398,64.92
4004.66,11.64,2.5764,11.02,3.402,65.02
4004.82,12.54,2.5689,9.36,3.401,64.93
4004.97,11.3,2.5777,8.37,3.395,64.97
4005.12,13.58,2.5898,8.8,3.395,64.91
4005.27,8.15,2.5972,9.46,3.393,65.0
4005.43,12.11,2.5994,8.95,3.393,65.0
4005.58,9.4,2.5978,8.89,3.392,65.01
4005.73,10.51,2.5857,9.41,3.393,64.93
4005.88,11.26,2.5885,9.95,3.394,64.86
4006.04,12.45,2.5983,8.44,3.391,64.86
4006.19,12.87,2.6104,8.57,3.389,64.84
4006.34,14.36,2.6245,9.09,3.388,64.85
4006.49,13.5,2.6226,8.13,3.394,64.85
4006.64,11.14,2.6132,8.76,3.394,64.92
4006.8,12.65,2.6171,8.74,3.389,64.8
4006.95,13.83,2.6142,8.84,3.425,64.72
4007.1,10.83,2.6043,8.96,3.462,64.79
4007.25,9.85,2.6016,8.56,3.485,64.74
4007.41,9.85,2.5995,8.6,3.498,64.8
4007.56,12.63,2.6013,9.59,3.516,64.73
4007.71,9.91,2.6081,9.37,3.516,64.77
4007.86,12.51,2.6131,9.41,3.543,64.63
4008.02,10.76,2.6109,9.06,3.557,64.7
4008.17,13.91,2.6121,6.64,3.572,64.62
4008.32,10.75,2.6176,4.5,3.577,64.69
4008.47,11.72,2.625,6.08,3.582,64.71
4008.63,9.96,2.6267,6.07,3.627,64.64
4008.78,12.16,2.6215,6.1,3.722,64.58
4008.93,9.35,2.6081,5.98,3.751,64.57
4009.08,11.82,2.6163,5.76,3.772,64.52
4009.24,10.96,2.6221,6.01,3.774,64.6
4009.39,12.54,2.6225,6.34,3.775,64.47
4009.54,12.41,2.6223,6.33,3.774,64.47
4009.69,9.86,2.6219,5.74,3.771,64.52
4009.85,11.96,2.6234,5.43,3.77,64.52
4010.0,15.3,2.6189,5.54,3.771,64.44
4010.15,14.67,2.6189,6.17,3.84,64.5
4010.3,13.84,2.6254,6.49,4.69,64.52
4010.45,13.69,2.6291,6.35,5.355,63.2
4010.61,13.67,2.6257,6.07,5.265,62.89
4010.76,11.34,2.6173,6.04,5.26,62.69
4010.91,10.87,2.6255,5.58,5.252,62.73
4011.06,8.24,2.6411,5.61,5.255,62.75
4011.22,10.75,2.6498,5.67,5.248,62.32
4011.37,10.44,2.6401,5.73,5.256,62.09
4011.52,9.38,2.6255,5.96,5.248,62.37
4011.67,13.69,2.6248,6.66,5.252,62.28
4011.83,13.32,2.6377,6.72,5.252,63.28
4011.98,12.59,2.6518,6.65,5.253,63.39
4012.13,10.66,2.6616,6.22,5.246,62.47
4012.28,10.98,2.6532,5.68,5.183,62.7
4012.44,8.36,2.6402,5.87,5.108,61.91
4012.59,9.76,2.6277,5.59,5.113,61.77
4012.74,9.89,2.6333,6.25,5.116,61.66
4012.89,13.37,2.6389,5.8,5.115,61.67
4013.05,10.77,2.6429,5.78,5.108,61.75
4013.2,9.45,2.6444,6.6,5.11,61.73
4013.35,8.96,2.6476,5.9,5.112,61.6
4013.5,9.44,2.6456,6.35,5.117,61.9
4013.66,11.7,2.6411,6.04,5.112,62.7
4013.81,13.05,2.6297,6.46,5.112,62.83
4013.96,8.14,2.6265,6.46,5.105,63.67
4014.11,10.57,2.6252,6.6,5.111,63.55
4014.26,12.96,2.6275,8.28,5.112,63.47
4014.42,12.17,2.6283,7.67,5.112,63.16
4014.57,11.91,2.6307,8.06,5.112,63.97
4014.72,13.44,2.6311,7.56,5.113,63.6
4014.87,11.91,2.6272,7.9,5.108,63.54
4015.03,10.82,2.6331,6.71,5.112,63.63
4015.18,12.7,2.6279,6.2,5.114,63.75
4015.33,9.85,2.6201,6.03,5.114,63.33
4015.48,11.86,2.6199,6.44,5.114,62.53
4015.64,10.52,2.6231,5.46,5.111,62.51
4015.79,10.33,2.6337,5.91,5.112,61.03
4015.94,11.65,2.6287,6.36,5.107,60.83
4016.09,11.02,2.6194,7.24,5.104,61.54
4016.25,8.73,2.6204,6.02,5.097,61.15
4016.4,9.56,2.623,5.68,5.099,60.79
4016.55,9.71,2.6205,7.13,5.094,53.02
4016.7,9.28,2.6234,7.39,5.095,51.59
4016.86,10.64,2.6326,6.24,5.101,59.33
4017.01,8.76,2.6428,6.33,5.08,60.45
4017.16,13.9,2.6471,6.98,5.049,60.58
4017.31,10.83,2.6373,6.99,5.051,60.6
4017.47,13.44,2.6349,6.79,5.076,60.56
4017.62,14.02,2.6444,7.23,5.076,60.47
4017.77,12.54,2.6483,7.25,5.081,60.56
4017.92,11.57,2.644,6.85,5.105,60.51
4018.07,12.55,2.6395,6.79,5.173,60.47
4018.23,13.89,2.6436,6.45,5.274,60.57
4018.38,10.77,2.6464,6.59,5.321,60.56
4018.53,11.16,2.6447,5.87,5.321,60.5
4018.68,10.75,2.6317,6.05,5.309,60.52
4018.84,13.3,2.6208,7.03,5.324,60.8
4018.99,9.85,2.6191,6.96,5.438,64.76
4019.14,10.39,2.6142,6.82,5.984,61.64
4019.29,12.44,2.6005,7.13,6.044,61.56
4019.45,12.21,2.5945,6.37,6.05,61.49
4019.6,11.4,2.6056,7.39,6.042,61.48
4019.75,13.45,2.6267,6.66,6.052,61.47
4019.9,8.85,2.6407,6.87,6.044,61.28
4020.06,10.07,2.6387,5.08,6.049,61.2
4020.21,12.54,2.6408,5.65,6.098,59.64
4020.36,11.25,2.6354,5.14,6.252,59.67
4020.51,10.06,2.6315,4.76,6.363,59.69
4020.67,10.08,2.6384,4.59,6.441,59.59
4020.82,10.75,2.6536,4.46,6.491,59.64
4020.97,10.75,2.6597,4.54,6.599,59.55
4021.12,8.43,2.6504,4.56,6.675,59.6
4021.28,7.89,2.6559,4.29,6.744,59.59
4021.43,9.54,2.6587,4.45,6.731,59.25
4021.58,9.24,2.6537,4.26,6.702,58.88
4021.73,8.96,2.6604,4.57,6.726,58.78
4021.88,10.52,2.6645,4.83,6.714,58.74
4022.04,9.65,2.6531,4.33,6.686,55.15
4022.19,10.75,2.6499,4.51,6.625,48.19
4022.34,13.14,2.658,5.63,6.571,48.05
4022.49,14.39,2.661,4.74,6.473,56.8
4022.65,11.86,2.6554,5.94,6.453,57.48
4022.8,13.47,2.6458,6.33,6.466,57.48
4022.95,11.14,2.6436,5.75,6.405,57.44
4023.1,10.76,2.6546,5.69,6.375,57.53
4023.26,11.63,2.6568,4.98,6.483,57.45
4023.41,10.71,2.6613,5.24,7.043,57.38
4023.56,9.92,2.6751,5.01,7.601,57.45
4023.71,6.41,2.6748,4.4,7.792,57.37
4023.87,8.96,2.6646,4.64,7.746,57.33
4024.02,8.96,2.6538,4.81,7.728,57.51
4024.17,9.49,2.6491,5.26,7.748,57.43
4024.32,10.06,2.6454,5.67,7.738,57.48
4024.48,11.08,2.6394,5.32,7.753,57.43
4024.63,8.7,2.6358,4.95,7.756,57.48
4024.78,7.17,2.6313,4.33,7.751,57.42
4024.93,12.5,2.6348,4.65,7.762,57.39
4025.09,6.83,2.6359,4.58,7.763,57.46
4025.24,10.38,2.6401,4.95,7.76,57.49
4025.39,10.25,2.647,5.19,7.705,57.5
4025.54,10.12,2.6525,4.59,7.634,57.48
4025.69,6.05,2.6573,4.39,8.009,57.69
4025.85,9.62,2.6522,4.09,8.797,57.96
4026.0,10.36,2.6528,4.35,9.027,57.06
4026.15,8.33,2.6662,4.03,9.036,56.2
4026.3,10.41,2.6703,2.95,9.036,56.24
4026.46,8.37,2.6685,3.23,9.062,56.18
4026.61,6.41,2.6726,3.02,9.167,56.37
4026.76,7.55,2.6817,3.13,9.063,56.09
4026.91,7.51,2.6839,3.43,9.064,56.16
4027.07,10.61,2.6829,3.0,9.269,55.38
4027.22,6.54,2.678,2.77,9.28,56.23
4027.37,6.64,2.6861,3.46,9.288,56.12
4027.52,8.0,2.6842,3.69,9.254,56.17
4027.68,7.97,2.6782,3.85,9.092,57.08
4027.83,6.37,2.6673,4.18,9.026,57.66
4027.98,7.21,2.6668,4.11,9.033,56.81
4028.13,7.16,2.6679,3.53,8.934,56.62
4028.29,7.17,2.6766,3.8,8.938,57.36
4028.44,4.54,2.6785,4.02,8.955,56.25
4028.59,7.17,2.6735,3.58,8.925,56.4
4028.74,12.4,2.6622,4.06,8.902,56.6
4028.9,8.84,2.6412,3.85,8.128,56.79
4029.05,9.11,2.6391,4.83,6.128,56.68
4029.2,8.61,2.6534,5.13,6.084,57.86
4029.35,9.85,2.6584,4.03,6.082,59.1
4029.5,9.85,2.6602,3.99,6.088,59.41
4029.66,9.85,2.6623,4.8,6.097,58.13
4029.81,10.44,2.668,4.06,6.094,58.99
4029.96,9.54,2.6687,3.82,6.086,58.95
4030.11,9.91,2.6742,4.05,6.089,58.15
4030.27,9.49,2.6862,4.22,6.098,56.92
4030.42,8.71,2.6803,4.11,6.11,56.83
4030.57,11.02,2.6724,5.01,6.108,56.7
4030.72,11.64,2.6605,4.71,6.104,58.86
4030.88,8.96,2.6524,4.63,6.128,58.64
4031.03,8.26,2.6539,4.65,6.219,58.66
4031.18,8.43,2.6463,4.77,6.248,58.32
4031.33,7.89,2.6415,5.48,6.234,57.8
4031.49,10.44,2.6429,4.61,6.249,57.56
4031.64,10.89,2.6397,5.93,6.244,57.73
4031.79,8.9,2.631,5.6,6.239,57.78
4031.94,11.06,2.6208,5.61,6.238,58.62
4032.1,8.06,2.6201,6.94,6.24,58.94
4032.25,11.29,2.6185,6.22,6.24,59.05
4032.4,10.01,2.6179,6.02,6.141,59.02
4032.55,9.79,2.6201,5.43,5.998,59.72
4032.71,8.96,2.6184,6.99,6.045,60.63
4032.86,8.96,2.6177,6.18,6.036,59.92
4033.01,7.68,2.617,5.13,6.06,60.95
4033.16,11.6,2.6159,4.74,5.987,58.24
4033.31,9.42,2.6274,5.28,6.127,58.72
4033.47,14.24,2.6463,5.38,6.158,58.5
4033.62,8.89,2.6446,5.3,6.161,60.71
4033.77,6.22,2.6341,5.24,6.15,60.58
4033.92,5.88,2.6239,5.54,6.129,59.85
4034.08,8.81,2.6227,5.22,6.065,58.69
4034.23,6.63,2.6354,5.4,5.998,58.76
4034.38,7.17,2.6401,5.42,6.003,58.21
4034.53,8.29,2.6312,5.45,5.997,58.68
4034.69,10.11,2.6305,5.59,5.956,58.55
4034.84,6.27,2.6402,5.4,5.855,58.58
4034.99,8.53,2.6416,5.36,5.703,58.33
4035.14,10.75,2.6351,6.42,5.56,58.67
4035.3,8.79,2.623,7.09,5.572,60.08
4035.45,11.65,2.6192,5.54,5.508,62.16
4035.6,11.65,2.6259,5.61,5.435,63.08
4035.75,9.64,2.6261,5.29,5.377,63.41
4035.91,9.15,2.6328,6.07,5.251,63.47
4036.06,8.56,2.6385,6.21,5.177,62.73
4036.21,8.96,2.641,5.34,5.114,61.98
4036.36,10.41,2.6404,4.99,5.077,61.79
4036.52,6.56,2.6396,5.56,5.069,60.57
4036.67,8.67,2.6331,5.13,5.075,60.36
4036.82,8.06,2.6218,5.54,5.033,60.11
4036.97,10.4,2.6154,6.09,5.001,59.38
4037.12,8.06,2.6153,6.56,4.887,60.24
4037.28,5.65,2.6131,7.67,4.334,60.61
4037.43,9.7,2.6036,10.61,3.971,61.88
4037.58,11.58,2.5926,9.38,3.943,62.87
4037.73,15.83,2.5892,10.36,3.973,65.55
4037.89,15.37,2.592,11.79,3.993,67.02
4038.04,12.54,2.6046,9.59,4.038,66.94
4038.19,8.99,2.6006,7.33,4.06,65.5
4038.34,8.52,2.5986,7.39,4.076,65.48
4038.5,11.57,2.6099,7.21,4.088,63.33
4038.65,10.46,2.6066,7.08,4.111,61.01
4038.8,12.63,2.6201,6.28,4.158,60.55
4038.95,13.32,2.6271,6.7,4.125,60.33
4039.11,13.36,2.6288,9.38,4.055,60.65
4039.26,11.47,2.6267,9.75,3.907,64.29
4039.41,10.95,2.6265,8.93,3.83,65.78
4039.56,10.3,2.6194,9.91,3.762,67.64
4039.72,10.88,2.6156,8.1,3.648,67.39
4039.87,11.06,2.6249,7.15,3.671,66.46
4040.02,9.26,2.6283,8.01,3.679,64.68
4040.17,9.52,2.6281,8.79,3.694,62.58
4040.33,6.1,2.6331,9.08,3.721,61.51
4040.48,7.67,2.6222,9.47,3.689,60.48
4040.63,10.75,2.6083,9.96,3.649,60.47
4040.78,10.75,2.5949,12.15,3.615,60.51
4040.93,11.22,2.5747,11.38,3.584,62.42
4041.09,13.24,2.5693,8.97,3.512,65.4
4041.24,14.44,2.5714,10.98,3.429,67.58
4041.39,13.26,2.5719,10.82,3.282,68.99
4041.54,13.44,2.5716,10.6,3.14,69.48
4041.7,16.44,2.5727,11.34,3.104,68.27
4041.85,14.91,2.5715,11.04,3.066,68.03
4042.0,12.78,2.5662,10.65,3.021,68.46
4042.15,14.12,2.568,8.99,3.005,68.49
4042.31,12.81,2.5763,9.99,2.998,66.7
4042.46,12.02,2.5809,9.79,3.001,66.22
4042.61,10.88,2.584,12.06,2.992,65.93
4042.76,10.75,2.5753,11.21,2.98,64.99
4042.92,10.75,2.5549,11.61,2.968,64.85
4043.07,10.32,2.5329,10.68,2.926,66.2
4043.22,10.74,2.526,11.47,2.848,68.07
4043.37,13.45,2.5477,11.23,2.8,68.69
4043.53,15.18,2.5638,10.66,2.786,67.61
4043.68,13.02,2.5616,10.8,2.786,66.25
4043.83,12.45,2.5614,12.03,2.776,65.91
4043.98,10.75,2.5524,10.74,2.772,64.7
4044.14,8.21,2.5421,10.81,2.766,66.34
4044.29,11.45,2.5532,12.23,2.769,66.77
4044.44,12.25,2.5636,12.18,2.784,66.49
4044.59,10.97,2.5541,11.58,2.83,67.14
4044.74,12.54,2.5454,11.92,2.871,66.57
4044.9,10.19,2.5558,7.1,2.881,66.58
4045.05,11.03,2.5716,9.8,2.884,66.52
4045.2,8.06,2.5823,8.96,2.924,66.62
4045.35,8.06,2.5895,8.19,2.994,65.54
4045.51,8.7,2.5784,8.91,3.102,64.9
4045.66,8.54,2.5574,8.57,3.174,64.31
4045.81,11.84,2.54,8.67,3.236,61.81
4045.96,9.62,2.5371,9.74,3.298,61.16
4046.12,10.35,2.5367,9.3,3.332,62.15
4046.27,9.74,2.5344,8.78,3.361,64.09
4046.42,11.65,2.5416,9.95,3.366,64.74
4046.57,8.35,2.555,11.06,3.336,67.92
4046.73,11.21,2.5544,10.26,3.284,75.58
4046.88,9.95,2.5432,10.22,3.196,73.26
4047.03,11.11,2.5416,10.71,3.087,68.66
4047.18,9.17,2.5477,13.01,2.962,62.6
4047.34,10.47,2.5427,11.67,2.871,67.58
4047.49,10.91,2.53,10.63,2.796,67.37
4047.64,10.68,2.518,12.06,2.716,67.43
4047.79,11.85,2.5198,11.94,2.604,67.42
4047.95,9.0,2.5289,12.6,2.511,67.35
4048.1,8.53,2.5327,13.39,2.491,67.36
4048.25,11.6,2.5325,12.94,2.482,67.38
4048.4,8.51,2.538,11.03,2.495,67.39
4048.55,9.84,2.5384,12.26,2.505,67.4
4048.71,10.39,2.5428,9.48,2.53,67.17
4048.86,10.62,2.5561,8.24,2.567,66.32
4049.01,9.58,2.5549,8.83,2.602,65.47
4049.16,10.68,2.5466,8.87,2.67,64.13
4049.32,9.85,2.5523,8.75,2.729,62.15
4049.47,10.46,2.5716,11.02,2.795,63.76
4049.62,8.06,2.5804,12.0,2.85,63.38
4049.77,9.73,2.583,11.91,2.897,63.37
4049.93,8.37,2.5689,9.68,2.901,63.29
4050.08,8.81,2.5558,11.97,2.862,63.43
4050.23,9.9,2.5538,10.36,2.828,63.5
4050.38,9.32,2.5479,9.58,2.81,63.54
4050.54,10.75,2.5325,10.3,2.789,63.54
4050.69,12.75,2.5262,10.56,2.755,63.72
4050.84,10.77,2.523,10.66,2.665,63.66
4050.99,11.92,2.5205,11.49,2.622,64.17
4051.15,13.84,2.5324,11.95,2.592,64.45
4051.3,12.66,2.5362,10.64,2.521,64.88
4051.45,13.64,2.5326,12.07,2.43,66.71
4051.6,11.32,2.531,11.58,2.421,66.55
4051.76,12.54,2.5247,11.77,2.423,67.42
4051.91,12.81,2.5161,10.81,2.421,67.35
4052.06,11.65,2.5106,14.66,2.402,68.02
4052.21,9.85,2.5175,14.71,2.359,68.44
4052.36,11.46,2.5196,12.16,2.331,68.59
4052.52,10.01,2.5159,12.0,2.323,68.8
4052.67,13.11,2.5139,12.53,2.3,69.14
4052.82,13.83,2.5237,12.35,2.276,69.49
4052.97,10.9,2.5241,14.14,2.26,69.65
4053.13,10.38,2.5228,11.73,2.247,70.26
4053.28,12.5,2.518,11.44,2.242,69.99
4053.43,12.54,2.509,11.46,2.241,69.79
4053.58,10.73,2.5001,11.99,2.229,69.79
4053.74,11.29,2.4958,11.27,2.187,70.38
4053.89,12.54,2.4921,11.22,2.167,70.59
4054.04,13.55,2.5067,11.96,2.247,70.87
4054.19,11.78,2.5259,12.62,2.259,70.52
4054.35,12.37,2.5282,12.36,2.265,70.49
4054.5,11.55,2.5152,15.52,2.269,70.48
4054.65,12.42,2.5004,13.7,2.271,70.26
4054.8,11.65,2.4962,13.56,2.273,69.79
4054.96,11.06,2.5068,12.86,2.276,69.97
4055.11,15.08,2.53,12.57,2.276,67.42
4055.26,13.11,2.5288,14.25,2.278,68.01
4055.41,15.77,2.5206,12.91,2.279,67.98
4055.57,14.33,2.5244,13.54,2.292,68.03
4055.72,13.03,2.5283,11.82,2.308,68.08
4055.87,13.65,2.5308,12.12,2.334,68.04
4056.02,13.2,2.5328,11.7,2.355,68.07
4056.17,11.85,2.5246,13.67,2.361,68.37
4056.33,13.7,2.516,11.27,2.302,69.13
4056.48,17.22,2.5149,12.38,2.244,69.96
4056.63,14.33,2.5098,13.32,2.241,70.15
4056.78,12.09,2.5055,11.65,2.239,70.64
4056.94,13.12,2.5108,13.24,2.239,70.3
4057.09,10.99,2.5178,11.89,2.24,69.52
4057.24,12.76,2.5231,12.8,2.238,69.83
4057.39,11.65,2.5231,12.15,2.24,69.76
4057.55,12.01,2.5297,12.36,2.241,69.79
4057.7,14.2,2.5314,12.45,2.241,69.73
4057.85,16.23,2.5218,13.38,2.247,69.73
4058.0,16.08,2.5092,14.17,2.266,70.0
4058.16,11.54,2.5035,12.15,2.301,70.11
4058.31,16.09,2.4992,13.03,2.364,70.45
4058.46,14.33,2.5011,13.09,2.382,70.49
4058.61,11.62,2.5071,11.42,2.389,70.41
4058.77,9.85,2.5035,9.81,2.393,69.99
4058.92,11.56,2.5052,11.34,2.413,69.28
4059.07,9.35,2.5129,12.5,2.423,69.59
4059.22,10.82,2.5121,13.13,2.424,69.59
4059.38,12.18,2.5071,13.74,2.418,69.6
4059.53,12.06,2.5156,14.35,2.407,69.57
4059.68,9.18,2.519,14.1,2.373,69.6
4059.83,8.31,2.5113,14.19,2.36,69.59
4059.98,9.27,2.5116,13.03,2.319,69.61
4060.14,9.55,2.5119,14.1,2.279,69.63
4060.29,8.06,2.5169,13.01,2.212,69.63
4060.44,8.59,2.5111,13.56,2.174,69.63
4060.59,12.03,2.5042,15.64,2.129,69.91
4060.75,14.0,2.5042,13.32,2.038,70.22
4060.9,11.85,2.4985,13.37,1.917,70.22
4061.05,10.55,2.4984,13.12,1.886,70.35
4061.2,12.54,2.4955,14.58,1.87,71.27
4061.36,9.34,2.4864,14.31,1.835,71.68
4061.51,10.94,2.5003,15.33,1.811,71.67
4061.66,10.75,2.4959,15.49,1.781,71.59
4061.81,10.0,2.4799,13.44,1.756,70.87
4061.97,10.75,2.4749,14.08,1.758,70.61
4062.12,13.07,2.4736,14.66,1.759,70.24
4062.27,11.09,2.4739,14.72,1.761,69.88
4062.42,13.25,2.4708,13.67,1.763,69.59
4062.58,9.85,2.4702,12.53,1.765,69.71
4062.73,13.17,2.4787,12.55,1.775,70.21
4062.88,11.43,2.4828,14.5,1.82,69.11
4063.03,9.16,2.4784,14.31,1.844,68.29
4063.19,12.54,2.4759,13.85,1.847,68.32
4063.34,9.01,2.4739,14.21,1.852,68.28
4063.49,13.89,2.4834,14.36,1.874,69.9
4063.64,15.21,2.4876,15.19,1.857,72.0
4063.79,12.91,2.4892,15.65,1.826,71.17
4063.95,12.54,2.4866,17.24,1.822,71.14
4064.1,11.54,2.4805,14.94,1.82,71.2
4064.25,14.4,2.4848,14.86,1.819,71.2
4064.4,13.64,2.4845,13.78,1.818,71.16
4064.56,13.15,2.48,13.4,1.817,71.21
4064.71,12.42,2.4768,14.46,1.811,71.2
4064.86,12.66,2.4708,15.04,1.817,71.16
4065.01,14.02,2.4663,14.82,1.82,71.2
4065.17,10.15,2.4674,15.85,1.826,71.14
4065.32,11.65,2.4739,15.14,1.834,71.27
4065.47,13.8,2.4853,15.24,1.836,71.23
4065.62,12.92,2.5026,15.08,1.878,71.17
4065.78,12.74,2.5112,13.74,1.933,71.25
4065.93,12.11,2.5314,13.9,1.964,71.43
4066.08,13.64,2.5361,15.26,1.962,71.25
4066.23,13.03,2.5365,13.97,1.964,68.89
4066.39,11.78,2.5347,17.31,1.964,70.28
4066.54,11.46,2.5364,15.68,1.963,70.27
4066.69,14.9,2.5408,14.48,1.965,70.35
4066.84,13.14,2.5444,17.33,1.962,70.24
4067.0,13.12,2.5439,14.23,1.962,70.26
4067.15,12.54,2.5386,12.41,1.96,70.24
4067.3,15.57,2.5384,10.41,1.961,70.29
4067.45,13.72,2.5366,10.57,1.966,70.34
4067.6,14.13,2.5424,10.94,1.961,70.27
4067.76,11.71,2.5418,14.09,1.953,70.19
4067.91,12.15,2.5353,11.24,1.943,70.36
4068.06,15.06,2.5356,12.38,1.97,70.28
4068.21,10.8,2.5323,11.26,1.974,70.36
4068.37,16.91,2.5306,11.46,1.969,70.31
4068.52,12.99,2.5256,11.88,1.997,70.29
4068.67,12.59,2.5236,10.97,2.013,70.4
4068.82,15.65,2.5284,12.16,2.044,70.33
4068.98,12.62,2.5386,9.5,2.074,70.45
4069.13,14.83,2.5386,11.94,2.084,70.35
4069.28,10.95,2.5359,10.72,2.1,70.48
4069.43,11.85,2.5433,12.71,2.126,70.42
4069.59,14.85,2.5478,10.81,2.149,70.29
4069.74,12.76,2.5394,11.82,2.212,70.3
4069.89,14.09,2.5327,10.77,2.25,69.98
4070.04,9.63,2.5299,12.29,2.251,70.05
4070.2,12.69,2.5348,12.99,2.258,69.81
4070.35,12.83,2.5337,11.74,2.326,69.99
4070.5,10.56,2.5322,10.81,2.337,69.99
4070.65,14.07,2.5309,11.67,2.381,69.96
4070.81,12.54,2.5142,12.9,2.378,70.03
4070.96,11.21,2.5004,11.43,2.382,70.04
4071.11,13.18,2.4943,11.89,2.399,70.03
4071.26,14.0,2.501,13.19,2.398,70.06
4071.41,11.14,2.5035,10.65,2.395,70.0
4071.57,15.05,2.5069,14.15,2.395,70.01
4071.72,12.26,2.5074,12.07,2.39,69.92
4071.87,13.14,2.5078,12.42,2.386,70.09
4072.02,12.89,2.5129,12.25,2.385,70.11
4072.18,16.0,2.5114,11.62,2.387,70.08
4072.33,13.88,2.5163,11.93,2.383,69.95
4072.48,12.44,2.5175,12.45,2.381,70.05
4072.63,10.91,2.5327,12.61,2.38,70.01
4072.79,10.68,2.5481,12.4,2.383,69.98
4072.94,11.42,2.5473,12.87,2.356,69.85
4073.09,11.73,2.5577,11.96,2.111,69.87
4073.24,10.27,2.5657,11.44,2.073,69.91
4073.4,12.51,2.5655,12.68,2.072,69.86
4073.55,11.2,2.5699,12.11,2.074,69.97
4073.7,10.77,2.5691,10.17,2.072,69.88
4073.85,12.54,2.5693,11.27,2.074,69.88
4074.01,9.04,2.5741,14.68,2.074,69.86
4074.16,12.25,2.578,15.05,2.074,70.72
4074.31,12.67,2.5762,14.01,2.074,75.34
4074.46,14.33,2.575,13.28,2.075,73.11
4074.62,11.74,2.5774,12.33,2.08,71.53
4074.77,13.1,2.5665,12.95,2.077,71.56
4074.92,10.99,2.5687,14.31,2.074,71.51
4075.07,13.12,2.5736,12.9,2.088,71.57
4075.22,14.93,2.5723,14.16,2.094,71.56
4075.38,14.65,2.5739,14.91,2.094,71.46
4075.53,12.19,2.5802,12.82,2.096,71.47
4075.68,10.11,2.5816,13.52,2.096,71.49
4075.83,13.15,2.576,14.72,2.097,71.56
4075.99,12.58,2.5719,13.88,2.097,71.47
4076.14,12.08,2.5618,13.51,2.096,71.52
4076.29,12.13,2.5598,14.49,2.097,71.52
4076.44,11.9,2.5677,13.79,2.097,71.61
4076.6,10.39,2.5681,14.51,2.023,71.64
4076.75,15.56,2.5675,13.88,2.043,71.41
4076.9,12.84,2.5658,14.01,2.083,71.46
4077.05,11.34,2.5674,13.34,2.086,71.57
4077.21,10.75,2.5685,13.3,2.088,71.54
4077.36,10.07,2.5682,15.45,2.087,71.65
4077.51,12.95,2.5612,11.81,2.088,71.67
4077.66,12.37,2.5584,13.97,2.087,71.79
4077.82,14.26,2.5609,13.82,2.088,71.32
4077.97,13.44,2.5607,15.65,2.088,70.75
4078.12,16.85,2.559,15.72,2.088,70.81
4078.27,17.56,2.5582,13.66,2.088,70.86
4078.43,19.64,2.5531,14.07,2.086,70.86
4078.58,14.77,2.5597,13.4,2.093,70.8
4078.73,17.93,2.5764,15.21,2.092,70.84
4078.88,19.28,2.5684,13.12,2.082,70.79
4079.03,14.56,2.5664,12.81,2.092,70.85
4079.19,17.71,2.5697,15.47,2.097,70.76
4079.34,17.92,2.5608,14.76,2.1,70.93
4079.49,14.76,2.5414,14.34,2.102,71.11
4079.64,17.73,2.5341,15.81,2.103,71.11
4079.8,15.57,2.5327,12.7,2.101,71.05
4079.95,17.92,2.5356,16.61,2.102,71.12
4080.1,16.17,2.5373,14.85,2.103,70.9
4080.25,17.92,2.5327,12.91,2.103,70.84
4080.41,16.09,2.522,13.74,2.104,70.96
4080.56,19.71,2.5211,15.33,2.103,70.91
4080.71,17.8,2.5199,14.96,2.102,70.89
4080.86,19.31,2.5217,14.0,2.158,70.86
4081.02,17.92,2.5165,13.56,2.154,70.85
4081.17,17.9,2.5071,13.64,1.99,70.87
4081.32,15.23,2.5092,13.64,1.991,70.8
4081.47,15.74,2.5193,13.72,1.991,68.73
4081.63,17.02,2.5136,11.77,1.992,69.13
4081.78,17.58,2.5044,13.96,1.991,69.22
4081.93,17.32,2.4975,15.46,1.992,69.17
4082.08,16.71,2.498,14.02,1.991,69.2
4082.24,16.12,2.5038,13.54,1.991,69.25
4082.39,21.72,2.5153,13.23,1.992,69.17
4082.54,15.82,2.518,12.65,1.992,69.23
4082.69,16.66,2.5248,14.12,1.99,69.2
4082.84,18.6,2.523,15.17,1.987,69.08
4083.0,19.82,2.514,14.19,1.98,69.16
4083.15,16.26,2.5091,14.19,1.995,69.12
4083.3,16.0,2.5114,13.08,1.995,69.17
4083.45,20.55,2.5126,13.25,1.995,69.19
4083.61,20.17,2.5138,14.02,1.994,69.18
4083.76,18.82,2.5199,15.89,1.995,69.2
4083.91,16.41,2.5293,14.61,1.995,69.22
4084.06,19.56,2.5306,17.58,1.995,69.26
4084.22,18.12,2.523,13.74,1.996,69.15
4084.37,16.06,2.5233,12.69,1.996,69.21
4084.52,15.23,2.5214,14.12,1.995,69.19
4084.67,17.46,2.5186,13.31,2.008,69.25
4084.83,15.1,2.5167,12.61,2.058,69.2
4084.98,15.41,2.5224,14.41,2.065,69.2
4085.13,14.81,2.523,13.03,2.064,69.27
4085.28,11.94,2.517,12.88,2.065,69.29
4085.44,14.04,2.5147,12.77,2.065,69.3
4085.59,15.23,2.5199,12.78,2.066,69.3
4085.74,16.5,2.5279,17.18,2.066,69.36
4085.89,13.24,2.5332,16.87,2.068,69.3
4086.05,17.83,2.5272,14.8,2.086,69.23
4086.2,15.23,2.5212,17.65,2.085,69.18
4086.35,15.92,2.5196,13.78,2.079,69.22
4086.5,14.33,2.5166,14.29,2.084,69.2
4086.65,14.33,2.5128,13.41,2.084,69.17
4086.81,13.95,2.5136,14.28,2.082,69.1
4086.96,14.79,2.5205,15.13,2.083,69.17
4087.11,15.23,2.5233,15.06,2.083,69.29
4087.26,16.0,2.5286,12.81,2.083,69.23
4087.42,14.44,2.5336,14.89,2.082,69.29
4087.57,16.12,2.5339,12.43,2.084,69.3
4087.72,18.09,2.5283,13.49,2.083,69.25
4087.87,20.32,2.532,12.27,2.083,69.34
4088.03,20.6,2.5405,14.96,2.081,71.4
4088.18,13.79,2.5369,12.89,2.213,72.17
4088.33,13.44,2.5327,14.24,2.35,72.17
4088.48,17.83,2.5319,12.91,2.35,72.22
4088.64,17.03,2.5322,13.31,2.35,72.22
4088.79,15.22,2.5315,16.17,2.352,72.23
4088.94,14.33,2.5272,10.94,2.351,72.13
4089.09,17.02,2.5246,17.78,2.35,72.22
4089.25,17.52,2.5284,10.86,2.352,72.19
4089.4,17.21,2.5319,13.99,2.35,72.16
4089.55,18.66,2.5325,13.58,2.35,72.22
4089.7,20.42,2.5379,13.39,2.352,72.23
4089.86,20.47,2.533,13.7,2.351,72.06
4090.01,17.02,2.5234,13.18,2.351,72.19
4090.16,17.6,2.5274,12.77,2.346,72.13
4090.31,17.92,2.5335,12.74,2.334,72.18
4090.46,19.13,2.5294,13.5,2.335,72.09
4090.62,22.05,2.5323,12.39,2.335,72.18
4090.77,16.8,2.5319,11.43,2.338,72.16
4090.92,16.22,2.5286,13.69,2.336,72.24
4091.07,15.08,2.5194,13.69,2.337,72.21
4091.23,20.15,2.5276,12.62,2.334,72.11
4091.38,18.81,2.5372,11.37,2.334,72.19
4091.53,15.09,2.5463,14.08,2.336,72.16
4091.68,17.73,2.5523,11.33,2.336,72.19
4091.84,25.7,2.5566,12.61,2.334,72.28
4091.99,21.37,2.5441,11.72,2.334,72.23
4092.14,23.88,2.5348,11.38,2.334,72.24
4092.29,18.68,2.5332,13.81,2.334,72.22
4092.45,23.29,2.5288,12.43,2.334,72.24
4092.6,22.49,2.5254,11.46,2.335,72.17
4092.75,18.28,2.5378,12.78,2.327,72.22
4092.9,19.63,2.5572,12.42,2.294,72.18
4093.06,17.29,2.5566,13.24,2.298,72.22
4093.21,14.56,2.5525,13.4,2.299,72.33
4093.36,15.23,2.5468,11.43,2.299,72.16
4093.51,18.74,2.5432,13.16,2.3,72.26
4093.67,16.1,2.5376,12.56,2.3,72.31
4093.82,17.91,2.5236,12.17,2.301,75.99
4093.97,16.08,2.5234,11.14,2.302,72.02
4094.12,16.91,2.539,12.62,2.303,66.67
4094.27,13.84,2.545,11.03,2.301,66.66
4094.43,14.52,2.5497,11.92,2.301,66.5
4094.58,16.5,2.567,12.05,2.322,66.63
4094.73,15.94,2.5932,8.35,2.606,66.75
4094.88,17.64,2.6138,9.52,3.061,66.58
4095.04,19.12,2.6154,9.64,2.942,66.51
4095.19,14.65,2.6111,9.41,2.94,66.55
4095.34,18.24,2.6117,11.11,2.94,66.48
4095.49,14.02,2.613,9.44,2.937,66.47
4095.65,14.12,2.6079,8.48,2.939,66.46
4095.8,15.12,2.6067,9.25,2.939,66.45
4095.95,13.83,2.6123,8.79,2.936,66.34
4096.1,16.55,2.6273,10.91,2.936,66.32
4096.26,17.02,2.6292,9.83,2.936,66.31
4096.41,17.71,2.6326,10.72,2.934,66.34
4096.56,15.48,2.6336,10.4,2.93,66.22
4096.71,16.84,2.6269,10.71,2.913,66.19
4096.87,13.1,2.6219,9.79,2.869,66.19
4097.02,14.33,2.6156,11.05,2.875,66.32
4097.17,14.03,2.6229,9.11,2.872,66.31
4097.32,18.81,2.6267,10.93,2.87,66.16
4097.48,13.44,2.6168,9.2,2.872,66.16
4097.63,14.23,2.6059,10.76,2.871,65.99
4097.78,15.04,2.6099,9.71,2.87,66.07
4097.93,15.08,2.6142,10.18,2.868,66.36
4098.08,11.14,2.6096,9.73,2.865,66.14
4098.24,11.65,2.6133,9.42,2.868,66.1
4098.39,13.92,2.6209,9.72,2.869,66.28
4098.54,13.44,2.615,9.52,2.877,66.1
4098.69,13.88,2.6154,11.29,2.852,66.08
4098.85,19.71,2.6258,11.74,2.854,66.11
4099.0,17.83,2.6137,11.21,2.854,66.0
4099.15,18.78,2.5907,11.46,2.852,66.01
4099.3,20.89,2.5878,9.67,2.852,65.97
4099.46,22.61,2.5787,9.53,2.852,65.95
4099.61,13.44,2.5702,10.41,2.848,65.92
4099.76,13.62,2.5568,10.36,2.849,65.93
4099.91,9.92,2.5437,10.55,2.847,66.26
4100.07,11.88,2.539,11.11,2.847,67.8
4100.22,14.01,2.554,11.04,2.847,69.2
4100.37,15.37,2.5626,10.57,2.835,68.85
4100.52,13.1,2.5455,10.09,2.717,66.03
4100.68,10.02,2.5352,10.4,2.999,65.91
4100.83,12.64,2.5354,11.09,2.987,65.91
4100.98,13.94,2.538,10.28,2.962,65.96
4101.13,13.2,2.5339,10.8,2.962,66.13
4101.29,12.77,2.5369,10.46,2.961,66.28
4101.44,23.67,2.5481,12.37,2.962,67.65
4101.59,18.56,2.5591,11.02,2.962,71.22
4101.74,20.05,2.5554,11.18,2.964,71.05
4101.89,19.93,2.5527,10.21,2.963,70.85
4102.05,19.43,2.544,10.7,2.965,68.27
4102.2,17.04,2.5403,9.17,2.965,67.47
4102.35,18.81,2.547,10.24,2.965,67.27
4102.5,19.81,2.5463,10.93,2.974,67.11
4102.66,15.94,2.5437,11.64,2.958,79.16
4102.81,18.8,2.5489,11.23,2.956,80.63
4102.96,19.41,2.5478,9.68,2.96,80.43
4103.11,19.32,2.5475,11.62,2.958,80.98
4103.27,15.42,2.5424,10.87,2.962,79.55
4103.42,17.02,2.5431,9.8,2.961,69.8
4103.57,17.9,2.5453,9.24,2.962,69.86
4103.72,17.47,2.5363,10.8,2.962,69.76
4103.88,18.78,2.5244,9.78,2.962,69.8
4104.03,15.74,2.5336,10.73,2.962,69.83
4104.18,15.23,2.5475,10.76,2.962,69.84
4104.33,15.72,2.549,12.04,2.965,69.85
4104.49,18.63,2.5576,11.47,2.965,69.78
4104.64,18.21,2.573,11.06,2.961,69.71
4104.79,23.38,2.5754,9.89,2.956,69.78
4104.94,26.38,2.568,10.59,2.956,69.74
4105.1,26.0,2.5694,10.51,2.954,69.77
4105.25,30.52,2.5724,12.24,2.952,69.78
4105.4,25.08,2.5657,11.72,2.951,69.77
4105.55,29.31,2.5647,11.17,2.951,69.77
4105.7,33.24,2.5652,12.0,2.953,69.68
4105.86,27.87,2.5659,11.17,2.952,69.66
4106.01,24.41,2.5702,14.52,2.954,69.77
4106.16,19.47,2.5759,13.84,2.949,69.75
4106.31,20.38,2.5777,11.22,2.945,69.76
4106.47,21.02,2.5784,10.38,2.945,69.75
4106.62,20.6,2.57,9.92,2.998,69.66
4106.77,22.74,2.5677,9.51,3.065,69.73
4106.92,22.12,2.5646,10.18,3.116,69.64
4107.08,25.2,2.5594,9.76,3.156,69.65
4107.23,25.64,2.5625,10.01,3.192,69.68
4107.38,20.73,2.5701,11.26,3.209,69.71
4107.53,25.18,2.5748,8.89,3.213,68.52
4107.69,19.73,2.5711,8.19,3.217,69.16
4107.84,17.91,2.5669,10.32,3.228,69.16
4107.99,21.79,2.5686,10.47,3.208,69.29
4108.14,20.35,2.5749,11.07,3.27,69.25
4108.3,22.39,2.5849,11.23,3.352,69.32
4108.45,19.5,2.5799,9.97,3.37,68.85
4108.6,17.87,2.5697,10.77,3.372,68.34
4108.75,23.29,2.5697,9.97,3.355,65.49
4108.91,23.32,2.5806,11.18,3.325,64.44
4109.06,24.03,2.589,10.32,3.312,67.78
4109.21,24.85,2.5899,10.08,3.292,63.91
4109.36,18.32,2.5839,11.36,3.288,63.98
4109.51,20.13,2.5851,10.95,3.282,63.99
4109.67,22.85,2.585,10.58,3.275,64.03
4109.82,23.12,2.5834,11.72,3.28,63.95
4109.97,19.85,2.5821,11.1,3.978,63.93
4110.12,17.0,2.5841,12.63,4.498,63.96
4110.28,10.75,2.5895,10.52,4.486,64.03
4110.43,13.91,2.5943,11.75,4.483,64.04
4110.58,11.65,2.5929,12.97,4.481,64.03
4110.73,15.84,2.5886,11.65,4.479,64.0
4110.89,10.75,2.5863,10.59,4.488,63.92
4111.04,11.34,2.5867,11.24,4.485,63.98
4111.19,14.09,2.5955,11.78,4.482,64.01
4111.34,13.22,2.5845,10.49,4.488,64.04
4111.5,13.27,2.5609,8.77,4.492,64.05
4111.65,11.75,2.5575,8.31,4.489,64.04
4111.8,13.62,2.5937,7.95,4.47,64.09
4111.95,13.23,2.6115,7.11,4.396,64.08
4112.11,11.49,2.5914,8.07,4.387,64.02
4112.26,11.93,2.5824,6.82,4.38,64.01
4112.41,13.81,2.596,7.03,4.385,64.82
4112.56,14.14,2.6052,7.67,4.384,65.19
4112.72,8.37,2.6046,7.79,4.386,65.74
4112.87,13.8,2.5965,7.52,4.387,65.58
4113.02,10.01,2.5967,6.84,4.391,64.93
4113.17,13.31,2.6028,7.73,4.391,64.04
4113.32,16.03,2.6025,6.91,4.387,64.2
4113.48,16.12,2.5987,7.65,4.416,64.16
4113.63,16.12,2.5949,9.07,4.443,64.23
4113.78,16.12,2.5918,9.29,4.362,64.37
4113.93,17.9,2.5904,8.33,4.359,64.52
4114.09,16.16,2.5879,8.42,4.364,64.86
4114.24,13.66,2.5884,8.37,4.309,65.25
4114.39,18.23,2.5946,8.65,4.298,66.79
4114.54,16.9,2.5985,8.17,4.3,66.51
4114.7,15.23,2.605,9.11,4.298,66.61
4114.85,13.61,2.608,8.9,4.304,66.23
4115.0,15.23,2.5984,10.07,4.316,65.7
4115.15,15.01,2.5793,13.21,4.296,65.33
4115.31,17.98,2.5641,10.14,4.255,65.75
4115.46,18.06,2.5765,11.48,4.052,65.09
4115.61,15.8,2.5931,10.42,3.67,65.3
4115.76,13.6,2.5942,12.31,4.758,65.6
4115.92,13.7,2.5853,11.67,4.764,64.87
4116.07,14.14,2.5785,11.54,4.767,64.51
4116.22,13.44,2.5778,10.43,4.77,64.61
4116.37,16.12,2.5729,11.84,4.774,64.64
4116.53,15.4,2.5576,10.92,4.774,64.82
4116.68,14.33,2.5305,11.42,4.778,67.85
4116.83,14.33,2.514,12.09,4.777,68.1
4116.98,13.5,2.5069,11.14,4.781,66.68
4117.13,13.12,2.5242,12.61,4.765,63.56
4117.29,12.53,2.55,12.46,4.777,63.56
4117.44,8.46,2.5773,11.34,4.795,63.28
4117.59,12.3,2.5896,9.89,4.845,63.32
4117.74,11.06,2.6005,10.08,4.773,63.4
4117.9,10.03,2.6091,9.77,4.768,63.31
4118.05,8.37,2.6043,9.09,4.761,63.38
4118.2,8.96,2.5992,8.59,4.762,63.36
4118.35,8.96,2.5965,7.77,4.771,63.31
4118.51,8.55,2.5982,8.23,4.769,63.43
4118.66,5.44,2.5915,7.79,4.773,63.33
4118.81,11.63,2.5914,8.19,4.774,63.4
4118.96,10.75,2.5982,10.14,4.782,63.52
4119.12,10.25,2.5995,7.46,4.962,63.49
4119.27,8.99,2.5972,7.77,4.963,63.62
4119.42,11.82,2.6003,7.7,4.825,63.79
4119.57,16.59,2.604,8.84,4.804,64.75
4119.73,21.21,2.603,8.35,4.708,65.36
4119.88,18.0,2.5924,8.69,4.656,65.15
4120.03,18.26,2.5909,9.07,4.725,64.86
4120.18,18.59,2.5937,9.37,4.732,64.35
4120.34,19.89,2.5917,8.82,4.736,63.59
4120.49,21.08,2.5967,8.55,4.74,64.96
4120.64,22.42,2.6066,8.34,4.766,65.57
4120.79,18.81,2.6163,9.63,4.81,64.69
4120.94,20.07,2.616,9.47,4.837,64.82
4121.1,18.11,2.6036,9.6,4.863,64.36
4121.25,20.12,2.5954,7.97,4.98,64.28
4121.4,14.77,2.5998,9.84,5.12,64.3
4121.55,17.49,2.6071,10.29,5.188,64.22
4121.71,18.66,2.6065,10.3,5.181,61.69
4121.86,21.31,2.5974,9.8,5.152,58.31
4122.01,23.09,2.5981,9.44,5.114,60.62
4122.16,19.13,2.6018,9.44,5.219,66.67
4122.32,18.82,2.6013,9.79,5.259,66.62
4122.47,19.08,2.6014,10.88,5.244,66.64
4122.62,25.23,2.5976,9.52,5.191,66.63
4122.77,24.77,2.6,10.15,5.135,66.63
4122.93,25.08,2.5986,9.96,5.184,66.53
4123.08,20.99,2.5973,9.81,5.156,66.4
4123.23,26.49,2.5942,10.37,5.159,66.52
4123.38,26.82,2.5924,10.03,5.302,65.97
4123.54,28.67,2.5935,9.18,5.376,65.01
4123.69,26.05,2.5916,8.9,5.381,63.1
4123.84,22.83,2.5919,7.94,5.476,62.85
4123.99,25.07,2.6003,8.29,5.378,62.72
4124.15,20.6,2.6027,7.67,6.027,63.29
4124.3,18.1,2.5993,9.06,6.02,65.79
4124.45,20.83,2.5926,9.45,6.019,65.93
4124.6,21.38,2.5924,9.59,6.016,65.21
4124.75,20.74,2.6006,8.91,6.028,64.67
4124.91,29.22,2.5973,8.88,6.03,65.9
4125.06,29.8,2.5906,9.57,6.036,65.81
4125.21,29.0,2.5925,9.62,6.019,65.15
4125.36,29.63,2.5977,8.24,6.008,64.84
4125.52,21.78,2.597,9.53,5.994,64.88
4125.67,23.89,2.5974,9.48,5.978,64.86
4125.82,21.0,2.6037,8.77,5.967,64.47
4125.97,18.81,2.6103,8.49,5.978,63.77
4126.13,17.02,2.6164,8.03,5.935,63.75
4126.28,18.98,2.6119,8.18,5.982,63.79
4126.43,16.36,2.5976,8.56,6.027,63.79
4126.58,17.06,2.591,7.99,6.01,63.69
4126.74,18.81,2.5997,7.59,5.972,63.73
4126.89,20.23,2.6106,7.03,5.905,63.73
4127.04,18.88,2.6187,7.71,5.899,63.7
4127.19,15.55,2.6118,7.46,5.976,63.78
4127.35,16.72,2.6023,8.29,6.155,63.64
4127.5,14.6,2.5975,7.76,6.162,63.78
4127.65,14.18,2.5977,8.73,6.408,63.87
4127.8,20.18,2.5927,8.6,6.438,63.99
4127.96,16.48,2.5919,7.75,6.436,64.03
4128.11,19.47,2.5993,8.59,6.436,64.11
4128.26,21.62,2.6038,8.21,6.428,63.55
4128.41,25.87,2.6082,7.23,6.433,62.89
4128.56,23.14,2.6136,8.18,6.804,62.91
4128.72,25.08,2.615,8.51,7.088,62.8
4128.87,19.8,2.6199,8.46,7.156,62.45
4129.02,17.03,2.6213,7.66,7.143,66.48
4129.17,18.78,2.6123,8.02,7.13,60.33
4129.33,16.09,2.6074,8.61,7.126,60.33
4129.48,13.76,2.615,7.16,7.102,60.44
4129.63,15.51,2.6245,7.25,7.098,60.41
4129.78,17.12,2.6281,7.66,7.121,60.39
4129.94,16.37,2.6351,7.11,7.171,60.51
4130.09,17.18,2.6495,7.22,7.443,60.36
4130.24,13.99,2.6468,7.62,7.643,60.37
4130.39,17.92,2.6251,6.78,7.491,60.41
4130.55,16.4,2.6082,6.01,7.412,60.51
4130.7,16.72,2.6056,5.83,7.401,60.48
4130.85,13.04,2.613,5.79,7.448,60.56
4131.0,15.23,2.6134,6.44,7.662,60.53
4131.16,15.55,2.6195,6.83,7.875,60.54
4131.31,18.66,2.618,6.43,7.967,60.42
4131.46,20.84,2.6132,6.89,8.073,60.34
4131.61,20.17,2.6179,6.81,8.137,60.37
4131.77,21.99,2.6234,9.33,7.755,60.72
4131.92,24.71,2.6237,10.99,7.228,60.04
4132.07,27.57,2.6117,13.37,5.518,62.74
4132.22,39.04,2.5766,13.0,4.98,65.4
4132.37,48.38,2.5576,13.71,6.4,69.29
4132.53,64.9,2.5807,16.16,7.485,73.66
4132.68,69.12,2.5943,13.51,7.813,73.71
4132.83,47.4,2.591,9.18,7.945,72.29
4132.98,41.43,2.5889,10.19,7.905,68.9
4133.14,30.86,2.5943,9.03,7.881,61.76
4133.29,25.08,2.5911,6.97,7.875,62.31
4133.44,25.08,2.5875,8.83,7.874,61.47
4133.59,28.98,2.5838,7.67,7.862,61.49
4133.75,25.95,2.5965,7.96,7.849,62.21
4133.9,24.28,2.6054,8.76,7.894,62.17
4134.05,23.29,2.5979,8.58,8.051,62.52
4134.2,19.68,2.5952,8.38,8.182,63.15
4134.36,18.87,2.5946,8.84,8.053,61.75
4134.51,20.6,2.5981,9.35,8.098,60.76
4134.66,17.97,2.5982,8.45,8.236,60.5
4134.81,17.78,2.5887,6.7,8.265,45.14
4134.97,16.85,2.5955,5.76,8.789,45.14
4135.12,13.6,2.606,6.73,8.855,45.41
4135.27,15.58,2.6049,6.52,8.865,51.42
4135.42,13.36,2.6075,6.03,8.896,51.49
4135.58,13.78,2.6103,5.94,8.912,58.19
4135.73,12.54,2.6205,6.15,9.489,58.2
4135.88,13.35,2.6254,5.41,9.647,58.13
4136.03,13.34,2.6223,4.79,9.406,58.14
4136.18,11.45,2.6171,4.64,9.455,58.04
4136.34,10.75,2.6039,4.93,9.46,58.08
4136.49,9.18,2.6032,4.62,9.452,58.05
4136.64,11.89,2.6077,5.62,9.44,58.21
4136.79,11.15,2.6122,6.58,9.375,58.0
4136.95,14.09,2.6173,5.24,9.306,58.12
4137.1,14.68,2.6218,6.5,9.268,61.78
4137.25,13.44,2.6335,7.3,9.236,70.28
4137.4,13.73,2.6403,6.92,9.255,70.19
4137.56,13.3,2.6328,7.62,9.297,70.19
4137.71,19.14,2.6273,7.67,9.259,59.7
4137.86,20.5,2.6189,7.06,9.203,60.04
4138.01,21.52,2.6159,6.89,9.23,61.29
4138.17,22.07,2.6228,8.56,9.255,62.56
4138.32,25.46,2.6334,6.94,9.198,62.22
4138.47,13.35,2.6268,7.06,9.079,61.54
4138.62,12.54,2.6062,5.6,8.971,61.88
4138.78,15.15,2.6023,4.85,9.381,57.98
4138.93,14.77,2.6291,5.16,9.794,57.45
4139.08,12.54,2.6415,5.63,9.92,59.27
4139.23,12.57,2.6527,4.77,10.276,59.9
4139.39,11.62,2.6664,5.59,10.183,58.43
4139.54,12.22,2.6675,5.75,9.544,58.29
4139.69,20.49,2.6623,6.6,9.418,59.47
4139.84,23.46,2.6457,6.89,9.501,59.4
4139.99,24.19,2.6389,9.24,9.25,61.95
4140.15,20.93,2.6428,7.03,7.892,78.31
4140.3,17.02,2.6453,5.91,7.589,81.41
4140.45,20.44,2.6389,6.16,8.05,99.77
4140.6,19.71,2.6381,6.84,9.062,94.09
4140.76,18.51,2.6483,6.09,10.154,83.36
4140.91,15.96,2.6637,5.73,10.682,47.05
4141.06,15.23,2.6588,5.87,11.417,46.15
4141.21,17.73,2.6377,7.91,10.722,50.71
4141.37,23.54,2.6042,8.64,8.519,53.44
4141.52,37.16,2.5884,11.55,6.913,53.81
4141.67,37.16,2.5889,11.28,6.347,53.77
4141.82,43.16,2.6013,9.91,6.352,58.17
4141.98,34.86,2.6207,6.53,6.275,55.29
4142.13,24.43,2.6255,4.74,9.382,53.82
4142.28,15.88,2.6234,4.72,8.411,59.34
4142.43,14.33,2.6143,5.31,8.447,69.8
4142.59,21.71,2.6113,6.27,8.491,69.8
4142.74,25.65,2.6058,6.65,8.43,68.88
4142.89,29.02,2.6148,7.93,8.386,61.45
4143.04,31.57,2.6233,7.42,8.327,62.42
4143.2,25.33,2.6195,7.07,8.302,62.98
4143.35,20.5,2.6158,6.32,8.434,62.77
4143.5,17.92,2.6213,6.45,8.53,60.91
4143.65,17.75,2.6276,6.08,8.548,60.38
4143.8,16.23,2.6246,6.54,8.442,59.92
4143.96,20.63,2.6178,7.35,8.44,60.4
4144.11,22.39,2.6152,7.51,8.2,60.94
4144.26,20.66,2.6102,9.13,8.291,60.89
4144.41,19.89,2.6005,9.1,8.232,60.97
4144.57,22.07,2.5934,9.07,7.021,60.23
4144.72,25.3,2.5839,10.49,6.498,62.54
4144.87,27.12,2.5804,9.05,6.615,65.42
4145.02,32.25,2.5921,8.77,6.91,67.38
4145.18,26.28,2.6151,6.29,7.071,66.05
4145.33,21.17,2.6329,4.74,7.045,66.0
4145.48,17.1,2.6359,4.55,7.109,67.06
4145.63,15.23,2.6225,5.37,7.908,71.17
4145.79,13.44,2.6263,5.37,9.136,81.16
4145.94,17.83,2.6298,6.25,9.949,82.37
4146.09,21.5,2.6261,6.98,8.816,85.97
4146.24,28.42,2.6279,7.25,8.634,90.06
4146.4,24.84,2.6404,7.78,8.668,90.06
4146.55,24.0,2.6401,5.41,8.766,77.43
4146.7,17.89,2.6284,5.55,8.593,82.33
4146.85,16.61,2.6285,4.81,8.168,80.59
4147.01,13.69,2.6388,5.24,7.778,81.75
4147.16,14.06,2.6462,3.89,9.341,80.18
4147.31,9.78,2.654,3.79,9.955,75.67
4147.46,11.05,2.6553,3.09,10.692,85.66
4147.61,9.09,2.6533,2.49,11.061,85.66
4147.77,8.96,2.6589,2.99,11.261,65.76
4147.92,7.39,2.6557,3.29,11.408,65.7
4148.07,6.97,2.6482,2.96,11.429,65.7
4148.22,8.88,2.6447,2.94,11.458,69.46
4148.38,8.72,2.6457,2.75,12.094,69.57
4148.53,8.01,2.6529,2.41,12.279,69.2
4148.68,9.85,2.6579,3.18,12.053,68.63
4148.83,7.25,2.6665,2.85,12.013,69.06
4148.99,10.29,2.6691,3.01,12.186,69.27
4149.14,8.07,2.6633,2.62,12.197,58.24
4149.29,9.01,2.6598,2.64,11.56,54.14
4149.44,9.8,2.6725,2.18,11.082,53.84
4149.6,8.06,2.6749,2.6,12.037,53.25
4149.75,6.48,2.6704,3.09,13.077,53.04
4149.9,8.31,2.6644,5.22,13.873,53.73
4150.05,11.81,2.6683,8.06,15.645,54.86
4150.21,20.48,2.6716,8.54,15.736,59.88
4150.36,41.85,2.6543,9.96,8.643,61.27
4150.51,47.15,2.6262,14.11,6.201,68.68
4150.66,38.07,2.6082,7.71,6.356,68.92
4150.82,22.71,2.6369,5.15,6.753,70.52
4150.97,19.06,2.6789,4.19,6.579,70.94
4151.12,16.75,2.6886,4.64,5.743,73.3
4151.27,15.04,2.673,3.74,6.538,73.02
4151.42,16.93,2.6507,5.53,10.074,61.19
4151.58,18.78,2.6443,5.09,11.501,56.26
4151.73,23.53,2.654,5.1,11.784,56.03
4151.88,25.49,2.66,6.15,11.818,57.36
4152.03,25.59,2.6572,7.2,10.082,57.26
4152.19,30.01,2.6488,7.83,8.23,58.96
4152.34,30.22,2.6383,6.59,7.502,59.64
4152.49,25.98,2.6306,6.15,7.42,62.75
4152.64,26.74,2.6357,6.12,7.299,64.25
4152.8,25.65,2.6382,7.23,6.994,63.94
4152.95,25.08,2.6428,7.33,6.156,64.08
4153.1,25.94,2.6407,7.74,5.734,63.18
4153.25,22.17,2.6253,8.14,5.435,61.68
4153.41,27.77,2.6176,8.88,5.088,63.9
4153.56,27.77,2.6261,7.6,4.942,65.07
4153.71,26.47,2.6309,7.7,4.809,66.96
4153.86,20.78,2.6268,6.9,4.625,67.79
4154.02,22.43,2.6263,6.8,4.643,66.47
4154.17,25.97,2.6311,5.93,4.798,65.86
4154.32,25.13,2.6414,6.44,4.996,63.71
4154.47,28.44,2.6447,7.08,5.163,62.7
4154.63,21.09,2.6473,7.02,5.248,62.69
4154.78,22.6,2.6416,6.37,5.299,60.82
4154.93,27.52,2.6319,7.48,5.381,62.01
4155.08,23.03,2.6278,5.99,5.377,63.82
4155.23,26.86,2.6322,7.19,5.263,63.68
4155.39,26.3,2.6361,5.83,5.208,63.15
4155.54,27.53,2.6329,7.17,5.262,64.21
4155.69,27.9,2.6461,6.14,5.371,63.77
4155.84,25.1,2.6542,6.4,5.518,63.85
4156.0,30.3,2.6445,6.36,5.704,62.71
4156.15,27.7,2.6347,5.97,5.798,60.89
4156.3,34.33,2.6379,6.04,5.813,62.18
4156.45,29.31,2.6397,7.08,5.821,61.72
4156.61,28.8,2.6396,7.6,5.823,62.41
4156.76,26.83,2.6409,8.29,5.801,62.16
4156.91,27.29,2.6479,8.31,5.722,61.81
4157.06,27.38,2.6393,7.08,5.525,62.43
4157.22,29.29,2.6289,7.91,5.385,62.85
4157.37,25.75,2.6226,7.41,5.329,63.58
4157.52,30.46,2.6251,8.79,4.97,63.31
4157.67,24.4,2.6238,10.52,4.536,64.65
4157.83,27.05,2.6124,9.84,4.272,64.53
4157.98,26.54,2.6145,9.74,4.192,65.7
4158.13,31.16,2.6113,10.47,4.135,66.13
4158.28,33.87,2.6062,11.32,4.081,69.34
4158.44,38.99,2.6011,11.27,4.031,70.94
4158.59,33.72,2.6017,10.36,3.94,70.08
4158.74,34.39,2.6068,11.65,3.813,69.41
4158.89,33.92,2.6054,9.71,3.721,69.86
4159.04,35.0,2.598,9.95,3.716,69.49
4159.2,28.68,2.6045,9.96,3.798,71.32
4159.35,30.44,2.6119,10.0,3.916,70.5
4159.5,34.79,2.6269,8.04,4.041,69.48
4159.65,31.99,2.6257,7.62,4.16,65.97
4159.81,35.42,2.6174,7.4,4.304,64.58
4159.96,28.15,2.6121,11.81,4.402,63.95
4160.11,36.73,2.6042,11.98,4.501,63.23
4160.26,36.73,2.592,11.94,4.523,64.91
4160.42,36.94,2.5905,13.35,4.362,65.08
4160.57,37.39,2.5933,11.9,3.988,68.24
4160.72,35.17,2.586,13.0,3.657,71.4
4160.87,31.35,2.5827,11.61,3.459,73.66
4161.03,31.19,2.5863,11.13,3.323,74.82
4161.18,28.59,2.594,10.42,3.287,74.63
4161.33,32.59,2.6009,10.41,3.291,73.09
4161.48,33.05,2.592,10.57,3.283,70.61
4161.64,29.77,2.5806,11.81,3.202,69.23
4161.79,37.21,2.5822,11.43,3.144,68.85
4161.94,39.31,2.5892,13.07,3.14,70.1
4162.09,29.15,2.6041,12.84,3.06,72.31
4162.25,28.57,2.6206,11.4,2.945,74.19
4162.4,29.73,2.6149,13.64,2.878,72.6
4162.55,30.45,2.6048,13.11,2.935,72.28
4162.7,31.49,2.6087,11.17,3.044,70.77
4162.85,30.96,2.6122,11.9,3.158,69.44
4163.01,31.02,2.6125,11.32,3.284,68.47
4163.16,31.15,2.6015,10.93,3.345,66.97
4163.31,37.92,2.5863,14.11,3.258,69.69
4163.46,46.2,2.576,10.7,3.136,74.0
4163.62,44.01,2.5707,5.37,3.086,76.11
4163.77,42.01,2.5745,7.12,3.103,76.42
4163.92,40.4,2.5884,6.65,3.14,71.11
4164.07,33.47,2.6024,6.55,3.281,70.05
4164.23,33.16,2.6155,7.72,3.462,67.42
4164.38,32.17,2.6288,6.95,3.8,64.87
4164.53,26.8,2.6359,7.12,4.122,63.45
4164.68,26.12,2.6392,7.05,4.422,62.92
4164.84,27.87,2.6379,7.51,4.721,63.29
4164.99,27.51,2.6401,8.28,4.844,63.62
4165.14,29.25,2.6368,7.84,4.856,63.47
4165.29,27.06,2.6233,8.43,4.815,64.14
4165.45,27.77,2.6199,8.64,4.785,64.42
4165.6,26.64,2.623,9.07,4.755,65.0
4165.75,30.96,2.623,10.77,4.704,67.02
4165.9,31.04,2.6173,10.64,4.645,68.21
4166.06,26.71,2.6233,9.82,4.562,68.97
4166.21,22.88,2.623,9.67,4.504,67.59
4166.36,20.97,2.6178,9.4,4.47,71.54
4166.51,25.63,2.6185,8.74,4.496,86.46
4166.66,22.91,2.6171,7.98,4.534,86.92
4166.82,22.86,2.6172,7.79,4.659,86.59
4166.97,25.61,2.6175,7.23,4.808,85.59
4167.12,23.91,2.6219,8.61,5.006,85.58
4167.27,24.45,2.6184,8.74,5.284,84.44
4167.43,22.17,2.6113,6.74,5.606,81.01
4167.58,24.19,2.6102,6.97,5.846,79.49
4167.73,25.7,2.6195,7.85,6.106,78.84
4167.88,23.1,2.628,6.76,6.386,79.3
4168.04,24.41,2.6236,7.29,6.626,80.48
4168.19,23.44,2.617,6.41,6.74,81.15
4168.34,26.7,2.6151,6.53,6.748,50.11
4168.49,22.92,2.6174,6.74,6.673,47.09
4168.65,24.9,2.6208,6.91,6.564,47.5
4168.8,25.54,2.6097,7.22,6.334,49.06
4168.95,29.24,2.6083,6.49,6.103,68.73
4169.1,23.36,2.6173,6.99,5.911,69.44
4169.26,23.28,2.6153,7.54,5.821,69.44
4169.41,26.36,2.6084,6.79,5.753,69.39
4169.56,30.3,2.6101,8.72,5.706,69.5
4169.71,25.15,2.6134,8.79,5.517,69.45
4169.87,25.83,2.6063,10.37,5.173,69.38
4170.02,23.8,2.6021,9.65,4.941,69.34
4170.17,23.52,2.6115,9.42,4.805,68.28
4170.32,25.44,2.6253,9.44,4.767,55.71
4170.47,23.22,2.6248,9.66,4.692,55.88
4170.63,27.87,2.6161,10.05,4.59,53.0
4170.78,27.75,2.6073,8.49,4.676,59.85
4170.93,22.39,2.614,12.71,5.08,57.73
4171.08,25.24,2.6272,9.62,5.419,57.7
4171.24,24.12,2.6372,9.88,5.824,57.87
4171.39,25.27,2.6413,8.74,6.082,57.73
4171.54,27.92,2.6498,9.62,6.08,57.63
4171.69,37.31,2.6494,9.62,5.856,60.02
4171.85,38.74,2.6312,10.3,5.547,65.89
4172.0,40.13,2.6122,8.44,5.113,70.12
4172.15,32.95,2.6023,9.18,4.572,72.1
4172.3,32.35,2.5976,9.89,4.093,72.54
4172.46,37.0,2.5987,10.48,3.814,73.75
4172.61,33.76,2.6078,9.11,3.662,74.17
4172.76,32.11,2.6009,8.93,3.656,71.75
4172.91,32.12,2.6005,8.79,3.701,70.94
4173.07,28.67,2.6074,9.18,3.771,69.66
4173.22,29.3,2.6001,8.97,3.759,69.17
4173.37,26.67,2.5971,10.31,3.688,68.39
4173.52,27.92,2.6004,10.2,3.625,68.25
4173.68,30.22,2.6005,11.42,3.562,73.46
4173.83,38.92,2.6101,11.16,3.536,73.37
4173.98,41.14,2.6172,12.51,3.463,71.91
4174.13,35.83,2.6228,12.65,3.349,70.25
4174.28,38.5,2.6225,11.35,3.321,68.98
4174.44,35.38,2.6094,10.49,3.368,68.95
4174.59,34.87,2.5996,10.33,3.447,69.09
4174.74,30.8,2.6052,9.34,3.528,68.88
4174.89,32.1,2.6097,9.15,3.587,68.84
4175.05,30.07,2.6134,9.54,3.66,67.51
4175.2,24.11,2.6173,8.61,3.837,67.39
4175.35,22.22,2.613,8.17,4.017,67.42
4175.5,21.4,2.6107,7.95,4.123,66.92
4175.66,20.6,2.6117,7.7,4.181,66.4
4175.81,22.26,2.6134,8.15,4.199,64.75
4175.96,26.23,2.6177,7.77,4.483,64.56
4176.11,21.5,2.6131,7.98,4.552,64.71
4176.27,21.5,2.6084,6.71,4.56,64.64
4176.42,20.6,2.6101,6.97,4.529,64.67
4176.57,22.54,2.6196,6.86,4.49,64.84
4176.72,22.45,2.6334,8.01,4.48,65.57
4176.88,18.36,2.6403,9.0,4.467,67.46
4177.03,24.9,2.6366,9.71,4.468,67.52
4177.18,29.67,2.6328,10.05,4.386,67.57
4177.33,31.05,2.6308,9.21,4.216,67.55
4177.49,34.55,2.6219,9.88,4.571,67.51
4177.64,34.7,2.6183,10.01,4.857,69.07
4177.79,32.43,2.6241,9.09,4.86,67.74
4177.94,35.26,2.6272,6.9,4.85,65.13
4178.09,31.93,2.6329,7.45,4.833,61.94
4178.25,29.01,2.6347,7.3,4.841,61.84
4178.4,25.52,2.6475,5.41,5.084,62.02
4178.55,26.87,2.6403,6.88,5.686,62.01
4178.7,22.7,2.6247,6.2,5.747,61.98
4178.86,31.75,2.6309,7.61,5.695,61.98
4179.01,38.28,2.629,9.39,5.668,61.98
4179.16,34.16,2.6182,9.79,5.548,63.41
4179.31,35.8,2.6051,9.98,5.288,65.03
4179.47,30.84,2.6037,9.9,4.836,68.95
4179.62,35.73,2.6139,10.91,4.489,69.27
4179.77,30.39,2.6252,10.15,4.442,69.5
4179.92,33.9,2.6414,9.76,4.472,69.39
4180.08,30.33,2.6398,8.08,4.603,68.38
4180.23,27.69,2.6385,7.61,4.65,67.99
4180.38,27.41,2.6472,6.66,4.863,65.49
4180.53,31.23,2.6522,7.18,5.613,62.77
4180.69,24.42,2.647,7.29,6.272,60.98
4180.84,26.11,2.6367,7.16,6.195,59.69
4180.99,28.64,2.6272,7.47,6.196,61.03
4181.14,29.41,2.6372,7.16,6.253,61.58
4181.3,29.28,2.6422,8.58,6.308,61.42
4181.45,34.37,2.6387,9.38,6.392,62.34
4181.6,26.09,2.6346,9.05,6.437,61.25
4181.75,28.4,2.6342,9.06,6.379,61.77
4181.9,34.49,2.6405,8.66,6.364,68.78
4182.06,29.19,2.641,9.34,6.294,70.54
4182.21,30.35,2.6243,8.94,5.92,70.44
4182.36,32.51,2.6078,10.27,5.446,70.58
4182.51,31.69,2.5988,10.6,4.898,97.46
4182.67,30.79,2.5954,9.19,4.481,103.71
4182.82,32.29,2.594,9.54,4.406,103.78
4182.97,29.88,2.5924,10.28,4.36,103.77
4183.12,30.46,2.5982,10.97,4.117,103.65
4183.28,34.87,2.6047,11.37,3.999,70.95
4183.43,33.59,2.6041,10.55,3.865,70.96
4183.58,33.29,2.6014,8.44,3.725,70.21
4183.73,32.25,2.6072,9.26,3.719,68.62
4183.89,35.93,2.604,10.03,3.7,69.95
4184.04,29.77,2.5924,10.85,3.667,73.58
4184.19,33.49,2.5899,10.91,3.588,74.56
4184.34,36.72,2.5901,12.59,3.245,74.42
4184.5,40.78,2.5905,12.98,3.448,74.62
4184.65,51.78,2.5902,15.76,3.795,95.85
4184.8,41.01,2.5939,12.28,3.824,108.03
4184.95,37.53,2.5942,10.31,3.879,118.44
4185.11,35.83,2.5944,10.37,4.035,114.35
4185.26,31.43,2.5963,9.67,4.153,112.06
4185.41,37.07,2.602,11.3,4.079,110.18
4185.56,39.31,2.6062,10.81,4.027,110.28
4185.71,37.39,2.6087,10.83,3.946,110.13
4185.87,34.04,2.6102,11.54,3.963,109.8
4186.02,32.86,2.6159,9.34,4.292,109.71
4186.17,28.82,2.6189,9.71,4.61,109.17
4186.32,28.94,2.5979,15.64,4.263,108.97
4186.48,33.49,2.5336,22.74,3.755,108.96
4186.63,73.17,2.3436,16.47,2.828,108.66
4186.78,89.58,2.1784,19.56,2.491,108.68
4186.93,97.63,2.0709,40.25,2.299,108.5
4187.09,99.34,2.0377,30.26,1.766,98.43
4187.24,114.97,2.0421,32.17,1.452,70.3
4187.39,113.5,2.0767,22.17,1.591,70.3
4187.54,64.43,2.165,11.03,1.764,70.3
4187.7,35.91,2.3187,9.39,2.266,57.26
4187.85,28.95,2.5025,9.18,3.224,63.96
4188.0,33.03,2.5984,8.91,3.465,64.24
4188.15,29.56,2.6325,8.19,3.54,64.68
4188.31,27.98,2.6129,8.52,4.37,64.68
4188.46,27.68,2.6048,8.64,4.595,64.69
4188.61,31.42,2.5993,8.56,5.272,63.62
4188.76,30.71,2.606,7.14,5.905,64.7
4188.92,29.46,2.6109,7.97,5.956,63.62
4189.07,28.74,2.6116,7.98,6.208,64.43
4189.22,25.04,2.6075,7.69,6.512,64.25
4189.37,33.08,2.6095,7.15,6.42,63.78
4189.52,28.61,2.6187,7.32,6.253,64.51
4189.68,28.68,2.6223,7.77,5.94,64.04
4189.83,27.64,2.6295,7.17,5.558,63.27
4189.98,26.69,2.6352,6.64,5.428,63.16
4190.13,23.29,2.6344,7.05,5.388,63.02
4190.29,25.08,2.6255,7.39,5.253,62.73
4190.44,26.69,2.6199,9.23,5.095,62.33
4190.59,26.48,2.6222,10.63,4.947,64.27
4190.74,36.5,2.6193,10.86,4.921,66.58
4190.9,34.56,2.6319,9.63,5.169,69.04
4191.05,30.48,2.6447,9.51,5.18,67.33
4191.2,27.0,2.6468,8.6,5.204,65.96
4191.35,21.44,2.6365,7.31,5.25,63.42
4191.51,16.31,2.6379,6.5,5.369,61.59
4191.66,23.17,2.6507,7.43,5.988,61.12
4191.81,22.67,2.6464,6.65,6.982,59.94
4191.96,25.29,2.6296,7.09,8.097,63.44
4192.12,33.42,2.6196,8.31,8.037,65.11
4192.27,31.15,2.6207,9.01,8.054,65.56
4192.42,36.47,2.6313,9.64,8.094,66.56
4192.57,33.66,2.6371,9.32,8.131,66.97
4192.73,33.78,2.6379,8.41,8.169,62.36
4192.88,31.35,2.6274,7.9,8.084,61.58
4193.03,28.67,2.6248,8.32,8.084,59.62
4193.18,27.11,2.6299,9.21,8.081,61.1
4193.33,28.25,2.6252,8.18,8.052,61.34
4193.49,32.07,2.615,7.38,8.038,61.77
4193.64,32.4,2.6144,9.03,7.97,62.26
4193.79,33.02,2.6229,10.28,7.879,62.13
4193.94,28.96,2.6298,8.72,7.75,61.94
4194.1,35.43,2.6317,11.36,7.689,62.16
4194.25,31.02,2.6165,9.85,7.558,63.18
4194.4,30.44,2.6031,12.41,7.375,64.42
4194.55,29.56,2.6002,12.27,7.054,55.94
4194.71,27.04,2.5958,12.74,6.99,62.86
4194.86,32.06,2.583,11.22,7.006,62.31
4195.01,32.38,2.5869,10.93,7.022,62.45
4195.16,33.92,2.5987,11.84,7.023,62.37
4195.32,32.54,2.6099,10.59,7.033,63.18
4195.47,32.1,2.6124,10.35,7.112,63.06
4195.62,34.94,2.61,10.31,7.362,61.96
4195.77,27.21,2.6185,9.79,7.576,61.94
4195.93,31.35,2.6233,9.13,7.661,62.0
4196.08,31.35,2.6262,8.99,7.742,61.87
4196.23,31.35,2.6228,8.4,7.687,61.99
4196.38,31.35,2.627,7.73,7.534,61.97
4196.54,34.04,2.6353,7.82,7.443,62.39
4196.69,33.4,2.6381,8.06,7.402,61.41
4196.84,35.21,2.6317,7.5,7.36,61.99
4196.99,36.49,2.6276,8.32,7.369,62.32
4197.14,36.96,2.6363,8.62,7.499,62.08
4197.3,37.62,2.646,10.16,7.756,61.97
4197.45,37.14,2.6457,10.46,7.538,62.77
4197.6,40.31,2.6457,12.64,5.376,60.9
4197.75,42.36,2.6371,11.61,5.088,63.41
4197.91,44.79,2.6245,9.65,4.963,66.28
4198.06,36.1,2.632,9.16,4.748,68.8
4198.21,36.49,2.6516,7.06,4.682,72.35
4198.36,30.19,2.6632,6.81,4.618,70.25
4198.52,26.07,2.6711,7.21,4.666,65.77
4198.67,27.34,2.6794,6.64,5.039,63.07
4198.82,27.51,2.6816,6.92,5.173,62.57
4198.97,32.35,2.6736,8.35,5.154,61.33
4199.13,33.07,2.6617,9.31,5.036,61.81
4199.28,36.12,2.6533,9.2,4.958,63.33
4199.43,31.34,2.6527,9.76,4.937,66.39
4199.58,31.8,2.6614,7.87,4.941,67.56
4199.74,28.6,2.6718,5.41,4.947,66.89
4199.89,25.56,2.6847,6.73,5.265,66.61
4200.04,23.03,2.6926,4.49,5.796,66.0
4200.19,18.42,2.6802,5.04,6.056,61.73
4200.35,17.77,2.6621,4.76,6.245,60.98
4200.5,17.72,2.6643,4.2,6.377,60.01
4200.65,17.62,2.6763,4.07,6.664,59.12
4200.8,16.35,2.6826,4.45,6.763,58.25
4200.95,13.94,2.6796,4.82,6.754,57.56
4201.11,17.61,2.6846,5.06,6.49,57.99
4201.26,19.12,2.6874,5.63,5.938,58.69
4201.41,19.38,2.6861,5.41,5.54,60.23
4201.56,24.36,2.6772,6.5,5.544,61.15
4201.72,22.78,2.665,6.54,5.541,62.28
4201.87,21.57,2.6655,6.23,5.517,62.4
4202.02,18.81,2.6695,6.43,5.232,62.85
4202.17,22.9,2.6711,7.92,4.697,63.18
4202.33,26.18,2.6744,7.27,4.671,63.54
4202.48,24.07,2.6764,8.35,4.674,62.35
4202.63,25.26,2.6632,8.34,4.655,62.91
4202.78,29.27,2.6438,7.88,4.649,65.54
4202.94,23.42,2.6278,8.8,4.643,66.45
4203.09,23.34,2.6265,7.45,4.638,66.67
4203.24,25.86,2.628,8.29,4.592,67.57
4203.39,25.85,2.6347,7.11,4.58,65.95
4203.55,21.78,2.6423,6.95,4.559,64.36
4203.7,27.98,2.6438,8.6,4.496,65.44
4203.85,30.39,2.6445,7.56,4.44,67.25
4204.0,23.79,2.6387,9.53,4.423,67.27
4204.16,16.43,2.635,7.6,4.425,67.38
4204.31,16.12,2.6327,6.59,4.429,67.61
4204.46,18.78,2.6265,7.1,4.444,68.2
4204.61,21.5,2.6323,6.65,4.441,67.84
4204.76,17.04,2.6348,7.59,4.448,65.57
4204.92,19.35,2.6314,7.17,4.557,64.01
4205.07,19.75,2.6324,6.69,4.703,63.14
4205.22,24.13,2.6346,8.35,4.782,63.63
4205.37,24.45,2.6403,7.42,4.778,62.77
4205.53,20.74,2.6382,6.4,4.768,64.26
4205.68,23.29,2.6369,6.16,4.77,65.35
4205.83,21.61,2.6485,6.01,4.736,65.48
4205.98,21.5,2.6544,6.0,4.707,65.08
4206.14,25.01,2.6553,5.71,4.75,64.91
4206.29,21.95,2.6623,5.91,4.902,64.45
4206.44,24.19,2.6627,6.62,5.004,63.88
4206.59,22.03,2.6552,6.17,5.03,64.91
4206.75,24.19,2.6511,7.28,5.045,62.38
4206.9,24.88,2.6517,7.81,4.97,62.35
4207.05,27.52,2.6504,6.11,4.831,64.16
4207.2,27.97,2.6417,8.06,4.785,64.82
4207.36,23.9,2.6478,8.64,4.67,66.07
4207.51,20.34,2.6617,8.63,4.635,66.32
4207.66,18.99,2.6532,8.94,4.613,66.55
4207.81,20.86,2.6419,8.58,4.614,65.08
4207.97,24.79,2.6426,8.15,4.736,64.5
4208.12,25.08,2.6426,9.13,4.882,62.11
4208.27,23.53,2.6454,8.76,4.877,61.6
4208.42,24.61,2.6393,8.24,4.751,61.95
4208.57,27.21,2.6355,7.99,4.63,62.42
4208.73,30.78,2.6441,7.12,4.594,63.72
4208.88,24.52,2.6459,7.17,4.593,66.04
4209.03,27.45,2.6499,7.64,4.595,66.34
4209.18,27.89,2.6424,10.05,4.585,66.12
4209.34,26.67,2.6422,12.51,4.54,65.22
4209.49,31.34,2.64,11.11,4.39,63.44
4209.64,32.7,2.6174,11.95,4.148,63.61
4209.79,41.27,2.5997,12.53,4.074,64.61
4209.95,40.02,2.6072,12.2,3.839,68.04
4210.1,32.93,2.6221,10.83,3.417,73.22
4210.25,25.64,2.6211,11.42,3.373,75.23
4210.4,24.26,2.6279,9.32,3.45,74.26
4210.56,24.02,2.6356,7.71,3.579,70.37
4210.71,21.31,2.637,8.09,3.612,69.37
4210.86,23.05,2.6293,7.41,3.624,68.18
4211.01,25.45,2.631,7.83,3.649,65.4
4211.17,26.6,2.6328,8.58,3.785,65.87
4211.32,30.16,2.6331,9.02,3.895,66.14
4211.47,32.95,2.6331,9.55,3.897,66.7
4211.62,30.83,2.632,8.35,3.81,69.27
4211.78,27.64,2.6278,9.96,3.729,69.93
4211.93,29.36,2.6271,11.52,3.672,69.58
4212.08,32.0,2.6382,12.61,3.62,69.38
4212.23,31.35,2.6362,14.55,3.561,68.98
4212.38,33.43,2.6212,12.51,3.451,69.56
4212.54,37.76,2.6139,14.62,3.34,70.64
4212.69,38.15,2.6183,13.64,3.251,72.78
4212.84,39.95,2.6349,15.08,3.189,75.11
4212.99,40.01,2.6537,13.77,3.09,75.55
4213.15,42.23,2.6594,11.83,2.946,75.96
4213.3,39.73,2.6476,12.71,2.785,75.4
4213.45,33.57,2.6415,9.75,2.751,76.25
4213.6,30.55,2.6365,9.75,2.867,76.19
4213.76,28.67,2.6378,9.66,3.091,74.67
4213.91,31.15,2.6463,8.42,3.246,69.81
4214.06,28.67,2.6398,9.31,3.317,66.94
4214.21,32.95,2.6169,12.26,3.336,64.3
4214.37,35.36,2.6056,12.27,3.384,64.14
4214.52,37.6,2.6099,8.18,3.449,65.86
4214.67,37.17,2.621,8.14,3.364,71.25
4214.82,34.03,2.6346,9.65,3.305,73.17
4214.98,33.14,2.6456,9.12,3.296,71.44
4215.13,32.08,2.6475,8.36,3.292,68.26
4215.28,27.16,2.6394,8.1,3.311,67.28
4215.43,27.63,2.6386,7.03,3.363,67.24
4215.59,27.57,2.6421,8.83,3.511,67.25
4215.74,30.93,2.6371,10.83,3.663,65.43
4215.89,33.82,2.6262,10.52,3.697,66.94
4216.04,37.13,2.6226,10.14,3.664,70.95
4216.19,34.62,2.6299,10.09,3.632,70.85
4216.35,33.74,2.6399,10.89,3.627,70.95
4216.5,39.17,2.6269,10.82,3.595,70.75
4216.65,39.43,2.6184,11.05,3.473,71.2
4216.8,33.92,2.631,11.17,3.351,70.69
4216.96,32.33,2.6368,10.12,3.34,71.08
4217.11,36.88,2.6359,11.1,3.299,70.76
4217.26,31.15,2.631,11.5,3.297,70.82
4217.41,35.22,2.6256,10.37,3.285,70.3
4217.57,35.83,2.6125,10.57,3.284,70.74
4217.72,31.51,2.6053,11.43,3.309,71.42
4217.87,34.33,2.608,10.83,3.258,69.91
4218.02,37.92,2.6162,11.57,3.206,69.29
4218.18,38.12,2.6223,12.27,3.146,70.95
4218.33,37.14,2.6248,14.24,3.056,72.32
4218.48,31.14,2.627,10.47,3.036,73.36
4218.63,32.25,2.6206,7.68,3.061,72.6
4218.79,32.25,2.6278,9.32,3.104,71.86
4218.94,32.25,2.6345,9.29,3.146,68.45
4219.09,31.24,2.6289,9.27,3.16,69.78
4219.24,33.1,2.6267,8.51,3.178,69.74
4219.4,26.4,2.6244,8.81,3.264,69.55
4219.55,26.87,2.6265,10.08,3.29,69.5
4219.7,30.01,2.6294,10.91,3.268,67.73
4219.85,33.12,2.6335,9.59,3.258,68.86
4220.0,28.98,2.6327,12.51,3.251,71.66
4220.16,32.37,2.6199,15.92,3.207,71.58
4220.31,34.94,2.6099,13.67,3.207,71.98
4220.46,47.21,2.6085,13.74,3.154,72.05
4220.61,48.12,2.5967,14.95,2.963,72.28
4220.77,56.86,2.5809,15.6,2.794,73.84
4220.92,42.84,2.5771,12.57,2.549,75.5
4221.07,34.4,2.583,10.58,2.431,81.72
4221.22,35.56,2.6028,10.5,2.477,71.18
4221.38,34.94,2.6164,10.64,2.51,74.15
4221.53,34.94,2.6261,9.7,2.604,74.15
4221.68,34.22,2.6253,9.64,2.748,74.03
4221.83,29.84,2.6233,10.81,2.989,73.99
4221.99,29.88,2.6222,10.88,3.067,73.95
4222.14,38.69,2.6191,11.84,3.064,74.01
4222.29,36.91,2.6164,13.02,3.054,73.99
4222.44,38.47,2.6138,11.74,3.033,73.88
4222.6,36.35,2.6052,13.79,2.945,73.99
4222.75,36.19,2.6001,15.88,2.796,74.02
4222.9,36.64,2.5952,14.59,2.765,74.04
4223.05,38.82,2.5875,13.64,2.774,74.63
4223.21,40.86,2.5903,13.99,2.762,75.2
4223.36,44.7,2.5903,15.13,2.724,76.44
4223.51,41.33,2.581,15.76,2.676,77.69
4223.66,44.6,2.5795,15.25,2.609,77.15
4223.81,39.25,2.5842,13.73,2.545,77.0
4223.97,37.0,2.5933,15.62,2.5,76.85
4224.12,40.31,2.6067,14.12,2.505,76.81
4224.27,41.16,2.614,14.2,2.518,76.76
4224.42,34.52,2.6088,13.59,2.556,76.54
4224.58,34.92,2.6023,11.74,2.626,75.07
4224.73,37.18,2.6156,11.56,2.699,74.14
4224.88,34.04,2.6218,11.84,2.778,72.52
4225.03,34.99,2.6108,10.66,2.855,72.13
4225.19,34.9,2.6049,9.84,2.938,72.65
4225.34,35.04,2.6074,11.59,2.988,72.15
4225.49,31.69,2.6169,11.12,3.002,71.41
4225.64,33.19,2.6309,10.79,3.042,71.98
4225.8,36.63,2.635,10.93,3.07,72.19
4225.95,36.39,2.6292,10.89,3.048,71.63
4226.1,35.06,2.6258,12.35,3.044,72.81
4226.25,36.41,2.6204,11.91,3.015,72.8
4226.41,37.63,2.6096,11.99,2.982,72.76
4226.56,34.97,2.6045,13.38,2.91,72.85
4226.71,35.66,2.6114,11.3,2.777,73.24
4226.86,37.48,2.619,13.57,2.753,73.42
4227.02,44.67,2.618,11.85,2.74,74.29
4227.17,41.87,2.615,12.5,2.729,75.42
4227.32,46.54,2.5987,15.73,2.726,76.18
4227.47,48.11,2.5822,15.2,2.726,77.04
4227.62,47.6,2.5783,12.77,2.663,77.18
4227.78,39.77,2.5918,11.06,2.577,77.4
4227.93,43.46,2.6136,12.68,2.821,77.26
4228.08,38.96,2.6287,13.09,2.892,77.34
4228.23,39.69,2.6267,13.54,2.878,77.46
4228.39,35.43,2.6247,11.18,2.885,72.98
4228.54,31.35,2.6302,12.21,2.887,71.07
4228.69,35.35,2.6316,12.84,2.895,71.85
4228.84,34.64,2.627,12.57,2.895,71.84
4229.0,43.55,2.6192,13.49,2.898,71.82
4229.15,53.86,2.6208,11.71,2.898,72.19
4229.3,48.58,2.6248,12.21,2.887,72.93
4229.45,46.28,2.6339,19.26,2.615,73.99
4229.61,50.05,2.6317,15.56,2.561,75.24
4229.76,50.16,2.6129,15.22,2.473,76.27
4229.91,44.81,2.5974,15.94,2.417,78.13
4230.06,47.53,2.5825,15.39,2.324,80.96
4230.22,39.68,2.584,17.02,2.298,80.12
4230.37,44.69,2.5926,18.13,2.231,79.68
4230.52,47.28,2.5965,15.2,2.221,79.5
4230.67,46.9,2.5999,15.72,2.215,79.38
4230.83,46.77,2.5898,15.02,2.21,78.61
4230.98,42.83,2.5899,12.84,2.199,78.13
4231.13,50.82,2.6025,13.51,2.196,79.42
4231.28,48.69,2.6053,12.64,2.198,81.63
4231.43,45.85,2.604,12.48,2.226,82.12
4231.59,34.8,2.5963,13.05,2.245,81.17
4231.74,32.6,2.6034,16.64,2.282,78.68
4231.89,31.5,2.6064,14.7,2.4,76.5
4232.04,29.16,2.6059,14.57,2.565,75.01
4232.2,30.42,2.6065,16.69,2.637,75.23
4232.35,34.01,2.6043,12.92,2.675,75.83
4232.5,29.36,2.6058,16.41,2.789,77.26
4232.65,29.95,2.6108,13.85,2.883,74.87
4232.81,30.1,2.6246,14.34,3.168,68.59
4232.96,26.26,2.6442,9.4,3.28,67.08
4233.11,29.11,2.6661,9.74,3.33,67.04
4233.26,30.15,2.671,28.82,3.44,67.04
4233.42,31.1,2.6607,18.94,3.661,66.98
4233.57,27.09,2.6458,20.13,3.814,66.99
4233.72,31.08,2.6336,19.96,3.972,67.3
4233.87,31.32,2.6338,18.05,3.931,68.1
4234.03,24.54,2.6366,19.27,3.885,67.47
4234.18,29.67,2.6299,18.3,3.929,67.05
4234.33,24.4,2.6198,21.57,3.96,66.53
4234.48,27.53,2.6164,18.35,3.94,66.46
4234.64,32.23,2.6158,18.9,3.935,66.41
4234.79,29.55,2.6014,19.82,3.964,66.51
4234.94,32.3,2.5811,19.46,3.527,67.95
4235.09,37.2,2.5729,18.41,2.881,79.63
4235.24,45.13,2.5644,17.33,2.337,82.89
4235.4,54.85,2.5603,19.04,2.163,82.86
4235.55,56.18,2.559,17.9,2.158,82.89
4235.7,57.59,2.5557,19.41,2.153,82.71
4235.85,60.91,2.5601,15.52,2.155,81.39
4236.01,55.38,2.5765,18.67,2.192,81.78
4236.16,52.85,2.5869,17.52,2.232,81.51
4236.31,52.85,2.5978,15.36,2.292,79.93
4236.46,51.66,2.6039,15.19,2.362,97.28
4236.62,45.91,2.6021,14.74,2.434,96.81
4236.77,42.82,2.5899,14.55,2.532,96.78
4236.92,44.64,2.5776,13.0,2.572,96.93
4237.07,41.5,2.5818,14.25,2.601,76.66
4237.23,40.74,2.5931,16.83,2.635,76.71
4237.38,40.55,2.6011,12.2,2.644,76.6
4237.53,38.38,2.5975,13.59,2.625,76.08
4237.68,43.01,2.5977,14.03,2.628,75.35
4237.84,41.38,2.6006,11.69,2.658,75.33
4237.99,42.38,2.6008,14.17,2.688,75.43
4238.14,40.77,2.5995,13.01,2.68,75.36
4238.29,41.27,2.5945,13.72,2.666,74.38
4238.45,43.25,2.5918,15.89,2.635,75.0
4238.6,45.24,2.592,16.0,2.576,75.99
4238.75,46.68,2.5881,17.74,2.516,76.77
4238.9,44.96,2.5826,15.29,2.446,78.07
4239.05,40.6,2.582,16.41,2.402,78.54
4239.21,41.37,2.5892,16.59,2.396,80.09
4239.36,43.04,2.5916,15.08,2.466,77.13
4239.51,42.04,2.5912,14.59,2.579,74.93
4239.66,34.22,2.5853,14.17,2.648,74.33
4239.82,41.66,2.5919,13.23,2.643,74.41
4239.97,40.35,2.5944,15.61,2.632,74.3
4240.12,40.6,2.5948,14.17,2.629,75.37
4240.27,42.07,2.5962,17.48,2.628,75.86
4240.43,39.71,2.594,15.06,2.613,76.05
4240.58,38.97,2.5882,15.67,2.583,76.38
4240.73,43.21,2.5828,13.58,2.532,77.43
4240.88,41.3,2.5843,12.65,2.523,77.32
4241.04,40.44,2.5822,13.26,2.528,77.32
4241.19,44.32,2.5768,14.77,2.531,77.41
4241.34,40.05,2.5741,13.36,2.533,77.65
4241.49,46.02,2.5859,14.84,2.525,76.94
4241.65,42.16,2.5839,14.03,2.507,77.04
4241.8,44.96,2.5753,15.52,2.467,77.84
4241.95,43.78,2.5734,15.05,2.46,78.03
4242.1,44.39,2.5769,16.96,2.459,78.07
4242.26,44.98,2.5718,15.12,2.451,78.4
4242.41,44.35,2.568,16.18,2.445,79.97
4242.56,42.25,2.5684,15.26,2.442,75.69
4242.71,42.22,2.5653,14.79,2.433,79.57
4242.86,48.37,2.5628,14.84,2.439,79.72
4243.02,45.23,2.5601,14.9,2.462,79.7
4243.17,45.51,2.564,16.54,2.437,79.58
4243.32,47.53,2.5623,16.59,2.353,79.4
4243.47,53.37,2.5603,20.61,2.342,79.79
4243.63,45.79,2.56,17.85,2.39,82.05
4243.78,54.65,2.5484,15.33,2.396,82.25
4243.93,52.28,2.5513,16.05,2.399,82.32
4244.08,52.42,2.5611,13.46,2.404,82.25
4244.24,48.49,2.5794,13.03,2.502,80.85
4244.39,44.93,2.5848,14.24,2.643,79.32
4244.54,41.27,2.5786,11.57,2.713,76.85
4244.69,38.56,2.5763,12.71,2.737,75.26
4244.85,36.7,2.5771,14.0,2.802,78.21
4245.0,30.5,2.5813,13.58,2.9,79.5
4245.15,37.29,2.5736,14.25,2.954,78.11
4245.3,36.76,2.5656,14.3,3.0,78.12
4245.46,37.62,2.5692,12.39,2.991,78.11
4245.61,40.63,2.5775,15.6,2.949,78.08
4245.76,44.79,2.5781,17.33,2.91,78.14
4245.91,43.09,2.5719,16.13,2.849,78.12
4246.07,48.86,2.5647,16.62,2.772,78.03
4246.22,47.24,2.5634,17.5,2.739,78.03
4246.37,48.0,2.5677,15.06,2.765,78.02
4246.52,48.69,2.5709,14.27,2.76,77.21
4246.67,42.66,2.5779,14.88,2.758,77.9
4246.83,48.58,2.5767,14.73,2.764,77.87
4246.98,43.79,2.5759,15.18,2.79,77.7
4247.13,43.3,2.5739,16.65,2.792,73.74
4247.28,39.89,2.5743,15.31,2.812,73.38
4247.44,37.62,2.5707,15.01,2.853,75.93
4247.59,39.0,2.5661,12.61,2.873,77.53
4247.74,40.2,2.5637,15.34,2.885,77.45
4247.89,40.48,2.5672,12.38,2.893,77.49
4248.05,39.69,2.5633,13.18,2.9,77.41
4248.2,41.05,2.5641,13.49,2.91,77.48
4248.35,41.51,2.5822,13.26,2.931,77.44
4248.5,47.48,2.5877,14.15,2.919,77.5
4248.66,54.76,2.5863,15.11,2.918,77.46
4248.81,51.16,2.5906,13.79,2.918,77.44
4248.96,46.05,2.5827,13.04,2.901,77.38
4249.11,53.16,2.5813,15.08,2.872,77.44
4249.27,52.1,2.5879,17.63,2.779,77.4
4249.42,50.4,2.5881,15.48,2.732,77.38
4249.57,50.51,2.5842,17.22,2.732,77.25
4249.72,50.2,2.5803,14.87,2.73,77.57
4249.88,50.6,2.5778,15.11,2.732,77.33
4250.03,50.14,2.5766,13.6,2.727,77.3
4250.18,44.66,2.5743,14.21,2.723,77.29
4250.33,47.51,2.5723,13.19,2.75,77.49
4250.48,43.9,2.5806,13.27,2.758,77.93
4250.64,42.16,2.5839,12.72,2.768,78.19
4250.79,43.52,2.5866,14.48,2.792,77.93
4250.94,42.1,2.579,17.35,2.804,78.01
4251.09,43.2,2.5843,16.01,2.833,77.06
4251.25,43.2,2.5852,14.96,2.888,76.53
4251.4,41.41,2.5856,12.45,2.97,74.99
4251.55,45.11,2.5812,13.44,2.934,74.5
4251.7,43.31,2.576,15.37,2.945,74.53
4251.86,42.83,2.5771,14.3,2.941,74.79
4252.01,42.73,2.5779,15.22,2.929,74.99
4252.16,43.39,2.576,16.81,2.934,75.91
4252.31,49.4,2.5806,16.75,2.926,76.18
4252.47,47.48,2.5843,14.51,2.93,76.64
4252.62,49.48,2.5862,14.04,2.927,77.78
4252.77,55.46,2.5805,15.22,2.925,78.16
4252.92,46.95,2.5777,14.98,2.926,76.7
4253.08,44.39,2.5893,14.82,2.936,76.57
4253.23,46.0,2.602,13.32,3.0,76.63
4253.38,46.18,2.5964,12.41,3.01,76.52
4253.53,36.22,2.5869,11.92,3.012,75.23
4253.69,41.1,2.5827,12.07,3.038,74.27
4253.84,38.62,2.5807,14.33,3.174,72.82
4253.99,46.58,2.5828,14.8,3.277,73.42
4254.14,40.01,2.59,14.37,3.38,75.75
4254.29,45.95,2.5873,13.15,3.377,75.14
4254.45,47.48,2.5875,14.98,3.376,75.5
4254.6,45.2,2.5882,14.38,3.375,75.66
4254.75,48.31,2.5909,14.26,3.376,75.86
4254.9,44.31,2.6044,12.49,3.375,75.78
4255.06,42.99,2.6153,13.97,3.373,75.82
4255.21,42.57,2.6103,13.11,3.368,72.75
4255.36,40.45,2.604,11.81,3.362,72.33
4255.51,43.4,2.6111,11.84,3.366,72.7
4255.67,43.06,2.6163,12.24,3.364,71.17
4255.82,44.94,2.6065,12.75,3.357,71.93
4255.97,41.12,2.6006,15.33,3.36,72.48
4256.12,44.16,2.5943,15.26,3.346,72.39
4256.28,45.69,2.5904,14.55,3.339,74.45
4256.43,45.69,2.5911,13.61,3.334,74.55
4256.58,47.15,2.5988,13.96,3.333,73.87
4256.73,47.75,2.6079,14.13,3.323,73.93
4256.89,46.58,2.6069,14.39,3.324,73.86
4257.04,46.58,2.5974,14.4,3.347,73.77
4257.19,45.4,2.6011,13.95,3.35,73.98
4257.34,47.79,2.5995,13.56,3.338,73.96
4257.5,39.86,2.5965,15.07,3.335,74.42
4257.65,42.63,2.5976,14.12,3.346,75.12
4257.8,47.48,2.6018,14.32,3.304,74.94
4257.95,44.63,2.5987,13.13,3.218,75.1
4258.1,46.64,2.5981,14.22,3.18,75.74
4258.26,42.57,2.5962,13.95,3.196,76.17
4258.41,44.16,2.5895,12.76,3.246,74.14
4258.56,40.44,2.5925,12.34,3.328,72.39
4258.71,41.21,2.5974,12.8,3.383,72.28
4258.87,34.07,2.6022,13.44,3.436,72.35
4259.02,43.72,2.5981,14.04,3.455,72.14
4259.17,43.15,2.598,14.3,3.515,72.21
4259.32,41.21,2.6101,13.44,3.564,73.21
4259.48,41.21,2.6046,13.2,3.472,73.8
4259.63,50.92,2.5987,14.83,3.472,73.51
4259.78,43.23,2.5949,13.73,3.5,74.42
4259.93,45.69,2.6052,11.26,3.507,74.66
4260.09,48.33,2.614,12.33,3.517,74.52
4260.24,43.04,2.6148,11.63,3.554,74.36
4260.39,36.96,2.608,12.25,3.605,73.57
4260.54,40.52,2.6076,11.04,3.616,72.27
4260.7,40.73,2.6105,11.81,3.634,70.81
4260.85,42.93,2.6149,11.49,3.754,70.51
4261.0,39.85,2.6194,12.05,3.695,71.5
4261.15,45.54,2.62,12.6,3.657,72.01
4261.31,46.22,2.6218,14.9,3.649,71.73
4261.46,43.38,2.6138,12.28,3.648,72.43
4261.61,47.34,2.6045,12.67,3.632,73.63
4261.76,45.98,2.6016,15.06,3.572,74.28
4261.91,47.59,2.6052,14.52,3.616,74.56
4262.07,43.76,2.5981,14.36,3.558,74.56
4262.22,43.89,2.5883,14.54,3.556,74.56
4262.37,47.18,2.5789,13.45,3.484,74.4
4262.52,45.23,2.5745,12.74,3.425,73.63
4262.68,51.27,2.5819,12.97,3.397,73.4
4262.83,57.83,2.5959,13.49,3.343,75.01
4262.98,50.58,2.6003,12.01,3.389,76.78
4263.13,49.4,2.5979,13.63,3.595,78.24
4263.29,48.64,2.6004,14.6,3.561,73.24
4263.44,40.33,2.5853,15.78,3.62,69.32
4263.59,45.17,2.5676,14.6,3.632,71.3
4263.74,47.73,2.5638,14.81,3.664,73.02
4263.9,48.61,2.5719,18.93,3.713,63.26
4264.05,59.3,2.5822,19.03,3.884,62.63
4264.2,53.9,2.5833,18.75,3.677,62.94
4264.35,57.85,2.5855,16.67,3.314,59.8
4264.51,57.53,2.5919,12.47,3.196,59.75
4264.66,67.74,2.6124,12.14,3.113,59.75
4264.81,55.8,2.6321,12.12,3.254,59.77
4264.96,40.93,2.633,11.46,3.765,59.93
4265.12,26.86,2.636,7.87,4.16,60.02
4265.27,23.68,2.6404,9.06,4.712,60.1
4265.42,20.0,2.6446,9.98,4.742,60.23
4265.57,30.24,2.657,10.23,4.76,60.18
4265.72,34.64,2.6601,10.88,4.779,61.45
4265.88,26.81,2.6648,9.96,4.753,66.07
4266.03,22.39,2.6589,12.7,4.527,68.62
4266.18,23.49,2.6529,10.81,4.662,69.75
4266.33,23.52,2.6414,9.73,4.835,65.83
4266.49,24.51,2.6388,7.98,4.889,63.94
4266.64,27.16,2.6379,8.79,4.906,63.39
4266.79,26.86,2.6339,8.96,4.862,61.94
4266.94,25.98,2.6343,8.12,4.919,61.72
4267.1,28.5,2.6391,8.39,5.109,62.21
4267.25,28.82,2.6473,9.16,5.199,62.58
4267.4,30.58,2.6466,7.59,5.155,63.18
4267.55,31.12,2.652,11.17,5.075,63.71
4267.71,33.83,2.6569,9.21,5.073,64.04
4267.86,39.81,2.6525,10.68,5.104,65.89
4268.01,38.52,2.6498,8.81,5.112,67.78
4268.16,36.58,2.6534,9.29,5.168,66.58
4268.32,31.51,2.6437,9.51,5.224,64.7
4268.47,25.36,2.6375,9.76,5.24,63.19
4268.62,26.98,2.6363,11.19,5.219,61.52
4268.77,23.62,2.6211,10.32,5.226,61.91
4268.93,26.56,2.6094,12.94,5.245,63.19
4269.08,32.42,2.5975,10.38,5.039,64.44
4269.23,26.9,2.6012,13.4,4.829,65.97
4269.38,27.77,2.6089,11.87,4.663,68.06
4269.53,21.0,2.598,10.62,4.533,65.94
4269.69,19.44,2.5892,10.99,4.441,61.38
4269.84,14.4,2.5889,10.05,4.304,61.37
4269.99,17.04,2.5845,10.35,4.068,60.87
4270.14,15.25,2.573,11.44,3.686,62.79
4270.3,23.4,2.5577,12.58,3.498,65.73
4270.45,36.88,2.5555,13.85,3.478,67.57
4270.6,47.61,2.5545,13.49,3.468,72.36
4270.75,53.98,2.5552,16.39,3.404,72.72
4270.91,58.37,2.5639,14.78,3.159,73.86
4271.06,59.08,2.5634,13.68,3.08,75.23
4271.21,62.26,2.5681,14.38,3.093,75.51
4271.36,70.42,2.5707,12.03,3.102,74.71
4271.52,63.53,2.5744,13.65,3.104,74.8
4271.67,66.26,2.5678,13.75,3.111,74.47
4271.82,61.25,2.559,14.16,3.121,74.55
4271.97,60.52,2.5555,14.01,3.136,72.9
4272.13,62.71,2.5586,16.4,3.149,75.84
4272.28,60.33,2.5602,14.17,3.162,74.3
4272.43,59.54,2.5607,15.1,3.158,75.14
4272.58,58.9,2.5654,15.23,3.13,75.53
4272.74,56.86,2.5742,14.59,3.102,73.94
4272.89,49.77,2.5801,13.87,3.07,73.42
4273.04,52.48,2.5702,17.06,3.015,73.37
4273.19,54.37,2.5587,15.28,2.985,75.06
4273.34,57.43,2.5587,15.96,2.986,76.13
4273.5,55.51,2.5538,16.57,2.98,76.81
4273.65,57.04,2.5529,14.68,2.939,76.66
4273.8,58.89,2.5534,14.7,2.867,76.83
4273.95,63.97,2.5575,16.14,2.828,77.94
4274.11,67.9,2.5623,16.26,2.815,77.89
4274.26,63.25,2.5627,18.12,2.808,79.93
4274.41,60.27,2.5532,15.5,2.808,79.05
4274.56,67.72,2.5507,16.05,2.792,78.19
4274.72,61.66,2.5569,18.43,2.773,78.16
4274.87,63.6,2.56,15.92,2.771,76.58
4275.02,56.75,2.5589,16.9,2.78,75.38
4275.17,54.62,2.5564,15.12,2.801,74.72
4275.33,49.73,2.5507,14.31,2.784,73.75
4275.48,45.72,2.5503,13.94,2.764,73.3
4275.63,45.1,2.5576,14.55,2.756,73.35
4275.78,52.56,2.5564,15.58,2.743,73.31
4275.94,50.45,2.5429,16.64,2.719,74.16
4276.09,48.37,2.5414,14.69,2.691,75.32
4276.24,48.37,2.5513,15.66,2.666,75.5
4276.39,51.96,2.5553,15.63,2.677,77.3
4276.55,49.09,2.5511,16.24,2.715,77.03
4276.7,51.82,2.5532,16.38,2.741,76.97
4276.85,48.06,2.562,13.84,2.783,77.35
4277.0,50.16,2.5606,14.54,2.817,76.49
4277.15,53.3,2.5617,16.92,2.834,76.51
4277.31,58.93,2.5657,16.28,2.871,77.14
4277.46,62.16,2.5583,14.17,2.896,77.56
4277.61,62.26,2.5551,15.18,2.882,76.67
4277.76,59.55,2.5666,16.59,2.85,76.23
4277.92,57.83,2.5757,17.21,2.843,76.21
4278.07,59.12,2.5745,17.8,2.841,75.92
4278.22,60.51,2.5649,15.13,2.834,75.93
4278.37,57.01,2.5652,14.81,2.826,75.59
4278.53,61.52,2.5704,14.62,2.819,76.4
4278.68,56.6,2.5688,15.28,2.813,76.88
4278.83,59.78,2.5616,14.66,2.824,77.28
4278.98,56.17,2.5508,16.58,2.834,77.23
4279.14,65.37,2.5524,14.8,2.849,77.15
4279.29,56.88,2.5585,12.33,2.873,76.24
4279.44,50.16,2.5672,14.92,2.905,74.28
4279.59,51.01,2.5722,11.9,2.929,73.85
4279.75,51.55,2.5757,14.6,2.943,73.5
4279.9,58.9,2.5728,15.73,2.946,74.54
4280.05,52.37,2.5722,15.29,2.947,75.18
4280.2,63.6,2.578,14.24,2.957,76.25
4280.36,62.64,2.5807,13.16,2.982,76.03
4280.51,66.02,2.5734,16.59,3.022,76.53
4280.66,56.26,2.5716,14.26,3.022,76.08
4280.81,54.81,2.5713,16.44,3.011,75.67
4280.96,58.37,2.5679,15.22,3.005,75.29
4281.12,62.37,2.5678,14.32,2.997,75.42
4281.27,58.03,2.5616,14.54,2.991,75.53
4281.42,58.89,2.5584,14.44,2.972,77.08
4281.57,60.17,2.5716,15.45,2.957,81.2
4281.73,55.41,2.5799,14.48,2.943,76.06
4281.88,63.3,2.5776,16.08,2.935,76.51
4282.03,56.04,2.5784,13.56,2.924,76.6
4282.18,57.6,2.5816,13.14,2.916,76.61
4282.34,53.04,2.5772,15.13,2.903,76.57
4282.49,51.79,2.5675,14.51,2.879,76.51
4282.64,51.06,2.5582,16.3,2.868,76.57
4282.79,52.42,2.5516,16.35,2.868,76.5
4282.95,60.51,2.5551,16.77,2.862,76.36
4283.1,59.69,2.5706,14.36,2.856,76.49
4283.25,55.57,2.578,15.53,2.87,76.46
4283.4,57.03,2.5842,14.8,2.932,76.21
4283.56,53.46,2.5877,13.8,2.963,76.42
4283.71,56.43,2.5899,12.52,2.994,75.59
4283.86,49.51,2.5961,15.06,3.01,75.83
4284.01,57.05,2.5903,14.75,3.035,75.36
4284.17,60.35,2.5752,13.32,3.051,75.32
4284.32,61.15,2.5641,13.32,3.074,75.51
4284.47,57.71,2.5654,15.56,3.079,76.16
4284.62,60.76,2.5616,14.85,3.081,76.2
4284.77,56.67,2.5526,15.1,3.094,75.5
4284.93,57.23,2.5544,16.48,3.08,74.66
4285.08,59.12,2.5619,14.45,3.147,74.53
4285.23,51.96,2.5626,16.34,3.144,74.06
4285.38,51.49,2.5756,14.61,3.143,73.92
4285.54,55.65,2.5773,14.98,3.166,74.22
4285.69,55.2,2.5764,15.54,3.179,73.75
4285.84,48.82,2.5684,13.6,3.124,75.07
4285.99,55.54,2.5641,14.9,3.143,75.4
4286.15,58.62,2.5689,14.42,3.129,75.06
4286.3,54.84,2.5712,14.89,3.116,75.04
4286.45,56.77,2.5732,18.06,3.077,75.01
4286.6,56.26,2.5806,14.29,3.099,74.87
4286.76,60.57,2.5841,11.94,3.146,75.11
4286.91,53.15,2.5738,13.64,3.126,75.07
4287.06,57.0,2.576,14.76,3.119,74.77
4287.21,51.78,2.585,15.13,3.109,73.8
4287.37,54.26,2.5873,13.42,3.088,73.72
4287.52,54.81,2.5866,12.44,3.075,72.93
4287.67,54.23,2.5829,15.07,3.055,73.37
4287.82,52.2,2.5768,15.73,3.041,74.4
4287.98,57.42,2.5722,14.04,2.984,74.68
4288.13,55.07,2.5661,16.29,2.887,74.94
4288.28,58.97,2.5562,14.88,2.862,76.47
4288.43,59.77,2.5519,17.53,2.881,77.48
4288.58,57.34,2.5547,15.34,2.875,78.05
4288.74,59.93,2.5519,14.68,2.872,78.35
4288.89,58.48,2.5599,16.16,2.871,77.66
4289.04,62.02,2.5643,16.58,2.868,77.78
4289.19,60.91,2.5526,15.05,2.871,76.62
4289.35,58.47,2.5568,17.67,2.87,77.02
4289.5,59.41,2.5568,15.96,2.866,84.28
4289.65,51.22,2.5463,13.34,2.829,94.89
4289.8,58.23,2.5466,13.59,2.816,94.25
4289.96,55.62,2.5522,14.43,2.815,94.25
4290.11,57.82,2.5565,14.15,2.821,76.06
4290.26,63.6,2.5472,15.01,2.797,76.48
4290.41,62.65,2.5357,14.74,2.763,77.38
4290.57,60.13,2.5317,14.45,2.742,77.92
4290.72,62.62,2.5286,14.97,2.743,78.14
4290.87,58.56,2.54,14.62,2.758,76.53
4291.02,57.92,2.5691,13.33,2.768,74.4
4291.18,60.17,2.5859,11.57,2.773,73.11
4291.33,49.05,2.5824,13.02,2.774,72.47
4291.48,48.24,2.5717,14.12,2.776,72.53
4291.63,52.61,2.5679,14.24,2.754,73.22
4291.79,51.53,2.5625,15.69,2.711,74.01
4291.94,56.73,2.5521,16.51,2.681,75.26
4292.09,48.78,2.5474,16.09,2.656,75.57
4292.24,52.21,2.5487,14.92,2.625,76.02
4292.39,57.84,2.5527,15.55,2.584,76.55
4292.55,55.78,2.5534,15.67,2.545,77.2
4292.7,61.06,2.5479,17.45,2.534,77.22
4292.85,63.76,2.5368,15.28,2.54,77.64
4293.0,63.03,2.5314,15.72,2.557,77.72
4293.16,58.42,2.533,14.84,2.588,78.11
4293.31,53.59,2.5427,13.32,2.626,75.78
4293.46,52.93,2.5542,14.47,2.652,74.8
4293.61,48.67,2.5671,13.54,2.692,73.55
4293.77,49.76,2.5739,12.71,2.728,73.36
4293.92,49.68,2.5755,12.21,2.739,74.5
4294.07,49.59,2.5717,15.08,2.723,74.97
4294.22,52.47,2.5598,12.84,2.693,75.61
4294.38,53.83,2.5507,14.99,2.639,76.59
4294.53,57.58,2.5375,15.15,2.577,76.9
4294.68,59.12,2.5305,14.76,2.537,77.55
4294.83,59.69,2.5313,15.51,2.511,78.92
4294.99,59.1,2.5374,16.41,2.499,79.05
4295.14,57.82,2.5352,16.31,2.512,79.05
4295.29,62.71,2.5362,14.18,2.544,77.45
4295.44,57.3,2.5408,14.79,2.566,76.28
4295.6,57.22,2.5595,13.88,2.572,74.73
4295.75,52.28,2.5719,13.31,2.565,74.73
4295.9,49.87,2.5721,12.48,2.573,74.78
4296.05,56.03,2.5561,17.17,2.582,73.68
4296.2,55.95,2.5415,13.82,2.583,72.58
4296.36,60.56,2.5368,17.01,2.577,71.48
4296.51,56.43,2.5386,16.83,2.581,70.38
4296.66,56.43,2.5489,14.89,2.582,69.28
4296.81,68.3,2.5602,14.62,2.589,68.18
4296.97,59.12,2.5664,13.68,2.607,67.08
4297.12,61.24,2.569,16.49,2.638,65.98
4297.27,65.83,2.5695,15.62,2.678,64.88
4297.42,63.93,2.57,14.87,2.752,63.78
4297.58,66.37,2.5762,14.6,2.858,62.68
4297.73,62.05,2.5899,14.03,2.966,61.58
4297.88,60.02,2.6179,13.86,3.024,60.48
4298.03,57.83,2.6426,11.82,3.122,59.38
4298.19,55.48,2.6487,13.22,3.179,58.28
4298.34,60.48,2.6345,12.04,3.224,58.8
4298.49,59.94,2.6131,13.91,3.25,60.11
4298.64,56.13,2.6185,14.76,3.247,65.32
4298.8,59.88,2.6432,15.55,3.182,73.22
4298.95,63.12,2.6492,14.12,3.067,72.41
4299.1,56.76,2.6472,14.2,3.028,71.48
4299.25,53.72,2.6357,11.63,3.06,70.04
4299.41,55.62,2.6296,11.96,3.087,70.79
4299.56,55.02,2.6279,12.35,3.094,70.93
4299.71,61.42,2.6173,12.03,3.099,71.35
4299.86,55.95,2.6022,13.1,3.096,72.16
4300.01,59.04,2.5889,15.74,2.678,72.44
4300.17,61.75,2.582,20.91,2.413,73.67
4300.32,75.24,2.5761,17.98,2.342,76.98
4300.47,66.77,2.5856,20.65,2.303,85.89
4300.62,73.59,2.6054,15.86,2.218,87.34
4300.78,72.57,2.6265,22.38,2.259,88.05
4300.93,62.02,2.6365,20.75,2.358,82.33
4301.08,64.36,2.6486,21.7,2.414,78.74
4301.23,62.72,2.6667,20.63,2.432,79.06
4301.39,52.66,2.6761,20.52,2.457,79.31
4301.54,60.34,2.6645,17.38,2.463,77.8
4301.69,52.46,2.6521,18.76,2.45,77.43
4301.84,48.1,2.6442,18.58,2.416,77.84
4302.0,48.37,2.6475,22.11,2.429,77.99
4302.15,55.7,2.6379,21.13,2.415,78.46
4302.3,57.68,2.6292,19.7,2.393,80.33
4302.45,60.63,2.6146,21.19,2.417,79.93
4302.61,65.64,2.6057,20.48,2.44,80.53
4302.76,67.65,2.6113,20.0,2.455,81.83
4302.91,66.29,2.6254,22.31,2.488,82.84
4303.06,65.41,2.6317,20.64,2.516,81.59
4303.22,59.63,2.6298,16.43,2.588,80.54
4303.37,56.16,2.6234,19.59,2.635,79.68
4303.52,61.39,2.6232,19.51,2.657,78.67
4303.67,62.71,2.6279,16.05,2.663,76.57
4303.82,53.6,2.628,14.71,2.639,76.11
4303.98,62.13,2.6314,17.83,2.65,75.92
4304.13,70.56,2.6236,22.82,2.688,80.08
4304.28,88.86,2.5777,27.78,2.631,89.65
4304.43,120.89,2.4748,29.48,2.476,96.02
4304.59,153.52,2.3338,44.74,2.436,104.05
4304.74,182.85,2.2358,57.96,2.406,113.5
4310.23,195.04,2.4943,39.79,2.944,94.27
4310.38,173.83,2.4878,36.75,3.119,92.35
4310.53,165.59,2.4814,37.49,3.384,92.45
4310.68,158.94,2.4873,32.59,2.38,92.37
4310.84,144.53,2.4959,38.89,2.172,92.74
4310.99,137.44,2.5005,38.42,2.113,91.8
4311.14,127.45,2.5125,41.37,2.164,90.82
4311.29,125.41,2.5368,38.03,2.18,90.62
4311.44,124.33,2.5477,37.09,2.21,89.58
4311.6,126.52,2.5404,32.48,2.264,88.37
4311.75,119.59,2.5371,30.78,2.371,88.07
4311.9,114.4,2.5287,26.87,2.466,87.47
4312.05,114.06,2.5191,30.26,2.531,86.09
4312.21,107.4,2.5315,32.85,2.472,85.82
4312.36,112.32,2.5439,37.17,1.904,85.19
4312.51,107.64,2.5549,28.63,1.798,85.14
4312.66,103.51,2.5579,27.62,1.832,83.42
4312.82,101.61,2.5462,32.21,1.954,83.31
4312.97,99.63,2.5595,29.78,1.961,83.74
4313.12,99.54,2.5826,29.82,1.997,84.67
4313.27,101.98,2.5924,34.11,2.121,84.0
4313.43,102.3,2.5809,36.56,2.179,84.35
4313.58,103.64,2.5617,32.43,2.177,84.64
4313.73,96.73,2.5549,36.8,2.16,84.07
4313.88,102.6,2.5536,28.46,2.143,84.92
4314.04,105.13,2.5663,35.64,2.022,85.04
4314.19,96.3,2.5792,28.41,1.82,84.49
4314.34,96.75,2.5838,28.99,1.815,84.3
4314.49,96.75,2.5897,31.84,1.904,78.1
4314.65,98.5,2.6081,25.82,2.1,75.22
4314.8,92.27,2.6349,25.55,2.303,73.49
4314.95,71.88,2.6588,27.69,2.573,72.98
4315.1,54.11,2.6628,28.68,2.2,75.05
4315.25,51.2,2.671,24.66,1.106,84.22
4315.41,48.37,2.7497,30.97,0.781,85.1
4315.56,43.0,2.9278,29.99,0.713,83.97
4315.86,43.89,2.9592,31.15,0.69,82.46
4316.02,43.74,2.8639,19.49,0.846,80.09
4316.17,38.65,2.678,22.75,1.891,75.01
4316.32,33.65,2.4925,22.21,5.488,76.45
4316.47,25.79,2.3624,18.16,13.278,78.94
4316.63,20.97,2.3046,18.76,18.389,79.68
4316.78,18.72,2.3066,18.63,18.97,79.93
4316.93,14.83,2.3256,16.83,12.663,80.07
4317.08,11.95,2.3393,20.12,10.014,77.97
4317.24,11.65,2.3252,18.04,10.246,78.1
4317.39,13.51,2.3113,18.47,10.493,81.08
4317.54,12.91,2.3074,15.89,10.955,83.94
4317.69,12.39,2.2718,18.32,11.723,84.61
4317.85,14.93,2.2271,18.01,12.529,85.04
4318.0,15.66,2.2056,20.01,13.287,84.42
4318.15,11.05,2.2018,17.3,12.399,85.58
4318.3,12.93,2.2095,19.89,10.658,85.42
4318.46,15.06,2.225,19.01,10.426,85.68
4318.61,14.0,2.2413,17.89,10.647,85.86
4318.76,13.45,2.2516,19.86,11.36,85.11
4318.91,13.16,2.249,19.52,12.069,84.64
4319.06,14.08,2.2415,17.73,12.678,84.3
4319.22,15.23,2.2484,19.37,13.209,84.87
4319.37,13.59,2.2617,18.95,14.045,85.0
4319.52,13.61,2.2717,19.17,15.297,85.54
4319.67,12.54,2.2686,16.97,16.112,86.32
4319.83,13.38,2.2591,17.02,17.66,89.04
4319.98,15.14,2.2523,15.15,18.844,85.6
4320.13,18.72,2.2522,18.28,21.341,82.67
4320.28,14.83,2.2487,18.54,24.314,84.7
4320.44,17.0,2.2399,16.84,27.177,83.02
4320.59,16.54,2.2518,18.03,25.908,83.46
4320.74,25.06,2.2827,21.36,21.782,84.73
4320.89,27.09,2.3131,21.78,20.696,83.29
4321.05,29.41,2.334,19.81,19.357,89.82
4321.2,26.87,2.3356,19.34,17.492,85.75
4321.35,30.89,2.323,21.64,25.427,82.64
4321.5,25.44,2.2768,24.9,19.813,82.3
4321.66,29.04,2.2433,23.23,17.365,82.8
4321.81,28.48,2.2406,24.93,13.348,82.42
4321.96,30.3,2.248,21.84,11.742,81.38
4322.11,28.34,2.2527,21.82,12.734,106.51
4322.27,26.77,2.2518,21.48,13.179,120.28
4322.42,33.55,2.2779,18.6,13.542,120.57
4322.57,35.62,2.3323,21.4,13.864,120.39
4322.72,26.18,2.3575,19.37,14.483,119.62
4322.87,20.18,2.32,13.82,14.779,116.62
4323.03,16.12,2.2263,16.69,19.833,114.59
4323.18,11.47,2.1708,15.44,32.997,81.36
4323.33,13.44,2.158,14.46,56.127,81.53
4323.48,13.9,2.1613,15.04,87.887,81.76
4323.64,12.21,2.1741,14.3,141.104,88.66
4323.79,15.54,2.1906,14.0,198.537,87.38
4323.94,15.84,2.1965,15.54,156.563,88.27
4324.09,14.59,2.1959,16.7,121.956,88.4
4324.25,16.57,2.198,18.14,118.087,87.99
4324.4,21.85,2.2066,20.24,117.116,87.98
4324.55,22.39,2.2097,19.39,117.323,88.5
4324.7,22.39,2.2105,20.28,114.916,88.51
4324.86,22.39,2.2203,17.9,115.798,88.84
4325.01,22.89,2.226,18.85,123.196,88.44
4325.16,18.08,2.2208,19.62,115.381,87.83
4325.31,23.33,2.2162,17.09,104.577,88.32
4325.47,17.94,2.2145,19.45,97.216,88.31
4325.62,17.04,2.2068,17.4,100.587,89.42
4325.77,18.83,2.2072,17.68,108.542,89.43
4325.92,22.12,2.2167,16.24,117.712,88.57
4326.08,18.62,2.2179,15.39,119.63,87.55
4326.23,15.74,2.2049,14.78,126.079,86.05
4326.38,18.51,2.1964,14.55,135.932,86.35
4326.53,15.77,2.2015,16.55,136.915,86.63
4326.68,16.92,2.2039,16.31,140.781,85.99
4326.84,15.56,2.1968,15.49,138.261,85.65
4326.99,14.33,2.1855,15.89,142.928,86.49
4327.14,17.29,2.1802,17.37,152.546,86.93
4327.29,14.96,2.1782,14.96,146.509,87.51
4327.45,23.48,2.186,15.97,146.781,88.64
4327.6,40.29,2.1995,20.38,120.237,88.53
4327.75,38.66,2.2176,20.83,78.25,88.86
4327.9,39.47,2.2513,21.56,55.502,87.2
4328.06,47.03,2.2816,25.01,50.691,85.02
4328.21,48.43,2.2913,26.3,44.931,84.03
4328.36,48.96,2.2744,26.88,40.89,84.16
4328.51,45.85,2.2456,26.7,35.607,87.53
4328.67,42.56,2.2289,25.45,31.569,90.5
4328.82,44.44,2.2425,25.77,30.932,90.88
4328.97,39.47,2.267,22.06,32.031,91.64
4329.12,36.28,2.2815,16.08,33.531,89.93
4329.28,40.84,2.3022,19.91,32.357,88.36
4329.43,47.51,2.3289,18.65,29.185,86.5
4329.58,46.56,2.3568,19.55,27.16,84.3
4329.73,46.35,2.3584,19.14,25.625,82.54
4329.89,50.64,2.3337,21.33,22.864,81.42
4330.04,46.37,2.2891,19.91,21.932,80.54
4330.19,38.72,2.2536,19.79,20.369,81.77
4330.34,34.39,2.2429,20.42,18.572,82.83
4330.49,36.73,2.242,18.7,18.047,83.78
4330.65,33.08,2.2389,21.64,21.261,85.83
4330.8,28.67,2.2354,17.91,23.36,86.94
4330.95,32.04,2.2355,24.43,24.517,88.25
4331.1,41.45,2.2392,23.66,25.629,87.35
4331.26,49.76,2.2334,25.15,26.63,87.89
4331.41,48.07,2.2286,25.84,25.333,87.92
4331.56,43.18,2.2413,25.7,20.52,87.18
4331.71,37.62,2.2584,24.2,17.088,87.67
4331.87,38.19,2.2604,21.81,16.173,88.92
4332.02,40.56,2.2594,23.3,15.759,89.64
4332.17,30.23,2.2558,21.71,15.418,89.95
4332.32,33.84,2.2603,19.27,15.025,90.13
4332.48,31.14,2.292,15.15,16.229,88.89
4332.63,22.42,2.3206,15.32,18.31,88.83
4332.78,25.33,2.3063,14.58,20.737,85.99
4332.93,22.39,2.2636,14.17,23.195,81.23
4333.09,25.08,2.2387,15.03,24.863,79.2
4333.24,21.13,2.2325,17.0,25.733,79.72
4333.39,21.59,2.2335,16.31,26.198,81.47
4333.54,23.19,2.24,17.93,26.897,85.32
4333.7,26.53,2.2499,19.05,26.856,87.16
4333.85,24.48,2.2579,17.72,25.766,85.98
4334.0,25.84,2.272,18.48,24.034,85.73
4334.15,23.93,2.2838,19.24,22.358,85.57
4334.3,25.86,2.2909,17.67,20.935,85.06
4334.46,29.97,2.2964,15.86,19.791,84.33
4334.61,24.54,2.2945,15.72,18.676,83.49
4334.76,25.6,2.3013,18.79,17.298,84.15
4334.91,25.08,2.2976,22.19,15.87,84.1
4335.07,22.8,2.299,15.7,15.767,84.1
4335.22,28.46,2.3136,19.72,15.901,84.08
4335.37,30.42,2.327,15.66,16.089,83.09
4335.52,39.35,2.3317,20.14,15.95,83.06
4335.68,38.05,2.3097,20.54,15.662,82.32
4335.83,37.68,2.2851,27.94,15.071,81.07
4335.98,39.83,2.2567,28.06,13.9,80.96
4336.13,38.52,2.2276,27.9,13.633,80.13
4336.29,36.48,2.1973,26.29,14.462,79.87
4336.44,36.28,2.1728,22.97,15.596,81.47
4336.59,39.06,2.1765,21.5,16.243,83.9
4336.74,35.75,2.1898,27.89,16.458,87.25
4336.9,42.66,2.2012,20.96,17.979,88.03
4337.05,35.58,2.2111,24.1,19.34,87.21
4337.2,34.04,2.2106,26.47,20.038,86.23
4337.35,33.42,2.201,25.7,20.312,85.39
4337.51,30.46,2.1982,25.67,20.645,85.83
4337.66,30.64,2.197,18.18,19.708,87.27
4337.81,30.06,2.2154,16.36,18.694,89.05
4337.96,32.46,2.2746,13.26,18.159,89.73
4338.11,31.8,2.3657,11.58,17.52,88.77
4338.27,31.12,2.4517,11.81,16.297,81.81
4338.42,26.97,2.5184,11.55,16.47,70.05
4338.57,30.09,2.5417,11.79,16.912,63.2
4338.72,32.08,2.5308,11.77,16.956,55.93
4338.88,34.04,2.5246,11.03,17.19,52.25
4339.03,31.78,2.5323,11.24,17.384,51.88
4339.18,38.0,2.5368,14.79,16.728,53.16
4339.33,43.43,2.5353,11.18,16.437,55.86
4339.49,52.23,2.5376,14.02,16.489,60.15
4339.64,65.22,2.5515,18.82,17.163,61.85
4339.79,62.03,2.5681,24.54,17.822,63.31
4339.94,67.77,2.5651,23.41,17.693,64.01
4340.1,78.03,2.5116,24.83,16.026,62.91
4340.25,79.62,2.4601,29.24,13.415,62.99
4340.4,80.66,2.4523,26.47,9.364,61.41
4340.55,80.61,2.4675,29.22,5.744,61.77
4340.71,87.81,2.5003,22.59,4.308,68.53
4340.86,86.83,2.5241,32.85,3.514,76.47
4341.01,82.28,2.5383,23.68,2.991,83.64
4341.16,87.93,2.5394,22.46,2.536,82.64
4341.32,89.97,2.5434,23.38,2.195,79.5
4341.47,87.19,2.5418,23.38,1.963,78.53
4341.62,88.87,2.5223,22.34,1.815,77.58
4341.77,77.34,2.5115,21.4,1.693,77.45
4341.92,75.23,2.5228,21.0,1.613,78.6
4342.08,73.58,2.5355,20.18,1.574,79.51
4342.23,78.47,2.5324,22.14,1.546,81.34
4342.38,72.9,2.5168,17.87,1.531,81.98
4342.53,73.29,2.5039,20.39,1.533,80.85
4342.69,73.84,2.5022,21.96,1.562,80.05
4342.84,79.84,2.4905,21.04,1.574,78.93
4342.99,76.5,2.476,21.64,1.597,76.49
4343.14,88.66,2.4726,22.6,1.629,77.34
4343.3,78.74,2.4675,24.09,1.656,78.24
4343.45,75.55,2.4625,28.69,1.674,81.18
4343.6,85.68,2.4558,23.9,1.683,84.98
4343.75,82.07,2.4496,22.82,1.663,87.5
4343.91,83.02,2.4667,25.25,1.635,88.58
4344.06,83.92,2.4888,19.87,1.584,87.69
4344.21,91.69,2.5218,23.29,1.546,86.2
4344.36,97.72,2.5511,27.58,1.51,85.92
4344.52,93.99,2.5588,24.38,1.489,85.48
4344.67,82.33,2.565,22.56,1.467,84.47
4344.82,72.98,2.5763,22.38,1.428,82.82
4344.97,62.58,2.5755,21.23,1.396,77.88
4345.13,58.23,2.5654,21.25,1.367,76.37
4345.28,53.25,2.5579,20.89,1.342,75.1
4345.43,56.43,2.5533,23.03,1.33,74.73
4345.58,51.11,2.5534,19.15,1.324,74.05
4345.73,58.64,2.5394,18.85,1.325,73.44
4345.89,68.9,2.5261,17.59,1.328,73.63
4346.04,63.47,2.527,17.2,1.326,74.56
4346.19,73.9,2.553,17.63,1.335,76.42
4346.34,65.39,2.5722,18.22,1.341,78.28
4346.5,65.37,2.56,19.09,1.346,80.64
4346.65,74.18,2.5381,17.06,1.36,81.34
4346.8,81.32,2.532,20.36,1.394,80.59
4346.95,76.92,2.5313,19.42,1.422,78.21
4347.11,77.53,2.529,18.28,1.437,76.5
4347.26,78.35,2.5312,17.2,1.436,75.55
4347.41,78.37,2.5485,20.35,1.426,77.57
4347.56,81.06,2.5528,17.29,1.413,78.74
4347.72,75.06,2.5488,17.7,1.411,78.62
4347.87,70.13,2.5416,21.52,1.404,77.77
4348.02,67.11,2.5328,16.89,1.391,77.57
4348.17,61.58,2.5268,18.69,1.382,77.35
4348.33,74.31,2.5244,17.71,1.378,77.66
4348.48,67.49,2.5188,16.64,1.379,78.21
4348.63,65.48,2.5133,16.94,1.386,77.22
4348.78,68.56,2.5165,21.98,1.399,76.5
4348.94,66.44,2.5107,18.57,1.405,76.81
4349.09,66.38,2.4802,21.53,1.397,76.53
4349.24,73.56,2.4584,20.62,1.393,76.32
4349.39,77.04,2.4519,28.24,1.378,77.13
4349.54,74.29,2.4457,16.24,1.37,78.08
4349.7,78.72,2.4398,23.08,1.34,79.02
4349.85,80.56,2.435,18.0,1.303,79.93
4350.0,77.93,2.4455,19.8,1.236,82.74
4350.15,71.96,2.4667,20.07,1.17,82.74
4350.31,71.74,2.4829,19.17,1.117,83.12
4350.46,73.08,2.4847,18.96,1.101,82.27
4350.61,66.35,2.4844,18.87,1.099,81.89
4350.76,60.01,2.4913,18.9,1.105,83.51
4350.92,58.26,2.4971,18.51,1.116,84.23
4351.07,61.45,2.4832,17.79,1.128,84.97
4351.22,61.4,2.4635,18.28,1.136,84.43
4351.37,71.78,2.4464,16.77,1.144,82.5
4351.53,65.28,2.4358,16.36,1.156,80.75
4351.68,70.62,2.4512,20.52,1.169,81.51
4351.83,73.56,2.4702,18.42,1.168,80.7
4351.98,66.62,2.4871,18.23,1.169,77.22
4352.14,63.99,2.4885,14.24,1.17,76.4
4352.29,66.78,2.4897,17.53,1.168,75.51
4352.44,67.32,2.4823,15.84,1.161,75.39
4352.59,63.6,2.4658,16.28,1.16,78.42
4352.75,63.24,2.4527,17.34,1.152,81.26
4352.9,69.5,2.4484,20.7,1.143,81.8
4353.05,70.29,2.4494,18.35,1.125,81.29
4353.2,72.33,2.4531,20.0,1.099,80.56
4353.35,70.23,2.4533,20.12,1.093,79.53
4353.51,70.48,2.4517,20.31,1.089,79.19
4353.66,68.08,2.4579,18.31,1.087,79.0
4353.81,68.08,2.4567,19.52,1.081,79.73
4353.96,68.24,2.4561,20.67,1.08,80.51
4354.12,63.4,2.4592,19.35,1.084,80.46
4354.27,63.5,2.4752,18.62,1.097,80.0
4354.42,63.9,2.5075,18.73,1.116,78.68
4354.57,57.33,2.5268,19.01,1.143,74.32
4354.73,62.15,2.5224,14.51,1.168,74.57
4354.88,66.34,2.5003,18.27,1.197,76.23
4355.03,61.5,2.4784,17.44,1.237,79.21
4355.18,68.57,2.4717,18.15,1.275,80.34
4355.34,71.7,2.4684,16.45,1.34,81.67
4355.49,61.01,2.4678,17.87,1.398,81.49
4355.64,62.66,2.4723,18.11,1.424,82.68
4355.79,60.94,2.4869,19.16,1.431,82.88
4355.95,70.73,2.4899,18.13,1.431,82.38
4356.1,76.62,2.4831,17.63,1.434,82.39
4356.25,76.19,2.4815,19.32,1.422,82.9
4356.4,79.06,2.4726,20.43,1.392,86.01
4356.56,74.28,2.4592,17.08,1.346,90.16
4356.71,74.52,2.4565,18.6,1.264,88.77
4356.86,67.9,2.4572,22.12,1.191,86.96
4357.01,64.71,2.441,19.95,1.13,82.04
4357.16,60.99,2.4256,20.48,1.099,82.88
4357.32,70.8,2.4242,16.32,1.081,83.37
4357.47,69.87,2.4199,20.53,1.065,81.29
4357.62,72.32,2.4132,17.94,1.049,80.07
4357.77,66.65,2.403,17.94,1.047,80.31
4357.93,70.9,2.386,23.55,1.056,80.03
4358.08,75.8,2.3836,19.61,1.051,80.06
4358.23,71.66,2.392,19.69,1.048,80.75
4358.38,72.6,2.3995,20.3,1.057,82.67
4358.54,77.33,2.4134,19.25,1.076,84.94
4358.69,70.77,2.4266,19.08,1.097,88.87
4358.84,71.49,2.4382,21.15,1.109,89.64
4358.99,76.9,2.4453,21.71,1.115,89.37
4359.15,83.46,2.4524,20.28,1.119,89.12
4359.3,83.53,2.4604,22.4,1.102,88.97
4359.45,86.05,2.4706,20.11,1.077,88.52
4359.6,85.23,2.4746,20.75,1.066,87.76
4359.76,86.89,2.4702,21.15,1.067,86.42
4359.91,81.89,2.4581,18.93,1.071,85.2
4360.06,77.43,2.4529,19.05,1.08,83.61
4360.21,85.0,2.4516,19.99,1.084,81.83
4360.37,82.57,2.4519,23.65,1.083,81.09
4360.52,77.49,2.4562,18.31,1.067,79.05
4360.67,76.94,2.4632,20.42,1.046,78.2
4360.82,83.75,2.4709,18.03,1.032,78.85
4360.97,80.45,2.4675,20.4,1.014,79.1
4361.13,79.36,2.4482,19.84,1.001,79.58
4361.28,83.39,2.4299,22.71,0.986,80.11
4361.43,83.59,2.4303,20.76,1.015,81.83
4361.58,81.38,2.4301,20.99,1.061,85.39
4361.74,80.79,2.419,19.17,1.092,86.68
4361.89,76.94,2.4136,23.74,1.114,85.33
4362.04,76.7,2.4096,22.08,1.137,83.23
4362.19,76.27,2.4064,23.24,1.156,81.17
4362.35,74.7,2.4022,19.65,1.166,77.72
4362.5,80.32,2.4101,21.21,1.184,73.23
4362.65,73.32,2.4345,18.34,1.193,76.28
4362.8,72.92,2.4716,18.81,1.196,78.7
4362.96,82.02,2.5127,19.53,1.198,79.11
4363.11,78.42,2.5259,17.0,1.194,79.82
4363.26,77.04,2.5158,18.2,1.188,80.29
4363.41,76.34,2.5111,18.21,1.173,79.91
4363.57,88.22,2.5132,18.61,1.162,76.63
4363.72,86.89,2.5208,18.89,1.148,73.28
4363.87,84.01,2.5192,17.68,1.143,72.07
4364.02,88.43,2.5111,17.05,1.143,72.83
4364.18,91.23,2.5,17.06,1.148,73.24
4364.33,91.64,2.4932,17.16,1.152,74.82
4364.48,85.05,2.5118,16.97,1.15,75.38
4364.63,74.44,2.5352,15.12,1.147,75.95
4364.78,61.23,2.5494,18.62,1.148,77.02
4364.94,67.55,2.5344,15.99,1.144,78.08
4365.09,68.91,2.4921,19.37,1.132,78.77
4365.24,69.16,2.4647,18.32,1.117,79.54
4365.39,67.38,2.4615,23.03,1.093,80.88
4365.55,66.61,2.4576,22.62,1.044,82.76
4365.7,75.16,2.4555,24.26,1.029,83.37
4365.85,77.91,2.4563,20.17,1.028,83.09
4366.0,72.63,2.4586,20.99,1.03,83.11
4366.16,73.71,2.462,18.57,1.029,83.93
4366.31,72.52,2.4657,21.25,1.013,83.92
4366.46,77.7,2.4699,23.79,0.996,83.31
4366.61,84.14,2.4815,18.38,0.975,79.9
4366.77,84.9,2.4846,17.46,0.956,74.9
4366.92,85.13,2.4923,17.55,0.969,73.69
4367.07,77.93,2.5159,18.38,1.033,78.73
4367.22,77.93,2.5192,21.95,1.102,79.89
4367.38,76.18,2.4957,17.87,1.145,80.61
4367.53,59.12,2.4732,16.45,1.136,80.55
4367.68,60.15,2.4905,18.83,1.127,80.14
4367.83,56.98,2.537,21.67,1.123,79.31
4367.99,60.01,2.5693,18.31,1.117,78.2
4368.14,64.34,2.5763,19.74,1.119,76.65
4368.29,75.2,2.5525,20.65,1.128,74.11
4368.44,67.56,2.5067,19.01,1.133,71.83
4368.59,53.29,2.4625,15.2,1.134,71.88
4368.75,51.44,2.4503,18.26,1.136,72.26
4368.9,53.76,2.4549,17.27,1.137,73.61
4369.05,60.11,2.4499,18.25,1.12,76.72
4369.2,74.35,2.4425,18.7,1.068,79.5
4369.36,75.96,2.4394,18.2,1.013,79.18
4369.51,69.78,2.431,18.27,0.984,79.09
4369.66,67.8,2.4217,17.22,0.941,80.46
4369.81,72.94,2.417,19.53,0.917,82.11
4369.97,71.34,2.4099,20.52,0.905,82.52
4370.12,72.63,2.4037,22.72,0.893,82.1
4370.27,76.61,2.3999,23.62,0.872,82.2
4370.42,72.92,2.3864,22.03,0.846,83.23
4370.58,76.2,2.3622,23.61,0.827,83.35
4370.73,83.19,2.3334,26.31,0.81,83.51
4370.88,70.32,2.3224,23.95,0.795,83.48
4371.03,72.56,2.3278,21.75,0.79,83.46
4371.19,68.28,2.3268,22.9,0.79,84.59
4371.34,63.28,2.3223,25.75,0.788,85.16
4371.49,61.46,2.3154,20.6,0.785,85.59
4371.64,61.67,2.3215,19.35,0.786,86.48
4371.8,59.49,2.3421,19.97,0.785,85.65
4371.95,58.61,2.3588,21.35,0.784,83.58
4372.1,64.59,2.3667,22.53,0.79,83.11
4372.25,74.35,2.375,19.2,0.811,82.41
4372.4,76.68,2.3843,23.01,0.833,82.55
4372.56,79.87,2.4023,23.15,0.844,81.22
4372.71,76.96,2.4309,16.67,0.857,77.18
4372.86,77.58,2.4603,17.5,0.868,73.26
4373.01,77.42,2.4574,21.57,0.878,75.22
4373.17,82.33,2.4279,24.02,0.883,79.6
4373.32,85.1,2.4085,21.75,0.887,85.0
4373.47,84.2,2.3963,23.01,0.891,85.06
4373.62,84.9,2.3972,26.15,0.892,85.15
4373.78,85.1,2.4113,19.51,0.91,88.03
4373.93,79.35,2.4252,22.59,0.918,87.3
4374.08,75.94,2.435,19.98,0.923,86.73
4374.23,67.19,2.4236,22.84,0.925,86.51
4374.39,69.56,2.4097,21.65,0.926,85.99
4374.54,72.07,2.4006,16.88,0.933,85.59
4374.69,71.52,2.3918,22.26,0.942,83.57
4374.84,71.0,2.3818,16.83,0.962,79.65
4375.0,71.66,2.3808,17.17,0.987,78.2
4375.15,69.18,2.3917,15.31,1.002,77.9
4375.3,68.98,2.4217,17.39,1.006,77.99
4375.45,71.54,2.45,18.14,1.011,77.28
4375.61,70.52,2.4732,18.6,1.029,76.24
4375.76,68.95,2.4719,19.86,1.047,74.27
4375.91,69.42,2.4623,22.22,1.074,71.72
4376.06,71.78,2.4813,16.33,1.106,72.1
4376.21,76.41,2.5084,16.95,1.133,88.84
4376.37,69.91,2.503,18.54,1.156,90.03
4376.52,66.76,2.4738,18.99,1.171,90.38
4376.67,71.82,2.4528,18.25,1.192,88.76
4376.82,60.59,2.437,19.26,1.222,80.91
4376.98,58.65,2.4183,19.89,1.27,74.03
4377.13,58.53,2.4156,18.09,1.322,77.83
4377.28,57.04,2.4181,21.03,1.357,80.54
4377.43,62.66,2.423,17.5,1.375,81.25
4377.59,63.3,2.4238,15.61,1.381,81.16
4377.74,63.64,2.4209,17.7,1.383,81.12
4377.89,58.58,2.4193,18.62,1.381,84.54
4378.04,60.02,2.4063,17.19,1.38,97.19
4378.2,61.44,2.3866,15.72,1.375,97.51
4378.35,61.64,2.3766,17.95,1.344,97.71
4378.5,63.56,2.3752,18.32,1.309,97.87
4378.65,55.46,2.3717,19.22,1.263,111.4
4378.81,63.09,2.3659,19.66,1.235,116.1
4378.96,63.79,2.3678,18.25,1.22,116.82
4379.11,59.41,2.3869,20.31,1.208,100.71
4379.26,61.51,2.4092,20.15,1.231,66.33
4379.42,62.36,2.4348,18.22,1.295,62.89
4379.57,57.7,2.4729,19.68,1.453,61.3
4379.72,55.64,2.5284,13.09,1.557,64.04
4379.87,48.05,2.5673,13.36,1.604,68.29
4380.02,47.48,2.5582,14.3,1.557,71.44
4380.18,52.44,2.5086,14.57,1.527,74.85
4380.33,68.92,2.4426,15.5,1.616,79.5
4380.48,78.58,2.433,19.49,1.732,84.46
4380.63,83.24,2.5051,20.0,1.802,86.08
4380.79,67.35,2.5698,21.04,1.811,85.23
4380.94,64.94,2.6008,19.3,1.811,82.54
4381.09,61.86,2.6134,17.38,1.811,78.46
4381.24,63.97,2.5961,16.11,1.801,74.35
4381.4,66.63,2.5705,15.76,1.783,69.76
4381.55,54.14,2.55,18.12,1.693,69.1
4381.7,49.33,2.5341,17.24,1.584,71.21
4381.85,51.22,2.526,18.55,1.522,73.49
4382.01,51.96,2.5413,15.71,1.494,75.05
4382.16,48.07,2.5719,18.33,1.472,73.75
4382.31,56.75,2.5845,18.63,1.437,72.95
4382.46,63.92,2.5768,16.03,1.367,72.36
4382.62,64.65,2.5664,18.56,1.238,72.05
4382.77,55.43,2.5477,15.94,1.139,72.56
4382.92,52.5,2.5264,16.36,1.088,74.11
4383.07,53.6,2.5303,16.04,1.04,73.89
4383.23,57.22,2.538,15.5,0.995,72.68
4383.38,49.77,2.5277,17.74,0.965,73.39
4383.53,51.52,2.5033,17.42,0.954,74.3
4383.68,50.09,2.4822,16.64,0.989,75.61
4383.83,55.15,2.4694,19.18,1.211,76.87
4383.99,56.43,2.4839,18.31,1.355,77.43
4384.14,64.21,2.5189,17.38,1.451,78.04
4384.29,65.09,2.5425,14.62,1.502,73.71
4384.44,62.19,2.5589,14.97,1.548,72.82
4384.6,63.2,2.5783,15.13,1.602,71.99
4384.75,60.02,2.5964,14.62,1.645,69.88
4384.9,61.3,2.6048,13.91,1.692,67.61
4385.05,64.36,2.5994,14.54,1.734,67.72
4385.21,56.52,2.6098,12.9,1.776,64.82
4385.36,49.33,2.642,10.5,1.848,63.39
4385.51,47.35,2.6433,12.13,1.858,63.12
4385.66,46.88,2.6143,12.59,1.801,65.76
4385.82,46.5,2.5997,12.46,1.297,67.32
4385.97,38.99,2.5989,12.61,0.88,67.02
4386.12,47.42,2.6022,13.56,0.703,66.37
4386.27,43.47,2.6089,15.04,0.63,66.88
4386.43,51.53,2.5721,19.13,0.539,74.94
4386.58,39.6,2.4881,24.27,0.512,79.05
4386.73,48.94,2.3992,19.72,0.491,82.95
4386.88,45.32,2.3313,22.75,0.471,87.31
4387.04,47.04,2.305,26.08,0.446,93.07
4387.19,57.15,2.3124,23.61,0.447,94.24
4387.34,65.99,2.3352,25.51,0.446,93.1
4387.49,71.03,2.3674,26.97,0.46,90.51
4387.64,65.85,2.3727,25.94,0.481,88.73
4387.8,65.42,2.3623,26.11,0.523,87.8
4387.95,68.31,2.3646,27.98,0.568,87.38
4388.1,64.35,2.3738,21.13,0.608,87.12
4388.25,63.09,2.3683,23.16,0.66,89.18
4388.41,50.28,2.3471,26.42,0.692,90.59
4388.56,51.94,2.3333,25.79,0.727,89.74
4388.71,49.27,2.3434,20.17,0.774,88.38
4388.86,43.13,2.3598,20.74,0.848,82.59
4389.02,39.06,2.372,20.26,0.942,81.3
4389.17,44.18,2.3943,22.06,1.037,81.16
4389.32,48.51,2.4217,19.34,1.136,80.91
4389.47,51.12,2.4294,18.22,1.212,80.48
4389.63,46.17,2.4603,18.51,1.262,78.63
4389.78,44.57,2.5425,16.9,1.251,73.83
4389.93,42.0,2.5973,16.62,1.194,69.38
4390.08,40.67,2.5833,17.35,1.106,68.14
4390.24,46.16,2.5334,22.61,1.018,66.63
4390.39,49.2,2.4917,22.99,0.936,71.13
4390.54,54.6,2.4487,23.59,0.852,79.23
4390.69,63.06,2.396,21.07,0.758,86.3
4390.85,54.83,2.3644,19.76,0.648,86.79
4391.0,51.96,2.3543,25.97,0.55,88.28
4391.15,59.95,2.3358,27.1,0.502,88.34
4391.3,58.42,2.3066,25.16,0.483,89.4
4391.45,55.17,2.2872,25.87,0.477,93.01
4391.61,64.19,2.2887,25.02,0.482,93.9
4391.76,77.56,2.311,23.33,0.499,94.2
4391.91,81.58,2.363,24.4,0.54,92.52
4392.06,72.21,2.4018,22.34,0.622,90.69
4392.22,70.4,2.4129,25.74,0.718,89.74
4392.37,65.75,2.4136,22.63,0.794,87.84
4392.52,68.08,2.421,20.31,0.866,85.82
4392.67,68.08,2.432,20.21,0.905,85.17
4392.83,55.94,2.4603,24.25,0.902,83.09
4392.98,50.92,2.4917,20.17,0.891,80.05
4393.13,45.95,2.4842,22.51,0.882,78.93
4393.28,42.2,2.453,21.15,0.865,78.41
4393.44,39.07,2.4234,20.01,0.834,79.11
4393.59,43.44,2.4207,17.25,0.812,81.72
4393.74,46.92,2.4481,18.5,0.762,81.21
4393.89,41.98,2.4713,15.85,0.71,79.72
4394.05,43.71,2.4779,16.46,0.667,76.47
4394.2,41.82,2.4706,19.03,0.621,72.89
4394.35,42.69,2.439,21.88,0.593,73.14
4394.5,42.58,2.3895,21.97,0.587,73.73
4394.66,47.25,2.366,24.65,0.61,76.86
4394.81,46.35,2.3681,21.45,0.664,81.61
4394.96,50.36,2.3841,23.01,0.737,87.15
4395.11,42.06,2.4116,21.42,0.795,91.45
4395.26,42.5,2.4671,18.82,0.822,90.83
4395.42,41.87,2.5058,15.47,0.964,83.55
4395.57,43.04,2.5106,14.97,1.108,77.24
4395.72,47.99,2.5056,20.31,0.987,73.54
4395.87,66.04,2.4844,19.62,0.749,71.99
4396.03,70.36,2.455,22.9,0.737,74.81
4396.18,71.76,2.4328,20.03,0.739,77.66
4396.33,72.15,2.4353,23.79,0.722,80.34
4396.48,64.13,2.4371,21.45,0.67,80.08
4396.64,53.05,2.3978,25.05,0.634,82.82
4396.79,46.07,2.3488,24.13,0.619,84.92
4396.94,52.11,2.3145,23.33,0.599,87.16
4397.09,48.46,2.304,24.7,0.575,89.73
4397.25,47.61,2.2989,21.49,0.578,91.33
4397.4,47.12,2.2972,21.45,0.612,90.97
4397.55,48.84,2.312,19.05,0.645,90.5
4397.7,47.19,2.3589,24.08,0.663,76.99
4397.86,43.87,2.4154,18.44,0.678,71.35
4398.01,43.0,2.4309,20.88,0.676,75.98
4398.16,46.8,2.3965,25.34,0.657,75.08
4398.31,42.8,2.3608,25.88,0.644,78.7
4398.47,43.42,2.3394,23.67,0.633,84.36
4398.62,47.03,2.3299,27.11,0.635,86.07
4398.77,49.12,2.3199,25.08,0.64,85.92
4398.92,46.05,2.3027,22.11,0.642,86.3
4399.07,49.27,2.2914,24.36,0.638,87.41
4399.23,42.72,2.2991,21.73,0.624,87.38
4399.38,40.62,2.3121,27.78,0.601,95.75
4399.53,43.56,2.3191,22.38,0.582,96.74
4399.68,47.36,2.318,23.79,0.574,96.36
4399.84,46.58,2.3096,24.53,0.565,96.67
4399.99,46.58,2.2973,24.22,0.549,97.37
4400.14,46.94,2.2849,25.96,0.536,98.32
4400.29,47.48,2.2723,27.07,0.521,100.33
4400.45,41.48,2.2688,24.02,0.499,102.16
4400.6,44.7,2.2704,24.7,0.465,103.66
4400.75,40.57,2.2644,27.41,0.434,101.32
4400.9,46.38,2.2673,24.96,0.412,97.31
4401.06,46.56,2.2756,26.77,0.399,94.95
4401.21,48.32,2.264,30.68,0.39,92.15
4401.36,44.41,2.2476,28.96,0.384,93.54
4401.51,42.14,2.2431,18.45,0.382,94.84
4401.67,44.49,2.2468,21.73,0.386,96.3
4401.82,44.85,2.2628,27.37,0.398,97.14
4401.97,45.69,2.3042,26.18,0.42,96.09
4402.12,47.93,2.3619,27.07,0.447,92.26
4402.28,53.06,2.3866,20.3,0.463,86.22
4402.43,45.69,2.3671,21.43,0.47,82.59
4402.58,41.64,2.3533,21.19,0.47,79.98
4402.73,37.44,2.3428,21.48,0.456,79.71
4402.88,39.39,2.3231,22.72,0.436,82.23
4403.04,37.24,2.2929,23.73,0.419,84.56
4403.19,37.52,2.267,24.35,0.406,88.14
4403.34,42.1,2.2717,21.83,0.402,88.69
4403.49,45.4,2.3346,20.33,0.424,87.24
4403.65,46.58,2.3678,19.78,0.453,85.08
4403.8,54.13,2.3611,19.99,0.493,83.82
4403.95,51.96,2.3734,17.12,0.561,85.74
4404.1,51.96,2.4369,16.1,0.63,84.19
4404.26,53.42,2.5253,16.24,0.701,76.22
4404.41,43.31,2.5761,15.62,0.754,68.37
4404.56,40.95,2.5636,12.39,0.862,67.99
4404.71,36.21,2.5115,15.75,1.012,69.29
4404.87,39.85,2.4814,17.84,1.099,71.86
4405.02,41.31,2.4933,16.23,1.149,72.88
4405.17,38.7,2.5113,16.96,1.161,73.45
4405.32,37.02,2.4889,14.75,1.156,71.65
4405.48,37.24,2.4505,15.5,1.136,71.29
4405.63,38.43,2.4284,20.75,1.095,72.44
4405.78,34.39,2.4229,19.3,1.007,74.96
4405.93,37.58,2.4147,22.9,0.887,76.98
4406.09,34.49,2.4032,23.37,0.794,77.91
4406.24,37.63,2.3794,22.34,0.675,79.04
4406.39,41.33,2.3516,22.12,0.588,81.23
4406.54,44.65,2.3369,24.09,0.544,83.72
4406.69,46.17,2.3582,23.83,0.524,86.1
4406.85,46.89,2.4056,16.54,0.508,84.84
4407.0,47.92,2.4665,16.83,0.494,79.55
4407.15,40.04,2.4988,18.14,0.487,73.26
4407.3,39.82,2.4888,16.46,0.527,69.63
4407.46,34.39,2.447,15.92,0.496,71.24
4407.61,35.0,2.3882,17.63,0.514,77.36
4407.76,41.53,2.343,18.81,0.543,83.46
4407.91,45.17,2.3394,20.04,0.582,85.61
4408.07,40.02,2.361,19.8,0.624,83.71
4408.22,40.62,2.3905,18.74,0.686,81.65
4408.37,45.4,2.4205,17.97,0.801,79.84
4408.52,41.21,2.4639,16.65,0.934,78.11
4408.68,40.76,2.5043,14.91,1.042,74.59
4408.83,39.41,2.5096,16.2,1.111,70.56
4408.98,46.22,2.4594,15.15,1.14,71.89
4409.13,45.85,2.3979,18.42,1.2,74.81
4409.29,40.31,2.3663,18.02,0.941,77.19
4409.44,40.31,2.3968,17.77,1.108,78.94
4409.59,43.28,2.4915,16.56,1.2,74.89
4409.74,47.47,2.5751,14.65,1.052,70.29
4409.9,43.66,2.6017,17.48,0.882,65.24
4410.05,49.56,2.5937,17.69,0.768,64.74
4410.2,46.4,2.5397,22.83,0.714,67.46
4410.35,45.61,2.4521,22.95,0.665,72.69
4410.5,56.43,2.3618,23.9,0.598,78.99
4410.66,49.65,2.3021,20.88,0.55,85.66
4410.81,55.19,2.2851,21.25,0.538,88.5
4410.96,65.13,2.2876,21.64,0.553,87.91
4411.11,65.38,2.3232,21.44,0.611,86.06
4411.27,69.84,2.3807,17.2,0.677,80.79
4411.42,64.88,2.393,21.32,0.849,78.81
4411.57,55.33,2.3861,21.45,0.864,80.57
4411.72,50.66,2.3967,19.41,0.934,76.03
4411.88,52.26,2.4182,19.12,1.008,76.76
4412.03,53.82,2.4275,17.92,1.058,74.95
4412.18,62.26,2.4435,16.1,1.128,74.15
4412.33,60.42,2.4879,15.36,1.19,72.16
4412.49,64.52,2.5443,13.23,1.254,69.13
4412.64,67.88,2.5739,15.32,1.309,67.17
4412.79,58.37,2.5839,15.35,1.359,65.95
4412.94,53.09,2.5826,14.95,1.43,64.36
4413.1,46.41,2.5924,14.18,1.469,64.71
4413.25,46.32,2.6171,11.74,1.439,66.1
4413.4,49.8,2.6229,13.77,1.373,68.85
4413.55,48.02,2.6001,15.98,1.278,74.53
4413.71,46.58,2.5524,17.83,1.121,75.36
4413.86,45.9,2.4989,18.32,0.989,76.81
4414.01,50.77,2.4568,24.77,0.895,79.64
4414.16,58.92,2.429,22.28,0.811,83.08
4414.31,58.5,2.3999,22.66,0.744,87.04
4414.47,57.64,2.3748,25.25,0.688,88.43
4414.62,54.91,2.35,23.53,0.662,88.59
4414.77,54.25,2.335,28.41,0.641,89.22
4414.92,46.68,2.3477,22.28,0.617,90.16
4415.08,50.75,2.3753,22.92,0.594,88.8
4415.23,49.27,2.3739,27.11,0.596,85.77
4415.38,54.19,2.3454,27.3,0.602,88.2
4415.53,53.61,2.3535,25.73,0.588,88.29
4415.69,58.69,2.3738,26.67,0.564,88.81
4415.84,61.67,2.3726,22.08,0.539,90.25
4415.99,61.85,2.3586,22.52,0.518,87.89
4416.14,57.33,2.3394,25.6,0.482,87.78
4416.3,53.76,2.3335,24.47,0.442,89.4
4416.45,54.6,2.3071,25.38,0.428,89.62
4416.6,56.34,2.2621,24.26,0.424,92.36
4416.75,53.75,2.2473,27.16,0.443,93.55
4416.91,48.31,2.2597,23.68,0.466,93.92
4417.06,47.48,2.2997,23.6,0.495,95.85
4417.21,41.35,2.3793,20.51,0.56,91.63
4417.36,46.12,2.4825,21.96,0.635,82.38
4417.52,42.66,2.5306,17.86,0.688,74.37
4417.67,42.04,2.495,16.9,0.712,69.71
4417.82,43.0,2.4142,15.48,0.714,67.86
4417.97,35.77,2.3246,17.76,0.688,69.2
4418.12,40.42,2.2634,20.89,0.633,74.69
4418.28,47.31,2.2349,24.65,0.567,85.44
4418.43,47.56,2.224,27.71,0.494,94.96
4418.58,50.4,2.2258,28.94,0.426,98.99
4418.73,43.46,2.2274,28.74,0.366,100.82
4418.89,39.41,2.2277,31.6,0.335,100.0
4419.04,41.41,2.2325,25.58,0.329,98.31
4419.19,45.16,2.2472,25.81,0.334,97.04
4419.34,44.66,2.2768,24.26,0.337,94.01
4419.5,46.9,2.3168,20.32,0.345,91.27
4419.65,46.25,2.331,21.87,0.357,89.01
4419.8,52.82,2.3267,27.3,0.372,87.82
4419.95,49.5,2.3261,22.46,0.391,87.46
4420.11,53.13,2.324,29.86,0.419,88.31
4420.26,54.46,2.3132,23.6,0.446,90.36
4420.41,50.62,2.3186,23.07,0.497,91.19
4420.56,44.66,2.3492,22.02,0.563,90.43
4420.72,43.99,2.409,20.49,0.722,84.63
4420.87,45.69,2.4541,17.08,0.861,78.81
4421.02,41.32,2.4977,16.73,0.998,73.24
4421.17,42.98,2.5256,15.82,1.104,71.13
4421.33,40.35,2.5267,18.15,1.167,69.78
4421.48,45.61,2.5001,15.74,1.196,69.37
4421.63,34.56,2.4697,19.69,1.163,70.42
4421.78,48.37,2.4272,20.82,1.03,72.87
4421.93,62.95,2.3768,21.49,0.902,75.79
4422.09,61.55,2.3548,23.71,0.781,83.31
4422.24,64.28,2.3616,28.6,0.68,86.65
4422.39,60.32,2.3536,27.25,0.627,87.57
4422.54,58.44,2.3184,22.25,0.58,89.55
4422.7,54.32,2.2909,23.63,0.539,90.18
4422.85,50.5,2.2777,23.15,0.513,90.6
4423.0,47.48,2.2745,23.78,0.493,94.39
4423.15,61.26,2.293,25.07,0.482,95.43
4423.31,54.83,2.3274,24.14,0.509,93.21
4423.46,67.3,2.3358,21.93,0.548,92.39
4423.61,59.9,2.3178,24.62,0.592,92.19
4423.76,58.0,2.3573,21.64,0.63,86.94
4423.92,66.21,2.4779,20.54,0.67,75.52
4424.07,67.88,2.5499,18.17,0.706,74.95
4424.22,55.6,2.5165,21.81,0.749,77.27
4424.37,49.47,2.4367,18.56,0.779,80.15
4424.53,53.43,2.364,19.34,0.809,84.07
4424.68,51.35,2.3136,22.85,0.835,88.45
4424.83,56.28,2.2976,25.1,0.814,87.84
4424.98,58.84,2.3147,25.66,0.757,85.56
4425.14,59.75,2.3261,21.02,0.706,84.94
4425.29,53.92,2.32,24.26,0.668,84.93
4425.44,53.9,2.2946,24.69,0.652,86.81
4425.59,52.34,2.2781,27.44,0.642,93.91
4425.74,51.16,2.2787,24.31,0.624,95.75
4425.9,51.93,2.2896,26.55,0.586,91.58
4426.05,53.86,2.3025,26.57,0.541,85.57
4426.2,56.42,2.3115,25.59,0.522,89.2
4426.35,58.22,2.3159,24.23,0.514,93.65
4426.51,54.07,2.3122,24.97,0.51,93.84
4426.66,50.97,2.2998,24.41,0.514,93.85
4426.81,48.87,2.2829,22.94,0.535,94.92
4426.96,47.25,2.2716,17.76,0.563,94.18
4427.12,43.89,2.2717,23.17,0.601,90.69
4427.27,48.67,2.3058,19.46,0.673,86.71
4427.42,46.83,2.3788,17.82,0.762,81.83
4427.57,39.19,2.4593,15.91,0.864,74.84
4427.73,39.88,2.5245,12.45,1.045,66.03
4427.88,36.87,2.5474,11.4,1.205,62.7
4428.03,37.02,2.5314,13.46,1.303,64.64
4428.18,37.92,2.5047,14.18,1.387,66.58
4428.34,31.98,2.4984,12.86,1.512,69.4
4428.49,38.4,2.4989,13.31,1.607,70.07
4428.64,39.24,2.4902,14.22,1.657,70.26
4428.79,39.87,2.4938,14.36,1.624,69.87
4428.95,40.57,2.5068,14.52,1.52,68.75
4429.1,38.06,2.5169,13.93,1.397,69.46
4429.25,43.18,2.4857,13.23,1.251,71.15
4429.4,48.04,2.409,18.86,1.068,75.87
4429.55,43.42,2.3269,19.27,0.886,81.61
4429.71,48.34,2.2716,23.29,0.71,86.99
4429.86,43.0,2.2502,23.3,0.592,92.83
4430.01,46.29,2.2481,28.91,0.52,95.9
4430.16,43.26,2.2582,29.09,0.456,94.24
4430.32,47.64,2.2664,27.81,0.394,93.62
4430.47,48.68,2.2616,27.55,0.359,93.36
4430.62,47.09,2.2546,24.39,0.344,93.39
4430.77,44.25,2.2425,29.64,0.348,93.99
4430.93,43.74,2.236,26.31,0.356,95.23
4431.08,51.79,2.2392,26.23,0.36,95.82
4431.23,49.21,2.2677,27.4,0.367,94.6
4431.38,55.54,2.31,20.57,0.379,92.61
4431.54,52.79,2.3302,25.15,0.394,91.73
4431.69,59.0,2.3399,25.82,0.408,89.98
4431.84,60.95,2.3727,23.32,0.422,87.25
4431.99,81.56,2.3653,26.73,0.439,85.95
4432.15,66.38,2.319,25.21,0.474,86.95
4432.3,56.18,2.2924,27.11,0.52,87.48
4432.45,49.93,2.2972,23.68,0.552,90.99
4432.6,49.05,2.3252,21.93,0.61,92.06
4432.76,46.94,2.3579,20.46,0.699,89.92
4432.91,50.16,2.3768,18.38,0.797,85.9
4433.06,50.76,2.4158,17.9,0.901,81.23
4433.21,46.02,2.4756,13.28,1.032,76.91
4433.36,42.46,2.5317,13.68,1.112,73.0
4433.52,40.38,2.5534,12.92,1.17,67.54
4433.67,46.51,2.5542,13.12,1.2,62.47
4433.82,47.92,2.5518,14.36,1.214,63.14
4433.97,47.22,2.5526,14.95,1.221,66.57
4434.13,55.07,2.5664,15.16,1.223,68.21
4434.28,63.75,2.5753,18.44,1.213,70.37
4434.43,70.54,2.5651,19.1,1.205,72.19
4434.58,76.14,2.5516,17.44,1.193,74.0
4434.74,72.27,2.535,20.2,1.154,75.78
4434.89,71.43,2.5016,22.65,1.068,77.26
4435.04,76.14,2.472,23.51,0.966,78.54
4435.19,68.24,2.4501,19.92,0.896,79.34
4435.35,65.92,2.4205,23.42,0.857,79.85
4435.5,58.28,2.3919,20.92,0.808,81.37
4435.65,59.9,2.3759,20.04,0.78,83.46
4435.8,50.58,2.3663,20.94,0.768,84.97
4435.96,47.38,2.3518,20.1,0.747,86.73
4436.11,44.74,2.3393,20.31,0.719,87.0
4436.26,42.58,2.3741,17.43,0.702,81.46
4436.41,38.51,2.4326,20.27,0.696,75.98
4436.57,39.05,2.4391,20.53,0.703,74.79
4436.72,47.45,2.4115,22.18,0.715,77.01
4436.87,42.66,2.4091,19.15,0.728,79.73
4437.02,37.12,2.4298,14.05,0.753,81.21
4437.17,38.85,2.4488,17.01,0.794,79.68
4437.33,44.54,2.4577,16.25,0.837,76.7
4437.48,42.1,2.4772,18.33,0.867,73.69
4437.63,33.47,2.5084,15.02,0.887,71.09
4437.78,33.54,2.5204,15.37,0.891,69.36
4437.94,44.79,2.4854,16.51,0.844,70.22
4438.09,44.79,2.4496,18.06,0.796,72.58
4438.24,39.34,2.4113,17.55,0.742,75.4
4438.39,40.49,2.3933,20.22,0.695,78.45
4438.55,44.79,2.3816,19.69,0.647,80.41
4438.7,47.4,2.3538,22.97,0.578,83.11
4438.85,50.14,2.3145,25.08,0.526,85.79
4439.0,48.77,2.2762,21.5,0.487,88.86
4439.16,50.9,2.2513,22.91,0.458,90.91
4439.31,48.61,2.2455,21.99,0.449,91.55
4439.46,47.83,2.258,27.0,0.459,91.62
4439.61,50.26,2.2761,22.02,0.482,90.74
4439.77,47.48,2.3001,24.99,0.507,90.82
4439.92,44.7,2.3459,22.04,0.535,88.33
4440.07,43.98,2.422,22.96,0.581,84.43
4440.22,38.58,2.4616,14.76,0.637,80.68
4440.38,38.91,2.4923,15.27,0.698,73.47
4440.53,38.94,2.5227,14.84,0.78,68.23
4440.68,39.93,2.5061,14.74,0.881,70.95
4440.83,45.32,2.4691,15.17,0.956,74.2
4440.98,48.22,2.4747,16.45,1.001,75.02
4441.14,44.07,2.5145,18.38,0.986,76.36
4441.29,52.83,2.5122,19.55,0.919,75.27
4441.44,48.38,2.4705,20.65,0.82,72.95
4441.59,53.34,2.4161,20.75,0.718,75.93
4441.75,55.46,2.3461,18.8,0.638,82.6
4441.9,51.38,2.2859,27.23,0.573,91.32
4442.05,48.15,2.2429,27.69,0.537,96.71
4442.2,49.96,2.2351,25.43,0.512,99.51
4442.36,46.43,2.2574,28.96,0.483,98.11
4442.51,54.29,2.2936,23.79,0.457,95.45
4442.66,51.41,2.3101,26.53,0.442,93.56
4442.81,49.19,2.3052,25.93,0.44,93.35
4442.97,53.34,2.3008,25.65,0.445,92.58
4443.12,49.26,2.3033,29.13,0.454,92.09
4443.27,53.26,2.298,27.51,0.471,93.03
4443.42,46.68,2.2847,23.4,0.489,94.73
4443.58,43.95,2.2797,25.61,0.505,95.9
4443.73,44.21,2.2942,22.97,0.531,95.17
4443.88,42.97,2.3122,20.76,0.566,94.85
4444.03,45.01,2.3244,22.07,0.612,93.64
4444.19,49.28,2.3513,23.21,0.672,91.32
4444.34,55.73,2.3904,25.97,0.696,87.36
4444.49,55.38,2.4406,20.81,0.661,86.78
4444.64,55.45,2.4824,23.51,0.618,82.72
4444.79,57.32,2.4723,24.1,0.57,79.22
4444.95,53.97,2.4049,28.54,0.531,81.02
4445.1,48.12,2.324,28.2,0.5,85.73
4445.25,42.21,2.2816,32.18,0.472,95.15
4445.4,46.56,2.2724,31.69,0.459,98.59
4445.56,44.38,2.2644,30.41,0.478,98.74
4445.71,45.06,2.2564,24.26,0.517,99.27
4445.86,43.84,2.2741,29.14,0.535,99.84
4446.01,42.26,2.3602,22.83,0.547,92.86
4446.17,38.57,2.4605,17.16,0.555,78.02
4446.32,38.11,2.4554,21.86,0.57,66.46
4446.47,35.83,2.3694,24.56,0.589,67.84
4446.62,40.02,2.2925,26.82,0.59,76.64
4446.78,46.55,2.2673,28.11,0.572,84.74
4446.93,44.22,2.2744,23.8,0.56,91.28
4447.08,45.69,2.2896,21.86,0.545,93.16
4447.23,43.1,2.3204,22.74,0.543,86.75
4447.39,37.7,2.3783,19.9,0.56,79.2
4447.54,39.06,2.4367,17.47,0.589,75.27
4447.69,39.63,2.4465,17.67,0.629,73.37
4447.84,40.64,2.4207,19.09,0.649,75.99
4448.0,41.02,2.4143,18.92,0.638,79.49
4448.15,39.12,2.4315,19.72,0.603,79.76
4448.3,42.43,2.4318,21.2,0.564,80.47
4448.45,40.15,2.4016,23.16,0.531,80.4
4448.6,47.61,2.3575,21.11,0.517,82.6
4448.76,49.35,2.3222,24.76,0.512,87.97
4448.91,55.76,2.3202,25.87,0.494,92.88
4449.06,59.83,2.3487,24.61,0.463,94.03
4449.21,76.46,2.3548,24.5,0.427,94.11
4449.37,76.3,2.3364,36.04,0.395,93.47
4449.52,55.35,2.3065,25.54,0.373,93.23
4449.67,48.45,2.2763,26.87,0.355,95.21
4449.82,44.79,2.2514,26.72,0.341,96.8
4449.98,48.05,2.2382,30.15,0.325,97.93
4450.13,49.68,2.2477,27.55,0.311,98.3
4450.28,41.75,2.2581,26.25,0.305,98.3
4450.43,46.64,2.2683,24.54,0.307,95.7
4450.59,42.02,2.2796,24.09,0.312,93.82
4450.74,46.58,2.2967,22.84,0.326,92.76
4450.89,51.63,2.3061,20.83,0.345,92.03
4451.04,46.09,2.3109,22.93,0.386,90.69
4451.2,43.11,2.3535,20.05,0.474,89.26
4451.35,54.59,2.4345,18.98,0.591,85.09
4451.5,56.43,2.4901,15.96,0.733,80.86
4451.65,59.56,2.5127,14.54,0.909,75.37
4451.81,46.4,2.5327,13.44,1.135,70.91
4451.96,38.36,2.54,13.23,1.327,68.33
4452.11,34.25,2.5187,16.88,1.431,66.49
4452.26,35.56,2.4822,15.52,1.504,67.86
4452.41,35.83,2.4604,14.72,1.551,69.48
4452.57,35.83,2.4718,14.21,1.588,72.77
4452.72,35.04,2.5119,13.96,1.637,74.42
4452.87,32.98,2.5454,12.37,1.722,73.55
4453.02,34.58,2.5748,12.95,1.847,70.24
4453.18,35.83,2.5982,11.02,1.936,67.74
4453.33,36.8,2.6124,11.42,1.958,66.89
4453.48,34.97,2.6218,12.05,1.912,65.21
4453.63,33.28,2.6404,10.9,1.716,64.19
4453.79,38.92,2.6265,17.65,1.351,67.14
4453.94,46.83,2.5564,18.75,0.96,68.34
4454.09,50.21,2.477,17.26,0.718,72.77
4454.24,54.22,2.3773,27.4,0.579,78.46
4454.4,57.06,2.2813,26.85,0.492,83.71
4454.55,51.6,2.2454,25.65,0.423,91.64
4454.7,55.05,2.2394,27.53,0.37,94.63
4454.85,48.06,2.2412,32.33,0.33,94.42
4455.01,48.57,2.2397,24.54,0.29,94.71
4455.16,47.48,2.2382,25.16,0.283,93.83
4455.31,50.62,2.2479,23.18,0.291,93.96
4455.46,48.05,2.2676,25.28,0.311,93.31
4455.62,49.67,2.2901,25.16,0.339,92.93
4455.77,52.65,2.301,23.48,0.367,91.74
4455.92,60.09,2.3095,21.85,0.398,91.09
4456.07,58.46,2.309,24.84,0.434,89.18
4456.22,60.05,2.2989,19.86,0.488,89.14
4456.38,54.21,2.3044,25.36,0.544,90.64
4456.53,58.22,2.3222,22.55,0.599,88.85
4456.68,54.67,2.3572,23.98,0.648,89.13
4456.83,51.21,2.3967,25.96,0.706,88.67
4456.99,56.92,2.448,25.38,0.783,87.13
4457.14,45.1,2.4943,15.1,0.846,84.7
4457.29,51.71,2.4957,21.21,0.885,80.41
4457.44,47.9,2.4674,17.38,0.913,73.24
4457.6,47.33,2.4288,16.51,0.944,73.39
4457.75,57.4,2.4082,17.12,0.948,77.84
4457.9,64.5,2.4058,19.89,0.916,81.21
4458.05,70.59,2.4001,25.49,0.852,84.75
4458.21,63.31,2.3932,27.37,0.747,87.47
4458.36,58.94,2.3831,25.0,0.661,87.46
4458.51,58.81,2.364,25.14,0.58,88.15
4458.66,54.83,2.3409,22.46,0.521,89.45
4458.82,54.89,2.3148,20.44,0.486,91.24
4458.97,57.94,2.2979,21.31,0.468,92.71
4459.12,58.64,2.3146,28.16,0.46,92.87
4459.27,64.69,2.3694,22.44,0.461,91.12
4459.43,60.47,2.4099,21.06,0.477,114.77
4459.58,61.63,2.4209,19.42,0.52,121.47
4459.73,63.2,2.464,16.51,0.583,119.88
4459.88,59.14,2.5456,16.42,0.614,103.47
4460.03,47.68,2.612,17.35,0.64,71.1
4460.19,50.49,2.6263,16.81,0.685,68.29
4460.34,48.7,2.5994,17.65,0.753,67.44
4460.49,49.34,2.5268,16.5,0.801,73.27
4460.64,49.58,2.47,16.5,0.819,74.34
4460.8,37.48,2.4542,18.04,0.827,76.84
4460.95,46.08,2.4519,15.7,0.827,79.17
4461.1,42.42,2.4464,21.78,0.841,78.36
4461.25,43.89,2.4293,17.77,0.876,80.46
4461.41,44.33,2.411,16.55,0.925,83.36
4461.56,40.32,2.3919,16.1,0.98,84.23
4461.71,43.8,2.3971,14.36,1.023,82.64
4461.86,42.83,2.4404,10.25,1.105,80.94
4462.02,39.65,2.5011,11.82,1.192,78.12
4462.17,44.38,2.5446,12.28,1.298,75.02
4462.32,41.22,2.5547,12.66,1.335,70.64
4462.47,44.95,2.555,13.75,1.319,63.37
4462.63,48.2,2.5402,16.77,1.255,68.44
4462.78,53.32,2.4822,20.43,1.171,73.5
4462.93,50.16,2.4057,20.2,1.079,78.56
4463.08,54.91,2.3459,20.07,0.938,83.46
4463.24,58.22,2.3409,22.33,0.762,85.94
4463.39,58.13,2.3682,20.68,0.639,84.41
4463.54,69.27,2.3574,21.72,0.573,84.18
4463.69,64.23,2.324,23.47,0.526,85.26
4463.84,59.03,2.3291,24.23,0.473,84.19
4464.0,52.17,2.3447,25.99,0.423,82.45
4464.15,50.82,2.3329,26.94,0.381,82.44
4464.3,47.72,2.3001,31.06,0.36,84.98
4464.45,49.08,2.276,25.41,0.348,87.88
4464.61,43.0,2.2778,25.73,0.344,90.23
4464.76,49.27,2.291,29.7,0.348,91.13
4464.91,57.33,2.303,25.57,0.366,90.64
4465.06,55.82,2.3067,25.7,0.398,91.46
4465.22,59.27,2.3125,22.67,0.447,92.42
4465.37,47.8,2.3753,23.46,0.507,90.97
4465.52,49.66,2.4838,20.19,0.59,79.65
4465.67,43.42,2.5456,17.14,0.658,70.08
4465.83,43.23,2.5609,16.09,0.72,63.18
4465.98,40.6,2.5611,14.88,0.833,60.64
4466.13,40.31,2.5312,13.46,0.93,64.11
4466.28,38.58,2.4752,15.17,0.999,67.02
4466.44,45.62,2.4092,15.29,0.978,73.26
4466.59,49.26,2.3611,17.64,0.91,80.44
4466.74,52.5,2.3594,20.64,0.822,82.71
4466.89,68.06,2.3751,20.45,0.744,84.3
4467.05,66.7,2.3819,23.18,0.692,86.19
4467.2,72.56,2.381,23.97,0.656,85.28
4467.35,72.56,2.384,25.17,0.648,84.57
4467.5,70.46,2.3839,22.38,0.645,85.48
4467.65,60.17,2.3769,20.75,0.652,85.55
4467.81,49.48,2.362,27.41,0.66,87.09
4467.96,45.96,2.3652,22.86,0.663,86.14
4468.11,40.05,2.4005,20.38,0.656,81.17
4468.26,38.52,2.4246,18.57,0.65,73.39
4468.42,42.1,2.3944,16.83,0.645,69.95
4468.57,46.45,2.3628,25.54,0.643,73.97
4468.72,58.9,2.3614,22.83,0.642,77.91
4468.87,65.01,2.3664,21.6,0.64,82.73
4469.03,74.86,2.369,23.99,0.637,86.65
4469.18,69.42,2.3997,26.19,0.618,87.66
4469.33,61.33,2.4306,24.17,0.622,87.85
4469.48,62.13,2.424,22.04,0.651,85.77
4469.64,64.4,2.4001,21.95,0.708,84.31
4469.79,67.75,2.373,21.64,0.829,83.73
4469.94,61.28,2.3776,24.37,0.955,83.79
4470.09,46.52,2.4253,21.51,1.064,84.87
4470.25,44.4,2.4811,14.97,1.202,82.62
4470.4,35.83,2.5354,11.81,1.369,77.9
4470.55,43.65,2.5757,11.71,1.522,73.26
4470.7,41.8,2.5979,11.31,1.614,69.05
4470.86,40.6,2.6188,11.05,1.609,67.0
4471.01,38.52,2.6187,12.35,1.519,66.28
4471.16,43.22,2.6045,12.31,1.424,66.02
4471.31,50.01,2.5758,13.45,1.342,64.58
4471.46,43.36,2.5326,14.69,1.254,66.92
4471.62,41.23,2.4968,17.5,1.181,69.27
4471.77,40.71,2.4847,17.39,1.039,91.95
4471.92,36.86,2.5039,18.37,0.884,91.76
4472.07,40.65,2.5008,20.65,0.74,93.59
4472.23,49.37,2.4035,20.79,0.623,93.68
4472.38,53.62,2.3339,24.06,0.606,87.06
4472.53,55.38,2.2936,19.89,0.584,90.59
4472.68,54.29,2.2959,22.45,0.558,90.8
4472.84,50.64,2.3273,24.15,0.533,89.67
4472.99,49.74,2.348,22.6,0.497,89.27
4473.14,48.77,2.341,21.9,0.457,88.35
4473.29,48.09,2.3225,28.34,0.425,88.68
4473.45,48.06,2.2976,29.42,0.399,91.39
4473.6,49.68,2.2625,28.01,0.368,93.03
4473.75,47.45,2.2465,26.4,0.35,95.81
4473.9,45.19,2.2407,27.6,0.337,95.44
4474.06,39.54,2.2417,29.11,0.327,94.32
4474.21,42.31,2.2651,27.43,0.322,92.72
4474.36,47.19,2.2863,24.11,0.318,91.86
4474.51,50.24,2.2895,22.19,0.319,92.06
4474.67,43.53,2.3031,22.85,0.329,92.04
4474.82,45.52,2.3478,25.93,0.341,90.34
4474.97,46.58,2.3866,20.62,0.36,88.44
4475.12,40.53,2.3922,22.21,0.384,84.82
4475.27,39.8,2.3821,18.82,0.402,81.22
4475.43,42.1,2.3624,21.21,0.413,80.42
4475.58,46.98,2.3413,23.78,0.437,80.81
4475.73,55.45,2.3473,20.21,0.477,82.35
4475.88,55.16,2.3695,27.1,0.513,84.97
4476.04,57.99,2.3793,22.84,0.542,84.59
4476.19,57.55,2.3578,29.1,0.561,85.34
4476.34,53.11,2.3244,24.47,0.567,86.45
4476.49,52.85,2.2938,23.91,0.566,88.88
4476.65,62.65,2.2838,19.89,0.571,90.17
4476.8,58.68,2.3124,22.24,0.57,89.41
4476.95,53.86,2.335,21.19,0.566,87.33
4477.1,55.32,2.3454,24.81,0.562,85.85
4477.26,53.65,2.3511,22.94,0.563,85.34
4477.41,50.42,2.3503,19.98,0.566,84.15
4477.56,57.16,2.3457,20.72,0.566,84.21
4477.71,47.3,2.3404,19.84,0.564,82.85
4477.87,47.06,2.3502,18.84,0.564,83.13
4478.02,48.41,2.3555,19.9,0.594,83.97
4478.17,46.32,2.3395,28.47,0.612,85.33
4478.32,46.57,2.3294,25.87,0.638,86.29
4478.48,46.37,2.3329,16.83,0.678,87.06
4478.63,40.59,2.3662,15.26,0.734,86.97
4478.78,36.04,2.4107,14.95,0.833,84.97
4478.93,36.43,2.4334,15.49,0.957,81.89
4479.08,35.88,2.4436,12.83,1.103,79.04
4479.24,34.49,2.479,13.44,1.218,75.97
4479.39,33.08,2.5153,14.34,1.308,73.73
4479.54,43.07,2.5029,14.07,1.378,72.01
4479.69,36.73,2.4906,12.86,1.438,67.6
4479.85,41.82,2.5055,11.93,1.496,68.57
4480.0,40.34,2.5362,13.47,1.531,69.31
4480.15,36.73,2.552,11.69,1.566,70.47
4480.3,39.93,2.5479,13.56,1.596,71.02
4480.46,41.78,2.5482,13.08,1.609,72.83
4480.61,36.58,2.545,12.95,1.648,73.36
4480.76,37.36,2.5362,11.82,1.672,75.98
4480.91,38.37,2.5387,10.99,1.651,70.53
4481.07,38.58,2.5504,11.98,1.631,70.27
4481.22,36.85,2.5638,13.29,1.629,70.11
4481.37,31.69,2.5693,15.3,1.658,68.32
4481.52,37.51,2.536,15.09,1.651,71.05
4481.68,42.98,2.4486,16.96,1.616,72.56
4481.83,45.69,2.3688,25.01,1.583,74.9
4481.98,54.45,2.356,23.95,1.529,73.06
4482.13,53.34,2.3979,17.6,1.444,80.46
4482.29,49.08,2.4269,25.47,1.331,77.79
4482.44,51.3,2.4153,29.37,1.298,76.09
4482.59,54.35,2.3975,33.41,1.25,77.88
4482.74,64.67,2.3792,29.4,1.028,76.23
4482.89,65.78,2.3526,27.28,0.883,83.58
4483.05,60.68,2.2981,26.86,0.753,88.12
4483.2,54.64,2.2682,23.79,0.635,98.63
4483.35,54.64,2.2643,24.94,0.554,96.54
4483.5,48.89,2.2566,29.16,0.5,95.64
4483.66,43.79,2.2609,30.56,0.461,95.08
4483.81,50.3,2.2724,22.83,0.443,95.53
4483.96,50.35,2.2875,23.51,0.445,94.86
4484.11,51.8,2.3071,21.61,0.463,94.4
4484.27,53.75,2.341,19.59,0.508,94.91
4484.42,55.65,2.3862,23.96,0.562,94.16
4484.57,58.11,2.4333,19.74,0.603,91.38
4484.72,51.06,2.4541,20.01,0.623,89.8
4484.88,45.97,2.3941,24.01,0.628,90.47
4485.03,43.0,2.3266,17.61,0.629,82.81
4485.18,43.0,2.3195,22.96,0.629,75.72
4485.33,48.51,2.3368,24.48,0.623,78.03
4485.49,54.82,2.3425,29.57,0.607,80.7
4485.64,53.54,2.3466,24.29,0.58,89.82
4485.79,56.26,2.3498,24.14,0.547,92.18
4485.94,53.82,2.3432,26.44,0.519,91.01
4486.1,56.43,2.3219,22.75,0.493,89.99
4486.25,54.03,2.2911,24.66,0.466,91.18
4486.4,49.34,2.2808,23.72,0.45,92.77
4486.55,35.36,2.314,20.77,0.449,92.71
4486.7,32.28,2.3445,24.61,0.452,90.61
4486.86,31.84,2.3399,19.02,0.463,88.98
4487.01,34.1,2.3113,19.54,0.475,86.31
4487.16,38.66,2.3174,24.71,0.488,85.96
4487.31,37.58,2.3992,22.4,0.517,87.6
4487.47,36.22,2.5111,19.05,0.576,90.92
4487.62,33.14,2.5895,14.28,0.646,87.43
4487.77,35.83,2.6118,11.79,0.724,77.97
4487.92,43.2,2.6094,12.12,0.827,68.22
4488.08,41.97,2.6058,11.55,1.003,66.42
4488.23,44.15,2.6002,10.29,1.268,65.12
4488.38,46.87,2.6024,10.41,1.594,57.04
4488.53,40.04,2.5948,9.88,1.862,66.68
4488.69,43.62,2.5851,11.22,2.142,66.06
4488.84,38.74,2.5968,11.07,2.278,66.89
4488.99,41.42,2.6083,9.9,2.301,67.61
4489.14,31.77,2.5953,10.36,2.285,67.25
4489.3,37.18,2.5946,10.28,2.227,67.5
4489.45,40.97,2.6031,9.58,2.086,60.96
4489.6,44.5,2.608,8.8,2.025,57.22
4489.75,36.62,2.6091,9.56,1.966,58.52
4489.91,39.24,2.6154,8.33,1.892,57.95
4490.06,39.98,2.6191,8.45,1.808,47.2
4490.21,38.48,2.6111,9.4,1.737,47.2
4490.36,34.1,2.5979,11.23,1.688,48.39
4490.51,38.17,2.5847,7.98,1.655,59.63
4490.67,36.16,2.5866,8.93,1.617,62.03
4490.82,36.82,2.5854,10.48,1.59,64.27
4490.97,37.62,2.5716,8.19,1.561,63.44
4491.73,34.95,2.5629,12.22,1.372,40.73
4491.89,43.83,2.5289,12.62,1.338,40.7
4492.04,40.45,2.5097,13.32,1.294,46.07
4493.11,45.79,2.4492,15.89,1.231,87.06
4493.26,45.04,2.4983,14.59,1.238,81.67
4493.41,45.4,2.5318,15.95,1.256,77.27
4493.56,45.84,2.5607,13.67,1.273,60.73
4493.72,48.43,2.5872,13.58,1.278,60.56
4493.87,47.83,2.5923,11.01,1.292,61.24
4494.02,45.69,2.5794,10.6,1.307,62.16
4494.17,48.73,2.5716,12.71,1.323,64.42
4494.32,50.17,2.5534,12.62,1.321,64.62
4494.93,43.17,2.6438,14.04,1.251,42.55
4495.09,53.48,2.6199,12.11,1.264,41.95
4495.24,47.3,2.5661,13.44,1.275,41.95
4495.39,45.78,2.5209,14.96,1.276,56.34
4495.54,43.31,2.4917,14.75,1.284,86.0
4495.7,33.14,2.4816,16.84,1.288,75.56
4495.85,38.78,2.4915,19.28,1.31,68.06
4496.0,41.73,2.5193,15.47,1.321,66.94
4496.15,33.71,2.5451,13.21,1.35,66.94
4496.31,38.92,2.5627,12.48,1.386,70.56
4496.46,38.73,2.5725,9.4,1.444,73.17
4496.61,37.93,2.5684,11.15,1.487,67.44
4496.76,35.79,2.5719,11.73,1.512,67.12
4496.92,41.65,2.5738,13.14,1.528,66.85
4497.07,41.06,2.575,13.34,1.536,66.51
4497.22,37.4,2.5587,15.01,1.543,68.08
4497.37,39.1,2.5528,14.91,1.555,69.61
4497.53,37.2,2.5517,13.9,1.565,69.64
4497.68,40.99,2.5466,16.07,1.577,70.89
4497.83,40.12,2.5392,14.23,1.58,70.7
4497.98,42.3,2.5336,15.83,1.585,71.24
4498.13,46.7,2.5216,13.42,1.595,72.81
4498.29,48.37,2.5162,14.51,1.579,73.33
4498.44,52.49,2.5239,15.44,1.565,73.25
4498.59,50.93,2.5521,15.35,1.561,72.47
4498.74,58.34,2.5925,14.64,1.547,68.66
4498.9,49.45,2.6054,15.79,1.501,68.21
4499.05,44.38,2.5815,15.0,1.428,74.31
4499.2,42.79,2.5571,15.08,1.324,74.13
4499.35,43.44,2.5432,19.77,1.268,74.25
4499.51,45.69,2.5234,16.79,1.23,75.93
4499.66,48.47,2.5007,20.04,1.193,76.83
4499.81,46.32,2.4845,16.48,1.156,76.93
4499.96,44.24,2.4915,13.62,1.114,76.11
4500.12,41.52,2.5115,13.39,1.069,74.96
4500.27,35.81,2.5149,12.37,1.041,73.17
4500.42,34.04,2.5098,12.63,1.019,73.28
4500.57,35.6,2.4989,19.81,0.992,73.59
4500.73,37.21,2.4843,21.79,0.953,73.77
4500.88,33.78,2.4531,15.95,0.914,74.51
4501.03,39.04,2.4293,21.22,0.889,74.3
4501.18,35.19,2.4232,21.17,0.873,74.93
4501.34,38.82,2.4055,21.63,0.86,76.58
4501.49,34.3,2.3928,21.07,0.863,79.37
4501.64,40.8,2.3956,23.39,0.849,80.96
4501.79,46.61,2.4284,24.03,0.821,81.92
4501.94,58.31,2.4854,21.41,0.784,82.77
4502.1,86.0,2.5029,24.44,0.76,81.47
4502.25,86.0,2.4351,29.21,0.763,84.66
4502.4,88.46,2.3675,29.89,0.795,89.24
4502.55,61.61,2.3989,24.24,0.86,90.69
4502.71,50.41,2.5048,21.09,0.965,89.82
4502.86,43.53,2.5553,20.97,1.163,99.99
4503.01,46.58,2.5584,18.38,1.416,96.29
4503.16,50.51,2.5607,13.73,1.634,90.85
4503.32,54.13,2.5545,12.28,1.71,93.37
4503.47,65.25,2.557,12.17,1.742,65.95
4503.62,66.59,2.5616,14.48,1.75,66.43
4503.77,58.24,2.5545,16.44,1.743,72.02
4503.93,56.8,2.5601,16.37,1.72,72.97
4504.08,55.02,2.5686,19.57,1.671,71.94
4504.23,57.06,2.5693,15.6,1.618,71.42
4504.38,52.43,2.5673,18.0,1.561,71.64
4504.54,53.62,2.5661,16.59,1.512,71.67
4504.69,45.69,2.5489,14.85,1.45,72.39
4504.84,49.53,2.5325,15.41,1.365,72.73
4504.99,55.22,2.5313,15.13,1.263,73.66
4505.15,54.76,2.5172,15.33,1.213,74.58
4505.3,51.98,2.4943,16.32,1.186,76.2
4505.45,51.96,2.4915,14.77,1.138,77.41
4505.6,41.08,2.5028,11.7,1.086,76.09
4505.75,46.71,2.4832,10.17,1.079,76.78
4505.91,41.94,2.4635,8.53,1.082,75.07
4506.06,31.35,2.4863,12.26,1.099,73.56
4506.21,35.51,2.5041,10.48,1.131,74.95
4506.36,35.23,2.51,11.61,1.168,74.51
4506.52,33.29,2.5071,11.95,1.208,73.67
4506.67,37.1,2.5107,11.33,1.236,74.11
4506.82,34.09,2.509,10.98,1.27,73.77
4506.97,36.76,2.5091,12.66,1.308,72.9
4507.13,45.75,2.5173,14.86,1.333,73.09
4507.28,47.35,2.518,17.65,1.347,74.72
4507.43,44.24,2.5211,17.78,1.365,74.59
4507.58,53.08,2.5339,13.53,1.381,74.3
4507.74,54.31,2.5503,20.19,1.401,73.93
4507.89,56.65,2.5423,15.7,1.42,73.65
4508.04,60.12,2.5294,18.66,1.431,74.19
4508.19,58.67,2.5329,15.74,1.434,73.92
4508.35,54.5,2.5498,15.67,1.419,72.83
4508.5,56.19,2.569,15.48,1.4,71.53
4508.65,55.42,2.5692,15.35,1.38,70.98
4508.8,57.46,2.5553,13.32,1.377,71.92
4508.96,61.81,2.5344,17.45,1.384,76.28
4509.11,61.81,2.5202,16.68,1.395,76.92
4509.26,70.21,2.5273,18.4,1.413,67.51
4509.41,59.65,2.5402,16.38,1.421,71.45
4509.56,55.97,2.5484,13.06,1.421,71.25
4509.72,51.86,2.5569,13.95,1.418,71.15
4509.87,48.45,2.5575,13.81,1.421,82.65
4510.02,43.55,2.5511,15.25,1.416,82.68
4510.17,50.74,2.5565,13.89,1.402,83.02
4510.33,53.45,2.5582,12.68,1.364,76.42
4510.48,51.28,2.5417,14.72,1.31,73.38
4510.63,55.36,2.5314,17.21,1.3,73.97
4510.78,53.28,2.5272,14.56,1.293,74.2
4510.94,52.67,2.5173,15.87,1.294,74.44
4511.09,53.22,2.5155,18.15,1.309,69.97
4511.24,53.75,2.5166,17.88,1.319,69.97
4511.39,56.92,2.5311,16.02,1.331,67.11
4511.55,58.34,2.5392,17.57,1.348,72.33
4511.7,51.16,2.5377,17.26,1.376,72.55
4511.85,43.96,2.5418,14.27,1.403,72.42
4512.0,44.76,2.5454,13.69,1.454,72.4
4512.16,47.57,2.5384,14.49,1.498,72.43
4512.31,52.85,2.5475,14.8,1.538,68.09
4512.46,58.01,2.5588,13.78,1.568,68.52
4512.61,58.8,2.5686,16.53,1.582,70.72
4512.77,63.32,2.5746,15.71,1.587,69.96
4512.92,54.17,2.5614,15.07,1.603,69.48
4513.07,50.16,2.5328,13.64,1.603,71.92
4513.22,54.08,2.5255,13.44,1.586,72.8
4513.37,55.39,2.5354,18.03,1.557,73.46
4513.53,55.92,2.5269,16.54,1.536,80.19
4513.68,54.32,2.5087,16.82,1.513,74.31
4513.83,44.51,2.491,14.28,1.501,74.86
4513.98,41.75,2.4884,14.53,1.488,73.2
4514.14,47.35,2.5162,17.24,1.514,74.21
4514.29,42.79,2.5489,14.06,1.5,73.73
4514.44,51.45,2.5522,19.33,1.464,77.8
4514.59,57.67,2.5367,19.07,1.357,80.32
4514.75,64.21,2.527,21.67,1.205,92.58
4514.9,65.51,2.49,22.03,1.02,96.42
4515.05,54.95,2.4157,20.63,0.864,96.42
4515.2,53.75,2.3403,21.03,0.75,95.87
4515.36,53.0,2.2969,24.25,0.643,95.08
4515.51,48.1,2.3034,28.12,0.559,94.69
4515.66,46.94,2.3111,24.17,0.523,93.71
4515.81,47.48,2.31,27.72,0.508,91.21
4515.97,30.63,2.3171,27.46,0.502,89.5
4516.12,34.09,2.3394,19.14,0.452,88.15
4516.27,29.26,2.3726,18.76,0.436,86.63
4516.42,33.46,2.3912,21.35,0.435,84.19
4516.58,30.46,2.406,21.95,0.436,80.4
4516.73,32.25,2.4233,18.01,0.436,79.12
4516.88,31.36,2.4081,17.95,0.435,81.46
4517.03,36.28,2.359,20.61,0.426,83.92
4517.18,35.83,2.3223,21.72,0.417,90.0
4517.34,35.35,2.3077,21.62,0.45,91.04
4517.49,39.33,2.3038,19.31,0.494,91.73
4517.64,36.11,2.3009,24.03,0.514,93.48
4517.79,31.9,2.3194,26.66,0.518,90.93
4517.95,30.96,2.3745,26.46,0.504,83.08
4518.1,35.0,2.4462,24.61,0.44,72.87
4518.25,42.44,2.4799,26.63,0.357,74.18
4518.4,45.13,2.4237,24.34,0.349,83.44
4518.56,30.46,2.3229,21.76,0.346,88.22
4518.71,31.36,2.2726,27.91,0.344,92.85
4518.86,33.38,2.2715,26.12,0.344,92.55
4519.01,27.58,2.2769,25.1,0.344,95.06
4519.17,30.46,2.2847,26.3,0.344,94.2
4519.32,35.14,2.2843,28.63,0.341,81.44
4519.47,36.5,2.2737,28.4,0.338,89.04
4519.62,31.58,2.2739,27.14,0.337,87.23
4519.78,27.4,2.2953,21.67,0.339,86.49
4519.93,26.75,2.3124,20.62,0.355,81.07
4520.08,29.39,2.3189,19.18,0.379,79.43
4520.23,31.6,2.3534,19.19,0.417,79.11
4520.39,31.8,2.4017,18.31,0.454,79.23
4520.54,34.0,2.4273,17.89,0.504,77.99
4520.69,44.64,2.4326,19.12,0.588,77.29
4520.84,45.16,2.4216,20.07,0.638,78.17
4520.99,55.77,2.4284,19.43,0.676,79.51
4521.15,51.01,2.4513,18.13,0.743,79.3
4521.3,48.37,2.4546,20.04,0.863,78.09
4521.45,47.8,2.4554,18.22,1.026,77.94
4521.6,43.08,2.4643,16.95,1.183,76.02
4521.76,41.47,2.4757,14.51,1.236,72.73
4521.91,49.2,2.481,17.95,1.244,76.24
4522.06,48.82,2.4812,15.54,1.254,76.62
4522.21,48.37,2.4796,17.15,1.252,76.41
4522.37,48.37,2.4783,16.24,1.258,75.88
4522.52,44.34,2.4827,18.28,1.292,75.47
4522.67,39.97,2.4704,13.82,1.304,77.3
4522.82,58.99,2.4687,16.74,1.309,77.74
4522.98,52.03,2.5082,15.29,1.309,78.22
4523.13,55.77,2.5208,13.99,1.31,77.45
4523.28,47.94,2.5083,15.24,1.319,74.61
4523.43,54.72,2.4953,14.29,1.329,71.96
4523.59,47.98,2.4987,17.35,1.338,73.71
4523.74,48.67,2.5109,18.48,1.362,75.03
4523.89,47.72,2.5058,15.9,1.355,75.18
4524.04,51.78,2.5059,15.38,1.334,74.81
4524.2,49.78,2.5165,15.75,1.319,74.7
4524.35,49.27,2.5218,19.5,1.298,74.35
4524.5,47.27,2.5134,15.45,1.277,74.53
4524.65,51.75,2.5045,12.22,1.257,74.92
4524.8,55.13,2.489,15.06,1.228,75.78
4524.96,51.83,2.4786,13.98,1.177,75.88
4525.11,52.31,2.478,14.07,1.122,77.18
4525.26,49.8,2.4695,15.56,1.077,77.28
4525.41,48.37,2.4608,14.9,1.061,77.67
4525.57,44.48,2.4568,15.85,1.038,78.38
4525.72,43.89,2.4568,14.13,1.016,78.42
4525.87,41.55,2.4618,15.5,1.022,78.92
4526.02,40.5,2.4749,14.22,1.063,78.47
4526.18,38.36,2.4854,15.36,1.079,77.79
4526.33,39.41,2.4814,15.71,1.084,77.12
4526.48,37.62,2.4762,15.18,1.088,76.92
4526.63,40.19,2.4807,13.88,1.097,76.84
4526.79,35.3,2.494,14.73,1.102,76.62
4526.94,49.95,2.504,14.59,1.106,76.18
4527.09,51.51,2.5061,16.19,1.113,75.45
4527.24,63.54,2.4958,16.06,1.12,75.93
4527.4,54.85,2.4848,17.36,1.115,76.69
4527.55,50.16,2.4858,17.02,1.109,77.52
4527.7,50.16,2.4829,17.56,1.107,77.63
4527.85,46.43,2.4897,14.61,1.119,77.0
4528.01,51.83,2.4953,16.2,1.128,76.95
4528.16,54.27,2.5004,12.68,1.135,76.92
4528.31,48.28,2.5156,14.22,1.135,75.31
4528.46,46.5,2.5288,15.35,1.127,74.93
4528.61,44.98,2.5313,15.2,1.104,74.03
4528.77,46.58,2.5168,14.32,1.06,73.37
4528.92,44.54,2.4936,16.25,1.041,75.64
4529.07,48.9,2.4916,17.67,1.02,77.06
4529.22,54.25,2.4907,13.45,1.002,77.55
4529.38,51.47,2.459,15.78,0.993,77.46
4529.53,48.2,2.4343,14.2,1.003,79.16
4529.68,39.85,2.4588,16.51,1.022,79.69
4529.83,32.3,2.5073,13.36,1.027,77.14
4529.99,31.35,2.5069,10.36,1.011,74.38
4530.14,31.35,2.5008,11.34,1.02,72.61
4530.29,34.48,2.5203,10.91,1.074,70.71
4530.44,41.21,2.5317,13.34,1.107,70.87
4530.6,40.27,2.5341,15.47,1.128,74.2
4530.75,34.66,2.5302,12.55,1.116,76.8
4530.9,37.94,2.5196,12.36,1.112,76.08
4531.05,34.04,2.5182,10.41,1.116,73.75
4531.21,33.14,2.5199,12.63,1.134,72.6
4531.36,37.28,2.5211,15.52,1.17,73.53
4531.51,43.67,2.5226,14.57,1.201,75.6
4531.66,56.78,2.5249,15.93,1.221,71.39
4531.82,56.83,2.5321,16.32,1.23,73.07
4531.97,53.69,2.5265,16.96,1.241,75.05
4532.12,55.99,2.5211,14.92,1.259,75.05
4532.27,52.8,2.5226,15.16,1.274,75.11
4532.42,50.69,2.522,17.26,1.29,75.08
4532.58,50.32,2.5132,19.32,1.306,75.17
4532.73,52.24,2.5027,17.61,1.309,75.39
4532.88,54.78,2.4867,19.45,1.317,77.09
4533.03,51.68,2.4639,17.07,1.325,77.12
4533.19,53.84,2.4698,15.98,1.335,77.08
4533.34,54.64,2.4982,17.53,1.342,76.94
4533.49,57.09,2.5115,16.46,1.349,75.3
4533.64,55.54,2.5095,17.25,1.362,74.46
4533.8,60.92,2.5121,14.17,1.381,74.51
4533.95,55.22,2.5187,13.43,1.396,74.83
4534.1,59.3,2.5202,17.47,1.403,74.91
4534.25,56.2,2.5189,16.34,1.395,75.31
4534.41,60.74,2.5227,17.33,1.37,74.74
4534.56,67.61,2.5304,16.45,1.335,75.98
4534.71,63.41,2.5183,16.22,1.276,76.67
4534.86,69.46,2.4812,17.65,1.223,77.38
4535.02,55.15,2.46,16.24,1.165,77.64
4535.17,46.04,2.4582,12.47,1.138,77.3
4535.32,47.24,2.4693,15.32,1.123,77.18
4535.47,50.0,2.4756,13.14,1.116,76.29
4535.63,41.52,2.483,14.43,1.102,75.94
4535.78,36.7,2.4813,11.59,1.095,75.56
4535.93,36.95,2.4844,13.27,1.087,75.27
4536.08,35.03,2.4973,11.98,1.1,74.55
4536.23,36.03,2.4998,14.71,1.126,74.54
4536.39,39.27,2.4913,15.49,1.139,74.45
4536.54,39.13,2.4905,16.7,1.139,73.62
4536.69,42.74,2.4934,14.21,1.136,74.58
4536.84,41.87,2.4884,16.25,1.136,74.67
4537.0,47.45,2.4912,14.42,1.133,74.15
4537.15,47.48,2.493,16.91,1.128,74.41
4537.3,59.05,2.4776,18.64,1.14,75.04
4537.45,52.33,2.47,17.43,1.15,75.66
4537.61,51.1,2.4704,17.91,1.154,76.73
4537.76,52.46,2.474,17.33,1.154,69.22
4537.91,59.06,2.4775,13.95,1.14,63.74
4538.06,61.92,2.4833,17.07,1.115,63.75
4538.22,61.5,2.4833,18.45,1.084,63.05
4538.37,51.06,2.4759,17.57,1.078,57.4
4538.52,57.69,2.4717,17.42,1.094,59.76
4538.67,60.02,2.4755,18.55,1.126,71.41
4538.83,65.41,2.4914,19.82,1.13,76.46
4538.98,61.52,2.4986,20.16,1.135,77.69
4539.13,65.22,2.4878,22.91,1.141,74.93
4539.28,65.13,2.4646,18.84,1.143,75.07
4539.44,60.99,2.4484,17.94,1.154,75.14
4539.59,57.25,2.4468,15.88,1.204,75.3
4539.74,48.6,2.4658,18.22,1.222,75.39
4539.89,47.2,2.4865,13.98,1.239,75.68
4540.04,50.17,2.4882,13.13,1.254,76.02
4540.2,42.1,2.4832,17.82,1.266,76.28
4540.35,49.17,2.4807,17.02,1.286,76.26
4540.5,49.13,2.4664,17.96,1.317,76.35
4540.65,52.58,2.4557,16.68,1.346,76.6
4540.81,49.89,2.4643,16.63,1.398,76.57
4540.96,50.95,2.5048,14.77,1.476,75.17
4541.11,48.96,2.5254,12.34,1.513,73.99
4541.26,45.49,2.5506,11.73,1.53,75.56
4541.42,44.72,2.5724,11.25,1.536,81.52
4541.57,54.25,2.5635,12.43,1.516,82.22
4541.72,53.75,2.5412,12.6,1.496,85.13
4541.87,53.21,2.5279,15.04,1.476,75.42
4542.03,52.01,2.5108,14.03,1.456,75.33
4542.18,53.77,2.4824,17.75,1.443,75.32
4542.33,53.62,2.4838,16.36,1.432,75.26
4542.48,44.42,2.5107,14.41,1.421,74.1
4542.64,41.91,2.5229,14.98,1.383,72.47
4542.79,36.12,2.5127,15.36,1.358,72.87
4542.94,37.44,2.4907,14.91,1.337,75.61
4543.09,49.74,2.4671,15.96,1.316,77.71
4543.25,45.96,2.4444,17.33,1.305,79.41
4543.4,49.48,2.4366,17.82,1.296,79.32
4543.55,47.48,2.4365,19.85,1.281,78.91
4543.7,45.73,2.4501,16.82,1.278,77.53
4543.85,50.91,2.4673,15.79,1.265,76.57
4544.01,50.77,2.4814,15.88,1.261,76.42
4544.16,52.27,2.4859,16.97,1.249,76.16
4544.31,55.43,2.4725,18.79,1.203,76.56
4544.46,58.91,2.4714,15.82,1.16,76.48
4544.62,48.65,2.486,15.67,1.11,76.35
4544.77,54.63,2.4991,18.29,1.04,75.43
4544.92,48.51,2.5043,16.99,0.95,74.66
4545.07,49.9,2.5001,15.01,0.85,74.56
4545.23,48.02,2.5003,15.93,0.744,74.89
4545.38,47.71,2.4977,15.69,0.695,75.06
4545.53,49.42,2.4938,14.91,0.734,74.94
4545.68,49.27,2.4929,14.66,0.742,75.22
4545.84,46.19,2.4915,17.01,0.742,76.27
4545.99,49.83,2.4946,15.68,0.744,77.25
4546.14,50.07,2.494,15.37,0.746,77.21
4546.29,43.87,2.4882,17.98,0.747,78.17
4546.45,45.33,2.4794,16.3,0.748,77.49
4546.6,48.95,2.478,16.49,0.755,76.58
4546.75,38.79,2.4897,17.08,0.764,76.86
4546.9,50.47,2.4907,16.33,0.766,76.75
4547.06,42.17,2.4856,14.52,0.775,76.21
4547.21,50.15,2.4982,15.98,0.782,75.66
4547.36,51.05,2.5087,14.11,0.789,74.93
4547.51,46.39,2.5093,13.26,0.796,74.11
4547.66,45.76,2.5125,13.49,0.81,74.33
4547.82,46.48,2.5189,14.37,0.826,74.43
4547.97,45.94,2.5273,16.39,0.841,74.36
4548.12,47.17,2.5344,15.52,0.848,73.52
4548.27,51.5,2.5437,15.02,0.848,72.42
4548.43,49.69,2.558,14.76,0.852,71.18
4548.58,52.83,2.5652,12.88,0.864,68.01
4548.73,57.54,2.5647,13.52,0.892,68.95
4548.88,60.62,2.5549,11.32,0.896,66.85
4549.04,57.91,2.5324,12.52,0.899,69.99
4549.19,52.33,2.515,12.31,0.907,68.78
4549.34,52.7,2.5061,12.7,0.928,71.31
4549.49,50.66,2.5181,10.89,0.949,70.48
4549.65,52.57,2.5417,12.66,0.969,70.47
4549.8,57.78,2.5559,12.83,0.995,69.7
4549.95,59.12,2.5671,12.82,1.019,68.53
4550.1,62.74,2.5716,13.18,1.051,67.07
4550.26,54.46,2.5855,12.95,1.086,67.02
4550.41,53.47,2.6025,14.73,1.132,66.9
4550.56,53.59,2.5966,15.68,1.178,66.36
4550.71,54.39,2.5915,13.79,1.233,85.65
4550.87,58.87,2.5967,13.39,1.295,86.63
4551.02,64.28,2.5838,14.29,1.354,87.44
4551.17,61.71,2.5678,14.86,1.383,84.66
4551.32,61.47,2.5493,13.79,1.394,73.95
4551.47,59.49,2.5401,14.67,1.405,70.25
4551.63,56.36,2.5412,14.56,1.409,70.4
4551.78,54.11,2.5331,12.64,1.403,71.17
4551.93,52.73,2.5172,15.7,1.399,71.31
4552.08,59.03,2.513,15.03,1.383,72.53
4552.24,59.56,2.5075,14.91,1.38,72.12
4552.39,56.45,2.5002,11.82,1.384,71.9
4552.54,55.4,2.4967,14.62,1.392,68.03
4552.69,52.35,2.4981,14.86,1.373,70.26
4552.85,61.81,2.5114,15.37,1.362,70.5
4553.0,61.05,2.5244,14.53,1.331,70.53
4553.15,53.16,2.527,15.32,1.296,70.36
4553.3,52.85,2.515,15.86,1.291,71.91
4553.46,48.99,2.4716,17.59,1.283,72.71
4553.61,55.07,2.4325,16.26,1.284,75.31
4553.76,51.96,2.4219,17.72,1.318,77.52
4553.91,52.1,2.4393,16.38,1.371,78.24
4554.07,49.82,2.4689,15.52,1.417,77.25
4554.22,49.06,2.5011,14.98,1.455,74.53
4554.37,50.06,2.5263,14.6,1.47,72.48
4554.52,47.08,2.5445,13.72,1.478,70.53
4554.68,48.32,2.5412,11.31,1.484,69.74
4554.83,47.48,2.5211,12.56,1.482,71.14
4554.98,48.79,2.511,14.14,1.474,72.72
4555.13,51.59,2.5133,16.4,1.458,73.93
4555.28,52.66,2.5289,16.27,1.444,73.29
4555.44,57.05,2.5381,17.74,1.419,71.3
4555.59,55.69,2.5305,16.61,1.4,71.71
4555.74,53.87,2.5155,16.46,1.387,71.97
4555.89,54.26,2.4969,16.22,1.38,72.42
4556.05,56.19,2.4958,16.84,1.376,72.6
4556.2,61.81,2.5056,15.43,1.368,73.79
4556.35,59.64,2.5064,15.77,1.365,73.31
4556.5,59.72,2.5008,16.93,1.375,73.59
4556.66,50.01,2.4958,15.64,1.379,73.56
4556.81,49.18,2.4958,16.72,1.381,73.12
4556.96,54.58,2.5056,14.94,1.378,71.99
4557.11,52.91,2.5243,13.63,1.387,71.02
4557.27,52.85,2.5187,17.36,1.38,71.72
4557.42,51.95,2.5032,15.02,1.366,73.13
4557.57,52.0,2.4988,15.83,1.36,73.47
4557.72,49.3,2.5108,15.53,1.358,72.23
4557.88,52.65,2.5366,16.76,1.351,72.19
4558.03,54.83,2.5216,14.04,1.35,72.29
4558.18,55.23,2.5111,14.9,1.359,74.92
4558.33,62.98,2.5091,15.7,1.368,73.49
4558.49,53.68,2.5126,16.58,1.375,72.23
4558.64,56.87,2.5222,15.5,1.384,72.15
4558.79,54.32,2.5207,14.06,1.393,72.53
4558.94,51.96,2.5112,14.5,1.412,72.42
4559.09,51.35,2.5132,14.36,1.439,72.36
4559.25,54.09,2.5271,13.7,1.465,72.33
4559.4,51.12,2.5444,14.75,1.502,70.6
4559.55,55.43,2.5587,14.95,1.53,69.41
4559.7,58.89,2.5673,16.62,1.564,68.83
4559.86,58.45,2.5558,13.84,1.586,69.49
4560.01,56.38,2.5441,12.86,1.599,69.48
4560.16,57.19,2.5363,16.5,1.613,69.78
4560.31,55.56,2.5249,17.2,1.637,70.54
4560.47,54.47,2.5125,16.35,1.661,62.98
4560.62,56.32,2.5076,16.38,1.685,70.55
4560.77,57.07,2.5161,15.96,1.692,71.49
4560.92,61.55,2.5256,15.59,1.678,73.31
4561.08,61.89,2.524,17.44,1.633,71.16
4561.23,60.93,2.5098,15.36,1.61,71.41
4561.38,63.6,2.5002,18.91,1.603,72.91
4561.53,56.21,2.5007,15.92,1.596,74.06
4561.69,59.27,2.5051,16.76,1.586,72.51
4561.84,68.6,2.5104,20.6,1.584,72.17
4561.99,64.91,2.5117,16.63,1.565,70.92
4562.14,61.89,2.5096,16.91,1.554,72.95
4562.3,68.57,2.5068,18.13,1.559,73.33
4562.45,69.84,2.5144,16.48,1.564,73.37
4562.6,66.29,2.5189,17.51,1.567,72.65
4562.75,73.39,2.5167,18.64,1.577,72.05
4562.9,75.14,2.5215,17.25,1.58,71.61
4563.06,90.84,2.5308,16.34,1.563,71.7
4563.21,87.48,2.5108,16.68,1.545,75.61
4563.36,72.92,2.4724,19.41,1.54,75.45
4563.51,66.98,2.4611,17.02,1.533,76.13
4563.67,56.64,2.4793,15.54,1.532,75.66
4563.82,57.72,2.5057,18.99,1.53,74.5
4563.97,61.38,2.5144,16.4,1.522,72.29
4564.12,60.33,2.5131,15.91,1.511,72.47
4564.28,58.4,2.5082,16.98,1.517,73.36
4564.43,54.71,2.512,16.0,1.527,73.32
4564.58,56.35,2.517,13.36,1.529,73.49
4564.73,52.85,2.5121,14.72,1.534,73.41
4564.89,65.39,2.5161,16.94,1.538,72.96
4565.04,59.91,2.5174,16.55,1.547,73.15
4565.19,59.62,2.5191,18.5,1.562,73.29
4565.34,57.35,2.5199,15.6,1.589,73.49
4565.5,63.04,2.5128,17.13,1.607,73.73
4565.65,55.16,2.5178,15.53,1.633,72.03
4565.8,59.71,2.5327,13.24,1.66,71.84
4565.95,60.65,2.533,16.41,1.688,71.3
4566.11,59.82,2.5223,16.3,1.708,72.11
4566.26,60.4,2.5094,16.58,1.708,73.61
4566.41,62.52,2.5125,15.44,1.707,72.8
4566.56,64.2,2.5245,16.02,1.706,72.41
4566.71,68.83,2.5212,15.24,1.705,71.9
4566.87,70.53,2.5195,14.41,1.687,70.49
4567.02,60.02,2.5367,15.5,1.655,70.38
4567.17,67.89,2.5367,17.11,1.609,70.62
4567.32,62.73,2.5016,18.64,1.567,72.38
4567.48,55.56,2.4597,16.1,1.534,75.41
4567.63,59.12,2.4488,17.56,1.516,75.68
4567.78,59.85,2.4681,16.74,1.493,75.89
4567.93,53.56,2.4943,16.05,1.48,74.19
4568.09,57.68,2.509,14.77,1.483,72.21
4568.24,54.34,2.5221,15.63,1.482,66.04
4568.39,53.66,2.5327,13.38,1.482,71.07
4568.54,52.85,2.5421,14.42,1.486,71.63
4568.7,55.86,2.5483,15.42,1.497,70.63
4568.85,49.08,2.5319,13.46,1.508,80.51
4569.0,51.3,2.512,14.26,1.525,71.47
4569.15,48.89,2.5071,15.63,1.533,71.96
4569.31,53.29,2.5121,14.12,1.549,72.58
4569.46,41.18,2.5201,16.2,1.575,78.55
4569.61,50.08,2.5069,17.04,1.6,72.96
4569.76,48.55,2.4934,15.33,1.62,72.65
4569.92,56.88,2.4951,15.99,1.64,73.01
4570.07,58.91,2.5111,18.14,1.642,72.11
4570.22,64.93,2.5201,16.8,1.65,71.36
4570.37,56.99,2.5152,19.98,1.652,71.24
4570.52,64.35,2.5013,17.78,1.654,72.27
4570.68,68.14,2.4847,17.92,1.654,72.75
4570.83,65.09,2.4965,14.63,1.655,72.82
4570.98,58.37,2.5219,14.68,1.666,72.95
4571.13,62.47,2.5444,15.04,1.664,72.97
4571.29,58.85,2.5605,17.14,1.648,69.1
4571.44,63.6,2.5334,17.13,1.631,68.93
4571.59,61.96,2.4518,15.6,1.621,70.39
4571.74,56.53,2.4006,15.76,1.614,76.72
4571.9,54.3,2.3861,17.37,1.607,81.9
4572.05,49.68,2.4312,17.92,1.591,74.13
4572.2,44.92,2.511,16.26,1.559,69.02
4572.35,54.17,2.5495,13.36,1.536,66.88
4572.51,52.88,2.5377,11.33,1.52,69.42
4572.66,61.5,2.5111,13.07,1.52,69.63
4572.81,60.15,2.4914,19.61,1.526,71.81
4572.96,61.62,2.4809,15.06,1.524,72.82
4573.12,59.48,2.4953,18.62,1.523,62.58
4573.27,58.77,2.5168,16.69,1.543,62.71
4573.42,49.96,2.5191,18.48,1.585,71.77
4573.57,63.01,2.5058,18.32,1.629,71.21
4573.73,65.05,2.4925,17.0,1.666,71.02
4573.88,63.85,2.5002,14.27,1.69,70.43
4574.03,61.14,2.516,14.13,1.704,70.32
4574.18,64.17,2.5116,15.75,1.718,69.92
4574.33,56.43,2.4983,12.63,1.735,78.73
4574.49,64.94,2.4961,14.99,1.749,71.62
4574.64,60.1,2.5017,15.97,1.758,71.67
4574.79,57.04,2.5226,16.71,1.769,69.5
4574.94,61.14,2.5514,15.03,1.79,69.24
4575.1,60.49,2.5633,14.88,1.813,68.47
4575.25,65.34,2.5437,15.05,1.838,68.59
4575.4,62.49,2.5441,13.34,1.848,69.41
4575.55,60.02,2.5517,13.71,1.85,69.67
4575.71,60.02,2.5433,14.48,1.844,69.7
4575.86,53.75,2.5387,14.8,1.844,69.04
4576.01,57.57,2.5464,16.77,1.85,68.55
4576.16,60.02,2.5387,15.3,1.853,68.12
4576.32,60.02,2.51,18.33,1.859,70.13
4576.47,54.64,2.4864,14.11,1.864,71.58
4576.62,62.01,2.4823,16.78,1.868,71.89
4576.77,61.8,2.4962,14.26,1.875,71.05
4576.93,58.03,2.5156,14.37,1.897,69.86
4577.08,59.8,2.5368,14.07,1.914,68.57
4577.23,61.21,2.5611,14.18,1.908,67.08
4577.38,62.87,2.5684,14.16,1.9,66.63
4577.54,65.46,2.5658,12.88,1.896,66.79
4577.69,67.72,2.5609,12.62,1.888,67.09
4577.84,67.92,2.5484,14.96,1.866,67.85
4577.99,66.59,2.5351,14.96,1.845,68.67
4578.14,65.29,2.5436,15.62,1.825,68.15
4578.3,64.52,2.5543,15.72,1.81,67.49
4578.45,63.46,2.5386,14.96,1.794,68.45
4578.6,61.33,2.5239,16.33,1.776,69.36
4578.75,59.31,2.5224,14.89,1.757,69.44
4578.91,57.92,2.5118,14.41,1.726,70.1
4579.06,56.86,2.4872,14.64,1.705,71.6
4579.21,56.23,2.4689,15.07,1.69,72.72
4579.36,56.22,2.4722,15.41,1.674,72.52
4579.52,57.56,2.4873,15.4,1.662,71.6
4579.67,60.24,2.5073,15.22,1.657,70.37
4579.82,62.49,2.527,15.08,1.638,69.16
4579.97,63.94,2.5233,15.02,1.612,69.39
4580.13,65.45,2.5128,15.02,1.582,70.04
4580.28,66.51,2.5148,15.15,1.581,69.91
4580.43,66.59,2.5274,15.34,1.578,69.14
4580.58,65.99,2.5298,15.61,1.579,68.99
4580.74,65.5,2.5086,16.04,1.568,70.29
4580.89,64.95,2.4912,16.43,1.563,71.36
4581.04,62.96,2.4827,16.52,1.553,71.88
4581.19,59.19,2.4845,16.2,1.561,71.77
4581.35,55.02,2.4956,15.5,1.575,71.09
4581.5,51.73,2.5042,14.9,1.579,70.56
4581.65,50.25,2.5072,14.9,1.573,70.38
4581.8,51.26,2.5328,15.47,1.587,68.81
4581.95,55.28,2.5433,16.12,1.626,68.16
4582.11,61.87,2.5211,16.32,1.67,69.53
4582.26,68.05,2.5086,16.11,1.656,70.29
4582.41,71.06,2.5096,15.84,1.615,70.23
4582.56,72.18,2.5222,15.68,1.56,69.46
4582.72,72.67,2.528,15.72,1.489,69.11
4582.87,71.58,2.5367,15.91,1.411,68.57
4583.02,68.53,2.5251,16.28,1.325,69.28
4583.17,64.99,2.482,17.03,1.248,71.92
4583.33,63.52,2.4473,18.05,1.17,74.04
4583.48,65.53,2.4258,18.71,1.116,75.36
4583.63,69.5,2.4177,18.7,1.065,75.86
4583.78,70.72,2.4157,18.4,1.012,75.98
4583.94,67.54,2.4269,18.2,0.968,75.29
4584.09,62.16,2.4458,17.85,0.925,74.14
4584.24,53.39,2.4574,16.72,0.904,73.43
4584.39,44.47,2.4401,15.19,0.903,74.49
4584.55,39.14,2.4052,13.9,0.907,76.62
4584.7,34.21,2.3803,12.9,0.907,78.15
4584.85,30.03,2.3726,12.36,0.931,78.62
4585.0,29.43,2.4161,12.68,0.99,75.96
4585.16,33.33,2.4641,14.08,1.044,72.36
4585.31,39.41,2.4373,16.01,1.083,71.28
4585.46,44.36,2.4149,17.26,1.097,70.56
4585.61,50.45,2.4115,17.2,1.108,69.66
4585.76,58.9,2.43,16.39,1.136,69.06
4585.92,64.77,2.4596,15.72,1.187,66.79
4586.07,66.8,2.4721,15.52,1.253,66.4
4586.22,68.01,2.4932,15.52,1.321,67.35
4586.37,68.96,2.517,15.44,1.372,68.29
4586.53,68.64,2.5229,15.44,1.386,69.24
4586.68,68.17,2.5219,15.87,1.388,70.18
4586.83,69.27,2.5154,16.69,1.394,71.13
4586.98,71.24,2.5099,17.33,1.399,72.08
4587.14,71.96,2.5062,17.39,1.38,73.02
4587.29,70.89,2.4997,17.14,1.369,73.97
4587.44,69.32,2.499,16.95,1.355,74.91
4587.59,68.22,2.5015,16.93,1.342,75.7
4587.75,67.58,2.503,17.04,1.339,75.84
4587.9,67.37,2.4977,17.2,1.34,75.62
4588.05,67.06,2.493,17.36,1.335,77.17
4588.2,65.05,2.4855,17.54,1.329,78.16
4588.36,61.52,2.4731,17.69,1.322,78.45
4588.51,58.61,2.4675,17.63,1.319,78.36
4588.66,56.6,2.4657,17.25,1.327,75.42
4588.81,54.47,2.4654,16.76,1.329,75.2
4588.97,52.76,2.466,16.51,1.332,79.77
4589.12,51.91,2.4662,16.61,1.319,82.68
4589.27,51.49,2.4672,16.92,1.322,86.2
4589.42,51.36,2.4679,17.18,1.324,76.06
4589.57,52.02,2.468,17.34,1.327,76.52
4589.73,54.09,2.4645,17.61,1.337,76.44
4589.88,56.83,2.4591,17.97,1.343,76.48
4590.03,58.34,2.457,18.18,1.346,76.17
4590.18,58.32,2.4564,18.11,1.36,74.95
4590.34,57.83,2.4569,17.9,1.398,74.23
4590.49,57.91,2.4584,17.7,1.438,69.68
4590.64,60.03,2.4637,17.4,1.464,65.12
4590.79,63.85,2.4865,16.78,1.473,60.56
4590.95,66.73,2.5068,16.04,1.492,57.05
4591.1,66.74,2.5116,15.56,1.514,57.18
4591.25,64.33,2.5125,15.51,1.538,62.55
4591.4,61.72,2.5084,15.76,1.579,70.1
4591.56,60.47,2.505,16.03,1.628,71.86
4591.71,59.94,2.5023,16.04,1.679,72.91
4591.86,59.41,2.5007,15.81,1.726,73.24
4592.01,58.87,2.501,15.53,1.745,73.87
4592.17,57.78,2.501,15.26,1.755,74.79
4592.32,56.3,2.5031,15.01,1.755,75.4
4592.47,55.57,2.5054,14.83,1.761,73.69
4592.62,56.21,2.5065,14.73,1.768,74.25
4592.78,57.62,2.507,14.7,1.77,73.62
4592.93,58.31,2.5048,14.75,1.768,72.71
4593.08,57.06,2.503,14.9,1.769,73.49
4593.23,54.74,2.4951,15.2,1.77,72.79
4593.38,53.43,2.4856,15.54,1.744,53.51
4593.84,56.11,2.4928,14.11,1.671,49.82
4593.99,56.51,2.4975,13.35,1.662,78.02
4594.15,54.47,2.5009,12.99,1.658,78.02
4594.3,50.62,2.5112,12.78,1.67,73.08
4594.45,47.87,2.5183,12.64,1.674,70.34
4594.6,47.68,2.5182,12.7,1.68,70.37
4594.76,49.32,2.5079,13.05,1.68,70.29
4594.91,51.24,2.494,13.52,1.684,70.35
4595.06,52.65,2.489,13.86,1.694,70.36
4595.21,54.35,2.4858,14.06,1.694,70.38
4595.37,56.69,2.4826,14.22,1.695,70.23
4595.52,58.36,2.482,14.26,1.7,70.35
4595.67,59.19,2.4865,14.06,1.704,70.38
4595.82,60.32,2.5036,13.67,1.744,70.32
4595.98,61.77,2.5174,13.32,1.805,70.37
4596.13,62.62,2.5229,13.18,1.836,70.31
4596.28,62.55,2.5279,13.18,1.841,70.31
4596.43,61.86,2.5266,13.21,1.84,70.35
4596.59,61.12,2.5238,13.27,1.839,70.31
4596.74,60.73,2.5185,13.35,1.845,70.4
4596.89,60.65,2.5136,13.43,1.849,70.25
4597.04,60.55,2.513,13.44,1.85,70.35
4597.19,60.8,2.5128,13.41,1.855,70.27
4597.35,61.77,2.51,13.47,1.858,70.3
4597.5,62.97,2.5075,13.66,1.853,70.38
4597.65,64.56,2.5062,13.87,1.847,70.39
4597.8,66.93,2.5131,13.95,1.839,70.29
4597.96,68.69,2.5229,13.87,1.832,70.4
4598.11,68.05,2.5271,13.78,1.854,70.27
4598.26,65.59,2.5267,13.81,1.894,70.25
4598.41,63.73,2.5197,13.9,1.919,70.33
4598.57,63.51,2.515,13.94,1.931,70.33
4598.72,63.71,2.5092,13.92,1.928,70.26
4598.87,63.42,2.5053,13.84,1.945,70.41
4599.02,62.94,2.5059,13.81,1.943,70.35
4599.18,62.64,2.5097,13.91,1.94,70.26
4599.33,62.51,2.5187,14.08,1.937,70.34
4599.48,62.3,2.5243,14.19,1.925,70.23
4599.63,61.46,2.5247,14.21,1.9,70.26
4599.79,59.83,2.5178,14.26,1.871,70.25
4599.94,58.37,2.5084,14.36,1.848,70.28
4600.09,57.84,2.5043,14.33,1.82,70.28
4600.24,57.8,2.4911,13.99,1.796,70.36
4600.4,57.63,2.4744,13.54,1.776,70.31
4600.55,57.62,2.469,13.3,1.758,70.29
4600.7,58.54,2.4671,13.28,1.845,70.31
4600.85,60.38,2.4745,13.4,1.737,70.36
4601.0,62.0,2.4835,13.54,2.467,70.3
4601.16,62.67,2.4952,13.55,2.456,70.35
4601.31,62.98,2.518,13.41,2.481,70.28
4601.46,63.36,2.5304,13.23,2.494,70.32
4601.61,63.75,2.5301,13.2,2.478,70.32
4601.77,64.34,2.5241,13.32,2.432,70.41
4601.92,65.18,2.5195,13.47,2.36,70.35
4602.07,65.94,2.519,13.62,2.328,70.21
4602.22,66.36,2.5189,13.8,2.264,70.35
4602.38,66.46,2.5162,13.98,2.215,70.3
4602.53,66.24,2.5141,14.08,2.216,70.26
4602.68,65.29,2.509,14.11,2.234,70.41
4602.83,63.28,2.4954,14.14,2.222,70.25
4602.99,61.21,2.4863,14.19,2.194,70.4
4603.14,60.18,2.4831,14.3,2.166,70.28
4603.29,59.87,2.4797,14.39,2.106,70.35
4603.44,59.7,2.4798,14.36,2.066,70.33
4603.6,59.7,2.4813,14.28,2.064,70.41
4603.75,60.33,2.4857,14.31,2.073,70.28
4603.9,61.43,2.4912,14.4,2.075,70.32
4604.05,62.09,2.493,14.43,2.072,70.29
4604.21,62.05,2.4944,14.4,2.076,70.26
4604.36,61.87,2.4963,14.44,2.065,70.24
4604.51,61.91,2.497,14.57,2.052,70.36
4604.66,61.77,2.4956,14.77,2.053,70.32
4604.81,60.93,2.4935,14.98,2.08,70.37
4604.97,59.9,2.4923,15.09,2.105,48.27
4605.12,59.89,2.4922,15.06,2.103,40.0
4605.27,61.24,2.4953,14.96,2.083,40.0
4605.42,62.91,2.5006,14.92,2.093,40.0
4605.58,63.76,2.503,14.97,2.109,40.0
4605.73,63.67,2.5072,15.15,2.162,40.0
4605.88,63.23,2.5113,15.39,2.223,40.0
4606.03,63.22,2.512,15.49,2.238,40.0
4606.19,63.85,2.5114,15.39,2.253,40.0
4606.34,64.38,2.5105,15.21,2.261,40.0
4606.49,64.35,2.5106,15.13,2.261,40.0
4606.64,64.7,2.5134,15.28,2.269,40.0
4606.8,65.88,2.5221,15.58,2.277,40.0
4606.95,67.04,2.5289,15.78,2.265,40.0
4607.1,67.81,2.5303,15.77,2.25,40.0
4607.25,68.2,2.5311,15.68,2.238,40.0
4607.41,67.93,2.529,15.62,2.235,40.0
4607.56,67.71,2.527,15.62,2.238,40.0
4607.71,68.5,2.5254,15.66,2.245,40.0
4607.86,69.83,2.528,15.68,2.246,40.0
4608.02,70.59,2.5316,15.68,2.242,40.0
4608.17,70.16,2.5354,15.61,2.246,40.0
4608.32,68.87,2.5416,15.4,2.25,40.0
4608.47,67.51,2.5447,15.12,2.246,40.0
4608.62,65.95,2.5445,14.93,2.232,40.0
4608.78,64.4,2.5392,14.9,2.19,40.0
4608.93,64.09,2.5318,14.99,2.205,40.0
4609.08,64.8,2.529,15.13,2.237,40.0
4609.23,65.33,2.5227,15.19,2.285,40.0
4609.39,65.57,2.5174,15.12,2.332,40.0
4609.54,65.75,2.517,14.98,2.34,40.0
4609.69,66.02,2.522,14.8,2.386,40.0
4609.84,66.4,2.5317,14.61,2.499,40.0
4610.0,66.77,2.5367,14.52,2.566,40.0
4610.15,67.03,2.537,14.5,2.574,40.0
4610.3,66.83,2.5378,14.45,2.549,40.0
4610.45,66.12,2.5393,14.38,2.524,40.0
4610.61,65.46,2.5403,14.32,2.522,40.0
4610.76,64.62,2.54,14.24,2.522,40.0
4610.91,63.25,2.5382,14.13,2.495,40.0
4611.06,62.54,2.537,14.05,2.474,40.0
4611.22,63.74,2.5347,14.16,2.455,40.0
4611.37,66.05,2.5319,14.5,2.415,40.0
4611.52,67.62,2.531,14.87,2.394,40.0
4611.67,67.79,2.53,15.22,2.397,40.0
4611.83,67.35,2.528,15.55,2.394,40.0
4611.98,67.26,2.527,15.73,2.391,40.0
4612.13,68.12,2.5273,15.74,2.386,40.0
4612.28,69.45,2.5289,15.71,2.359,40.0
4612.43,70.04,2.53,15.68,2.34,40.0
4612.59,69.08,2.53,15.57,2.339,40.0
4612.74,66.92,2.5297,15.25,2.37,40.0
4612.89,65.11,2.5292,14.85,2.41,40.0
4613.04,65.29,2.529,14.52,2.423,40.0
4613.2,66.99,2.5317,14.26,2.415,40.0
4613.35,68.2,2.5364,14.07,2.389,40.0
4613.5,67.87,2.5381,14.04,2.37,40.0
4613.65,66.39,2.5372,14.08,2.377,40.0
4613.81,64.57,2.5365,14.13,2.388,40.0
4613.96,63.4,2.5373,14.19,2.386,40.0
4614.11,64.07,2.5375,14.35,2.384,40.0
4614.26,66.41,2.5318,14.64,2.39,40.0
4614.42,68.58,2.5267,14.87,2.411,40.0
4614.57,68.81,2.526,14.9,2.425,40.0
4614.72,66.67,2.5269,14.7,2.438,40.0
4614.87,63.81,2.5268,14.38,2.432,40.0
4615.03,62.38,2.526,14.15,2.417,40.0
4615.18,62.0,2.526,14.11,2.386,40.0
4615.33,61.19,2.5229,14.14,2.266,40.0
4615.48,60.16,2.5191,14.16,2.175,40.0
4615.64,59.1,2.5156,14.37,2.164,40.0
4615.79,57.19,2.5082,14.91,2.221,40.0
4615.94,55.14,2.5028,15.44,2.31,40.0
4616.09,55.92,2.5019,15.55,2.361,40.0
4616.24,60.85,2.5022,15.23,2.53,40.0
4616.4,66.5,2.5067,14.86,2.601,40.0
4616.55,69.64,2.51,14.73,2.562,40.0
4616.7,71.54,2.5187,14.8,2.57,40.0
4616.85,73.38,2.5324,14.81,2.622,40.0
4617.01,75.44,2.5385,14.76,2.668,40.0
4617.16,80.2,2.542,14.92,2.703,40.0
4617.31,87.2,2.5547,15.41,2.679,40.0
4617.46,90.91,2.5662,15.88,2.624,40.0
4617.62,86.22,2.5702,15.86,2.59,40.0
4617.77,74.88,2.5674,15.37,2.569,40.0
4617.92,64.87,2.5552,14.89,2.546,40.0
